prescription_id,patient_id,patient_name,physician_id,physician_name,speciality,deparment_id,medication_id,medication_name,strength_from,visit_id,prescription_date,dosage,duration,status
RX000001,P00971,"Carlos Torres",DR0023,"Jose Castillo MD",Orthopedics,D005,MED001,Paracetamol,"500 mg tablet",V001582,2025-08-03,"1 tablet twice daily",N/a,Active
RX000002,P00416,"Juan Santos",DR0056,"Dr. Elena Cruz",Neurology,D006,MED007,Ibuprofen,"400 mg tablet",V002485,2024-08-21,"1 tablet twice daily","30 days",Completed
RX000003,P00135,"Andrea Gonzales",DR0101,"Maria Reyes MD",Cardiology,D001,MED003,Metformin,"500 mg tablet",V000965,2025-07-29,N/a,N/a,Discontinued
RX000004,P00901,"Thomas Ramos",DR0053,"Dr. Samantha Rivera",Cardiology,D001,MED009,Salbutamol,"2 mg inhaler",V002836,2023-02-22,"1 tab BID","10 days",Active
RX000005,P00597,"Juan Garcia",DR0057,"Elena Navarro MD",Emergency,D004,MED004,Amlodipine,"5 mg tablet",V001475,2024-12-18,PRN,"7 days",Unknown
RX000006,P00206,"Grace Bautista",DR0066,"Dr. Maria Garcia",Cardiology,D001,MED012,Amoxicilin,"500 mg capsule",V002947,2023-02-11,"5 mL every 8 hrs",N/a,Unknown
RX000007,P00980,"Kevin Navarro",DR0018,"Catherine Santos MD",Orthopedics,D005,MED001,Paracetamol,"500 mg tablet",V002282,2025-10-24,"2 tablets daily","5 days",Completed
RX000008,P00205,"Bea Torres",DR0054,"Dr. Robert Dela Cruz","Internal Medicine",D003,MED009,Salbutamol,"2 mg inhaler",V002836,2025-07-12,N/a,"30 days",Unknown
RX000009,P00919,"Angela Reyes",DR0038,"Dr. Nicole Rivera",Pediatrics,D002,MED010,Azithromycin,"500 mg tablet",V000446,2024-07-19,"5 mL every 8 hrs",N/a,Active
RX000010,P00467,"Maria Aquino",DR0042,"Catherine Mendoza MD",Cardiology,D001,MED005,Omeprazole,"20 mg capsule",V000336,2024-06-24,"1 tab BID","30 days",Unknown
RX000011,P00916,"Ramon Bautista",DR0082,"Elena Castillo MD","General Surgery",D008,MED007,Ibuprofen,"400 mg tablet",V000074,2023-12-08,"1 tablet twice daily",N/a,Completed
RX000012,P00530,"Andrea Torres",DR0019,"Dr. Nicole Castillo",Orthopedics,D005,MED011,Paracetemol,"500 mg tablet",V000047,2024-05-25,"1 tablet twice daily",N/a,Completed
RX000013,P00009,"Maria Flores",DR0054,"Dr. Robert Dela Cruz","Internal Medicine",D003,MED009,Salbutamol,"2 mg inhaler",V002613,2025-08-25,N/a,N/a,Completed
RX000014,P00322,"Kevin Castillo",DR0081,"Dr. Jose Mendoza","General Surgery",D008,MED007,Ibuprofen,"400 mg tablet",V001285,2024-07-03,"1 tablet twice daily",N/a,Completed
RX000015,P00976,"Carlos Cruz",DR0022,"Dr. Jose Castillo",Pediatrics,D002,MED003,Metformin,"500 mg tablet",V000496,2023-11-02,PRN,N/a,Active
RX000016,P00022,"Sofia Torres",DR0027,"Dr. Nicole Gonzales","Obstetrics & Gynecology",D007,MED010,Azithromycin,"500 mg tablet",V001312,2025-03-27,"1 tab BID","7 days",Completed
RX000017,P00507,"Grace Navarro",DR0019,"Dr. Nicole Castillo",Orthopedics,D005,MED003,Metformin,"500 mg tablet",V000924,2024-04-11,"2 tablets daily","7 days",Active
RX000018,P00871,"Bea Cruz",DR0008,"Anthony Navarro MD","General Surgery",D008,MED007,Ibuprofen,"400 mg tablet",V002113,2023-05-27,PRN,N/a,Active
RX000019,P00599,"Juan Flores",DR0083,"Samantha Castillo MD",Pediatrics,D002,MED009,Salbutamol,"2 mg inhaler",V002437,2024-06-04,PRN,N/a,Completed
RX000020,P00703,"Sofia Castillo",DR0025,"Nicole Torres MD","General Surgery",D008,MED004,Amlodipine,"5 mg tablet",V000520,2023-12-03,PRN,N/a,Active
RX000021,P00123,"Sofia Flores",DR0078,"Dr. Jose Castillo","Obstetrics & Gynecology",D007,MED007,Ibuprofen,"400 mg tablet",V002391,2025-05-20,"5 mL every 8 hrs","5 days",Active
RX000022,P00097,"Maria Mendoza",DR0099,"Dr. Maria Torres",Neurology,D006,MED012,Amoxicilin,"500 mg capsule",V002085,2025-11-07,"1 tab BID","7 days",Active
RX000023,P00233,"Angela Garcia",DR0058,"Robert Mendoza MD",Emergency,D004,MED011,Paracetemol,"500 mg tablet",V002838,2024-05-06,N/a,N/a,Completed
RX000024,P00354,"Mark Aquino",DR0085,"Dr. Anthony Flores",Neurology,D006,MED005,Omeprazole,"20 mg capsule",V001464,2023-06-15,"2 tablets daily","30 days",Completed
RX000025,P00029,"Ramon Flores",DR0092,"Dr. Catherine Bautista","Internal Medicine",D003,MED008,Atorvastatin,"20 mg tablet",V000211,2023-11-13,PRN,N/a,Unknown
RX000026,P00791,"Jose Ramos",DR0033,"Dr. Catherine Bautista",Cardiology,D001,MED005,Omeprazole,"20 mg capsule",V000678,2025-10-05,N/a,"10 days",Unknown
RX000027,P00033,"Mark Ramos",DR0028,"Anthony Dela Cruz MD",Orthopedics,D005,MED004,Amlodipine,"5 mg tablet",V002014,2025-07-15,PRN,"10 days",Active
RX000028,P00803,"Mark Gonzales",DR0057,"Elena Navarro MD",Emergency,D004,MED004,Amlodipine,"5 mg tablet",V001102,2025-12-10,"1 tab BID",N/a,Active
RX000029,P00675,"Juan Reyes",DR0001,"Elena Ramos MD","Internal Medicine",D003,MED007,Ibuprofen,"400 mg tablet",V002655,2023-04-17,"1 tab BID","5 days",Discontinued
RX000030,P00978,"Patricia Torres",DR0056,"Dr. Elena Cruz",Neurology,D006,MED004,Amlodipine,"5 mg tablet",V002721,2025-09-25,"5 mL every 8 hrs","10 days",Unknown
RX000031,P00532,"Ana Garcia",DR0057,"Elena Navarro MD",Emergency,D004,MED010,Azithromycin,"500 mg tablet",V001993,2024-12-29,N/a,N/a,Active
RX000032,P00232,"John Reyes",DR0030,"Dr. Elena Navarro","Obstetrics & Gynecology",D007,MED004,Amlodipine,"5 mg tablet",V001362,2025-08-16,PRN,"7 days",Discontinued
RX000033,P00253,"Ramon Castillo",DR0069,"Dr. Jose Mendoza",Pediatrics,D002,MED003,Metformin,"500 mg tablet",V002963,2023-03-18,"2 tablets daily",N/a,Active
RX000034,P00609,"Patricia Bautista",DR0094,"Anthony Aquino MD","General Surgery",D008,MED007,Ibuprofen,"400 mg tablet",V001186,2024-10-30,"5 mL every 8 hrs","5 days",Unknown
RX000035,P00962,"Miguel Castillo",DR0095,"Patrick Cruz MD","General Surgery",D008,MED008,Atorvastatin,"20 mg tablet",V002149,2023-12-12,"1 tab BID",N/a,Active
RX000036,P00648,"Daniel Santos",DR0052,"Patrick Reyes MD",Pediatrics,D002,MED010,Azithromycin,"500 mg tablet",V000634,2025-08-02,PRN,"5 days",Unknown
RX000037,P00164,"Thomas Flores",DR0034,"Elena Navarro MD",Neurology,D006,MED003,Metformin,"500 mg tablet",V002692,2024-12-24,"5 mL every 8 hrs","10 days",Discontinued
RX000038,P00734,"Jose Ramos",DR0032,"Dr. Samantha Castillo","Internal Medicine",D003,MED008,Atorvastatin,"20 mg tablet",V001830,2023-08-26,"1 tablet twice daily","5 days",Discontinued
RX000039,P00116,"Daniel Reyes",DR0058,"Robert Mendoza MD",Emergency,D004,MED002,Amoxicillin,"500 mg capsule",V001316,2023-02-16,"2 tablets daily",N/a,Discontinued
RX000040,P00894,"Grace Santos",DR0038,"Dr. Nicole Rivera",Pediatrics,D002,MED008,Atorvastatin,"20 mg tablet",V001966,2025-07-20,"2 tablets daily","5 days",Active
RX000041,P00733,"Ana Reyes",DR0039,"Samantha Santos MD","General Surgery",D008,MED008,Atorvastatin,"20 mg tablet",V001217,2025-05-07,N/a,N/a,Unknown
RX000042,P00044,"Liza Reyes",DR0101,"Maria Reyes MD",Cardiology,D001,MED010,Azithromycin,"500 mg tablet",V002906,2025-11-06,"1 tablet twice daily",N/a,Discontinued
RX000043,P00504,"Liza Dela Cruz",DR0067,"Samantha Reyes MD",Emergency,D004,MED011,Paracetemol,"500 mg tablet",V002916,2025-09-26,"1 tablet twice daily","7 days",Active
RX000044,P00770,"Jose Navarro",DR0074,"Dr. Maria Gonzales","General Surgery",D008,MED005,Omeprazole,"20 mg capsule",V000556,2023-12-06,N/a,N/a,Active
RX000045,P00220,"Liza Rivera",DR0029,"Robert Bautista MD","General Surgery",D008,MED009,Salbutamol,"2 mg inhaler",V001240,2023-01-20,PRN,"30 days",Active
RX000046,P00321,"Carlos Reyes",NULL,NULL,NULL,NULL,MED012,Amoxicilin,"500 mg capsule",V002805,2024-10-17,"1 tab BID",N/a,Completed
RX000047,P00522,"Ramon Reyes",DR0002,"Dr. Patrick Cruz","Obstetrics & Gynecology",D007,MED004,Amlodipine,"5 mg tablet",V000780,2023-04-23,"2 tablets daily","7 days",Active
RX000048,P00754,"Ana Garcia",DR0029,"Robert Bautista MD","General Surgery",D008,MED008,Atorvastatin,"20 mg tablet",V000448,2024-05-25,N/a,N/a,Active
RX000049,P00565,"Miguel Garcia",DR0066,"Dr. Maria Garcia",Cardiology,D001,MED005,Omeprazole,"20 mg capsule",V002568,2023-03-01,"1 tablet twice daily",N/a,Unknown
RX000050,P00374,"Patricia Bautista",DR0073,"Dr. Catherine Torres",Pediatrics,D002,MED012,Amoxicilin,"500 mg capsule",V002319,2025-10-18,"1 tab BID","7 days",Completed
RX000051,P00538,"Mark Reyes",DR0005,"Dr. Samantha Gonzales",Emergency,D004,MED008,Atorvastatin,"20 mg tablet",V002548,2023-09-30,"1 tab BID",N/a,Completed
RX000052,P00896,"Maria Ramos",DR0074,"Dr. Maria Gonzales","General Surgery",D008,MED004,Amlodipine,"5 mg tablet",V000386,2025-03-22,"5 mL every 8 hrs","7 days",Active
RX000053,P00851,"Grace Reyes",DR0059,"Dr. Nicole Ramos",Neurology,D006,MED007,Ibuprofen,"400 mg tablet",V002302,2024-07-20,"1 tab BID","5 days",Completed
RX000054,P00593,"Maria Ramos",DR0009,"Dr. Nicole Mendoza",Emergency,D004,MED007,Ibuprofen,"400 mg tablet",V002341,2023-05-11,PRN,"30 days",Discontinued
RX000055,P00665,"Ramon Garcia",DR0049,"Anthony Garcia MD","General Surgery",D008,MED008,Atorvastatin,"20 mg tablet",V002862,2023-03-22,PRN,N/a,Discontinued
RX000056,P00846,"Sofia Reyes",DR0036,"Dr. Patrick Dela Cruz","Obstetrics & Gynecology",D007,MED005,Omeprazole,"20 mg capsule",V002403,2024-06-09,"1 tablet twice daily",N/a,Active
RX000057,P00109,"John Reyes",DR0044,"Dr. Catherine Castillo","Internal Medicine",D003,MED001,Paracetamol,"500 mg tablet",V001077,2023-06-17,"5 mL every 8 hrs","7 days",Active
RX000058,P00235,"Maria Garcia",DR0002,"Dr. Patrick Cruz","Obstetrics & Gynecology",D007,MED008,Atorvastatin,"20 mg tablet",V000420,2024-11-15,N/a,"5 days",Unknown
RX000059,P00346,"Andrea Dela Cruz",DR0065,"Dr. Samantha Mendoza",Pediatrics,D002,MED003,Metformin,"500 mg tablet",V001235,2025-10-09,"1 tab BID","5 days",Completed
RX000060,P00750,"Mark Rivera",DR0061,"Robert Bautista MD","General Surgery",D008,MED011,Paracetemol,"500 mg tablet",V000737,2023-11-27,N/a,"10 days",Completed
RX000061,P00353,"Bea Bautista",DR0022,"Dr. Jose Castillo",Pediatrics,D002,MED011,Paracetemol,"500 mg tablet",V001996,2023-08-23,"1 tab BID","5 days",Active
RX000062,P00295,"Ana Bautista",DR0009,"Dr. Nicole Mendoza",Emergency,D004,MED004,Amlodipine,"5 mg tablet",V002983,2024-06-29,"5 mL every 8 hrs","7 days",Unknown
RX000063,P00474,"Grace Gonzales",DR0057,"Elena Navarro MD",Emergency,D004,MED007,Ibuprofen,"400 mg tablet",V001497,2023-11-21,"5 mL every 8 hrs","7 days",Discontinued
RX000064,P00113,"Thomas Dela Cruz",DR0084,"Anthony Santos MD",Neurology,D006,MED008,Atorvastatin,"20 mg tablet",V002343,2025-06-21,N/a,"10 days",Discontinued
RX000065,P00194,"Patricia Ramos",DR0090,"Maria Mendoza MD","General Surgery",D008,MED006,Losartan,"50 mg tablet",V001234,2023-02-24,N/a,"10 days",Discontinued
RX000066,P00629,"Ramon Aquino",DR0049,"Anthony Garcia MD","General Surgery",D008,MED001,Paracetamol,"500 mg tablet",V002205,2024-08-09,"2 tablets daily",N/a,Unknown
RX000067,P00610,"Jose Mendoza",DR0065,"Dr. Samantha Mendoza",Pediatrics,D002,MED011,Paracetemol,"500 mg tablet",V002006,2025-06-13,"5 mL every 8 hrs",N/a,Active
RX000068,P00629,"Ramon Aquino",DR0017,"Elena Santos MD",Pediatrics,D002,MED003,Metformin,"500 mg tablet",V002314,2025-03-31,"5 mL every 8 hrs","30 days",Completed
RX000069,P00334,"Bea Cruz",DR0031,"Dr. Jose Dela Cruz",Neurology,D006,MED001,Paracetamol,"500 mg tablet",V002446,2025-03-08,PRN,"5 days",Active
RX000070,P00033,"Mark Ramos",DR0062,"Dr. Catherine Cruz",Pediatrics,D002,MED001,Paracetamol,"500 mg tablet",V002880,2023-01-27,PRN,"7 days",Active
RX000071,P00751,"Patricia Santos",DR0053,"Dr. Samantha Rivera",Cardiology,D001,MED003,Metformin,"500 mg tablet",V000833,2025-11-27,N/a,"10 days",Active
RX000072,P00763,"Angela Garcia",DR0007,"Nicole Mendoza MD","Internal Medicine",D003,MED011,Paracetemol,"500 mg tablet",V000852,2025-09-19,"1 tab BID","10 days",Active
RX000073,P00640,"Ana Bautista",DR0026,"Anthony Bautista MD",Neurology,D006,MED002,Amoxicillin,"500 mg capsule",V000946,2025-11-21,N/a,"7 days",Completed
RX000074,P00665,"Ramon Garcia",DR0038,"Dr. Nicole Rivera",Pediatrics,D002,MED005,Omeprazole,"20 mg capsule",V001513,2025-08-30,N/a,N/a,Active
RX000075,P00935,"Angela Flores",DR0062,"Dr. Catherine Cruz",Pediatrics,D002,MED005,Omeprazole,"20 mg capsule",V000657,2024-08-03,PRN,"30 days",Unknown
RX000076,P00290,"Liza Aquino",DR0057,"Elena Navarro MD",Emergency,D004,MED005,Omeprazole,"20 mg capsule",V002773,2023-12-24,"1 tablet twice daily","30 days",Active
RX000077,P00948,"Thomas Castillo",DR0051,"Nicole Castillo MD",Neurology,D006,MED007,Ibuprofen,"400 mg tablet",V002286,2023-02-18,"5 mL every 8 hrs",N/a,Unknown
RX000078,P00889,"Jose Aquino",DR0001,"Elena Ramos MD","Internal Medicine",D003,MED003,Metformin,"500 mg tablet",V002790,2024-06-18,"1 tablet twice daily","7 days",Discontinued
RX000079,P00998,"Thomas Aquino",DR0069,"Dr. Jose Mendoza",Pediatrics,D002,MED010,Azithromycin,"500 mg tablet",V000678,2025-05-28,"5 mL every 8 hrs","30 days",Active
RX000080,P01001,"Juan Dela Cruz",DR0093,"Dr. Patrick Navarro",Pediatrics,D002,MED006,Losartan,"50 mg tablet",V002479,2023-09-26,"1 tablet twice daily",N/a,Discontinued
RX000081,P00578,"Sofia Navarro",DR0004,"Robert Castillo MD","Internal Medicine",D003,MED008,Atorvastatin,"20 mg tablet",V002459,2025-11-26,"1 tab BID",N/a,Active
RX000082,P00966,"Andrea Castillo",DR0021,"Elena Santos MD",Cardiology,D001,MED002,Amoxicillin,"500 mg capsule",V001663,2023-12-27,"2 tablets daily",N/a,Unknown
RX000083,P00445,"Ramon Torres",DR0062,"Dr. Catherine Cruz",Pediatrics,D002,MED006,Losartan,"50 mg tablet",V000308,2023-08-17,"1 tab BID","30 days",Completed
RX000084,P00333,"Ana Reyes",DR0097,"Dr. Samantha Garcia",Neurology,D006,MED012,Amoxicilin,"500 mg capsule",V000419,2023-12-16,"1 tab BID","7 days",Active
RX000085,P00817,"Juan Rivera",DR0099,"Dr. Maria Torres",Neurology,D006,MED003,Metformin,"500 mg tablet",V002079,2025-05-08,"2 tablets daily","7 days",Discontinued
RX000086,P00189,"Grace Aquino",DR0065,"Dr. Samantha Mendoza",Pediatrics,D002,MED009,Salbutamol,"2 mg inhaler",V001041,2024-01-11,N/a,"5 days",Completed
RX000087,P00136,"Carlos Flores",DR0008,"Anthony Navarro MD","General Surgery",D008,MED012,Amoxicilin,"500 mg capsule",V000177,2024-12-27,"1 tab BID","7 days",Active
RX000088,P00161,"Liza Rivera",DR0065,"Dr. Samantha Mendoza",Pediatrics,D002,MED009,Salbutamol,"2 mg inhaler",V002662,2023-05-23,"1 tab BID","10 days",Discontinued
RX000089,P00429,"Mark Aquino",DR0056,"Dr. Elena Cruz",Neurology,D006,MED011,Paracetemol,"500 mg tablet",V002708,2025-03-24,PRN,"7 days",Active
RX000090,P00502,"Thomas Reyes",DR0022,"Dr. Jose Castillo",Pediatrics,D002,MED002,Amoxicillin,"500 mg capsule",V002445,2024-01-30,"1 tablet twice daily",N/a,Unknown
RX000091,P00359,"Luis Rivera",DR0011,"Dr. Patrick Bautista","Internal Medicine",D003,MED008,Atorvastatin,"20 mg tablet",V000873,2024-03-18,"5 mL every 8 hrs",N/a,Unknown
RX000092,P00116,"Daniel Reyes",DR0039,"Samantha Santos MD","General Surgery",D008,MED009,Salbutamol,"2 mg inhaler",V002675,2024-06-12,N/a,N/a,Discontinued
RX000093,P00630,"Jose Santos",DR0013,"Dr. Samantha Cruz",Emergency,D004,MED010,Azithromycin,"500 mg tablet",V002280,2025-10-10,"2 tablets daily","5 days",Unknown
RX000094,P00521,"Luis Flores",DR0093,"Dr. Patrick Navarro",Pediatrics,D002,MED001,Paracetamol,"500 mg tablet",V001114,2023-11-11,N/a,"30 days",Active
RX000095,P00345,"Kevin Torres",DR0012,"Dr. Samantha Garcia",Emergency,D004,MED009,Salbutamol,"2 mg inhaler",V002335,2024-05-26,"1 tablet twice daily","10 days",Discontinued
RX000096,P00356,"Jose Mendoza",DR0082,"Elena Castillo MD","General Surgery",D008,MED011,Paracetemol,"500 mg tablet",V002384,2024-08-16,N/a,"10 days",Active
RX000097,P00856,"Angela Rivera",DR0060,"Maria Castillo MD",Cardiology,D001,MED001,Paracetamol,"500 mg tablet",V001490,2023-07-23,PRN,"30 days",Unknown
RX000098,P00143,"Kevin Rivera",DR0044,"Dr. Catherine Castillo","Internal Medicine",D003,MED003,Metformin,"500 mg tablet",V001936,2025-08-28,"1 tablet twice daily","7 days",Completed
RX000099,P00255,"Angela Ramos",DR0092,"Dr. Catherine Bautista","Internal Medicine",D003,MED010,Azithromycin,"500 mg tablet",V000482,2024-11-19,"1 tab BID","30 days",Completed
RX000100,P00902,"Carlos Flores",DR0037,"Nicole Bautista MD",Pediatrics,D002,MED005,Omeprazole,"20 mg capsule",V002775,2025-02-02,"2 tablets daily","10 days",Active
RX000101,P00014,"Daniel Garcia",DR0058,"Robert Mendoza MD",Emergency,D004,MED011,Paracetemol,"500 mg tablet",V002362,2024-05-21,PRN,"7 days",Active
RX000102,P00481,"Jose Cruz",DR0057,"Elena Navarro MD",Emergency,D004,MED007,Ibuprofen,"400 mg tablet",V000609,2024-05-29,PRN,"30 days",Discontinued
RX000103,P00196,"Angela Santos",DR0073,"Dr. Catherine Torres",Pediatrics,D002,MED009,Salbutamol,"2 mg inhaler",V000045,2025-09-20,"2 tablets daily","5 days",Discontinued
RX000104,P00005,"Jose Flores",DR0052,"Patrick Reyes MD",Pediatrics,D002,MED009,Salbutamol,"2 mg inhaler",V001746,2024-02-17,"5 mL every 8 hrs","30 days",Unknown
RX000105,P00624,"Mark Rivera",DR0089,"Maria Cruz MD",Emergency,D004,MED001,Paracetamol,"500 mg tablet",V002369,2024-09-04,"5 mL every 8 hrs","7 days",Discontinued
RX000106,P00633,"Grace Ramos",DR0093,"Dr. Patrick Navarro",Pediatrics,D002,MED003,Metformin,"500 mg tablet",V000457,2023-10-06,"5 mL every 8 hrs","10 days",Unknown
RX000107,P00410,"Andrea Gonzales",DR0009,"Dr. Nicole Mendoza",Emergency,D004,MED004,Amlodipine,"5 mg tablet",V001171,2023-01-31,"2 tablets daily","10 days",Active
RX000108,P00082,"Sofia Reyes",DR0079,"Jose Castillo MD","Obstetrics & Gynecology",D007,MED010,Azithromycin,"500 mg tablet",V001484,2024-01-09,"2 tablets daily","5 days",Active
RX000109,P00574,"Maria Gonzales",DR0039,"Samantha Santos MD","General Surgery",D008,MED005,Omeprazole,"20 mg capsule",V000291,2025-12-06,PRN,"7 days",Completed
RX000110,P00731,"Ana Castillo",DR0052,"Patrick Reyes MD",Pediatrics,D002,MED006,Losartan,"50 mg tablet",V000140,2024-04-03,"1 tab BID",N/a,Completed
RX000111,P00084,"Grace Bautista",DR0085,"Dr. Anthony Flores",Neurology,D006,MED002,Amoxicillin,"500 mg capsule",V001998,2024-12-31,PRN,N/a,Discontinued
RX000112,P00637,"Jose Gonzales",DR0032,"Dr. Samantha Castillo","Internal Medicine",D003,MED007,Ibuprofen,"400 mg tablet",V002214,2024-01-23,"2 tablets daily",N/a,Active
RX000113,P00486,"Ramon Rivera",DR0001,"Elena Ramos MD","Internal Medicine",D003,MED001,Paracetamol,"500 mg tablet",V002708,2025-03-13,"1 tab BID","10 days",Active
RX000114,P00621,"Liza Flores",DR0025,"Nicole Torres MD","General Surgery",D008,MED006,Losartan,"50 mg tablet",V000330,2025-09-24,"1 tab BID","30 days",Active
RX000115,P00690,"Juan Gonzales",DR0034,"Elena Navarro MD",Neurology,D006,MED009,Salbutamol,"2 mg inhaler",V001338,2023-03-10,"1 tab BID",N/a,Active
RX000116,P00699,"Jose Bautista",DR0076,"Maria Torres MD",Orthopedics,D005,MED008,Atorvastatin,"20 mg tablet",V001627,2024-05-28,"1 tab BID","30 days",Active
RX000117,P00549,"Kevin Castillo",DR0092,"Dr. Catherine Bautista","Internal Medicine",D003,MED009,Salbutamol,"2 mg inhaler",V002494,2023-04-13,"5 mL every 8 hrs","10 days",Active
RX000118,P00200,"Thomas Gonzales",DR0061,"Robert Bautista MD","General Surgery",D008,MED006,Losartan,"50 mg tablet",V002419,2025-11-01,N/a,"30 days",Unknown
RX000119,P00437,"Mark Bautista",DR0092,"Dr. Catherine Bautista","Internal Medicine",D003,MED002,Amoxicillin,"500 mg capsule",V001718,2025-11-13,N/a,"5 days",Unknown
RX000120,P00080,"Thomas Navarro",DR0014,"Samantha Ramos MD",Pediatrics,D002,MED006,Losartan,"50 mg tablet",V002353,2025-04-08,PRN,N/a,Discontinued
RX000121,P00311,"Ana Mendoza",DR0091,"Dr. Rafael Flores",Orthopedics,D005,MED011,Paracetemol,"500 mg tablet",V001945,2024-08-08,"1 tab BID","5 days",Discontinued
RX000122,P00784,"Luis Ramos",DR0042,"Catherine Mendoza MD",Cardiology,D001,MED009,Salbutamol,"2 mg inhaler",V001202,2025-07-15,"5 mL every 8 hrs","10 days",Discontinued
RX000123,P00407,"John Bautista",DR0006,"Dr. Elena Rivera",Orthopedics,D005,MED001,Paracetamol,"500 mg tablet",V002134,2025-08-04,N/a,"10 days",Unknown
RX000124,P00196,"Angela Santos",DR0040,"Dr. Nicole Flores",Cardiology,D001,MED011,Paracetemol,"500 mg tablet",V002214,2025-11-05,"5 mL every 8 hrs","10 days",Completed
RX000125,P00723,"Maria Aquino",DR0047,"Catherine Garcia MD","General Surgery",D008,MED008,Atorvastatin,"20 mg tablet",V001263,2023-12-08,"1 tablet twice daily",N/a,Active
RX000126,P00154,"Juan Cruz",DR0061,"Robert Bautista MD","General Surgery",D008,MED006,Losartan,"50 mg tablet",V001860,2025-05-22,"1 tablet twice daily",N/a,Active
RX000127,P00400,"Daniel Ramos",DR0052,"Patrick Reyes MD",Pediatrics,D002,MED003,Metformin,"500 mg tablet",V002556,2025-02-23,PRN,"5 days",Unknown
RX000128,P00129,"Sofia Mendoza",DR0058,"Robert Mendoza MD",Emergency,D004,MED006,Losartan,"50 mg tablet",V002408,2023-04-27,"1 tablet twice daily","5 days",Unknown
RX000129,P00408,"Luis Aquino",DR0031,"Dr. Jose Dela Cruz",Neurology,D006,MED005,Omeprazole,"20 mg capsule",V000418,2024-10-29,N/a,"10 days",Discontinued
RX000130,P00999,"Juan Navarro",DR0088,"Dr. Jose Flores",Neurology,D006,MED007,Ibuprofen,"400 mg tablet",V001646,2023-03-22,PRN,"7 days",Completed
RX000131,P00343,"Ramon Rivera",DR0043,"Dr. Samantha Flores",Emergency,D004,MED008,Atorvastatin,"20 mg tablet",V002845,2024-05-03,"1 tab BID",N/a,Unknown
RX000132,P00822,"Maria Mendoza",DR0029,"Robert Bautista MD","General Surgery",D008,MED012,Amoxicilin,"500 mg capsule",V000929,2024-02-17,"2 tablets daily",N/a,Completed
RX000133,P00872,"Grace Santos",DR0037,"Nicole Bautista MD",Pediatrics,D002,MED006,Losartan,"50 mg tablet",V002094,2023-11-13,PRN,N/a,Completed
RX000134,P00179,"Liza Ramos",DR0096,"Dr. Maria Navarro","Internal Medicine",D003,MED011,Paracetemol,"500 mg tablet",V000033,2025-10-24,"5 mL every 8 hrs","30 days",Active
RX000135,P00512,"Miguel Mendoza",DR0079,"Jose Castillo MD","Obstetrics & Gynecology",D007,MED005,Omeprazole,"20 mg capsule",V001837,2024-03-01,"1 tablet twice daily",N/a,Active
RX000136,P00865,"Bea Ramos",DR0069,"Dr. Jose Mendoza",Pediatrics,D002,MED003,Metformin,"500 mg tablet",V000338,2023-02-13,"1 tablet twice daily","5 days",Completed
RX000137,P00429,"Mark Aquino",DR0052,"Patrick Reyes MD",Pediatrics,D002,MED012,Amoxicilin,"500 mg capsule",V001677,2023-12-10,"5 mL every 8 hrs",N/a,Active
RX000138,P00524,"Sofia Mendoza",DR0052,"Patrick Reyes MD",Pediatrics,D002,MED012,Amoxicilin,"500 mg capsule",V001052,2025-11-06,N/a,N/a,Unknown
RX000139,P00997,"Miguel Torres",DR0019,"Dr. Nicole Castillo",Orthopedics,D005,MED007,Ibuprofen,"400 mg tablet",V002025,2023-05-23,"5 mL every 8 hrs","10 days",Active
RX000140,P00624,"Mark Rivera",DR0098,"Jose Aquino MD","Internal Medicine",D003,MED012,Amoxicilin,"500 mg capsule",V001209,2023-10-30,"2 tablets daily","5 days",Active
RX000141,P00833,"Luis Mendoza",DR0074,"Dr. Maria Gonzales","General Surgery",D008,MED003,Metformin,"500 mg tablet",V000477,2023-11-12,"1 tab BID","10 days",Completed
RX000142,P00600,"Kevin Navarro",DR0021,"Elena Santos MD",Cardiology,D001,MED006,Losartan,"50 mg tablet",V001971,2025-07-23,PRN,"30 days",Discontinued
RX000143,P00385,"Thomas Cruz",DR0022,"Dr. Jose Castillo",Pediatrics,D002,MED002,Amoxicillin,"500 mg capsule",V001183,2025-03-18,PRN,"7 days",Completed
RX000144,P00113,"Thomas Dela Cruz",DR0086,"Dr. Jose Garcia","Internal Medicine",D003,MED001,Paracetamol,"500 mg tablet",V000199,2025-12-22,N/a,"5 days",Active
RX000145,P00773,"Grace Reyes",DR0038,"Dr. Nicole Rivera",Pediatrics,D002,MED008,Atorvastatin,"20 mg tablet",V001264,2025-06-17,"1 tablet twice daily",N/a,Completed
RX000146,P00933,"Daniel Mendoza",DR0049,"Anthony Garcia MD","General Surgery",D008,MED009,Salbutamol,"2 mg inhaler",V001087,2024-08-29,"1 tablet twice daily","30 days",Active
RX000147,P00561,"Mark Cruz",DR0098,"Jose Aquino MD","Internal Medicine",D003,MED008,Atorvastatin,"20 mg tablet",V000829,2023-01-20,"1 tab BID","7 days",Completed
RX000148,P00875,"Bea Navarro",DR0088,"Dr. Jose Flores",Neurology,D006,MED006,Losartan,"50 mg tablet",V000927,2023-08-25,PRN,"30 days",Discontinued
RX000149,P00858,"Ana Dela Cruz",DR0063,"Dr. Anthony Bautista",Pediatrics,D002,MED002,Amoxicillin,"500 mg capsule",V001175,2023-12-21,N/a,"5 days",Completed
RX000150,P00108,"Carlos Garcia",DR0039,"Samantha Santos MD","General Surgery",D008,MED006,Losartan,"50 mg tablet",V000437,2025-07-15,"2 tablets daily",N/a,Discontinued
RX000151,P00702,"Kevin Gonzales",DR0074,"Dr. Maria Gonzales","General Surgery",D008,MED009,Salbutamol,"2 mg inhaler",V002293,2025-02-26,"1 tab BID",N/a,Discontinued
RX000152,P00134,"Jose Aquino",DR0057,"Elena Navarro MD",Emergency,D004,MED011,Paracetemol,"500 mg tablet",V002168,2024-01-30,"1 tablet twice daily","7 days",Unknown
RX000153,P00640,"Ana Bautista",DR0100,"Dr. Robert Navarro",Neurology,D006,MED012,Amoxicilin,"500 mg capsule",V001693,2024-08-16,"2 tablets daily","10 days",Active
RX000154,P00145,"Andrea Ramos",DR0009,"Dr. Nicole Mendoza",Emergency,D004,MED002,Amoxicillin,"500 mg capsule",V002694,2023-02-04,N/a,N/a,Active
RX000155,P00607,"Andrea Aquino",DR0092,"Dr. Catherine Bautista","Internal Medicine",D003,MED011,Paracetemol,"500 mg tablet",V002416,2024-06-21,"1 tab BID","10 days",Completed
RX000156,P00375,"Thomas Aquino",DR0031,"Dr. Jose Dela Cruz",Neurology,D006,MED010,Azithromycin,"500 mg tablet",V000031,2024-11-20,PRN,"30 days",Active
RX000157,P00748,"Jose Bautista",DR0063,"Dr. Anthony Bautista",Pediatrics,D002,MED010,Azithromycin,"500 mg tablet",V000238,2024-07-10,PRN,"10 days",Active
RX000158,P00679,"Mark Torres",DR0076,"Maria Torres MD",Orthopedics,D005,MED011,Paracetemol,"500 mg tablet",V002325,2025-01-08,"2 tablets daily","10 days",Completed
RX000159,P00141,"Angela Garcia",DR0005,"Dr. Samantha Gonzales",Emergency,D004,MED001,Paracetamol,"500 mg tablet",V002622,2023-05-25,PRN,N/a,Discontinued
RX000160,P00463,"Bea Gonzales",DR0010,"Dr. Anthony Bautista","Internal Medicine",D003,MED011,Paracetemol,"500 mg tablet",V001012,2023-01-04,"1 tablet twice daily","10 days",Completed
RX000161,P00980,"Kevin Navarro",DR0013,"Dr. Samantha Cruz",Emergency,D004,MED003,Metformin,"500 mg tablet",V000026,2023-05-17,"2 tablets daily","30 days",Unknown
RX000162,P00483,"Ramon Mendoza",DR0046,"Rafael Ramos MD",Emergency,D004,MED010,Azithromycin,"500 mg tablet",V000591,2025-09-20,"1 tablet twice daily","5 days",Unknown
RX000163,P00442,"Juan Santos",DR0041,"Dr. Nicole Torres",Emergency,D004,MED009,Salbutamol,"2 mg inhaler",V001228,2024-08-05,"2 tablets daily",N/a,Active
RX000164,P00530,"Andrea Torres",DR0050,"Catherine Reyes MD","Internal Medicine",D003,MED012,Amoxicilin,"500 mg capsule",V000583,2025-06-06,"1 tab BID",N/a,Active
RX000165,P00291,"Grace Mendoza",DR0013,"Dr. Samantha Cruz",Emergency,D004,MED005,Omeprazole,"20 mg capsule",V001885,2024-10-21,"1 tablet twice daily","10 days",Discontinued
RX000166,P00615,"Maria Ramos",DR0094,"Anthony Aquino MD","General Surgery",D008,MED004,Amlodipine,"5 mg tablet",V000589,2025-10-16,"1 tab BID",N/a,Discontinued
RX000167,P00010,"Ana Torres",DR0049,"Anthony Garcia MD","General Surgery",D008,MED008,Atorvastatin,"20 mg tablet",V001029,2023-03-09,N/a,"30 days",Completed
RX000168,P00777,"John Cruz",DR0068,"Dr. Maria Gonzales","Obstetrics & Gynecology",D007,MED006,Losartan,"50 mg tablet",V002985,2024-05-07,PRN,N/a,Unknown
RX000169,P00474,"Grace Gonzales",DR0047,"Catherine Garcia MD","General Surgery",D008,MED002,Amoxicillin,"500 mg capsule",V002604,2024-11-14,"1 tablet twice daily","10 days",Discontinued
RX000170,P00041,"Liza Dela Cruz",DR0040,"Dr. Nicole Flores",Cardiology,D001,MED001,Paracetamol,"500 mg tablet",V002135,2025-09-16,N/a,"5 days",Discontinued
RX000171,P00474,"Grace Gonzales",DR0032,"Dr. Samantha Castillo","Internal Medicine",D003,MED003,Metformin,"500 mg tablet",V000697,2025-03-11,"2 tablets daily","7 days",Unknown
RX000172,P00863,"Mark Santos",DR0094,"Anthony Aquino MD","General Surgery",D008,MED008,Atorvastatin,"20 mg tablet",V001258,2023-11-19,PRN,"7 days",Completed
RX000173,P00887,"Juan Castillo",DR0017,"Elena Santos MD",Pediatrics,D002,MED003,Metformin,"500 mg tablet",V001382,2025-03-19,"5 mL every 8 hrs","7 days",Active
RX000174,P00467,"Maria Aquino",DR0031,"Dr. Jose Dela Cruz",Neurology,D006,MED004,Amlodipine,"5 mg tablet",V002786,2025-12-20,"1 tab BID","5 days",Active
RX000175,P00263,"Juan Dela Cruz",DR0055,"Dr. Jose Santos","Obstetrics & Gynecology",D007,MED007,Ibuprofen,"400 mg tablet",V001978,2024-06-16,"1 tablet twice daily","7 days",Unknown
RX000176,P01002,"Maria Santos",DR0042,"Catherine Mendoza MD",Cardiology,D001,MED010,Azithromycin,"500 mg tablet",V001209,2023-04-26,PRN,"10 days",Completed
RX000177,P00599,"Juan Flores",DR0064,"Robert Torres MD",Pediatrics,D002,MED004,Amlodipine,"5 mg tablet",V000431,2023-05-07,"1 tablet twice daily",N/a,Active
RX000178,P00222,"John Aquino",DR0028,"Anthony Dela Cruz MD",Orthopedics,D005,MED005,Omeprazole,"20 mg capsule",V000147,2024-07-19,"1 tablet twice daily",N/a,Unknown
RX000179,P00602,"Grace Navarro",DR0031,"Dr. Jose Dela Cruz",Neurology,D006,MED010,Azithromycin,"500 mg tablet",V001042,2023-04-20,N/a,N/a,Discontinued
RX000180,P00747,"Liza Navarro",DR0068,"Dr. Maria Gonzales","Obstetrics & Gynecology",D007,MED001,Paracetamol,"500 mg tablet",V001970,2023-02-10,PRN,"10 days",Unknown
RX000181,P00336,"Daniel Castillo",DR0067,"Samantha Reyes MD",Emergency,D004,MED006,Losartan,"50 mg tablet",V002748,2025-03-14,"1 tab BID","7 days",Active
RX000182,P00451,"Thomas Ramos",DR0050,"Catherine Reyes MD","Internal Medicine",D003,MED008,Atorvastatin,"20 mg tablet",V002141,2024-01-15,"5 mL every 8 hrs","10 days",Active
RX000183,P00320,"Sofia Mendoza",DR0019,"Dr. Nicole Castillo",Orthopedics,D005,MED005,Omeprazole,"20 mg capsule",V002382,2025-06-09,"5 mL every 8 hrs","30 days",Active
RX000184,P00618,"Mark Mendoza",DR0027,"Dr. Nicole Gonzales","Obstetrics & Gynecology",D007,MED002,Amoxicillin,"500 mg capsule",V000600,2023-02-17,"1 tab BID",N/a,Discontinued
RX000185,P00625,"Bea Cruz",DR0036,"Dr. Patrick Dela Cruz","Obstetrics & Gynecology",D007,MED005,Omeprazole,"20 mg capsule",V000564,2025-06-22,"1 tab BID","5 days",Discontinued
RX000186,P00628,"Kevin Ramos",DR0046,"Rafael Ramos MD",Emergency,D004,MED001,Paracetamol,"500 mg tablet",V000716,2025-02-28,PRN,"5 days",Active
RX000187,P00706,"Miguel Flores",DR0037,"Nicole Bautista MD",Pediatrics,D002,MED002,Amoxicillin,"500 mg capsule",V000744,2025-07-10,N/a,N/a,Completed
RX000188,P00903,"Luis Navarro",DR0064,"Robert Torres MD",Pediatrics,D002,MED008,Atorvastatin,"20 mg tablet",V001841,2024-10-13,"1 tab BID","5 days",Completed
RX000189,P00297,"Andrea Mendoza",DR0076,"Maria Torres MD",Orthopedics,D005,MED001,Paracetamol,"500 mg tablet",V001006,2024-06-03,"5 mL every 8 hrs",N/a,Completed
RX000190,P00773,"Grace Reyes",DR0030,"Dr. Elena Navarro","Obstetrics & Gynecology",D007,MED003,Metformin,"500 mg tablet",V000279,2025-02-07,"2 tablets daily",N/a,Active
RX000191,P00749,"Luis Flores",DR0060,"Maria Castillo MD",Cardiology,D001,MED004,Amlodipine,"5 mg tablet",V000820,2024-02-22,"5 mL every 8 hrs","30 days",Discontinued
RX000192,P00895,"Kevin Dela Cruz",DR0100,"Dr. Robert Navarro",Neurology,D006,MED001,Paracetamol,"500 mg tablet",V002938,2024-03-21,"2 tablets daily",N/a,Active
RX000193,P00465,"Carlos Torres",DR0056,"Dr. Elena Cruz",Neurology,D006,MED003,Metformin,"500 mg tablet",V001459,2025-11-09,N/a,"30 days",Unknown
RX000194,P00693,"Andrea Aquino",DR0082,"Elena Castillo MD","General Surgery",D008,MED006,Losartan,"50 mg tablet",V002271,2023-05-19,"5 mL every 8 hrs","7 days",Active
RX000195,P00504,"Liza Dela Cruz",DR0097,"Dr. Samantha Garcia",Neurology,D006,MED012,Amoxicilin,"500 mg capsule",V002090,2024-05-16,PRN,"5 days",Active
RX000196,P00885,"Daniel Cruz",DR0017,"Elena Santos MD",Pediatrics,D002,MED011,Paracetemol,"500 mg tablet",V002322,2024-09-30,N/a,"7 days",Discontinued
RX000197,P00420,"Andrea Torres",DR0015,"Anthony Castillo MD",Emergency,D004,MED008,Atorvastatin,"20 mg tablet",V002557,2025-12-25,"5 mL every 8 hrs","10 days",Active
RX000198,P00081,"Ana Rivera",DR0013,"Dr. Samantha Cruz",Emergency,D004,MED007,Ibuprofen,"400 mg tablet",V002936,2024-10-10,"2 tablets daily","10 days",Active
RX000199,P00954,"Liza Garcia",DR0039,"Samantha Santos MD","General Surgery",D008,MED008,Atorvastatin,"20 mg tablet",V002438,2023-03-30,"1 tablet twice daily",N/a,Unknown
RX000200,P00894,"Grace Santos",DR0049,"Anthony Garcia MD","General Surgery",D008,MED010,Azithromycin,"500 mg tablet",V000428,2025-04-02,"2 tablets daily",N/a,Unknown
RX000201,P00500,"Sofia Rivera",DR0010,"Dr. Anthony Bautista","Internal Medicine",D003,MED002,Amoxicillin,"500 mg capsule",V002060,2023-02-26,"1 tab BID",N/a,Discontinued
RX000202,P00747,"Liza Navarro",DR0024,"Nicole Garcia MD","Internal Medicine",D003,MED002,Amoxicillin,"500 mg capsule",V001699,2023-01-17,"1 tab BID",N/a,Active
RX000203,P00173,"Daniel Flores",DR0083,"Samantha Castillo MD",Pediatrics,D002,MED007,Ibuprofen,"400 mg tablet",V001069,2024-12-30,"1 tablet twice daily","30 days",Active
RX000204,P00898,"Ramon Cruz",DR0009,"Dr. Nicole Mendoza",Emergency,D004,MED011,Paracetemol,"500 mg tablet",V000396,2025-02-05,PRN,"30 days",Discontinued
RX000205,P00273,"Luis Bautista",DR0032,"Dr. Samantha Castillo","Internal Medicine",D003,MED006,Losartan,"50 mg tablet",V001367,2023-01-22,"5 mL every 8 hrs",N/a,Completed
RX000206,P00840,"Carlos Bautista",DR0039,"Samantha Santos MD","General Surgery",D008,MED010,Azithromycin,"500 mg tablet",V002910,2023-05-18,"1 tablet twice daily",N/a,Active
RX000207,P00254,"Thomas Garcia",DR0023,"Jose Castillo MD",Orthopedics,D005,MED011,Paracetemol,"500 mg tablet",V002035,2023-09-26,"1 tablet twice daily",N/a,Discontinued
RX000208,P00349,"Thomas Santos",DR0058,"Robert Mendoza MD",Emergency,D004,MED003,Metformin,"500 mg tablet",V001497,2024-05-19,"1 tab BID","5 days",Completed
RX000209,P00827,"Angela Cruz",DR0026,"Anthony Bautista MD",Neurology,D006,MED001,Paracetamol,"500 mg tablet",V001226,2024-05-06,PRN,N/a,Active
RX000210,P00730,"Grace Bautista",DR0033,"Dr. Catherine Bautista",Cardiology,D001,MED007,Ibuprofen,"400 mg tablet",V000838,2024-10-26,"5 mL every 8 hrs","7 days",Active
RX000211,P00670,"Kevin Torres",DR0036,"Dr. Patrick Dela Cruz","Obstetrics & Gynecology",D007,MED011,Paracetemol,"500 mg tablet",V001619,2023-04-28,"1 tablet twice daily","5 days",Unknown
RX000212,P00466,"Patricia Garcia",DR0003,"Elena Cruz MD","Obstetrics & Gynecology",D007,MED012,Amoxicilin,"500 mg capsule",V002671,2025-03-02,PRN,N/a,Discontinued
RX000213,P00359,"Luis Rivera",DR0003,"Elena Cruz MD","Obstetrics & Gynecology",D007,MED004,Amlodipine,"5 mg tablet",V002796,2025-12-30,"2 tablets daily","10 days",Active
RX000214,P00561,"Mark Cruz",DR0014,"Samantha Ramos MD",Pediatrics,D002,MED002,Amoxicillin,"500 mg capsule",V000911,2024-01-24,"1 tab BID","10 days",Active
RX000215,P00982,"Kevin Cruz",DR0074,"Dr. Maria Gonzales","General Surgery",D008,MED001,Paracetamol,"500 mg tablet",V002377,2025-06-26,"1 tab BID","10 days",Active
RX000216,P00667,"Angela Gonzales",DR0003,"Elena Cruz MD","Obstetrics & Gynecology",D007,MED006,Losartan,"50 mg tablet",V001401,2024-04-28,N/a,"5 days",Discontinued
RX000217,P00770,"Jose Navarro",DR0062,"Dr. Catherine Cruz",Pediatrics,D002,MED005,Omeprazole,"20 mg capsule",V000449,2025-04-23,N/a,"30 days",Completed
RX000218,P00419,"Angela Rivera",DR0071,"Dr. Jose Garcia","Obstetrics & Gynecology",D007,MED004,Amlodipine,"5 mg tablet",V002827,2024-07-06,"1 tab BID","5 days",Active
RX000219,P00772,"Sofia Aquino",DR0079,"Jose Castillo MD","Obstetrics & Gynecology",D007,MED004,Amlodipine,"5 mg tablet",V001153,2024-11-13,N/a,"5 days",Discontinued
RX000220,P00839,"Maria Santos",DR0057,"Elena Navarro MD",Emergency,D004,MED001,Paracetamol,"500 mg tablet",V002179,2023-10-01,N/a,"10 days",Unknown
RX000221,P00549,"Kevin Castillo",DR0039,"Samantha Santos MD","General Surgery",D008,MED006,Losartan,"50 mg tablet",V000222,2024-07-21,"1 tab BID","7 days",Discontinued
RX000222,P00703,"Sofia Castillo",DR0001,"Elena Ramos MD","Internal Medicine",D003,MED007,Ibuprofen,"400 mg tablet",V000531,2025-09-17,PRN,"5 days",Discontinued
RX000223,P00130,"Miguel Cruz",DR0043,"Dr. Samantha Flores",Emergency,D004,MED008,Atorvastatin,"20 mg tablet",V000725,2025-06-07,PRN,"7 days",Active
RX000224,P00360,"Miguel Gonzales",DR0016,"Jose Navarro MD","Internal Medicine",D003,MED005,Omeprazole,"20 mg capsule",V002918,2024-06-05,"1 tablet twice daily","30 days",Discontinued
RX000225,P00657,"Thomas Garcia",DR0019,"Dr. Nicole Castillo",Orthopedics,D005,MED005,Omeprazole,"20 mg capsule",V000268,2025-09-28,PRN,"7 days",Active
RX000226,P00742,"Thomas Santos",DR0036,"Dr. Patrick Dela Cruz","Obstetrics & Gynecology",D007,MED004,Amlodipine,"5 mg tablet",V001210,2025-05-01,N/a,"30 days",Active
RX000227,P00687,"Maria Castillo",DR0067,"Samantha Reyes MD",Emergency,D004,MED011,Paracetemol,"500 mg tablet",V001050,2023-02-09,"2 tablets daily","30 days",Active
RX000228,P00831,"Liza Castillo",DR0030,"Dr. Elena Navarro","Obstetrics & Gynecology",D007,MED003,Metformin,"500 mg tablet",V001885,2024-07-06,"2 tablets daily","7 days",Active
RX000229,P01002,"Maria Santos",DR0040,"Dr. Nicole Flores",Cardiology,D001,MED003,Metformin,"500 mg tablet",V002137,2025-07-23,PRN,N/a,Unknown
RX000230,P00166,"Patricia Navarro",DR0043,"Dr. Samantha Flores",Emergency,D004,MED003,Metformin,"500 mg tablet",V000906,2024-02-01,"1 tablet twice daily","7 days",Completed
RX000231,P00268,"Juan Garcia",DR0084,"Anthony Santos MD",Neurology,D006,MED008,Atorvastatin,"20 mg tablet",V001621,2025-07-05,"1 tablet twice daily","7 days",Completed
RX000232,P00504,"Liza Dela Cruz",DR0015,"Anthony Castillo MD",Emergency,D004,MED005,Omeprazole,"20 mg capsule",V000900,2025-11-26,"1 tablet twice daily","10 days",Unknown
RX000233,P00730,"Grace Bautista",DR0063,"Dr. Anthony Bautista",Pediatrics,D002,MED011,Paracetemol,"500 mg tablet",V002984,2025-10-08,"1 tab BID","7 days",Completed
RX000234,P00910,"Luis Ramos",DR0081,"Dr. Jose Mendoza","General Surgery",D008,MED011,Paracetemol,"500 mg tablet",V002736,2023-06-18,N/a,"5 days",Active
RX000235,P00650,"Jose Santos",DR0020,"Dr. Patrick Cruz",Orthopedics,D005,MED001,Paracetamol,"500 mg tablet",V000880,2024-09-17,"1 tab BID","5 days",Completed
RX000236,P00848,"Ana Dela Cruz",DR0070,"Rafael Castillo MD","Internal Medicine",D003,MED011,Paracetemol,"500 mg tablet",V001961,2024-04-08,PRN,"10 days",Active
RX000237,P00856,"Angela Rivera",DR0005,"Dr. Samantha Gonzales",Emergency,D004,MED006,Losartan,"50 mg tablet",V000223,2024-03-06,"1 tablet twice daily","10 days",Discontinued
RX000238,P00204,"Luis Ramos",DR0052,"Patrick Reyes MD",Pediatrics,D002,MED009,Salbutamol,"2 mg inhaler",V001547,2024-05-06,PRN,"10 days",Completed
RX000239,P00520,"Patricia Santos",DR0049,"Anthony Garcia MD","General Surgery",D008,MED006,Losartan,"50 mg tablet",V002994,2025-04-13,"2 tablets daily",N/a,Active
RX000240,P00712,"Kevin Castillo",DR0042,"Catherine Mendoza MD",Cardiology,D001,MED009,Salbutamol,"2 mg inhaler",V002842,2025-09-09,"1 tab BID",N/a,Active
RX000241,P00744,"Miguel Cruz",DR0042,"Catherine Mendoza MD",Cardiology,D001,MED006,Losartan,"50 mg tablet",V001015,2024-08-24,PRN,"30 days",Discontinued
RX000242,P00504,"Liza Dela Cruz",DR0041,"Dr. Nicole Torres",Emergency,D004,MED004,Amlodipine,"5 mg tablet",V002382,2025-10-15,"1 tab BID",N/a,Completed
RX000243,P00663,"Jose Castillo",DR0070,"Rafael Castillo MD","Internal Medicine",D003,MED009,Salbutamol,"2 mg inhaler",V002152,2023-07-01,"1 tablet twice daily","30 days",Discontinued
RX000244,P00250,"Jose Dela Cruz",DR0039,"Samantha Santos MD","General Surgery",D008,MED004,Amlodipine,"5 mg tablet",V000757,2025-03-30,"1 tablet twice daily",N/a,Active
RX000245,P00266,"Maria Santos",DR0094,"Anthony Aquino MD","General Surgery",D008,MED006,Losartan,"50 mg tablet",V000461,2023-07-19,PRN,"7 days",Active
RX000246,P00006,"Thomas Torres",DR0097,"Dr. Samantha Garcia",Neurology,D006,MED008,Atorvastatin,"20 mg tablet",V001460,2025-08-09,N/a,N/a,Active
RX000247,P00955,"Bea Mendoza",DR0087,"Dr. Nicole Rivera","Internal Medicine",D003,MED011,Paracetemol,"500 mg tablet",V001068,2023-05-25,"5 mL every 8 hrs","10 days",Active
RX000248,P00362,"Angela Santos",DR0013,"Dr. Samantha Cruz",Emergency,D004,MED007,Ibuprofen,"400 mg tablet",V000744,2025-10-08,"5 mL every 8 hrs",N/a,Active
RX000249,P00366,"Kevin Reyes",DR0029,"Robert Bautista MD","General Surgery",D008,MED008,Atorvastatin,"20 mg tablet",V001428,2023-02-05,"1 tab BID",N/a,Completed
RX000250,P00424,"Thomas Garcia",DR0022,"Dr. Jose Castillo",Pediatrics,D002,MED006,Losartan,"50 mg tablet",V002316,2024-06-17,"1 tab BID","10 days",Unknown
RX000251,P00867,"Sofia Ramos",DR0043,"Dr. Samantha Flores",Emergency,D004,MED007,Ibuprofen,"400 mg tablet",V000445,2024-10-28,N/a,N/a,Completed
RX000252,P00976,"Carlos Cruz",DR0028,"Anthony Dela Cruz MD",Orthopedics,D005,MED012,Amoxicilin,"500 mg capsule",V000216,2023-11-14,"2 tablets daily","30 days",Discontinued
RX000253,P00582,"Liza Rivera",DR0055,"Dr. Jose Santos","Obstetrics & Gynecology",D007,MED006,Losartan,"50 mg tablet",V001833,2023-03-16,N/a,"10 days",Discontinued
RX000254,P00280,"Kevin Aquino",DR0073,"Dr. Catherine Torres",Pediatrics,D002,MED003,Metformin,"500 mg tablet",V002246,2023-06-21,"1 tab BID","10 days",Active
RX000255,P00392,"Maria Dela Cruz",DR0063,"Dr. Anthony Bautista",Pediatrics,D002,MED005,Omeprazole,"20 mg capsule",V002376,2023-07-19,PRN,N/a,Completed
RX000256,P00154,"Juan Cruz",DR0048,"Dr. Robert Castillo",Pediatrics,D002,MED010,Azithromycin,"500 mg tablet",V002754,2025-11-08,PRN,"5 days",Active
RX000257,P00979,"Kevin Torres",DR0028,"Anthony Dela Cruz MD",Orthopedics,D005,MED008,Atorvastatin,"20 mg tablet",V001388,2024-04-03,PRN,"5 days",Unknown
RX000258,P00779,"Ramon Torres",DR0094,"Anthony Aquino MD","General Surgery",D008,MED002,Amoxicillin,"500 mg capsule",V000329,2024-04-05,N/a,N/a,Unknown
RX000259,P00707,"Carlos Mendoza",DR0034,"Elena Navarro MD",Neurology,D006,MED008,Atorvastatin,"20 mg tablet",V001080,2025-05-13,PRN,"30 days",Unknown
RX000260,P00135,"Andrea Gonzales",DR0001,"Elena Ramos MD","Internal Medicine",D003,MED004,Amlodipine,"5 mg tablet",V001874,2025-07-11,PRN,"5 days",Active
RX000261,P00260,"Bea Flores",DR0033,"Dr. Catherine Bautista",Cardiology,D001,MED010,Azithromycin,"500 mg tablet",V000470,2025-04-07,"1 tab BID","30 days",Unknown
RX000262,P00085,"Thomas Garcia",DR0065,"Dr. Samantha Mendoza",Pediatrics,D002,MED011,Paracetemol,"500 mg tablet",V002929,2025-10-17,N/a,"5 days",Active
RX000263,P00738,"Angela Torres",DR0074,"Dr. Maria Gonzales","General Surgery",D008,MED004,Amlodipine,"5 mg tablet",V002278,2024-12-03,"2 tablets daily","5 days",Active
RX000264,P00592,"Liza Santos",DR0009,"Dr. Nicole Mendoza",Emergency,D004,MED002,Amoxicillin,"500 mg capsule",V002388,2024-07-10,PRN,"10 days",Unknown
RX000265,P00327,"Luis Flores",DR0085,"Dr. Anthony Flores",Neurology,D006,MED011,Paracetemol,"500 mg tablet",V000498,2025-12-30,"5 mL every 8 hrs","10 days",Completed
RX000266,P00319,"Ramon Gonzales",DR0017,"Elena Santos MD",Pediatrics,D002,MED002,Amoxicillin,"500 mg capsule",V000582,2025-03-10,"2 tablets daily","5 days",Active
RX000267,P00172,"Ramon Cruz",DR0022,"Dr. Jose Castillo",Pediatrics,D002,MED002,Amoxicillin,"500 mg capsule",V002146,2025-01-02,PRN,N/a,Completed
RX000268,P00574,"Maria Gonzales",DR0015,"Anthony Castillo MD",Emergency,D004,MED001,Paracetamol,"500 mg tablet",V000203,2025-07-31,"2 tablets daily","30 days",Active
RX000269,P00570,"Liza Aquino",DR0073,"Dr. Catherine Torres",Pediatrics,D002,MED002,Amoxicillin,"500 mg capsule",V000478,2024-04-03,"1 tablet twice daily","10 days",Unknown
RX000270,P00412,"Patricia Aquino",DR0005,"Dr. Samantha Gonzales",Emergency,D004,MED005,Omeprazole,"20 mg capsule",V000494,2024-01-03,PRN,N/a,Active
RX000271,P00671,"John Castillo",DR0073,"Dr. Catherine Torres",Pediatrics,D002,MED011,Paracetemol,"500 mg tablet",V002355,2024-06-15,"1 tab BID","30 days",Completed
RX000272,P00343,"Ramon Rivera",DR0007,"Nicole Mendoza MD","Internal Medicine",D003,MED011,Paracetemol,"500 mg tablet",V002098,2023-07-25,"1 tablet twice daily",N/a,Discontinued
RX000273,P00861,"Bea Rivera",DR0007,"Nicole Mendoza MD","Internal Medicine",D003,MED008,Atorvastatin,"20 mg tablet",V001100,2025-06-14,N/a,N/a,Active
RX000274,P00019,"Juan Gonzales",DR0028,"Anthony Dela Cruz MD",Orthopedics,D005,MED010,Azithromycin,"500 mg tablet",V001320,2025-07-08,N/a,"5 days",Discontinued
RX000275,P00764,"Jose Ramos",DR0084,"Anthony Santos MD",Neurology,D006,MED003,Metformin,"500 mg tablet",V002164,2024-07-08,"1 tab BID","10 days",Unknown
RX000276,P00828,"Angela Reyes",DR0069,"Dr. Jose Mendoza",Pediatrics,D002,MED005,Omeprazole,"20 mg capsule",V002060,2025-10-22,"5 mL every 8 hrs",N/a,Active
RX000277,P00990,"Bea Gonzales",DR0098,"Jose Aquino MD","Internal Medicine",D003,MED005,Omeprazole,"20 mg capsule",V002124,2025-05-07,"1 tablet twice daily","7 days",Active
RX000278,P00289,"Kevin Rivera",DR0073,"Dr. Catherine Torres",Pediatrics,D002,MED004,Amlodipine,"5 mg tablet",V001555,2023-11-01,"2 tablets daily",N/a,Completed
RX000279,P00723,"Maria Aquino",DR0051,"Nicole Castillo MD",Neurology,D006,MED001,Paracetamol,"500 mg tablet",V000599,2025-10-20,"1 tab BID","7 days",Active
RX000280,P00277,"Liza Aquino",DR0092,"Dr. Catherine Bautista","Internal Medicine",D003,MED007,Ibuprofen,"400 mg tablet",V000860,2023-10-13,"1 tablet twice daily","5 days",Completed
RX000281,P00486,"Ramon Rivera",DR0008,"Anthony Navarro MD","General Surgery",D008,MED009,Salbutamol,"2 mg inhaler",V002898,2025-11-27,"5 mL every 8 hrs","5 days",Discontinued
RX000282,P00520,"Patricia Santos",DR0036,"Dr. Patrick Dela Cruz","Obstetrics & Gynecology",D007,MED010,Azithromycin,"500 mg tablet",V002038,2023-11-28,"2 tablets daily",N/a,Discontinued
RX000283,P00821,"Carlos Cruz",DR0007,"Nicole Mendoza MD","Internal Medicine",D003,MED012,Amoxicilin,"500 mg capsule",V002330,2023-04-02,"2 tablets daily","30 days",Active
RX000284,P00588,"Luis Aquino",DR0079,"Jose Castillo MD","Obstetrics & Gynecology",D007,MED007,Ibuprofen,"400 mg tablet",V001146,2024-06-30,"1 tab BID",N/a,Active
RX000285,P00046,"Sofia Flores",DR0016,"Jose Navarro MD","Internal Medicine",D003,MED012,Amoxicilin,"500 mg capsule",V001781,2025-04-09,PRN,"10 days",Unknown
RX000286,NULL,NULL,DR0101,"Maria Reyes MD",Cardiology,D001,MED008,Atorvastatin,"20 mg tablet",V001801,2025-04-27,PRN,"10 days",Completed
RX000287,P00633,"Grace Ramos",DR0058,"Robert Mendoza MD",Emergency,D004,MED005,Omeprazole,"20 mg capsule",V001377,2023-10-08,PRN,"7 days",Active
RX000288,P00401,"Liza Rivera",DR0010,"Dr. Anthony Bautista","Internal Medicine",D003,MED011,Paracetemol,"500 mg tablet",V002507,2024-04-09,PRN,"7 days",Completed
RX000289,P00023,"Jose Ramos",DR0032,"Dr. Samantha Castillo","Internal Medicine",D003,MED012,Amoxicilin,"500 mg capsule",V002220,2025-02-13,"1 tablet twice daily",N/a,Active
RX000290,P00813,"Andrea Castillo",DR0037,"Nicole Bautista MD",Pediatrics,D002,MED011,Paracetemol,"500 mg tablet",V000543,2025-06-16,"5 mL every 8 hrs",N/a,Completed
RX000291,P00538,"Mark Reyes",DR0002,"Dr. Patrick Cruz","Obstetrics & Gynecology",D007,MED012,Amoxicilin,"500 mg capsule",V002763,2025-07-09,"5 mL every 8 hrs","5 days",Discontinued
RX000292,P00444,"Luis Ramos",DR0042,"Catherine Mendoza MD",Cardiology,D001,MED009,Salbutamol,"2 mg inhaler",V002205,2023-05-30,"1 tablet twice daily","30 days",Active
RX000293,P00707,"Carlos Mendoza",DR0019,"Dr. Nicole Castillo",Orthopedics,D005,MED002,Amoxicillin,"500 mg capsule",V000162,2025-04-05,"5 mL every 8 hrs","10 days",Active
RX000294,P00326,"Andrea Santos",DR0056,"Dr. Elena Cruz",Neurology,D006,MED007,Ibuprofen,"400 mg tablet",V001597,2024-10-30,N/a,"30 days",Completed
RX000295,P00999,"Juan Navarro",DR0091,"Dr. Rafael Flores",Orthopedics,D005,MED004,Amlodipine,"5 mg tablet",V002261,2025-03-11,"1 tab BID",N/a,Completed
RX000296,P00216,"Miguel Castillo",DR0008,"Anthony Navarro MD","General Surgery",D008,MED003,Metformin,"500 mg tablet",V001164,2023-10-15,"1 tablet twice daily","5 days",Completed
RX000297,P00768,"Daniel Mendoza",DR0074,"Dr. Maria Gonzales","General Surgery",D008,MED010,Azithromycin,"500 mg tablet",V002249,2025-10-04,"1 tablet twice daily","10 days",Unknown
RX000298,P00961,"Grace Aquino",DR0092,"Dr. Catherine Bautista","Internal Medicine",D003,MED010,Azithromycin,"500 mg tablet",V000881,2025-07-02,N/a,"5 days",Active
RX000299,P00206,"Grace Bautista",DR0043,"Dr. Samantha Flores",Emergency,D004,MED004,Amlodipine,"5 mg tablet",V001833,2023-12-24,N/a,"7 days",Discontinued
RX000300,P00755,"Liza Cruz",DR0045,"Dr. Robert Dela Cruz","Obstetrics & Gynecology",D007,MED012,Amoxicilin,"500 mg capsule",V002446,2025-08-22,"1 tablet twice daily","7 days",Unknown
RX000301,P00853,"Ana Santos",DR0088,"Dr. Jose Flores",Neurology,D006,MED010,Azithromycin,"500 mg tablet",V002544,2023-09-23,PRN,"7 days",Active
RX000302,P00215,"Liza Torres",DR0057,"Elena Navarro MD",Emergency,D004,MED004,Amlodipine,"5 mg tablet",V000060,2023-05-20,"2 tablets daily","30 days",Active
RX000303,P00566,"Daniel Mendoza",DR0042,"Catherine Mendoza MD",Cardiology,D001,MED011,Paracetemol,"500 mg tablet",V000203,2023-01-15,N/a,"10 days",Unknown
RX000304,P00232,"John Reyes",DR0078,"Dr. Jose Castillo","Obstetrics & Gynecology",D007,MED002,Amoxicillin,"500 mg capsule",V000637,2023-06-10,"1 tab BID","7 days",Discontinued
RX000305,P00320,"Sofia Mendoza",DR0080,"Nicole Flores MD","Obstetrics & Gynecology",D007,MED012,Amoxicilin,"500 mg capsule",V000982,2025-05-15,"1 tab BID","30 days",Unknown
RX000306,P00245,"Liza Torres",DR0071,"Dr. Jose Garcia","Obstetrics & Gynecology",D007,MED002,Amoxicillin,"500 mg capsule",V000057,2024-04-04,N/a,N/a,Completed
RX000307,P00203,"Carlos Torres",DR0031,"Dr. Jose Dela Cruz",Neurology,D006,MED009,Salbutamol,"2 mg inhaler",V001777,2024-05-26,N/a,"7 days",Discontinued
RX000308,P00737,"Angela Reyes",DR0008,"Anthony Navarro MD","General Surgery",D008,MED005,Omeprazole,"20 mg capsule",V001163,2023-05-24,N/a,"30 days",Active
RX000309,P00911,"Liza Torres",DR0054,"Dr. Robert Dela Cruz","Internal Medicine",D003,MED006,Losartan,"50 mg tablet",V000358,2024-08-13,PRN,"5 days",Unknown
RX000310,P00077,"Kevin Rivera",DR0002,"Dr. Patrick Cruz","Obstetrics & Gynecology",D007,MED011,Paracetemol,"500 mg tablet",V001631,2023-08-16,PRN,"10 days",Completed
RX000311,P00954,"Liza Garcia",DR0031,"Dr. Jose Dela Cruz",Neurology,D006,MED003,Metformin,"500 mg tablet",V000261,2024-01-13,"5 mL every 8 hrs",N/a,Unknown
RX000312,P00693,"Andrea Aquino",DR0067,"Samantha Reyes MD",Emergency,D004,MED012,Amoxicilin,"500 mg capsule",V002380,2024-12-03,N/a,N/a,Completed
RX000313,P00929,"Andrea Garcia",NULL,NULL,NULL,NULL,MED002,Amoxicillin,"500 mg capsule",V000159,2023-03-27,PRN,N/a,Active
RX000314,P00163,"Sofia Castillo",DR0030,"Dr. Elena Navarro","Obstetrics & Gynecology",D007,MED008,Atorvastatin,"20 mg tablet",V000606,2023-01-15,N/a,N/a,Discontinued
RX000315,P00451,"Thomas Ramos",DR0067,"Samantha Reyes MD",Emergency,D004,MED012,Amoxicilin,"500 mg capsule",V000971,2024-09-06,"1 tablet twice daily",N/a,Active
RX000316,P00007,"John Gonzales",DR0066,"Dr. Maria Garcia",Cardiology,D001,MED002,Amoxicillin,"500 mg capsule",V002196,2024-07-01,"2 tablets daily","10 days",Active
RX000317,P00255,"Angela Ramos",DR0063,"Dr. Anthony Bautista",Pediatrics,D002,MED006,Losartan,"50 mg tablet",V001195,2023-11-07,"2 tablets daily",N/a,Active
RX000318,P00514,"Liza Aquino",DR0043,"Dr. Samantha Flores",Emergency,D004,MED008,Atorvastatin,"20 mg tablet",V002249,2023-07-08,"5 mL every 8 hrs",N/a,Discontinued
RX000319,P00221,"Bea Torres",DR0075,"Catherine Ramos MD",Neurology,D006,MED003,Metformin,"500 mg tablet",V000535,2023-03-30,N/a,N/a,Completed
RX000320,P00618,"Mark Mendoza",DR0009,"Dr. Nicole Mendoza",Emergency,D004,MED001,Paracetamol,"500 mg tablet",V001533,2023-06-17,"1 tablet twice daily",N/a,Active
RX000321,P00657,"Thomas Garcia",DR0031,"Dr. Jose Dela Cruz",Neurology,D006,MED005,Omeprazole,"20 mg capsule",V002428,2023-01-22,PRN,N/a,Completed
RX000322,P00922,"Andrea Bautista",DR0012,"Dr. Samantha Garcia",Emergency,D004,MED005,Omeprazole,"20 mg capsule",V000116,2024-05-06,"2 tablets daily","7 days",Active
RX000323,P00622,"Grace Cruz",DR0088,"Dr. Jose Flores",Neurology,D006,MED006,Losartan,"50 mg tablet",V001598,2023-04-05,"1 tablet twice daily","5 days",Discontinued
RX000324,P00860,"Maria Mendoza",DR0072,"Dr. Elena Reyes",Cardiology,D001,MED007,Ibuprofen,"400 mg tablet",V001202,2023-11-19,"1 tablet twice daily",N/a,Discontinued
RX000325,P00854,"Juan Flores",DR0087,"Dr. Nicole Rivera","Internal Medicine",D003,MED007,Ibuprofen,"400 mg tablet",V002212,2025-08-16,"5 mL every 8 hrs","5 days",Discontinued
RX000326,P00547,"Kevin Ramos",DR0057,"Elena Navarro MD",Emergency,D004,MED011,Paracetemol,"500 mg tablet",V002876,2025-05-25,PRN,"30 days",Completed
RX000327,P00175,"Thomas Torres",DR0099,"Dr. Maria Torres",Neurology,D006,MED005,Omeprazole,"20 mg capsule",V002404,2023-02-10,"2 tablets daily",N/a,Unknown
RX000328,P00972,"Carlos Garcia",DR0012,"Dr. Samantha Garcia",Emergency,D004,MED001,Paracetamol,"500 mg tablet",V002821,2023-06-30,"1 tablet twice daily","5 days",Active
RX000329,P00971,"Carlos Torres",DR0020,"Dr. Patrick Cruz",Orthopedics,D005,MED012,Amoxicilin,"500 mg capsule",V001410,2025-12-15,N/a,"7 days",Completed
RX000330,P00353,"Bea Bautista",DR0013,"Dr. Samantha Cruz",Emergency,D004,MED007,Ibuprofen,"400 mg tablet",V000475,2023-04-07,"5 mL every 8 hrs",N/a,Completed
RX000331,P00328,"Maria Reyes",DR0020,"Dr. Patrick Cruz",Orthopedics,D005,MED002,Amoxicillin,"500 mg capsule",V002069,2024-10-27,"1 tablet twice daily","5 days",Active
RX000332,P00844,"Sofia Santos",DR0047,"Catherine Garcia MD","General Surgery",D008,MED001,Paracetamol,"500 mg tablet",V001124,2025-05-03,PRN,"5 days",Active
RX000333,P00308,"Kevin Navarro",DR0083,"Samantha Castillo MD",Pediatrics,D002,MED009,Salbutamol,"2 mg inhaler",V002637,2023-03-30,N/a,"10 days",Active
RX000334,P00939,"John Reyes",DR0002,"Dr. Patrick Cruz","Obstetrics & Gynecology",D007,MED012,Amoxicilin,"500 mg capsule",V001062,2025-08-30,"1 tablet twice daily","10 days",Discontinued
RX000335,P00912,"Andrea Reyes",DR0068,"Dr. Maria Gonzales","Obstetrics & Gynecology",D007,MED001,Paracetamol,"500 mg tablet",V001803,2024-03-07,PRN,"30 days",Active
RX000336,P00230,"Daniel Ramos",DR0021,"Elena Santos MD",Cardiology,D001,MED007,Ibuprofen,"400 mg tablet",V000678,2023-09-17,"2 tablets daily","10 days",Active
RX000337,P00696,"Luis Dela Cruz",DR0025,"Nicole Torres MD","General Surgery",D008,MED004,Amlodipine,"5 mg tablet",V001318,2024-04-22,N/a,"5 days",Completed
RX000338,P00221,"Bea Torres",DR0062,"Dr. Catherine Cruz",Pediatrics,D002,MED001,Paracetamol,"500 mg tablet",V001953,2023-06-01,"1 tablet twice daily","7 days",Completed
RX000339,P00556,"Bea Santos",DR0018,"Catherine Santos MD",Orthopedics,D005,MED006,Losartan,"50 mg tablet",V000813,2024-03-15,"1 tablet twice daily","30 days",Completed
RX000340,P00686,"Maria Flores",DR0011,"Dr. Patrick Bautista","Internal Medicine",D003,MED005,Omeprazole,"20 mg capsule",V001516,2025-08-17,"1 tablet twice daily",N/a,Unknown
RX000341,P00520,"Patricia Santos",DR0051,"Nicole Castillo MD",Neurology,D006,MED003,Metformin,"500 mg tablet",V000147,2024-02-18,"1 tablet twice daily","30 days",Active
RX000342,P00350,"Andrea Gonzales",DR0036,"Dr. Patrick Dela Cruz","Obstetrics & Gynecology",D007,MED004,Amlodipine,"5 mg tablet",V000901,2024-09-30,PRN,"5 days",Unknown
RX000343,P00845,"Grace Reyes",DR0045,"Dr. Robert Dela Cruz","Obstetrics & Gynecology",D007,MED005,Omeprazole,"20 mg capsule",V002722,2023-11-06,"5 mL every 8 hrs",N/a,Active
RX000344,P00303,"Carlos Navarro",DR0093,"Dr. Patrick Navarro",Pediatrics,D002,MED011,Paracetemol,"500 mg tablet",V000953,2025-05-11,"1 tab BID","5 days",Active
RX000345,P00923,"Luis Torres",DR0006,"Dr. Elena Rivera",Orthopedics,D005,MED004,Amlodipine,"5 mg tablet",V002730,2023-02-02,PRN,"5 days",Unknown
RX000346,P00679,"Mark Torres",DR0066,"Dr. Maria Garcia",Cardiology,D001,MED006,Losartan,"50 mg tablet",V001433,2023-08-31,"2 tablets daily","5 days",Discontinued
RX000347,P00156,"Luis Mendoza",DR0047,"Catherine Garcia MD","General Surgery",D008,MED010,Azithromycin,"500 mg tablet",V002193,2023-09-14,N/a,N/a,Unknown
RX000348,P00065,"Kevin Bautista",DR0073,"Dr. Catherine Torres",Pediatrics,D002,MED010,Azithromycin,"500 mg tablet",V002682,2024-07-19,"1 tab BID","30 days",Completed
RX000349,P00069,"Liza Flores",DR0023,"Jose Castillo MD",Orthopedics,D005,MED004,Amlodipine,"5 mg tablet",V002519,2024-05-02,N/a,N/a,Discontinued
RX000350,P00413,"Carlos Castillo",DR0100,"Dr. Robert Navarro",Neurology,D006,MED006,Losartan,"50 mg tablet",V002259,2024-12-23,N/a,"5 days",Completed
RX000351,P00654,"Kevin Mendoza",DR0069,"Dr. Jose Mendoza",Pediatrics,D002,MED001,Paracetamol,"500 mg tablet",V000074,2023-10-08,"1 tab BID",N/a,Active
RX000352,P00692,"Carlos Bautista",DR0074,"Dr. Maria Gonzales","General Surgery",D008,MED011,Paracetemol,"500 mg tablet",V002851,2025-10-12,"5 mL every 8 hrs",N/a,Active
RX000353,P00880,"Liza Aquino",DR0024,"Nicole Garcia MD","Internal Medicine",D003,MED004,Amlodipine,"5 mg tablet",V001147,2023-05-14,"2 tablets daily","5 days",Unknown
RX000354,P00379,"Maria Torres",DR0077,"Samantha Santos MD","General Surgery",D008,MED011,Paracetemol,"500 mg tablet",V000408,2024-01-22,"5 mL every 8 hrs","5 days",Completed
RX000355,P00748,"Jose Bautista",DR0034,"Elena Navarro MD",Neurology,D006,MED002,Amoxicillin,"500 mg capsule",V000167,2023-04-02,PRN,N/a,Completed
RX000356,P00006,"Thomas Torres",DR0058,"Robert Mendoza MD",Emergency,D004,MED001,Paracetamol,"500 mg tablet",V001822,2024-07-16,N/a,N/a,Discontinued
RX000357,P00754,"Ana Garcia",DR0004,"Robert Castillo MD","Internal Medicine",D003,MED002,Amoxicillin,"500 mg capsule",V002301,2023-05-03,"1 tablet twice daily","30 days",Completed
RX000358,P00744,"Miguel Cruz",DR0073,"Dr. Catherine Torres",Pediatrics,D002,MED010,Azithromycin,"500 mg tablet",V001763,2024-09-24,"1 tab BID","5 days",Active
RX000359,P00667,"Angela Gonzales",DR0098,"Jose Aquino MD","Internal Medicine",D003,MED004,Amlodipine,"5 mg tablet",V000988,2025-01-06,"5 mL every 8 hrs","10 days",Completed
RX000360,P00336,"Daniel Castillo",DR0017,"Elena Santos MD",Pediatrics,D002,MED008,Atorvastatin,"20 mg tablet",V002238,2023-07-28,"1 tablet twice daily","7 days",Completed
RX000361,P00920,"Mark Aquino",DR0083,"Samantha Castillo MD",Pediatrics,D002,MED001,Paracetamol,"500 mg tablet",V002748,2024-06-07,"1 tablet twice daily","7 days",Active
RX000362,P00860,"Maria Mendoza",DR0091,"Dr. Rafael Flores",Orthopedics,D005,MED008,Atorvastatin,"20 mg tablet",V001369,2024-02-09,"1 tablet twice daily",N/a,Completed
RX000363,P00655,"Patricia Garcia",DR0006,"Dr. Elena Rivera",Orthopedics,D005,MED001,Paracetamol,"500 mg tablet",V000758,2024-12-04,PRN,"30 days",Active
RX000364,P00544,"Patricia Cruz",DR0076,"Maria Torres MD",Orthopedics,D005,MED011,Paracetemol,"500 mg tablet",V002012,2023-01-27,N/a,"30 days",Unknown
RX000365,P00938,"Luis Navarro",DR0030,"Dr. Elena Navarro","Obstetrics & Gynecology",D007,MED003,Metformin,"500 mg tablet",V001419,2024-06-18,N/a,N/a,Active
RX000366,P00319,"Ramon Gonzales",DR0024,"Nicole Garcia MD","Internal Medicine",D003,MED007,Ibuprofen,"400 mg tablet",V000453,2023-11-24,PRN,"7 days",Unknown
RX000367,P00075,"Jose Gonzales",DR0050,"Catherine Reyes MD","Internal Medicine",D003,MED005,Omeprazole,"20 mg capsule",V002958,2025-11-11,N/a,"10 days",Active
RX000368,P00666,"Daniel Aquino",DR0076,"Maria Torres MD",Orthopedics,D005,MED008,Atorvastatin,"20 mg tablet",V000766,2025-10-02,N/a,N/a,Discontinued
RX000369,P00688,"Sofia Torres",DR0020,"Dr. Patrick Cruz",Orthopedics,D005,MED010,Azithromycin,"500 mg tablet",V000024,2024-02-12,"2 tablets daily","5 days",Active
RX000370,P00810,"Ana Castillo",DR0033,"Dr. Catherine Bautista",Cardiology,D001,MED001,Paracetamol,"500 mg tablet",V001455,2025-08-10,N/a,N/a,Completed
RX000371,P00225,"Jose Torres",DR0033,"Dr. Catherine Bautista",Cardiology,D001,MED005,Omeprazole,"20 mg capsule",V002554,2023-01-23,PRN,"5 days",Active
RX000372,P00708,"Mark Navarro",DR0050,"Catherine Reyes MD","Internal Medicine",D003,MED003,Metformin,"500 mg tablet",V002116,2025-11-13,"2 tablets daily","10 days",Completed
RX000373,P00505,"Jose Ramos",DR0027,"Dr. Nicole Gonzales","Obstetrics & Gynecology",D007,MED011,Paracetemol,"500 mg tablet",V000457,2024-05-04,N/a,"5 days",Completed
RX000374,NULL,NULL,DR0003,"Elena Cruz MD","Obstetrics & Gynecology",D007,MED004,Amlodipine,"5 mg tablet",V000208,2023-02-13,"1 tablet twice daily",N/a,Active
RX000375,P00093,"Grace Santos",DR0009,"Dr. Nicole Mendoza",Emergency,D004,MED010,Azithromycin,"500 mg tablet",V000476,2024-03-30,"1 tablet twice daily","30 days",Active
RX000376,P00480,"John Mendoza",DR0069,"Dr. Jose Mendoza",Pediatrics,D002,MED010,Azithromycin,"500 mg tablet",V001790,2025-02-04,"1 tablet twice daily","30 days",Completed
RX000377,P00313,"Bea Cruz",DR0095,"Patrick Cruz MD","General Surgery",D008,MED009,Salbutamol,"2 mg inhaler",V001180,2024-05-31,"1 tablet twice daily","10 days",Completed
RX000378,P00954,"Liza Garcia",DR0097,"Dr. Samantha Garcia",Neurology,D006,MED005,Omeprazole,"20 mg capsule",V002598,2024-09-08,"2 tablets daily","10 days",Active
RX000379,P00917,"Mark Bautista",DR0030,"Dr. Elena Navarro","Obstetrics & Gynecology",D007,MED003,Metformin,"500 mg tablet",V002272,2025-11-20,PRN,N/a,Unknown
RX000380,P00083,"Grace Santos",DR0030,"Dr. Elena Navarro","Obstetrics & Gynecology",D007,MED007,Ibuprofen,"400 mg tablet",V001873,2023-07-19,PRN,"10 days",Unknown
RX000381,P00503,"Grace Mendoza",DR0029,"Robert Bautista MD","General Surgery",D008,MED001,Paracetamol,"500 mg tablet",V000588,2026-01-01,"1 tablet twice daily","10 days",Discontinued
RX000382,P00352,"Ramon Torres",DR0038,"Dr. Nicole Rivera",Pediatrics,D002,MED006,Losartan,"50 mg tablet",V000584,2024-04-02,"2 tablets daily","30 days",Unknown
RX000383,P00780,"Ana Bautista",DR0081,"Dr. Jose Mendoza","General Surgery",D008,MED004,Amlodipine,"5 mg tablet",V002926,2025-04-28,"5 mL every 8 hrs","7 days",Active
RX000384,P00205,"Bea Torres",DR0068,"Dr. Maria Gonzales","Obstetrics & Gynecology",D007,MED003,Metformin,"500 mg tablet",V000914,2024-03-04,"1 tab BID","30 days",Active
RX000385,P00268,"Juan Garcia",DR0031,"Dr. Jose Dela Cruz",Neurology,D006,MED010,Azithromycin,"500 mg tablet",V000576,2024-10-01,N/a,"10 days",Active
RX000386,P00362,"Angela Santos",DR0044,"Dr. Catherine Castillo","Internal Medicine",D003,MED007,Ibuprofen,"400 mg tablet",V002252,2023-11-24,PRN,"7 days",Active
RX000387,P00950,"Sofia Reyes",DR0007,"Nicole Mendoza MD","Internal Medicine",D003,MED009,Salbutamol,"2 mg inhaler",V000678,2025-01-21,N/a,N/a,Completed
RX000388,P00520,"Patricia Santos",DR0013,"Dr. Samantha Cruz",Emergency,D004,MED001,Paracetamol,"500 mg tablet",V002066,2023-09-05,N/a,"10 days",Unknown
RX000389,P00765,"Luis Bautista",DR0088,"Dr. Jose Flores",Neurology,D006,MED006,Losartan,"50 mg tablet",V000381,2023-02-18,"1 tab BID",N/a,Unknown
RX000390,P00181,"Sofia Rivera",DR0061,"Robert Bautista MD","General Surgery",D008,MED012,Amoxicilin,"500 mg capsule",V000924,2025-12-04,N/a,"10 days",Unknown
RX000391,P00587,"John Dela Cruz",DR0034,"Elena Navarro MD",Neurology,D006,MED010,Azithromycin,"500 mg tablet",V002690,2023-04-05,"5 mL every 8 hrs","5 days",Unknown
RX000392,P00207,"Ana Flores",DR0019,"Dr. Nicole Castillo",Orthopedics,D005,MED012,Amoxicilin,"500 mg capsule",V001214,2023-05-16,"5 mL every 8 hrs","7 days",Active
RX000393,P00098,"Luis Bautista",DR0030,"Dr. Elena Navarro","Obstetrics & Gynecology",D007,MED007,Ibuprofen,"400 mg tablet",V000888,2024-08-06,"2 tablets daily","30 days",Completed
RX000394,P00061,"Jose Torres",DR0022,"Dr. Jose Castillo",Pediatrics,D002,MED008,Atorvastatin,"20 mg tablet",V001318,2024-05-21,"2 tablets daily",N/a,Discontinued
RX000395,P00646,"Maria Mendoza",DR0071,"Dr. Jose Garcia","Obstetrics & Gynecology",D007,MED005,Omeprazole,"20 mg capsule",V000491,2024-01-27,"1 tablet twice daily",N/a,Active
RX000396,P00681,"Sofia Rivera",DR0015,"Anthony Castillo MD",Emergency,D004,MED008,Atorvastatin,"20 mg tablet",V002287,2025-08-06,N/a,"30 days",Active
RX000397,P00770,"Jose Navarro",DR0085,"Dr. Anthony Flores",Neurology,D006,MED003,Metformin,"500 mg tablet",V002645,2023-10-04,PRN,"30 days",Discontinued
RX000398,P00546,"Carlos Mendoza",DR0082,"Elena Castillo MD","General Surgery",D008,MED003,Metformin,"500 mg tablet",V001498,2025-01-08,N/a,"10 days",Active
RX000399,P00776,"Juan Castillo",DR0024,"Nicole Garcia MD","Internal Medicine",D003,MED009,Salbutamol,"2 mg inhaler",V001835,2023-01-01,"2 tablets daily",N/a,Discontinued
RX000400,P00422,"Bea Rivera",DR0045,"Dr. Robert Dela Cruz","Obstetrics & Gynecology",D007,MED006,Losartan,"50 mg tablet",V002382,2024-07-17,"1 tab BID","10 days",Active
RX000401,P00892,"Andrea Rivera",DR0025,"Nicole Torres MD","General Surgery",D008,MED007,Ibuprofen,"400 mg tablet",V000930,2025-09-26,N/a,"7 days",Discontinued
RX000402,P00383,"Daniel Reyes",DR0097,"Dr. Samantha Garcia",Neurology,D006,MED004,Amlodipine,"5 mg tablet",V000945,2024-08-13,"1 tablet twice daily","7 days",Active
RX000403,P00250,"Jose Dela Cruz",DR0007,"Nicole Mendoza MD","Internal Medicine",D003,MED007,Ibuprofen,"400 mg tablet",V002045,2024-08-21,N/a,"5 days",Unknown
RX000404,P00212,"Patricia Flores",DR0003,"Elena Cruz MD","Obstetrics & Gynecology",D007,MED009,Salbutamol,"2 mg inhaler",V001054,2024-11-04,PRN,"30 days",Completed
RX000405,P00068,"Mark Ramos",DR0007,"Nicole Mendoza MD","Internal Medicine",D003,MED004,Amlodipine,"5 mg tablet",V000726,2023-11-02,"2 tablets daily",N/a,Active
RX000406,P00489,"Maria Navarro",DR0034,"Elena Navarro MD",Neurology,D006,MED005,Omeprazole,"20 mg capsule",V002798,2025-10-15,PRN,"7 days",Discontinued
RX000407,P00234,"Jose Mendoza",DR0042,"Catherine Mendoza MD",Cardiology,D001,MED008,Atorvastatin,"20 mg tablet",V000589,2025-03-16,"5 mL every 8 hrs","5 days",Unknown
RX000408,P00048,"Mark Flores",DR0022,"Dr. Jose Castillo",Pediatrics,D002,MED005,Omeprazole,"20 mg capsule",V002080,2024-05-21,"5 mL every 8 hrs","10 days",Active
RX000409,P00600,"Kevin Navarro",DR0027,"Dr. Nicole Gonzales","Obstetrics & Gynecology",D007,MED011,Paracetemol,"500 mg tablet",V001092,2024-03-09,N/a,N/a,Discontinued
RX000410,P00825,"John Bautista",NULL,NULL,NULL,NULL,MED008,Atorvastatin,"20 mg tablet",V002456,2024-07-26,"2 tablets daily","7 days",Unknown
RX000411,P00168,"Andrea Cruz",DR0014,"Samantha Ramos MD",Pediatrics,D002,MED007,Ibuprofen,"400 mg tablet",V001330,2024-11-19,"1 tab BID",N/a,Discontinued
RX000412,P00466,"Patricia Garcia",DR0011,"Dr. Patrick Bautista","Internal Medicine",D003,MED007,Ibuprofen,"400 mg tablet",V002153,2023-10-01,PRN,N/a,Completed
RX000413,P00490,"Grace Aquino",DR0008,"Anthony Navarro MD","General Surgery",D008,MED012,Amoxicilin,"500 mg capsule",V000368,2025-04-18,"5 mL every 8 hrs","5 days",Unknown
RX000414,P00397,"Maria Flores",DR0057,"Elena Navarro MD",Emergency,D004,MED007,Ibuprofen,"400 mg tablet",V000897,2023-07-08,"1 tab BID","5 days",Discontinued
RX000415,P00604,"Jose Torres",DR0036,"Dr. Patrick Dela Cruz","Obstetrics & Gynecology",D007,MED006,Losartan,"50 mg tablet",V000275,2025-07-06,"2 tablets daily","30 days",Discontinued
RX000416,P00787,"Juan Navarro",DR0036,"Dr. Patrick Dela Cruz","Obstetrics & Gynecology",D007,MED001,Paracetamol,"500 mg tablet",V001400,2024-01-01,"1 tab BID","30 days",Discontinued
RX000417,P00104,"Ramon Ramos",DR0090,"Maria Mendoza MD","General Surgery",D008,MED010,Azithromycin,"500 mg tablet",V001783,2025-07-23,"5 mL every 8 hrs","30 days",Completed
RX000418,P00590,"Patricia Ramos",DR0053,"Dr. Samantha Rivera",Cardiology,D001,MED004,Amlodipine,"5 mg tablet",V002698,2024-07-13,"5 mL every 8 hrs","7 days",Active
RX000419,P00604,"Jose Torres",DR0068,"Dr. Maria Gonzales","Obstetrics & Gynecology",D007,MED008,Atorvastatin,"20 mg tablet",V000709,2023-03-21,N/a,"7 days",Unknown
RX000420,P00513,"Liza Torres",DR0063,"Dr. Anthony Bautista",Pediatrics,D002,MED008,Atorvastatin,"20 mg tablet",V000838,2023-06-06,"5 mL every 8 hrs","7 days",Unknown
RX000421,P00112,"Daniel Navarro",DR0065,"Dr. Samantha Mendoza",Pediatrics,D002,MED002,Amoxicillin,"500 mg capsule",V001859,2024-01-15,"1 tablet twice daily",N/a,Discontinued
RX000422,P00659,"Miguel Garcia",DR0074,"Dr. Maria Gonzales","General Surgery",D008,MED007,Ibuprofen,"400 mg tablet",V002155,2023-10-18,"5 mL every 8 hrs","7 days",Active
RX000423,P00362,"Angela Santos",DR0088,"Dr. Jose Flores",Neurology,D006,MED001,Paracetamol,"500 mg tablet",V002611,2023-08-28,"5 mL every 8 hrs","7 days",Active
RX000424,P00536,"Juan Castillo",DR0044,"Dr. Catherine Castillo","Internal Medicine",D003,MED007,Ibuprofen,"400 mg tablet",V000009,2024-09-06,PRN,"10 days",Discontinued
RX000425,P00776,"Juan Castillo",DR0086,"Dr. Jose Garcia","Internal Medicine",D003,MED008,Atorvastatin,"20 mg tablet",V002427,2024-06-18,PRN,"7 days",Discontinued
RX000426,P00876,"Juan Flores",DR0053,"Dr. Samantha Rivera",Cardiology,D001,MED007,Ibuprofen,"400 mg tablet",V000632,2023-07-23,"1 tablet twice daily",N/a,Discontinued
RX000427,P00404,"Sofia Flores",DR0070,"Rafael Castillo MD","Internal Medicine",D003,MED010,Azithromycin,"500 mg tablet",V001570,2023-09-29,N/a,"30 days",Discontinued
RX000428,P00237,"Liza Mendoza",DR0080,"Nicole Flores MD","Obstetrics & Gynecology",D007,MED007,Ibuprofen,"400 mg tablet",V001537,2025-07-16,"1 tab BID","10 days",Completed
RX000429,P00413,"Carlos Castillo",DR0002,"Dr. Patrick Cruz","Obstetrics & Gynecology",D007,MED004,Amlodipine,"5 mg tablet",V000076,2025-08-31,"2 tablets daily","10 days",Active
RX000430,P00667,"Angela Gonzales",DR0072,"Dr. Elena Reyes",Cardiology,D001,MED001,Paracetamol,"500 mg tablet",V001130,2024-06-09,N/a,"7 days",Unknown
RX000431,P00588,"Luis Aquino",DR0007,"Nicole Mendoza MD","Internal Medicine",D003,MED009,Salbutamol,"2 mg inhaler",V000401,2024-04-18,"5 mL every 8 hrs","10 days",Completed
RX000432,P00831,"Liza Castillo",DR0083,"Samantha Castillo MD",Pediatrics,D002,MED001,Paracetamol,"500 mg tablet",V001922,2023-09-26,"1 tablet twice daily","30 days",Discontinued
RX000433,P00744,"Miguel Cruz",DR0069,"Dr. Jose Mendoza",Pediatrics,D002,MED012,Amoxicilin,"500 mg capsule",V002788,2025-10-26,"1 tablet twice daily",N/a,Completed
RX000434,P00724,"Carlos Flores",DR0009,"Dr. Nicole Mendoza",Emergency,D004,MED007,Ibuprofen,"400 mg tablet",V001697,2025-02-04,"2 tablets daily","5 days",Completed
RX000435,P00912,"Andrea Reyes",DR0072,"Dr. Elena Reyes",Cardiology,D001,MED003,Metformin,"500 mg tablet",V000108,2023-01-08,"1 tab BID","7 days",Active
RX000436,P00444,"Luis Ramos",DR0011,"Dr. Patrick Bautista","Internal Medicine",D003,MED007,Ibuprofen,"400 mg tablet",V002854,2024-08-25,"2 tablets daily","5 days",Discontinued
RX000437,P00444,"Luis Ramos",DR0051,"Nicole Castillo MD",Neurology,D006,MED009,Salbutamol,"2 mg inhaler",V001677,2025-01-06,"5 mL every 8 hrs","10 days",Discontinued
RX000438,P00929,"Andrea Garcia",DR0028,"Anthony Dela Cruz MD",Orthopedics,D005,MED005,Omeprazole,"20 mg capsule",V002231,2023-04-18,"1 tab BID","7 days",Unknown
RX000439,P00993,"Thomas Bautista",DR0087,"Dr. Nicole Rivera","Internal Medicine",D003,MED004,Amlodipine,"5 mg tablet",V002991,2023-12-26,"2 tablets daily","5 days",Unknown
RX000440,P00793,"Ana Santos",DR0051,"Nicole Castillo MD",Neurology,D006,MED003,Metformin,"500 mg tablet",V002453,2023-08-31,"5 mL every 8 hrs","30 days",Active
RX000441,P00456,"Grace Flores",DR0038,"Dr. Nicole Rivera",Pediatrics,D002,MED008,Atorvastatin,"20 mg tablet",V000687,2025-01-18,"1 tab BID","10 days",Unknown
RX000442,P00696,"Luis Dela Cruz",DR0088,"Dr. Jose Flores",Neurology,D006,MED001,Paracetamol,"500 mg tablet",V002787,2024-06-20,"1 tablet twice daily",N/a,Active
RX000443,P00159,"Maria Torres",DR0007,"Nicole Mendoza MD","Internal Medicine",D003,MED008,Atorvastatin,"20 mg tablet",V002541,2024-09-06,"5 mL every 8 hrs","10 days",Discontinued
RX000444,P00602,"Grace Navarro",DR0053,"Dr. Samantha Rivera",Cardiology,D001,MED003,Metformin,"500 mg tablet",V001882,2024-11-01,"2 tablets daily","30 days",Active
RX000445,P00862,"Thomas Mendoza",DR0010,"Dr. Anthony Bautista","Internal Medicine",D003,MED010,Azithromycin,"500 mg tablet",V002874,2025-10-23,"5 mL every 8 hrs",N/a,Active
RX000446,P00901,"Thomas Ramos",DR0092,"Dr. Catherine Bautista","Internal Medicine",D003,MED004,Amlodipine,"5 mg tablet",V000469,2025-09-30,"1 tablet twice daily","5 days",Discontinued
RX000447,P00412,"Patricia Aquino",DR0050,"Catherine Reyes MD","Internal Medicine",D003,MED008,Atorvastatin,"20 mg tablet",V002739,2025-08-22,"1 tablet twice daily","7 days",Completed
RX000448,P00664,"Patricia Ramos",DR0032,"Dr. Samantha Castillo","Internal Medicine",D003,MED001,Paracetamol,"500 mg tablet",V002822,2023-01-29,"2 tablets daily","7 days",Completed
RX000449,P00140,"Liza Ramos",DR0032,"Dr. Samantha Castillo","Internal Medicine",D003,MED003,Metformin,"500 mg tablet",V001408,2025-11-13,"1 tab BID","7 days",Active
RX000450,P00170,"Grace Aquino",DR0034,"Elena Navarro MD",Neurology,D006,MED002,Amoxicillin,"500 mg capsule",V001378,2024-09-28,"1 tab BID",N/a,Active
RX000451,P00904,"Andrea Cruz",DR0003,"Elena Cruz MD","Obstetrics & Gynecology",D007,MED012,Amoxicilin,"500 mg capsule",V000694,2023-10-30,"2 tablets daily",N/a,Active
RX000452,P00082,"Sofia Reyes",DR0025,"Nicole Torres MD","General Surgery",D008,MED002,Amoxicillin,"500 mg capsule",V002332,2024-06-01,"2 tablets daily","10 days",Active
RX000453,P00712,"Kevin Castillo",DR0041,"Dr. Nicole Torres",Emergency,D004,MED006,Losartan,"50 mg tablet",V000400,2023-11-23,"5 mL every 8 hrs","10 days",Discontinued
RX000454,P00311,"Ana Mendoza",DR0078,"Dr. Jose Castillo","Obstetrics & Gynecology",D007,MED007,Ibuprofen,"400 mg tablet",V001326,2024-03-27,PRN,N/a,Completed
RX000455,P00524,"Sofia Mendoza",DR0079,"Jose Castillo MD","Obstetrics & Gynecology",D007,MED003,Metformin,"500 mg tablet",V001975,2025-04-14,N/a,"30 days",Completed
RX000456,P00680,"Ramon Rivera",DR0093,"Dr. Patrick Navarro",Pediatrics,D002,MED012,Amoxicilin,"500 mg capsule",V000785,2023-05-02,"2 tablets daily",N/a,Completed
RX000457,P00104,"Ramon Ramos",DR0039,"Samantha Santos MD","General Surgery",D008,MED007,Ibuprofen,"400 mg tablet",V000969,2023-01-21,PRN,N/a,Active
RX000458,P00637,"Jose Gonzales",DR0038,"Dr. Nicole Rivera",Pediatrics,D002,MED010,Azithromycin,"500 mg tablet",V001855,2025-12-18,PRN,N/a,Unknown
RX000459,P00613,"Ramon Rivera",DR0074,"Dr. Maria Gonzales","General Surgery",D008,MED007,Ibuprofen,"400 mg tablet",V002987,2023-02-13,"1 tablet twice daily",N/a,Unknown
RX000460,P00808,"Mark Reyes",DR0061,"Robert Bautista MD","General Surgery",D008,MED004,Amlodipine,"5 mg tablet",V000293,2023-09-21,"2 tablets daily","10 days",Unknown
RX000461,P00099,"Mark Rivera",DR0085,"Dr. Anthony Flores",Neurology,D006,MED008,Atorvastatin,"20 mg tablet",V000429,2023-05-01,N/a,"30 days",Active
RX000462,P00980,"Kevin Navarro",DR0079,"Jose Castillo MD","Obstetrics & Gynecology",D007,MED009,Salbutamol,"2 mg inhaler",V000222,2025-05-18,N/a,N/a,Unknown
RX000463,P00322,"Kevin Castillo",DR0069,"Dr. Jose Mendoza",Pediatrics,D002,MED009,Salbutamol,"2 mg inhaler",V000106,2025-08-14,PRN,"5 days",Completed
RX000464,P00633,"Grace Ramos",DR0101,"Maria Reyes MD",Cardiology,D001,MED008,Atorvastatin,"20 mg tablet",V000153,2025-08-01,"1 tab BID",N/a,Unknown
RX000465,P00078,"Jose Cruz",DR0093,"Dr. Patrick Navarro",Pediatrics,D002,MED006,Losartan,"50 mg tablet",V002837,2025-10-20,N/a,N/a,Active
RX000466,P00779,"Ramon Torres",DR0033,"Dr. Catherine Bautista",Cardiology,D001,MED012,Amoxicilin,"500 mg capsule",V000740,2024-03-10,"5 mL every 8 hrs",N/a,Active
RX000467,P00762,"Miguel Mendoza",DR0060,"Maria Castillo MD",Cardiology,D001,MED010,Azithromycin,"500 mg tablet",V002999,2024-04-15,"1 tab BID","7 days",Unknown
RX000468,P00259,"Ramon Aquino",DR0012,"Dr. Samantha Garcia",Emergency,D004,MED001,Paracetamol,"500 mg tablet",V001050,2023-01-07,"1 tab BID",N/a,Discontinued
RX000469,P00309,"Grace Bautista",DR0016,"Jose Navarro MD","Internal Medicine",D003,MED011,Paracetemol,"500 mg tablet",V000033,2024-10-01,"1 tab BID","7 days",Completed
RX000470,P00916,"Ramon Bautista",DR0090,"Maria Mendoza MD","General Surgery",D008,MED001,Paracetamol,"500 mg tablet",V002798,2023-01-29,"5 mL every 8 hrs","10 days",Unknown
RX000471,P00714,"Daniel Bautista",DR0089,"Maria Cruz MD",Emergency,D004,MED003,Metformin,"500 mg tablet",V000779,2025-02-07,"2 tablets daily",N/a,Discontinued
RX000472,P00631,"Thomas Bautista",DR0030,"Dr. Elena Navarro","Obstetrics & Gynecology",D007,MED002,Amoxicillin,"500 mg capsule",V001223,2025-12-08,"1 tablet twice daily","5 days",Active
RX000473,P00290,"Liza Aquino",DR0051,"Nicole Castillo MD",Neurology,D006,MED011,Paracetemol,"500 mg tablet",V001920,2025-06-15,"5 mL every 8 hrs","7 days",Completed
RX000474,P00726,"Carlos Bautista",DR0081,"Dr. Jose Mendoza","General Surgery",D008,MED002,Amoxicillin,"500 mg capsule",V001026,2024-10-10,"2 tablets daily","30 days",Active
RX000475,P00886,"Angela Navarro",DR0012,"Dr. Samantha Garcia",Emergency,D004,MED004,Amlodipine,"5 mg tablet",V000728,2025-07-23,"1 tab BID","7 days",Active
RX000476,P00979,"Kevin Torres",DR0020,"Dr. Patrick Cruz",Orthopedics,D005,MED010,Azithromycin,"500 mg tablet",V001036,2025-07-27,N/a,N/a,Discontinued
RX000477,P00281,"Ramon Dela Cruz",DR0007,"Nicole Mendoza MD","Internal Medicine",D003,MED008,Atorvastatin,"20 mg tablet",V000936,2023-08-22,N/a,N/a,Completed
RX000478,P00788,"Patricia Reyes",DR0043,"Dr. Samantha Flores",Emergency,D004,MED001,Paracetamol,"500 mg tablet",V001572,2023-03-18,"2 tablets daily","5 days",Discontinued
RX000479,P00216,"Miguel Castillo",DR0035,"Anthony Mendoza MD",Pediatrics,D002,MED008,Atorvastatin,"20 mg tablet",V000229,2023-11-16,PRN,"30 days",Active
RX000480,P00233,"Angela Garcia",DR0100,"Dr. Robert Navarro",Neurology,D006,MED002,Amoxicillin,"500 mg capsule",V000746,2024-06-22,"1 tab BID",N/a,Active
RX000481,P00951,"Maria Reyes",DR0008,"Anthony Navarro MD","General Surgery",D008,MED006,Losartan,"50 mg tablet",V002259,2023-07-30,"1 tab BID","7 days",Unknown
RX000482,P00046,"Sofia Flores",DR0076,"Maria Torres MD",Orthopedics,D005,MED004,Amlodipine,"5 mg tablet",V000622,2025-10-29,"1 tablet twice daily","7 days",Completed
RX000483,P00260,"Bea Flores",DR0086,"Dr. Jose Garcia","Internal Medicine",D003,MED001,Paracetamol,"500 mg tablet",V001319,2025-08-09,"1 tab BID",N/a,Unknown
RX000484,P00509,"Patricia Reyes",DR0022,"Dr. Jose Castillo",Pediatrics,D002,MED001,Paracetamol,"500 mg tablet",V002538,2025-04-18,"1 tab BID","5 days",Discontinued
RX000485,P00469,"Grace Ramos",DR0025,"Nicole Torres MD","General Surgery",D008,MED009,Salbutamol,"2 mg inhaler",V001124,2023-10-13,"1 tablet twice daily","7 days",Unknown
RX000486,P00630,"Jose Santos",DR0057,"Elena Navarro MD",Emergency,D004,MED002,Amoxicillin,"500 mg capsule",V002761,2025-01-26,PRN,N/a,Active
RX000487,P00393,"Sofia Dela Cruz",DR0064,"Robert Torres MD",Pediatrics,D002,MED009,Salbutamol,"2 mg inhaler",V002558,2024-11-13,"1 tablet twice daily","30 days",Active
RX000488,P00526,"Kevin Ramos",DR0055,"Dr. Jose Santos","Obstetrics & Gynecology",D007,MED008,Atorvastatin,"20 mg tablet",V000804,2023-11-13,PRN,"30 days",Discontinued
RX000489,P00402,"Luis Bautista",DR0096,"Dr. Maria Navarro","Internal Medicine",D003,MED012,Amoxicilin,"500 mg capsule",V000392,2025-01-10,PRN,"5 days",Discontinued
RX000490,P00804,"Jose Reyes",DR0100,"Dr. Robert Navarro",Neurology,D006,MED006,Losartan,"50 mg tablet",V000647,2024-12-14,"1 tablet twice daily","5 days",Unknown
RX000491,P00081,"Ana Rivera",DR0051,"Nicole Castillo MD",Neurology,D006,MED004,Amlodipine,"5 mg tablet",V000451,2024-11-09,"5 mL every 8 hrs","30 days",Discontinued
RX000492,P00455,"Ramon Reyes",DR0097,"Dr. Samantha Garcia",Neurology,D006,MED010,Azithromycin,"500 mg tablet",V000429,2024-11-22,"2 tablets daily","5 days",Active
RX000493,P00151,"Andrea Cruz",DR0081,"Dr. Jose Mendoza","General Surgery",D008,MED010,Azithromycin,"500 mg tablet",V002198,2023-09-25,"1 tablet twice daily","5 days",Active
RX000494,P00565,"Miguel Garcia",DR0081,"Dr. Jose Mendoza","General Surgery",D008,MED004,Amlodipine,"5 mg tablet",V002746,2023-12-12,N/a,"7 days",Active
RX000495,P00410,"Andrea Gonzales",DR0041,"Dr. Nicole Torres",Emergency,D004,MED010,Azithromycin,"500 mg tablet",V002822,2025-07-12,"2 tablets daily","10 days",Active
RX000496,P00331,"Luis Mendoza",DR0034,"Elena Navarro MD",Neurology,D006,MED006,Losartan,"50 mg tablet",V002215,2025-10-23,"2 tablets daily",N/a,Unknown
RX000497,P00588,"Luis Aquino",DR0007,"Nicole Mendoza MD","Internal Medicine",D003,MED007,Ibuprofen,"400 mg tablet",V001254,2023-03-31,PRN,N/a,Discontinued
RX000498,P00553,"Juan Ramos",DR0078,"Dr. Jose Castillo","Obstetrics & Gynecology",D007,MED009,Salbutamol,"2 mg inhaler",V002370,2025-11-20,"2 tablets daily",N/a,Unknown
RX000499,P00866,"Maria Santos",DR0001,"Elena Ramos MD","Internal Medicine",D003,MED005,Omeprazole,"20 mg capsule",V001621,2024-09-15,"1 tab BID","30 days",Unknown
RX000500,P00651,"Ramon Cruz",DR0047,"Catherine Garcia MD","General Surgery",D008,MED010,Azithromycin,"500 mg tablet",V002442,2023-03-13,"1 tablet twice daily","10 days",Completed
RX000501,P00540,"Andrea Reyes",DR0074,"Dr. Maria Gonzales","General Surgery",D008,MED010,Azithromycin,"500 mg tablet",V002530,2023-08-04,"1 tab BID","5 days",Discontinued
RX000502,P00199,"Patricia Mendoza",DR0007,"Nicole Mendoza MD","Internal Medicine",D003,MED008,Atorvastatin,"20 mg tablet",V002184,2025-08-10,"1 tablet twice daily","10 days",Completed
RX000503,P00993,"Thomas Bautista",DR0075,"Catherine Ramos MD",Neurology,D006,MED003,Metformin,"500 mg tablet",V000903,2023-02-10,"1 tab BID","30 days",Discontinued
RX000504,P00354,"Mark Aquino",DR0019,"Dr. Nicole Castillo",Orthopedics,D005,MED001,Paracetamol,"500 mg tablet",V002312,2025-07-08,PRN,"7 days",Active
RX000505,P00315,"Luis Flores",DR0013,"Dr. Samantha Cruz",Emergency,D004,MED009,Salbutamol,"2 mg inhaler",V002889,2024-04-24,N/a,"30 days",Unknown
RX000506,P00147,"Mark Cruz",DR0048,"Dr. Robert Castillo",Pediatrics,D002,MED004,Amlodipine,"5 mg tablet",V000903,2023-08-01,"1 tab BID",N/a,Active
RX000507,P00522,"Ramon Reyes",DR0101,"Maria Reyes MD",Cardiology,D001,MED009,Salbutamol,"2 mg inhaler",V001066,2025-12-01,"2 tablets daily","5 days",Discontinued
RX000508,P00282,"Kevin Rivera",DR0023,"Jose Castillo MD",Orthopedics,D005,MED008,Atorvastatin,"20 mg tablet",V000562,2023-12-20,"1 tab BID",N/a,Active
RX000509,P00861,"Bea Rivera",DR0098,"Jose Aquino MD","Internal Medicine",D003,MED012,Amoxicilin,"500 mg capsule",V001336,2023-06-30,N/a,"10 days",Active
RX000510,P00016,"Ana Torres",DR0019,"Dr. Nicole Castillo",Orthopedics,D005,MED006,Losartan,"50 mg tablet",V002775,2025-11-19,"5 mL every 8 hrs",N/a,Active
RX000511,P00708,"Mark Navarro",DR0010,"Dr. Anthony Bautista","Internal Medicine",D003,MED011,Paracetemol,"500 mg tablet",V001593,2023-02-07,"1 tablet twice daily","5 days",Discontinued
RX000512,P00912,"Andrea Reyes",DR0062,"Dr. Catherine Cruz",Pediatrics,D002,MED004,Amlodipine,"5 mg tablet",V001985,2023-07-29,N/a,"30 days",Completed
RX000513,P00650,"Jose Santos",DR0081,"Dr. Jose Mendoza","General Surgery",D008,MED010,Azithromycin,"500 mg tablet",V001372,2023-01-31,N/a,"10 days",Discontinued
RX000514,P00195,"Jose Mendoza",DR0064,"Robert Torres MD",Pediatrics,D002,MED008,Atorvastatin,"20 mg tablet",V000705,2023-01-22,"2 tablets daily","5 days",Completed
RX000515,P00808,"Mark Reyes",DR0039,"Samantha Santos MD","General Surgery",D008,MED011,Paracetemol,"500 mg tablet",V000038,2023-12-31,"2 tablets daily","5 days",Active
RX000516,P00456,"Grace Flores",DR0072,"Dr. Elena Reyes",Cardiology,D001,MED002,Amoxicillin,"500 mg capsule",V001403,2023-11-21,N/a,N/a,Completed
RX000517,P00410,"Andrea Gonzales",DR0009,"Dr. Nicole Mendoza",Emergency,D004,MED004,Amlodipine,"5 mg tablet",V001122,2024-09-27,"2 tablets daily","5 days",Active
RX000518,P00017,"Sofia Garcia",DR0033,"Dr. Catherine Bautista",Cardiology,D001,MED010,Azithromycin,"500 mg tablet",V000979,2023-11-17,"1 tab BID",N/a,Discontinued
RX000519,P00439,"Liza Aquino",DR0059,"Dr. Nicole Ramos",Neurology,D006,MED007,Ibuprofen,"400 mg tablet",V001797,2026-01-03,"5 mL every 8 hrs","10 days",Discontinued
RX000520,P00207,"Ana Flores",DR0049,"Anthony Garcia MD","General Surgery",D008,MED011,Paracetemol,"500 mg tablet",V000992,2025-10-24,"1 tab BID","5 days",Unknown
RX000521,P00762,"Miguel Mendoza",DR0013,"Dr. Samantha Cruz",Emergency,D004,MED009,Salbutamol,"2 mg inhaler",V001665,2024-08-01,"2 tablets daily","7 days",Active
RX000522,P00538,"Mark Reyes",DR0061,"Robert Bautista MD","General Surgery",D008,MED012,Amoxicilin,"500 mg capsule",V000137,2023-01-04,"2 tablets daily","30 days",Active
RX000523,P00904,"Andrea Cruz",DR0008,"Anthony Navarro MD","General Surgery",D008,MED008,Atorvastatin,"20 mg tablet",V002574,2025-11-21,"5 mL every 8 hrs",N/a,Completed
RX000524,P00819,"Andrea Reyes",DR0050,"Catherine Reyes MD","Internal Medicine",D003,MED005,Omeprazole,"20 mg capsule",V001891,2023-09-23,"1 tab BID","5 days",Active
RX000525,P00162,"Bea Aquino",DR0043,"Dr. Samantha Flores",Emergency,D004,MED005,Omeprazole,"20 mg capsule",V000119,2025-03-05,PRN,N/a,Completed
RX000526,P00793,"Ana Santos",DR0034,"Elena Navarro MD",Neurology,D006,MED003,Metformin,"500 mg tablet",V002591,2024-05-01,PRN,"30 days",Unknown
RX000527,P00740,"John Torres",DR0040,"Dr. Nicole Flores",Cardiology,D001,MED011,Paracetemol,"500 mg tablet",V002944,2025-06-03,N/a,"30 days",Completed
RX000528,P00504,"Liza Dela Cruz",DR0021,"Elena Santos MD",Cardiology,D001,MED004,Amlodipine,"5 mg tablet",V001048,2023-11-01,N/a,N/a,Completed
RX000529,P00089,"Jose Flores",DR0032,"Dr. Samantha Castillo","Internal Medicine",D003,MED011,Paracetemol,"500 mg tablet",V000945,2023-12-06,"2 tablets daily","5 days",Discontinued
RX000530,P00413,"Carlos Castillo",DR0088,"Dr. Jose Flores",Neurology,D006,MED009,Salbutamol,"2 mg inhaler",V002517,2023-05-28,"5 mL every 8 hrs","5 days",Active
RX000531,P00833,"Luis Mendoza",DR0020,"Dr. Patrick Cruz",Orthopedics,D005,MED010,Azithromycin,"500 mg tablet",V001835,2025-03-22,"2 tablets daily","5 days",Active
RX000532,P00368,"Bea Santos",DR0086,"Dr. Jose Garcia","Internal Medicine",D003,MED010,Azithromycin,"500 mg tablet",V002146,2025-04-12,"5 mL every 8 hrs","5 days",Discontinued
RX000533,P00284,"Ana Cruz",DR0029,"Robert Bautista MD","General Surgery",D008,MED004,Amlodipine,"5 mg tablet",V002575,2023-07-14,N/a,"5 days",Completed
RX000534,P00954,"Liza Garcia",DR0007,"Nicole Mendoza MD","Internal Medicine",D003,MED009,Salbutamol,"2 mg inhaler",V000760,2024-11-25,"5 mL every 8 hrs","7 days",Active
RX000535,P00487,"Kevin Gonzales",DR0056,"Dr. Elena Cruz",Neurology,D006,MED005,Omeprazole,"20 mg capsule",V000195,2025-06-25,N/a,"10 days",Active
RX000536,P00273,"Luis Bautista",DR0014,"Samantha Ramos MD",Pediatrics,D002,MED003,Metformin,"500 mg tablet",V001183,2024-08-31,N/a,N/a,Discontinued
RX000537,P00159,"Maria Torres",DR0055,"Dr. Jose Santos","Obstetrics & Gynecology",D007,MED007,Ibuprofen,"400 mg tablet",V000289,2024-10-07,"1 tablet twice daily","10 days",Discontinued
RX000538,P00028,"Miguel Castillo",DR0093,"Dr. Patrick Navarro",Pediatrics,D002,MED004,Amlodipine,"5 mg tablet",V000111,2024-08-31,"1 tab BID","10 days",Discontinued
RX000539,P00996,"Ramon Cruz",DR0089,"Maria Cruz MD",Emergency,D004,MED007,Ibuprofen,"400 mg tablet",V000042,2025-03-16,N/a,"7 days",Active
RX000540,P00721,"Bea Navarro",DR0062,"Dr. Catherine Cruz",Pediatrics,D002,MED010,Azithromycin,"500 mg tablet",V002167,2024-03-22,"5 mL every 8 hrs","10 days",Discontinued
RX000541,P00813,"Andrea Castillo",DR0093,"Dr. Patrick Navarro",Pediatrics,D002,MED007,Ibuprofen,"400 mg tablet",V002471,2025-02-09,"5 mL every 8 hrs","30 days",Discontinued
RX000542,P00791,"Jose Ramos",DR0096,"Dr. Maria Navarro","Internal Medicine",D003,MED005,Omeprazole,"20 mg capsule",V000722,2024-01-15,"1 tab BID","30 days",Unknown
RX000543,P00074,"John Flores",DR0023,"Jose Castillo MD",Orthopedics,D005,MED012,Amoxicilin,"500 mg capsule",V002207,2024-09-30,N/a,"30 days",Active
RX000544,P00517,"Miguel Garcia",DR0019,"Dr. Nicole Castillo",Orthopedics,D005,MED012,Amoxicilin,"500 mg capsule",V001748,2023-10-01,"1 tab BID","10 days",Unknown
RX000545,P00624,"Mark Rivera",DR0073,"Dr. Catherine Torres",Pediatrics,D002,MED008,Atorvastatin,"20 mg tablet",V002459,2025-08-03,N/a,N/a,Active
RX000546,P00875,"Bea Navarro",DR0005,"Dr. Samantha Gonzales",Emergency,D004,MED012,Amoxicilin,"500 mg capsule",V001668,2024-09-30,"1 tablet twice daily","7 days",Discontinued
RX000547,P00987,"Thomas Ramos",DR0012,"Dr. Samantha Garcia",Emergency,D004,MED007,Ibuprofen,"400 mg tablet",V002963,2024-12-11,"2 tablets daily","5 days",Unknown
RX000548,P00854,"Juan Flores",DR0025,"Nicole Torres MD","General Surgery",D008,MED008,Atorvastatin,"20 mg tablet",V000587,2025-05-21,PRN,"30 days",Unknown
RX000549,P00074,"John Flores",DR0004,"Robert Castillo MD","Internal Medicine",D003,MED009,Salbutamol,"2 mg inhaler",V001551,2024-06-29,"2 tablets daily","30 days",Active
RX000550,P00938,"Luis Navarro",DR0051,"Nicole Castillo MD",Neurology,D006,MED006,Losartan,"50 mg tablet",V002522,2025-03-03,N/a,N/a,Unknown
RX000551,P00072,"Liza Dela Cruz",DR0024,"Nicole Garcia MD","Internal Medicine",D003,MED006,Losartan,"50 mg tablet",V000105,2025-05-08,"2 tablets daily","5 days",Active
RX000552,P00027,"Carlos Dela Cruz",DR0094,"Anthony Aquino MD","General Surgery",D008,MED009,Salbutamol,"2 mg inhaler",V001981,2023-09-21,"5 mL every 8 hrs","10 days",Discontinued
RX000553,P00117,"Carlos Reyes",DR0054,"Dr. Robert Dela Cruz","Internal Medicine",D003,MED001,Paracetamol,"500 mg tablet",V002381,2025-09-17,"1 tab BID","5 days",Completed
RX000554,P00390,"Maria Flores",DR0017,"Elena Santos MD",Pediatrics,D002,MED004,Amlodipine,"5 mg tablet",V002014,2024-05-05,"5 mL every 8 hrs","10 days",Completed
RX000555,P00832,"Juan Navarro",DR0061,"Robert Bautista MD","General Surgery",D008,MED004,Amlodipine,"5 mg tablet",V002213,2023-05-28,"2 tablets daily","30 days",Completed
RX000556,P00302,"Patricia Flores",DR0029,"Robert Bautista MD","General Surgery",D008,MED006,Losartan,"50 mg tablet",V001497,2024-02-18,"1 tab BID",N/a,Active
RX000557,P00559,"Andrea Garcia",DR0073,"Dr. Catherine Torres",Pediatrics,D002,MED006,Losartan,"50 mg tablet",V001703,2024-09-29,N/a,N/a,Active
RX000558,P00298,"Angela Flores",DR0007,"Nicole Mendoza MD","Internal Medicine",D003,MED003,Metformin,"500 mg tablet",V001391,2025-01-15,"1 tablet twice daily","10 days",Active
RX000559,P00814,"Mark Navarro",DR0003,"Elena Cruz MD","Obstetrics & Gynecology",D007,MED012,Amoxicilin,"500 mg capsule",V001635,2023-06-29,"5 mL every 8 hrs","5 days",Active
RX000560,P00593,"Maria Ramos",DR0041,"Dr. Nicole Torres",Emergency,D004,MED001,Paracetamol,"500 mg tablet",V002330,2025-11-17,N/a,"10 days",Completed
RX000561,P00345,"Kevin Torres",DR0068,"Dr. Maria Gonzales","Obstetrics & Gynecology",D007,MED002,Amoxicillin,"500 mg capsule",V002565,2025-10-28,"1 tab BID","7 days",Completed
RX000562,P00058,"Carlos Castillo",DR0022,"Dr. Jose Castillo",Pediatrics,D002,MED008,Atorvastatin,"20 mg tablet",V000454,2025-02-06,"5 mL every 8 hrs",N/a,Discontinued
RX000563,P00838,"Ana Bautista",DR0006,"Dr. Elena Rivera",Orthopedics,D005,MED011,Paracetemol,"500 mg tablet",V000659,2025-04-04,PRN,N/a,Completed
RX000564,P00264,"Miguel Cruz",DR0079,"Jose Castillo MD","Obstetrics & Gynecology",D007,MED002,Amoxicillin,"500 mg capsule",V002073,2025-12-10,"5 mL every 8 hrs","10 days",Discontinued
RX000565,P00494,"Kevin Navarro",DR0071,"Dr. Jose Garcia","Obstetrics & Gynecology",D007,MED012,Amoxicilin,"500 mg capsule",V000453,2023-07-13,"2 tablets daily",N/a,Unknown
RX000566,P00823,"Mark Mendoza",DR0012,"Dr. Samantha Garcia",Emergency,D004,MED007,Ibuprofen,"400 mg tablet",V000283,2024-01-21,"1 tab BID",N/a,Completed
RX000567,P00398,"Maria Bautista",DR0098,"Jose Aquino MD","Internal Medicine",D003,MED007,Ibuprofen,"400 mg tablet",V002619,2024-03-31,"2 tablets daily",N/a,Completed
RX000568,P00718,"Ramon Castillo",DR0037,"Nicole Bautista MD",Pediatrics,D002,MED008,Atorvastatin,"20 mg tablet",V000937,2024-08-02,"1 tab BID","10 days",Completed
RX000569,P00561,"Mark Cruz",DR0096,"Dr. Maria Navarro","Internal Medicine",D003,MED008,Atorvastatin,"20 mg tablet",V001099,2025-05-31,"5 mL every 8 hrs","30 days",Active
RX000570,P00956,"Angela Mendoza",DR0045,"Dr. Robert Dela Cruz","Obstetrics & Gynecology",D007,MED006,Losartan,"50 mg tablet",V001635,2023-08-12,N/a,"5 days",Discontinued
RX000571,NULL,NULL,DR0050,"Catherine Reyes MD","Internal Medicine",D003,MED010,Azithromycin,"500 mg tablet",V001259,2023-01-07,"2 tablets daily","30 days",Unknown
RX000572,P00428,"Maria Ramos",DR0004,"Robert Castillo MD","Internal Medicine",D003,MED007,Ibuprofen,"400 mg tablet",V002999,2025-10-07,"5 mL every 8 hrs",N/a,Completed
RX000573,P00887,"Juan Castillo",DR0037,"Nicole Bautista MD",Pediatrics,D002,MED002,Amoxicillin,"500 mg capsule",V002574,2025-02-19,"1 tab BID","5 days",Discontinued
RX000574,P00737,"Angela Reyes",DR0004,"Robert Castillo MD","Internal Medicine",D003,MED009,Salbutamol,"2 mg inhaler",V000613,2024-08-21,PRN,"30 days",Completed
RX000575,P00013,"Kevin Ramos",DR0015,"Anthony Castillo MD",Emergency,D004,MED004,Amlodipine,"5 mg tablet",V002407,2025-10-13,"5 mL every 8 hrs",N/a,Unknown
RX000576,P00861,"Bea Rivera",DR0048,"Dr. Robert Castillo",Pediatrics,D002,MED007,Ibuprofen,"400 mg tablet",V000625,2024-09-16,"5 mL every 8 hrs","10 days",Active
RX000577,P00570,"Liza Aquino",DR0075,"Catherine Ramos MD",Neurology,D006,MED006,Losartan,"50 mg tablet",V002838,2025-03-12,PRN,"10 days",Completed
RX000578,P00303,"Carlos Navarro",DR0039,"Samantha Santos MD","General Surgery",D008,MED009,Salbutamol,"2 mg inhaler",V000928,2025-05-17,"1 tablet twice daily",N/a,Discontinued
RX000579,P00109,"John Reyes",DR0039,"Samantha Santos MD","General Surgery",D008,MED005,Omeprazole,"20 mg capsule",V001532,2025-12-06,PRN,"10 days",Active
RX000580,P00567,"Angela Ramos",DR0009,"Dr. Nicole Mendoza",Emergency,D004,MED004,Amlodipine,"5 mg tablet",V001403,2025-07-19,N/a,"30 days",Unknown
RX000581,P00135,"Andrea Gonzales",DR0068,"Dr. Maria Gonzales","Obstetrics & Gynecology",D007,MED011,Paracetemol,"500 mg tablet",V000330,2025-08-18,"5 mL every 8 hrs","5 days",Completed
RX000582,P00809,"Jose Navarro",DR0081,"Dr. Jose Mendoza","General Surgery",D008,MED003,Metformin,"500 mg tablet",V000929,2023-02-13,"5 mL every 8 hrs","30 days",Completed
RX000583,P00729,"Ramon Garcia",DR0081,"Dr. Jose Mendoza","General Surgery",D008,MED007,Ibuprofen,"400 mg tablet",V002538,2023-07-04,PRN,"30 days",Completed
RX000584,P00536,"Juan Castillo",DR0060,"Maria Castillo MD",Cardiology,D001,MED007,Ibuprofen,"400 mg tablet",V002785,2025-07-12,"2 tablets daily",N/a,Discontinued
RX000585,P00112,"Daniel Navarro",DR0069,"Dr. Jose Mendoza",Pediatrics,D002,MED008,Atorvastatin,"20 mg tablet",V000329,2024-08-28,"2 tablets daily","7 days",Active
RX000586,P00443,"Maria Torres",DR0014,"Samantha Ramos MD",Pediatrics,D002,MED010,Azithromycin,"500 mg tablet",V002596,2023-03-21,N/a,N/a,Discontinued
RX000587,P00090,"Carlos Reyes",DR0063,"Dr. Anthony Bautista",Pediatrics,D002,MED002,Amoxicillin,"500 mg capsule",V001295,2024-12-05,"1 tab BID","10 days",Active
RX000588,P00052,"Andrea Garcia",DR0020,"Dr. Patrick Cruz",Orthopedics,D005,MED007,Ibuprofen,"400 mg tablet",V000483,2023-04-30,PRN,"5 days",Discontinued
RX000589,P00630,"Jose Santos",DR0054,"Dr. Robert Dela Cruz","Internal Medicine",D003,MED007,Ibuprofen,"400 mg tablet",V002543,2024-01-09,"5 mL every 8 hrs","7 days",Discontinued
RX000590,P00855,"Daniel Torres",DR0031,"Dr. Jose Dela Cruz",Neurology,D006,MED012,Amoxicilin,"500 mg capsule",V000880,2025-10-29,"1 tab BID","30 days",Completed
RX000591,P00067,"Grace Castillo",DR0073,"Dr. Catherine Torres",Pediatrics,D002,MED004,Amlodipine,"5 mg tablet",V001692,2025-10-04,"1 tab BID","10 days",Completed
RX000592,P00513,"Liza Torres",DR0010,"Dr. Anthony Bautista","Internal Medicine",D003,MED010,Azithromycin,"500 mg tablet",V000518,2025-05-11,"1 tablet twice daily","30 days",Discontinued
RX000593,P00433,"Ana Rivera",DR0059,"Dr. Nicole Ramos",Neurology,D006,MED003,Metformin,"500 mg tablet",V000494,2025-07-08,"5 mL every 8 hrs",N/a,Active
RX000594,P00731,"Ana Castillo",DR0060,"Maria Castillo MD",Cardiology,D001,MED012,Amoxicilin,"500 mg capsule",V000061,2024-09-09,"1 tab BID",N/a,Unknown
RX000595,P00787,"Juan Navarro",DR0076,"Maria Torres MD",Orthopedics,D005,MED011,Paracetemol,"500 mg tablet",V001047,2024-03-08,"2 tablets daily","5 days",Discontinued
RX000596,P00028,"Miguel Castillo",DR0063,"Dr. Anthony Bautista",Pediatrics,D002,MED007,Ibuprofen,"400 mg tablet",V002810,2024-07-18,"2 tablets daily","5 days",Active
RX000597,P00712,"Kevin Castillo",DR0087,"Dr. Nicole Rivera","Internal Medicine",D003,MED011,Paracetemol,"500 mg tablet",V001612,2025-06-02,"1 tab BID",N/a,Active
RX000598,P00033,"Mark Ramos",DR0034,"Elena Navarro MD",Neurology,D006,MED001,Paracetamol,"500 mg tablet",V001343,2024-02-15,"5 mL every 8 hrs",N/a,Unknown
RX000599,P00884,"Angela Torres",DR0043,"Dr. Samantha Flores",Emergency,D004,MED009,Salbutamol,"2 mg inhaler",V002534,2025-03-30,"1 tab BID","7 days",Completed
RX000600,P00788,"Patricia Reyes",DR0050,"Catherine Reyes MD","Internal Medicine",D003,MED001,Paracetamol,"500 mg tablet",V001420,2023-04-18,"5 mL every 8 hrs",N/a,Discontinued
RX000601,P00119,"Ramon Ramos",DR0039,"Samantha Santos MD","General Surgery",D008,MED011,Paracetemol,"500 mg tablet",V001115,2024-09-18,N/a,"5 days",Active
RX000602,P00964,"Mark Mendoza",DR0001,"Elena Ramos MD","Internal Medicine",D003,MED011,Paracetemol,"500 mg tablet",V000864,2025-11-05,"1 tab BID","5 days",Discontinued
RX000603,P00070,"Angela Castillo",DR0064,"Robert Torres MD",Pediatrics,D002,MED003,Metformin,"500 mg tablet",V000113,2025-08-14,N/a,"30 days",Discontinued
RX000604,P00658,"Patricia Dela Cruz",NULL,NULL,NULL,NULL,MED008,Atorvastatin,"20 mg tablet",V000113,2025-12-11,"1 tablet twice daily","30 days",Unknown
RX000605,P00128,"Mark Garcia",DR0011,"Dr. Patrick Bautista","Internal Medicine",D003,MED003,Metformin,"500 mg tablet",V001777,2025-03-05,"1 tablet twice daily","7 days",Completed
RX000606,P00399,"Maria Flores",DR0090,"Maria Mendoza MD","General Surgery",D008,MED005,Omeprazole,"20 mg capsule",V001405,2023-03-25,"1 tab BID","30 days",Active
RX000607,P00761,"Daniel Bautista",DR0087,"Dr. Nicole Rivera","Internal Medicine",D003,MED012,Amoxicilin,"500 mg capsule",V002590,2023-01-05,"5 mL every 8 hrs",N/a,Discontinued
RX000608,P00836,"Juan Santos",DR0088,"Dr. Jose Flores",Neurology,D006,MED009,Salbutamol,"2 mg inhaler",V000417,2025-01-03,"5 mL every 8 hrs","30 days",Completed
RX000609,P00983,"Mark Bautista",DR0005,"Dr. Samantha Gonzales",Emergency,D004,MED003,Metformin,"500 mg tablet",V002225,2023-12-09,"1 tablet twice daily",N/a,Active
RX000610,P00244,"Jose Dela Cruz",DR0003,"Elena Cruz MD","Obstetrics & Gynecology",D007,MED002,Amoxicillin,"500 mg capsule",V002905,2023-10-13,"1 tablet twice daily",N/a,Discontinued
RX000611,P00588,"Luis Aquino",DR0034,"Elena Navarro MD",Neurology,D006,MED010,Azithromycin,"500 mg tablet",V001987,2024-04-28,"1 tab BID","10 days",Unknown
RX000612,P00273,"Luis Bautista",DR0051,"Nicole Castillo MD",Neurology,D006,MED012,Amoxicilin,"500 mg capsule",V000026,2023-05-28,"1 tab BID","10 days",Discontinued
RX000613,P00759,"Sofia Rivera",DR0060,"Maria Castillo MD",Cardiology,D001,MED001,Paracetamol,"500 mg tablet",V002321,2024-09-10,"1 tab BID","10 days",Active
RX000614,P00687,"Maria Castillo",DR0060,"Maria Castillo MD",Cardiology,D001,MED002,Amoxicillin,"500 mg capsule",V001512,2024-08-06,"5 mL every 8 hrs","30 days",Active
RX000615,P00090,"Carlos Reyes",DR0029,"Robert Bautista MD","General Surgery",D008,MED003,Metformin,"500 mg tablet",V000698,2025-03-26,PRN,"7 days",Unknown
RX000616,P00118,"Grace Garcia",DR0087,"Dr. Nicole Rivera","Internal Medicine",D003,MED001,Paracetamol,"500 mg tablet",V002406,2025-02-03,"5 mL every 8 hrs","5 days",Active
RX000617,P00823,"Mark Mendoza",DR0014,"Samantha Ramos MD",Pediatrics,D002,MED003,Metformin,"500 mg tablet",V001606,2024-02-02,PRN,N/a,Active
RX000618,P00388,"Ramon Flores",DR0086,"Dr. Jose Garcia","Internal Medicine",D003,MED003,Metformin,"500 mg tablet",V001950,2025-07-30,N/a,"10 days",Active
RX000619,P00230,"Daniel Ramos",DR0068,"Dr. Maria Gonzales","Obstetrics & Gynecology",D007,MED010,Azithromycin,"500 mg tablet",V002193,2023-08-23,N/a,"5 days",Unknown
RX000620,P00350,"Andrea Gonzales",DR0081,"Dr. Jose Mendoza","General Surgery",D008,MED005,Omeprazole,"20 mg capsule",V002092,2023-02-07,"5 mL every 8 hrs",N/a,Discontinued
RX000621,P00881,"Patricia Aquino",DR0011,"Dr. Patrick Bautista","Internal Medicine",D003,MED010,Azithromycin,"500 mg tablet",V002461,2024-01-18,"1 tablet twice daily","10 days",Completed
RX000622,P00982,"Kevin Cruz",DR0072,"Dr. Elena Reyes",Cardiology,D001,MED002,Amoxicillin,"500 mg capsule",V001498,2023-03-09,"1 tablet twice daily","10 days",Completed
RX000623,P00114,"Bea Torres",DR0011,"Dr. Patrick Bautista","Internal Medicine",D003,MED004,Amlodipine,"5 mg tablet",V002253,2025-09-06,"5 mL every 8 hrs","10 days",Discontinued
RX000624,P00191,"Bea Cruz",DR0036,"Dr. Patrick Dela Cruz","Obstetrics & Gynecology",D007,MED003,Metformin,"500 mg tablet",V000441,2025-10-03,PRN,"30 days",Active
RX000625,P00255,"Angela Ramos",DR0067,"Samantha Reyes MD",Emergency,D004,MED012,Amoxicilin,"500 mg capsule",V001279,2023-02-18,"1 tablet twice daily","5 days",Unknown
RX000626,P00619,"Grace Santos",DR0081,"Dr. Jose Mendoza","General Surgery",D008,MED010,Azithromycin,"500 mg tablet",V002915,2024-12-25,"1 tab BID","7 days",Active
RX000627,P00897,"Maria Castillo",DR0035,"Anthony Mendoza MD",Pediatrics,D002,MED012,Amoxicilin,"500 mg capsule",V001044,2023-12-31,"1 tablet twice daily",N/a,Discontinued
RX000628,P00873,"Angela Dela Cruz",DR0045,"Dr. Robert Dela Cruz","Obstetrics & Gynecology",D007,MED002,Amoxicillin,"500 mg capsule",V002350,2025-06-03,N/a,"7 days",Completed
RX000629,P00503,"Grace Mendoza",DR0050,"Catherine Reyes MD","Internal Medicine",D003,MED010,Azithromycin,"500 mg tablet",V002872,2023-04-18,PRN,"30 days",Active
RX000630,P00961,"Grace Aquino",DR0072,"Dr. Elena Reyes",Cardiology,D001,MED012,Amoxicilin,"500 mg capsule",V000689,2024-01-21,"2 tablets daily",N/a,Unknown
RX000631,P00225,"Jose Torres",DR0023,"Jose Castillo MD",Orthopedics,D005,MED005,Omeprazole,"20 mg capsule",V000305,2023-09-01,N/a,"30 days",Completed
RX000632,P00387,"Maria Bautista",DR0095,"Patrick Cruz MD","General Surgery",D008,MED006,Losartan,"50 mg tablet",V000249,2024-07-26,"1 tablet twice daily",N/a,Completed
RX000633,P00654,"Kevin Mendoza",DR0005,"Dr. Samantha Gonzales",Emergency,D004,MED009,Salbutamol,"2 mg inhaler",V002263,2023-04-24,"1 tablet twice daily","30 days",Unknown
RX000634,P00507,"Grace Navarro",DR0015,"Anthony Castillo MD",Emergency,D004,MED009,Salbutamol,"2 mg inhaler",V000819,2023-01-05,"1 tab BID",N/a,Active
RX000635,P00154,"Juan Cruz",DR0034,"Elena Navarro MD",Neurology,D006,MED004,Amlodipine,"5 mg tablet",V000635,2025-06-24,N/a,"10 days",Discontinued
RX000636,P00229,"Sofia Santos",DR0056,"Dr. Elena Cruz",Neurology,D006,MED012,Amoxicilin,"500 mg capsule",V001491,2023-05-02,"2 tablets daily",N/a,Completed
RX000637,P00027,"Carlos Dela Cruz",DR0064,"Robert Torres MD",Pediatrics,D002,MED008,Atorvastatin,"20 mg tablet",V002981,2024-10-09,"5 mL every 8 hrs",N/a,Unknown
RX000638,P00002,"Sofia Garcia",DR0090,"Maria Mendoza MD","General Surgery",D008,MED010,Azithromycin,"500 mg tablet",V001073,2023-11-18,N/a,N/a,Unknown
RX000639,P00746,"Liza Torres",DR0057,"Elena Navarro MD",Emergency,D004,MED002,Amoxicillin,"500 mg capsule",V000588,2023-05-28,N/a,"7 days",Discontinued
RX000640,P00720,"Angela Santos",DR0056,"Dr. Elena Cruz",Neurology,D006,MED003,Metformin,"500 mg tablet",V002966,2023-04-15,"5 mL every 8 hrs","30 days",Active
RX000641,P00487,"Kevin Gonzales",DR0024,"Nicole Garcia MD","Internal Medicine",D003,MED012,Amoxicilin,"500 mg capsule",V002038,2025-03-02,"1 tab BID","7 days",Active
RX000642,P00805,"Kevin Santos",DR0022,"Dr. Jose Castillo",Pediatrics,D002,MED001,Paracetamol,"500 mg tablet",V001712,2023-06-12,"1 tablet twice daily","5 days",Unknown
RX000643,P00563,"Liza Rivera",DR0027,"Dr. Nicole Gonzales","Obstetrics & Gynecology",D007,MED001,Paracetamol,"500 mg tablet",V000765,2024-02-27,PRN,"5 days",Active
RX000644,P00126,"Kevin Dela Cruz",DR0074,"Dr. Maria Gonzales","General Surgery",D008,MED011,Paracetemol,"500 mg tablet",V000974,2024-04-08,"2 tablets daily","5 days",Active
RX000645,P00694,"Carlos Bautista",DR0009,"Dr. Nicole Mendoza",Emergency,D004,MED002,Amoxicillin,"500 mg capsule",V002896,2024-05-22,PRN,"7 days",Completed
RX000646,P00842,"Sofia Dela Cruz",DR0030,"Dr. Elena Navarro","Obstetrics & Gynecology",D007,MED008,Atorvastatin,"20 mg tablet",V000327,2023-04-20,PRN,"30 days",Completed
RX000647,P00837,"Thomas Dela Cruz",DR0023,"Jose Castillo MD",Orthopedics,D005,MED008,Atorvastatin,"20 mg tablet",V002168,2025-11-29,"5 mL every 8 hrs","5 days",Completed
RX000648,P00145,"Andrea Ramos",DR0030,"Dr. Elena Navarro","Obstetrics & Gynecology",D007,MED005,Omeprazole,"20 mg capsule",V002079,2023-03-25,N/a,"30 days",Unknown
RX000649,P00602,"Grace Navarro",DR0001,"Elena Ramos MD","Internal Medicine",D003,MED012,Amoxicilin,"500 mg capsule",V000058,2023-02-16,N/a,N/a,Discontinued
RX000650,P00162,"Bea Aquino",DR0092,"Dr. Catherine Bautista","Internal Medicine",D003,MED005,Omeprazole,"20 mg capsule",V001887,2025-05-24,N/a,"5 days",Unknown
RX000651,P00802,"Jose Torres",DR0048,"Dr. Robert Castillo",Pediatrics,D002,MED009,Salbutamol,"2 mg inhaler",V000612,2025-08-05,"1 tab BID",N/a,Unknown
RX000652,P00938,"Luis Navarro",DR0068,"Dr. Maria Gonzales","Obstetrics & Gynecology",D007,MED004,Amlodipine,"5 mg tablet",V001322,2023-05-15,"1 tablet twice daily","7 days",Active
RX000653,P00665,"Ramon Garcia",DR0034,"Elena Navarro MD",Neurology,D006,MED011,Paracetemol,"500 mg tablet",V001026,2025-08-01,N/a,N/a,Active
RX000654,P00368,"Bea Santos",DR0033,"Dr. Catherine Bautista",Cardiology,D001,MED010,Azithromycin,"500 mg tablet",V001152,2023-09-06,N/a,"7 days",Completed
RX000655,P00043,"John Torres",DR0023,"Jose Castillo MD",Orthopedics,D005,MED005,Omeprazole,"20 mg capsule",V001528,2024-06-16,N/a,N/a,Active
RX000656,P00010,"Ana Torres",DR0068,"Dr. Maria Gonzales","Obstetrics & Gynecology",D007,MED002,Amoxicillin,"500 mg capsule",V002151,2024-11-09,"1 tab BID",N/a,Active
RX000657,P00002,"Sofia Garcia",DR0067,"Samantha Reyes MD",Emergency,D004,MED002,Amoxicillin,"500 mg capsule",V002722,2025-06-27,"2 tablets daily",N/a,Active
RX000658,P00348,"John Rivera",DR0078,"Dr. Jose Castillo","Obstetrics & Gynecology",D007,MED002,Amoxicillin,"500 mg capsule",V002585,2024-05-13,"5 mL every 8 hrs","10 days",Discontinued
RX000659,P00764,"Jose Ramos",DR0058,"Robert Mendoza MD",Emergency,D004,MED009,Salbutamol,"2 mg inhaler",V002788,2023-01-23,"2 tablets daily","10 days",Discontinued
RX000660,P00339,"Bea Navarro",DR0031,"Dr. Jose Dela Cruz",Neurology,D006,MED008,Atorvastatin,"20 mg tablet",V002095,2025-10-12,"1 tablet twice daily",N/a,Discontinued
RX000661,P00231,"Mark Torres",DR0048,"Dr. Robert Castillo",Pediatrics,D002,MED009,Salbutamol,"2 mg inhaler",V000778,2025-06-09,"2 tablets daily","30 days",Unknown
RX000662,P00115,"Andrea Santos",DR0002,"Dr. Patrick Cruz","Obstetrics & Gynecology",D007,MED012,Amoxicilin,"500 mg capsule",V002719,2023-06-13,"5 mL every 8 hrs","7 days",Active
RX000663,P00892,"Andrea Rivera",NULL,NULL,NULL,NULL,MED010,Azithromycin,"500 mg tablet",V001968,2025-12-01,"2 tablets daily","30 days",Unknown
RX000664,P00430,"Ramon Gonzales",DR0072,"Dr. Elena Reyes",Cardiology,D001,MED002,Amoxicillin,"500 mg capsule",V002837,2024-02-17,N/a,"10 days",Active
RX000665,P00631,"Thomas Bautista",DR0015,"Anthony Castillo MD",Emergency,D004,MED005,Omeprazole,"20 mg capsule",V002922,2025-03-06,"1 tablet twice daily","30 days",Active
RX000666,P00350,"Andrea Gonzales",DR0015,"Anthony Castillo MD",Emergency,D004,MED005,Omeprazole,"20 mg capsule",V002455,2024-07-08,"2 tablets daily",N/a,Completed
RX000667,P00026,"Grace Ramos",DR0049,"Anthony Garcia MD","General Surgery",D008,MED012,Amoxicilin,"500 mg capsule",V002846,2024-05-03,"1 tablet twice daily",N/a,Active
RX000668,P00669,"Sofia Navarro",DR0035,"Anthony Mendoza MD",Pediatrics,D002,MED008,Atorvastatin,"20 mg tablet",V002121,2023-08-23,"1 tab BID","10 days",Completed
RX000669,P00864,"Grace Bautista",DR0060,"Maria Castillo MD",Cardiology,D001,MED007,Ibuprofen,"400 mg tablet",V000489,2024-07-04,"1 tab BID","5 days",Discontinued
RX000670,P00935,"Angela Flores",DR0026,"Anthony Bautista MD",Neurology,D006,MED008,Atorvastatin,"20 mg tablet",V002817,2024-08-30,"1 tablet twice daily",N/a,Discontinued
RX000671,P00349,"Thomas Santos",DR0069,"Dr. Jose Mendoza",Pediatrics,D002,MED004,Amlodipine,"5 mg tablet",V002679,2024-12-23,PRN,"7 days",Completed
RX000672,P00338,"Bea Aquino",DR0086,"Dr. Jose Garcia","Internal Medicine",D003,MED004,Amlodipine,"5 mg tablet",V002468,2024-07-13,"1 tablet twice daily","7 days",Completed
RX000673,P00925,"Liza Santos",DR0092,"Dr. Catherine Bautista","Internal Medicine",D003,MED002,Amoxicillin,"500 mg capsule",V001674,2024-04-08,"2 tablets daily","10 days",Completed
RX000674,P00188,"Ana Ramos",DR0036,"Dr. Patrick Dela Cruz","Obstetrics & Gynecology",D007,MED004,Amlodipine,"5 mg tablet",V001702,2023-10-01,"1 tab BID","10 days",Active
RX000675,P00632,"Maria Garcia",DR0064,"Robert Torres MD",Pediatrics,D002,MED007,Ibuprofen,"400 mg tablet",V002260,2023-09-10,"1 tab BID",N/a,Discontinued
RX000676,P00816,"Grace Gonzales",DR0021,"Elena Santos MD",Cardiology,D001,MED008,Atorvastatin,"20 mg tablet",V000220,2025-08-27,"1 tab BID",N/a,Discontinued
RX000677,P00526,"Kevin Ramos",DR0071,"Dr. Jose Garcia","Obstetrics & Gynecology",D007,MED009,Salbutamol,"2 mg inhaler",V002782,2023-09-05,"1 tab BID","30 days",Active
RX000678,P00640,"Ana Bautista",DR0055,"Dr. Jose Santos","Obstetrics & Gynecology",D007,MED012,Amoxicilin,"500 mg capsule",V001296,2025-02-08,"2 tablets daily","10 days",Active
RX000679,P00880,"Liza Aquino",DR0021,"Elena Santos MD",Cardiology,D001,MED010,Azithromycin,"500 mg tablet",V002134,2024-03-22,"1 tablet twice daily","7 days",Active
RX000680,P00958,"John Santos",DR0077,"Samantha Santos MD","General Surgery",D008,MED007,Ibuprofen,"400 mg tablet",V001645,2025-09-24,N/a,"10 days",Active
RX000681,P00428,"Maria Ramos",DR0051,"Nicole Castillo MD",Neurology,D006,MED001,Paracetamol,"500 mg tablet",V002121,2024-09-19,PRN,N/a,Active
RX000682,P00222,"John Aquino",DR0021,"Elena Santos MD",Cardiology,D001,MED006,Losartan,"50 mg tablet",V002111,2023-11-03,"5 mL every 8 hrs",N/a,Completed
RX000683,P00972,"Carlos Garcia",DR0071,"Dr. Jose Garcia","Obstetrics & Gynecology",D007,MED011,Paracetemol,"500 mg tablet",V000124,2023-01-12,"1 tablet twice daily",N/a,Unknown
RX000684,P00117,"Carlos Reyes",DR0084,"Anthony Santos MD",Neurology,D006,MED003,Metformin,"500 mg tablet",V000778,2025-09-29,PRN,N/a,Completed
RX000685,P00037,"Ana Castillo",DR0089,"Maria Cruz MD",Emergency,D004,MED003,Metformin,"500 mg tablet",V000120,2023-02-04,"5 mL every 8 hrs",N/a,Active
RX000686,P00682,"Andrea Dela Cruz",DR0026,"Anthony Bautista MD",Neurology,D006,MED003,Metformin,"500 mg tablet",V002200,2025-07-05,N/a,"5 days",Discontinued
RX000687,P00559,"Andrea Garcia",DR0055,"Dr. Jose Santos","Obstetrics & Gynecology",D007,MED002,Amoxicillin,"500 mg capsule",V000287,2023-04-08,"1 tablet twice daily","7 days",Discontinued
RX000688,P00707,"Carlos Mendoza",DR0053,"Dr. Samantha Rivera",Cardiology,D001,MED001,Paracetamol,"500 mg tablet",V002428,2024-07-08,PRN,"5 days",Active
RX000689,P00839,"Maria Santos",DR0040,"Dr. Nicole Flores",Cardiology,D001,MED009,Salbutamol,"2 mg inhaler",V000191,2023-06-04,N/a,"30 days",Discontinued
RX000690,P00037,"Ana Castillo",DR0031,"Dr. Jose Dela Cruz",Neurology,D006,MED006,Losartan,"50 mg tablet",V000496,2024-05-09,PRN,"10 days",Unknown
RX000691,P00066,"Grace Santos",DR0050,"Catherine Reyes MD","Internal Medicine",D003,MED005,Omeprazole,"20 mg capsule",V000917,2025-07-31,"1 tab BID",N/a,Active
RX000692,P00878,"John Santos",DR0029,"Robert Bautista MD","General Surgery",D008,MED007,Ibuprofen,"400 mg tablet",V000943,2024-12-27,"5 mL every 8 hrs",N/a,Active
RX000693,P00344,"Jose Ramos",DR0019,"Dr. Nicole Castillo",Orthopedics,D005,MED004,Amlodipine,"5 mg tablet",V002981,2024-01-12,"5 mL every 8 hrs",N/a,Unknown
RX000694,P00121,"Liza Dela Cruz",DR0072,"Dr. Elena Reyes",Cardiology,D001,MED002,Amoxicillin,"500 mg capsule",V000715,2023-10-02,PRN,"5 days",Completed
RX000695,P00331,"Luis Mendoza",DR0010,"Dr. Anthony Bautista","Internal Medicine",D003,MED012,Amoxicilin,"500 mg capsule",V000084,2023-02-26,"5 mL every 8 hrs","5 days",Unknown
RX000696,P00922,"Andrea Bautista",DR0083,"Samantha Castillo MD",Pediatrics,D002,MED006,Losartan,"50 mg tablet",V002134,2023-02-06,"2 tablets daily","30 days",Unknown
RX000697,P00053,"Mark Garcia",DR0091,"Dr. Rafael Flores",Orthopedics,D005,MED011,Paracetemol,"500 mg tablet",V001364,2025-05-09,"1 tab BID","7 days",Completed
RX000698,P00262,"Miguel Torres",DR0059,"Dr. Nicole Ramos",Neurology,D006,MED010,Azithromycin,"500 mg tablet",V002363,2023-03-14,"5 mL every 8 hrs",N/a,Unknown
RX000699,P00273,"Luis Bautista",DR0026,"Anthony Bautista MD",Neurology,D006,MED012,Amoxicilin,"500 mg capsule",V001070,2024-11-20,"2 tablets daily","10 days",Unknown
RX000700,P00332,"Mark Garcia",DR0034,"Elena Navarro MD",Neurology,D006,MED010,Azithromycin,"500 mg tablet",V001651,2023-11-15,"5 mL every 8 hrs","7 days",Completed
RX000701,P00043,"John Torres",DR0029,"Robert Bautista MD","General Surgery",D008,MED001,Paracetamol,"500 mg tablet",V002985,2024-03-25,"2 tablets daily","30 days",Active
RX000702,P00415,"Ramon Aquino",DR0020,"Dr. Patrick Cruz",Orthopedics,D005,MED011,Paracetemol,"500 mg tablet",V000965,2025-02-19,N/a,"7 days",Active
RX000703,P00661,"Ana Reyes",DR0006,"Dr. Elena Rivera",Orthopedics,D005,MED012,Amoxicilin,"500 mg capsule",V000496,2024-05-21,N/a,N/a,Active
RX000704,P00771,"Miguel Mendoza",DR0001,"Elena Ramos MD","Internal Medicine",D003,MED001,Paracetamol,"500 mg tablet",V000445,2024-08-13,"1 tab BID",N/a,Active
RX000705,P00500,"Sofia Rivera",DR0085,"Dr. Anthony Flores",Neurology,D006,MED001,Paracetamol,"500 mg tablet",V002960,2023-10-02,"1 tablet twice daily",N/a,Discontinued
RX000706,P00311,"Ana Mendoza",DR0050,"Catherine Reyes MD","Internal Medicine",D003,MED002,Amoxicillin,"500 mg capsule",V001426,2024-08-21,"5 mL every 8 hrs",N/a,Completed
RX000707,P00506,"Miguel Navarro",DR0005,"Dr. Samantha Gonzales",Emergency,D004,MED001,Paracetamol,"500 mg tablet",V002588,2025-07-11,N/a,"7 days",Discontinued
RX000708,P00721,"Bea Navarro",DR0048,"Dr. Robert Castillo",Pediatrics,D002,MED008,Atorvastatin,"20 mg tablet",V000333,2024-02-04,"1 tab BID","10 days",Completed
RX000709,P00760,"John Gonzales",DR0034,"Elena Navarro MD",Neurology,D006,MED006,Losartan,"50 mg tablet",V001754,2024-10-19,"1 tab BID","7 days",Unknown
RX000710,P00782,"John Reyes",DR0052,"Patrick Reyes MD",Pediatrics,D002,MED008,Atorvastatin,"20 mg tablet",V001586,2024-09-07,"1 tablet twice daily",N/a,Discontinued
RX000711,P00002,"Sofia Garcia",DR0074,"Dr. Maria Gonzales","General Surgery",D008,MED010,Azithromycin,"500 mg tablet",V000374,2024-09-20,"5 mL every 8 hrs","5 days",Unknown
RX000712,P00569,"Kevin Cruz",DR0013,"Dr. Samantha Cruz",Emergency,D004,MED006,Losartan,"50 mg tablet",V001511,2024-04-08,"2 tablets daily","5 days",Unknown
RX000713,P00845,"Grace Reyes",DR0039,"Samantha Santos MD","General Surgery",D008,MED010,Azithromycin,"500 mg tablet",V000233,2025-01-29,"2 tablets daily",N/a,Unknown
RX000714,P00446,"Liza Santos",DR0001,"Elena Ramos MD","Internal Medicine",D003,MED006,Losartan,"50 mg tablet",V002262,2025-04-02,"5 mL every 8 hrs",N/a,Active
RX000715,P00279,"Grace Dela Cruz",DR0077,"Samantha Santos MD","General Surgery",D008,MED011,Paracetemol,"500 mg tablet",V001286,2024-07-08,N/a,N/a,Unknown
RX000716,P00370,"Ana Navarro",DR0048,"Dr. Robert Castillo",Pediatrics,D002,MED008,Atorvastatin,"20 mg tablet",V001755,2025-08-14,"1 tab BID","7 days",Active
RX000717,P00084,"Grace Bautista",DR0097,"Dr. Samantha Garcia",Neurology,D006,MED001,Paracetamol,"500 mg tablet",V002858,2023-02-05,"1 tab BID","7 days",Unknown
RX000718,P00026,"Grace Ramos",DR0081,"Dr. Jose Mendoza","General Surgery",D008,MED005,Omeprazole,"20 mg capsule",V000367,2023-02-23,"1 tablet twice daily","30 days",Discontinued
RX000719,P00736,"Ana Torres",DR0035,"Anthony Mendoza MD",Pediatrics,D002,MED010,Azithromycin,"500 mg tablet",V000700,2023-12-04,"1 tablet twice daily","7 days",Active
RX000720,P00796,"Andrea Santos",DR0024,"Nicole Garcia MD","Internal Medicine",D003,MED003,Metformin,"500 mg tablet",V000173,2025-07-29,"2 tablets daily","7 days",Active
RX000721,P00026,"Grace Ramos",DR0067,"Samantha Reyes MD",Emergency,D004,MED003,Metformin,"500 mg tablet",V000563,2023-12-23,"1 tablet twice daily",N/a,Unknown
RX000722,P00467,"Maria Aquino",DR0094,"Anthony Aquino MD","General Surgery",D008,MED008,Atorvastatin,"20 mg tablet",V002098,2025-01-06,"1 tab BID","10 days",Active
RX000723,P00153,"Bea Aquino",DR0027,"Dr. Nicole Gonzales","Obstetrics & Gynecology",D007,MED008,Atorvastatin,"20 mg tablet",V000162,2024-05-05,"1 tab BID","10 days",Discontinued
RX000724,P00218,"Sofia Castillo",DR0050,"Catherine Reyes MD","Internal Medicine",D003,MED011,Paracetemol,"500 mg tablet",V000282,2023-07-23,"5 mL every 8 hrs","30 days",Active
RX000725,P00932,"Jose Castillo",DR0076,"Maria Torres MD",Orthopedics,D005,MED009,Salbutamol,"2 mg inhaler",V001474,2025-10-15,N/a,N/a,Active
RX000726,P00547,"Kevin Ramos",DR0041,"Dr. Nicole Torres",Emergency,D004,MED006,Losartan,"50 mg tablet",V001012,2023-11-30,"2 tablets daily",N/a,Unknown
RX000727,P00323,"Luis Ramos",DR0035,"Anthony Mendoza MD",Pediatrics,D002,MED002,Amoxicillin,"500 mg capsule",V000432,2024-11-28,"1 tab BID","30 days",Active
RX000728,P00561,"Mark Cruz",DR0064,"Robert Torres MD",Pediatrics,D002,MED004,Amlodipine,"5 mg tablet",V000521,2024-08-14,"1 tab BID","5 days",Unknown
RX000729,P00572,"Grace Cruz",DR0097,"Dr. Samantha Garcia",Neurology,D006,MED005,Omeprazole,"20 mg capsule",V001657,2025-11-15,"5 mL every 8 hrs","10 days",Active
RX000730,P00756,"Patricia Ramos",DR0020,"Dr. Patrick Cruz",Orthopedics,D005,MED005,Omeprazole,"20 mg capsule",V001486,2024-09-03,PRN,N/a,Discontinued
RX000731,P00800,"Bea Bautista",DR0064,"Robert Torres MD",Pediatrics,D002,MED004,Amlodipine,"5 mg tablet",V001360,2024-01-29,PRN,N/a,Active
RX000732,P00980,"Kevin Navarro",DR0046,"Rafael Ramos MD",Emergency,D004,MED006,Losartan,"50 mg tablet",V000069,2023-07-26,PRN,"5 days",Discontinued
RX000733,P00348,"John Rivera",DR0067,"Samantha Reyes MD",Emergency,D004,MED010,Azithromycin,"500 mg tablet",V001181,2024-02-18,"2 tablets daily","10 days",Active
RX000734,P00677,"Sofia Mendoza",DR0083,"Samantha Castillo MD",Pediatrics,D002,MED012,Amoxicilin,"500 mg capsule",V000741,2024-10-18,"5 mL every 8 hrs","10 days",Completed
RX000735,P00867,"Sofia Ramos",DR0033,"Dr. Catherine Bautista",Cardiology,D001,MED001,Paracetamol,"500 mg tablet",V001942,2025-09-15,N/a,N/a,Active
RX000736,P00562,"Luis Reyes",DR0031,"Dr. Jose Dela Cruz",Neurology,D006,MED007,Ibuprofen,"400 mg tablet",V001282,2024-12-26,"2 tablets daily","5 days",Unknown
RX000737,P00316,"Ana Castillo",DR0004,"Robert Castillo MD","Internal Medicine",D003,MED005,Omeprazole,"20 mg capsule",V000747,2024-04-30,"2 tablets daily","10 days",Active
RX000738,P00055,"Kevin Mendoza",DR0016,"Jose Navarro MD","Internal Medicine",D003,MED011,Paracetemol,"500 mg tablet",V001131,2025-10-01,PRN,"10 days",Active
RX000739,P00207,"Ana Flores",DR0055,"Dr. Jose Santos","Obstetrics & Gynecology",D007,MED011,Paracetemol,"500 mg tablet",V002359,2024-05-07,"5 mL every 8 hrs",N/a,Completed
RX000740,P00159,"Maria Torres",DR0014,"Samantha Ramos MD",Pediatrics,D002,MED001,Paracetamol,"500 mg tablet",V000505,2024-09-04,"2 tablets daily","10 days",Active
RX000741,P00644,"Bea Flores",DR0081,"Dr. Jose Mendoza","General Surgery",D008,MED001,Paracetamol,"500 mg tablet",V002587,2025-11-30,"5 mL every 8 hrs","5 days",Discontinued
RX000742,P00929,"Andrea Garcia",DR0040,"Dr. Nicole Flores",Cardiology,D001,MED004,Amlodipine,"5 mg tablet",V002600,2025-01-06,"1 tab BID","5 days",Unknown
RX000743,P00888,"Liza Ramos",DR0056,"Dr. Elena Cruz",Neurology,D006,MED007,Ibuprofen,"400 mg tablet",V000809,2025-05-16,PRN,"5 days",Discontinued
RX000744,P00383,"Daniel Reyes",DR0096,"Dr. Maria Navarro","Internal Medicine",D003,MED001,Paracetamol,"500 mg tablet",V001324,2025-02-08,"5 mL every 8 hrs","7 days",Unknown
RX000745,P00368,"Bea Santos",DR0044,"Dr. Catherine Castillo","Internal Medicine",D003,MED005,Omeprazole,"20 mg capsule",V002612,2023-03-23,"1 tab BID","30 days",Completed
RX000746,P00083,"Grace Santos",DR0077,"Samantha Santos MD","General Surgery",D008,MED004,Amlodipine,"5 mg tablet",V002568,2024-03-30,"1 tablet twice daily",N/a,Completed
RX000747,P00048,"Mark Flores",DR0072,"Dr. Elena Reyes",Cardiology,D001,MED012,Amoxicilin,"500 mg capsule",V000510,2023-06-02,N/a,"5 days",Completed
RX000748,P00196,"Angela Santos",DR0094,"Anthony Aquino MD","General Surgery",D008,MED008,Atorvastatin,"20 mg tablet",V002246,2025-09-28,"1 tablet twice daily","30 days",Discontinued
RX000749,P00880,"Liza Aquino",DR0074,"Dr. Maria Gonzales","General Surgery",D008,MED002,Amoxicillin,"500 mg capsule",V002832,2025-11-23,PRN,"30 days",Active
RX000750,P00965,"Bea Gonzales",DR0056,"Dr. Elena Cruz",Neurology,D006,MED007,Ibuprofen,"400 mg tablet",V002087,2025-05-02,"2 tablets daily","7 days",Completed
RX000751,P00329,"John Dela Cruz",DR0005,"Dr. Samantha Gonzales",Emergency,D004,MED007,Ibuprofen,"400 mg tablet",V002447,2023-07-01,"1 tab BID","7 days",Unknown
RX000752,P00185,"Patricia Reyes",DR0063,"Dr. Anthony Bautista",Pediatrics,D002,MED011,Paracetemol,"500 mg tablet",V000575,2023-05-16,PRN,N/a,Active
RX000753,P00056,"Luis Reyes",DR0047,"Catherine Garcia MD","General Surgery",D008,MED005,Omeprazole,"20 mg capsule",V001249,2023-08-10,PRN,"7 days",Active
RX000754,P00530,"Andrea Torres",DR0077,"Samantha Santos MD","General Surgery",D008,MED010,Azithromycin,"500 mg tablet",V002135,2025-02-10,"5 mL every 8 hrs",N/a,Completed
RX000755,P00255,"Angela Ramos",DR0076,"Maria Torres MD",Orthopedics,D005,MED005,Omeprazole,"20 mg capsule",V001297,2025-11-21,"5 mL every 8 hrs","7 days",Active
RX000756,P00093,"Grace Santos",DR0044,"Dr. Catherine Castillo","Internal Medicine",D003,MED001,Paracetamol,"500 mg tablet",V000951,2025-11-25,PRN,"10 days",Unknown
RX000757,P00887,"Juan Castillo",DR0003,"Elena Cruz MD","Obstetrics & Gynecology",D007,MED003,Metformin,"500 mg tablet",V000145,2025-04-26,"1 tab BID","7 days",Active
RX000758,P00115,"Andrea Santos",DR0093,"Dr. Patrick Navarro",Pediatrics,D002,MED001,Paracetamol,"500 mg tablet",V002492,2023-11-29,"5 mL every 8 hrs",N/a,Unknown
RX000759,P00866,"Maria Santos",DR0015,"Anthony Castillo MD",Emergency,D004,MED001,Paracetamol,"500 mg tablet",V002012,2025-03-27,PRN,"10 days",Active
RX000760,P00363,"Daniel Mendoza",DR0007,"Nicole Mendoza MD","Internal Medicine",D003,MED006,Losartan,"50 mg tablet",V001416,2025-01-15,N/a,N/a,Active
RX000761,P00948,"Thomas Castillo",DR0049,"Anthony Garcia MD","General Surgery",D008,MED011,Paracetemol,"500 mg tablet",V000376,2025-08-13,"1 tab BID","30 days",Discontinued
RX000762,P00314,"Liza Aquino",DR0030,"Dr. Elena Navarro","Obstetrics & Gynecology",D007,MED005,Omeprazole,"20 mg capsule",V001688,2023-10-11,"5 mL every 8 hrs",N/a,Active
RX000763,P00786,"Grace Reyes",DR0090,"Maria Mendoza MD","General Surgery",D008,MED011,Paracetemol,"500 mg tablet",V000368,2024-06-10,"1 tablet twice daily",N/a,Active
RX000764,P00909,"John Garcia",DR0023,"Jose Castillo MD",Orthopedics,D005,MED011,Paracetemol,"500 mg tablet",V002639,2023-04-20,"2 tablets daily",N/a,Active
RX000765,P00673,"John Aquino",DR0076,"Maria Torres MD",Orthopedics,D005,MED006,Losartan,"50 mg tablet",V001953,2024-02-20,PRN,N/a,Active
RX000766,P00144,"Grace Gonzales",DR0048,"Dr. Robert Castillo",Pediatrics,D002,MED005,Omeprazole,"20 mg capsule",V000615,2025-04-08,"2 tablets daily",N/a,Completed
RX000767,P00501,"Carlos Dela Cruz",DR0097,"Dr. Samantha Garcia",Neurology,D006,MED008,Atorvastatin,"20 mg tablet",V002393,2023-07-04,"1 tablet twice daily","10 days",Completed
RX000768,P00367,"Ramon Flores",DR0053,"Dr. Samantha Rivera",Cardiology,D001,MED003,Metformin,"500 mg tablet",V001410,2025-06-23,"1 tab BID","7 days",Discontinued
RX000769,P00197,"Thomas Aquino",DR0040,"Dr. Nicole Flores",Cardiology,D001,MED005,Omeprazole,"20 mg capsule",V002240,2024-02-10,PRN,"5 days",Unknown
RX000770,P00779,"Ramon Torres",DR0097,"Dr. Samantha Garcia",Neurology,D006,MED001,Paracetamol,"500 mg tablet",V000127,2023-05-04,"1 tab BID","10 days",Completed
RX000771,P00823,"Mark Mendoza",DR0017,"Elena Santos MD",Pediatrics,D002,MED002,Amoxicillin,"500 mg capsule",V001841,2023-02-15,"5 mL every 8 hrs","5 days",Discontinued
RX000772,P00383,"Daniel Reyes",DR0086,"Dr. Jose Garcia","Internal Medicine",D003,MED003,Metformin,"500 mg tablet",V002385,2025-03-25,"5 mL every 8 hrs",N/a,Discontinued
RX000773,P00114,"Bea Torres",DR0013,"Dr. Samantha Cruz",Emergency,D004,MED005,Omeprazole,"20 mg capsule",V000530,2024-08-28,"2 tablets daily",N/a,Active
RX000774,P00496,"Grace Castillo",DR0095,"Patrick Cruz MD","General Surgery",D008,MED002,Amoxicillin,"500 mg capsule",V000719,2023-12-24,"2 tablets daily",N/a,Completed
RX000775,P00637,"Jose Gonzales",DR0033,"Dr. Catherine Bautista",Cardiology,D001,MED012,Amoxicilin,"500 mg capsule",V000226,2023-06-09,"5 mL every 8 hrs",N/a,Unknown
RX000776,P00443,"Maria Torres",DR0062,"Dr. Catherine Cruz",Pediatrics,D002,MED004,Amlodipine,"5 mg tablet",V000454,2023-06-26,"1 tablet twice daily",N/a,Discontinued
RX000777,P00778,"Andrea Rivera",DR0076,"Maria Torres MD",Orthopedics,D005,MED005,Omeprazole,"20 mg capsule",V002738,2025-12-11,N/a,N/a,Unknown
RX000778,P00157,"Ana Aquino",DR0050,"Catherine Reyes MD","Internal Medicine",D003,MED011,Paracetemol,"500 mg tablet",V000965,2023-06-04,N/a,"7 days",Discontinued
RX000779,P00314,"Liza Aquino",DR0045,"Dr. Robert Dela Cruz","Obstetrics & Gynecology",D007,MED002,Amoxicillin,"500 mg capsule",V002644,2024-09-23,"1 tablet twice daily",N/a,Discontinued
RX000780,P00201,"Miguel Gonzales",DR0006,"Dr. Elena Rivera",Orthopedics,D005,MED004,Amlodipine,"5 mg tablet",V002472,2024-05-04,"5 mL every 8 hrs","5 days",Completed
RX000781,P00722,"Ramon Dela Cruz",DR0036,"Dr. Patrick Dela Cruz","Obstetrics & Gynecology",D007,MED003,Metformin,"500 mg tablet",V000697,2025-11-18,PRN,"10 days",Completed
RX000782,P00300,"Angela Torres",DR0079,"Jose Castillo MD","Obstetrics & Gynecology",D007,MED001,Paracetamol,"500 mg tablet",V001827,2025-10-13,"2 tablets daily","10 days",Active
RX000783,P00826,"Andrea Ramos",DR0085,"Dr. Anthony Flores",Neurology,D006,MED004,Amlodipine,"5 mg tablet",V001207,2025-03-09,"2 tablets daily","30 days",Active
RX000784,P00582,"Liza Rivera",DR0016,"Jose Navarro MD","Internal Medicine",D003,MED006,Losartan,"50 mg tablet",V001022,2025-06-06,"1 tablet twice daily","5 days",Active
RX000785,P00858,"Ana Dela Cruz",DR0022,"Dr. Jose Castillo",Pediatrics,D002,MED003,Metformin,"500 mg tablet",V002947,2025-02-01,N/a,N/a,Active
RX000786,P00364,"Sofia Cruz",DR0070,"Rafael Castillo MD","Internal Medicine",D003,MED010,Azithromycin,"500 mg tablet",V002182,2024-12-20,"1 tab BID","7 days",Discontinued
RX000787,P00394,"Sofia Aquino",DR0005,"Dr. Samantha Gonzales",Emergency,D004,MED007,Ibuprofen,"400 mg tablet",V002082,2025-12-14,"1 tab BID","7 days",Completed
RX000788,P00104,"Ramon Ramos",DR0010,"Dr. Anthony Bautista","Internal Medicine",D003,MED006,Losartan,"50 mg tablet",V001010,2024-04-30,"2 tablets daily",N/a,Completed
RX000789,P00738,"Angela Torres",DR0034,"Elena Navarro MD",Neurology,D006,MED006,Losartan,"50 mg tablet",V002357,2023-12-20,"2 tablets daily","30 days",Active
RX000790,P00481,"Jose Cruz",DR0052,"Patrick Reyes MD",Pediatrics,D002,MED002,Amoxicillin,"500 mg capsule",V002236,2024-03-04,"1 tablet twice daily","5 days",Completed
RX000791,P00482,"Angela Santos",DR0007,"Nicole Mendoza MD","Internal Medicine",D003,MED005,Omeprazole,"20 mg capsule",V001970,2023-11-21,"1 tablet twice daily",N/a,Active
RX000792,P00285,"Thomas Gonzales",DR0024,"Nicole Garcia MD","Internal Medicine",D003,MED002,Amoxicillin,"500 mg capsule",V000913,2024-08-22,"2 tablets daily","30 days",Active
RX000793,P00281,"Ramon Dela Cruz",DR0098,"Jose Aquino MD","Internal Medicine",D003,MED011,Paracetemol,"500 mg tablet",V001533,2024-12-04,"5 mL every 8 hrs","7 days",Completed
RX000794,P00417,"John Cruz",DR0044,"Dr. Catherine Castillo","Internal Medicine",D003,MED002,Amoxicillin,"500 mg capsule",V002859,2023-01-11,PRN,"30 days",Discontinued
RX000795,P00544,"Patricia Cruz",DR0012,"Dr. Samantha Garcia",Emergency,D004,MED008,Atorvastatin,"20 mg tablet",V001522,2025-01-25,"1 tablet twice daily","30 days",Discontinued
RX000796,P00652,"Ana Dela Cruz",DR0087,"Dr. Nicole Rivera","Internal Medicine",D003,MED006,Losartan,"50 mg tablet",V000381,2024-12-24,"1 tab BID",N/a,Discontinued
RX000797,P00079,"Ana Garcia",DR0099,"Dr. Maria Torres",Neurology,D006,MED003,Metformin,"500 mg tablet",V000888,2024-05-28,"1 tablet twice daily","5 days",Discontinued
RX000798,P00961,"Grace Aquino",DR0062,"Dr. Catherine Cruz",Pediatrics,D002,MED005,Omeprazole,"20 mg capsule",V000656,2023-07-10,N/a,"7 days",Unknown
RX000799,P00206,"Grace Bautista",DR0013,"Dr. Samantha Cruz",Emergency,D004,MED006,Losartan,"50 mg tablet",V002312,2024-08-04,N/a,"10 days",Active
RX000800,P00812,"Patricia Dela Cruz",DR0038,"Dr. Nicole Rivera",Pediatrics,D002,MED005,Omeprazole,"20 mg capsule",V000404,2025-02-26,N/a,"5 days",Active
RX000801,P00029,"Ramon Flores",DR0067,"Samantha Reyes MD",Emergency,D004,MED001,Paracetamol,"500 mg tablet",V001332,2024-07-03,PRN,N/a,Active
RX000802,P00020,"John Dela Cruz",DR0100,"Dr. Robert Navarro",Neurology,D006,MED003,Metformin,"500 mg tablet",V001910,2024-07-13,"5 mL every 8 hrs",N/a,Active
RX000803,P00631,"Thomas Bautista",DR0060,"Maria Castillo MD",Cardiology,D001,MED011,Paracetemol,"500 mg tablet",V002421,2023-03-18,PRN,"30 days",Active
RX000804,P00104,"Ramon Ramos",DR0014,"Samantha Ramos MD",Pediatrics,D002,MED004,Amlodipine,"5 mg tablet",V002278,2023-06-13,"1 tablet twice daily",N/a,Unknown
RX000805,P00759,"Sofia Rivera",DR0010,"Dr. Anthony Bautista","Internal Medicine",D003,MED009,Salbutamol,"2 mg inhaler",V001366,2025-07-29,"2 tablets daily",N/a,Unknown
RX000806,P00868,"Ana Santos",DR0063,"Dr. Anthony Bautista",Pediatrics,D002,MED007,Ibuprofen,"400 mg tablet",V000276,2023-09-04,"2 tablets daily","30 days",Discontinued
RX000807,P00590,"Patricia Ramos",DR0068,"Dr. Maria Gonzales","Obstetrics & Gynecology",D007,MED011,Paracetemol,"500 mg tablet",V001762,2023-04-11,"5 mL every 8 hrs",N/a,Unknown
RX000808,P00750,"Mark Rivera",DR0055,"Dr. Jose Santos","Obstetrics & Gynecology",D007,MED002,Amoxicillin,"500 mg capsule",V002255,2024-11-06,"1 tablet twice daily","7 days",Unknown
RX000809,P00671,"John Castillo",DR0067,"Samantha Reyes MD",Emergency,D004,MED003,Metformin,"500 mg tablet",V001499,2025-01-22,PRN,"10 days",Active
RX000810,P00971,"Carlos Torres",DR0037,"Nicole Bautista MD",Pediatrics,D002,MED006,Losartan,"50 mg tablet",V002866,2023-05-16,N/a,"10 days",Active
RX000811,P00804,"Jose Reyes",DR0075,"Catherine Ramos MD",Neurology,D006,MED009,Salbutamol,"2 mg inhaler",V002284,2025-03-28,"1 tablet twice daily","5 days",Unknown
RX000812,P00390,"Maria Flores",DR0087,"Dr. Nicole Rivera","Internal Medicine",D003,MED002,Amoxicillin,"500 mg capsule",V002008,2023-07-06,"5 mL every 8 hrs","7 days",Active
RX000813,P00573,"Ramon Rivera",DR0100,"Dr. Robert Navarro",Neurology,D006,MED001,Paracetamol,"500 mg tablet",V001313,2025-11-13,N/a,"10 days",Unknown
RX000814,P00464,"Liza Reyes",DR0048,"Dr. Robert Castillo",Pediatrics,D002,MED007,Ibuprofen,"400 mg tablet",V001877,2025-04-06,N/a,"30 days",Unknown
RX000815,P00025,"Angela Ramos",DR0018,"Catherine Santos MD",Orthopedics,D005,MED005,Omeprazole,"20 mg capsule",V000787,2024-10-10,"1 tab BID",N/a,Active
RX000816,P00395,"Luis Bautista",DR0072,"Dr. Elena Reyes",Cardiology,D001,MED011,Paracetemol,"500 mg tablet",V000805,2024-01-13,N/a,N/a,Discontinued
RX000817,P00098,"Luis Bautista",DR0029,"Robert Bautista MD","General Surgery",D008,MED008,Atorvastatin,"20 mg tablet",V002602,2024-12-05,"2 tablets daily","30 days",Active
RX000818,P00433,"Ana Rivera",DR0071,"Dr. Jose Garcia","Obstetrics & Gynecology",D007,MED002,Amoxicillin,"500 mg capsule",V001198,2023-04-04,"1 tablet twice daily",N/a,Completed
RX000819,P00278,"Jose Mendoza",DR0081,"Dr. Jose Mendoza","General Surgery",D008,MED012,Amoxicilin,"500 mg capsule",V000255,2023-12-11,"1 tab BID",N/a,Discontinued
RX000820,P00694,"Carlos Bautista",DR0025,"Nicole Torres MD","General Surgery",D008,MED010,Azithromycin,"500 mg tablet",V000182,2026-01-02,PRN,"5 days",Active
RX000821,P00971,"Carlos Torres",DR0007,"Nicole Mendoza MD","Internal Medicine",D003,MED007,Ibuprofen,"400 mg tablet",V001127,2025-08-11,PRN,"30 days",Completed
RX000822,P00927,"Mark Santos",DR0073,"Dr. Catherine Torres",Pediatrics,D002,MED003,Metformin,"500 mg tablet",V000658,2025-05-15,"2 tablets daily",N/a,Active
RX000823,P00437,"Mark Bautista",DR0022,"Dr. Jose Castillo",Pediatrics,D002,MED008,Atorvastatin,"20 mg tablet",V000487,2024-02-20,N/a,N/a,Unknown
RX000824,P00186,"Carlos Flores",DR0092,"Dr. Catherine Bautista","Internal Medicine",D003,MED004,Amlodipine,"5 mg tablet",V001823,2025-01-06,"5 mL every 8 hrs","7 days",Active
RX000825,P00475,"Mark Rivera",DR0048,"Dr. Robert Castillo",Pediatrics,D002,MED007,Ibuprofen,"400 mg tablet",V001124,2025-06-04,N/a,"5 days",Active
RX000826,P00987,"Thomas Ramos",DR0003,"Elena Cruz MD","Obstetrics & Gynecology",D007,MED004,Amlodipine,"5 mg tablet",V000986,2025-10-16,"2 tablets daily",N/a,Completed
RX000827,P00384,"Luis Castillo",DR0101,"Maria Reyes MD",Cardiology,D001,MED005,Omeprazole,"20 mg capsule",V002823,2025-08-25,PRN,N/a,Unknown
RX000828,P00736,"Ana Torres",DR0052,"Patrick Reyes MD",Pediatrics,D002,MED001,Paracetamol,"500 mg tablet",V002297,2024-02-22,PRN,"10 days",Unknown
RX000829,P00946,"Miguel Reyes",DR0007,"Nicole Mendoza MD","Internal Medicine",D003,MED008,Atorvastatin,"20 mg tablet",V001140,2023-09-09,N/a,"30 days",Discontinued
RX000830,P00306,"Miguel Ramos",DR0018,"Catherine Santos MD",Orthopedics,D005,MED010,Azithromycin,"500 mg tablet",V001827,2023-11-02,"1 tablet twice daily",N/a,Active
RX000831,P00463,"Bea Gonzales",DR0089,"Maria Cruz MD",Emergency,D004,MED004,Amlodipine,"5 mg tablet",V002523,2025-05-28,"1 tablet twice daily","5 days",Active
RX000832,P00002,"Sofia Garcia",DR0022,"Dr. Jose Castillo",Pediatrics,D002,MED003,Metformin,"500 mg tablet",V002838,2025-07-05,PRN,N/a,Completed
RX000833,P00454,"Bea Reyes",DR0073,"Dr. Catherine Torres",Pediatrics,D002,MED010,Azithromycin,"500 mg tablet",V002000,2024-03-13,PRN,"30 days",Discontinued
RX000834,P00324,"Ana Torres",DR0086,"Dr. Jose Garcia","Internal Medicine",D003,MED002,Amoxicillin,"500 mg capsule",V000689,2023-03-21,N/a,"7 days",Active
RX000835,P00090,"Carlos Reyes",DR0006,"Dr. Elena Rivera",Orthopedics,D005,MED004,Amlodipine,"5 mg tablet",V000518,2024-08-03,PRN,"7 days",Completed
RX000836,P00917,"Mark Bautista",DR0028,"Anthony Dela Cruz MD",Orthopedics,D005,MED001,Paracetamol,"500 mg tablet",V001655,2023-07-13,N/a,"10 days",Active
RX000837,P00189,"Grace Aquino",DR0094,"Anthony Aquino MD","General Surgery",D008,MED010,Azithromycin,"500 mg tablet",V001396,2023-03-14,"1 tab BID","30 days",Active
RX000838,P00111,"Bea Torres",DR0089,"Maria Cruz MD",Emergency,D004,MED004,Amlodipine,"5 mg tablet",V002106,2025-11-20,PRN,"5 days",Completed
RX000839,P00031,"Angela Reyes",DR0059,"Dr. Nicole Ramos",Neurology,D006,MED004,Amlodipine,"5 mg tablet",V000429,2024-07-24,PRN,N/a,Completed
RX000840,P00765,"Luis Bautista",DR0040,"Dr. Nicole Flores",Cardiology,D001,MED006,Losartan,"50 mg tablet",V001415,2023-03-27,PRN,"7 days",Discontinued
RX000841,P00910,"Luis Ramos",DR0077,"Samantha Santos MD","General Surgery",D008,MED011,Paracetemol,"500 mg tablet",V002231,2025-01-03,PRN,"10 days",Unknown
RX000842,P00983,"Mark Bautista",DR0064,"Robert Torres MD",Pediatrics,D002,MED010,Azithromycin,"500 mg tablet",V001148,2023-07-18,PRN,N/a,Active
RX000843,P00450,"Sofia Garcia",DR0034,"Elena Navarro MD",Neurology,D006,MED011,Paracetemol,"500 mg tablet",V002240,2025-05-02,"1 tab BID","7 days",Completed
RX000844,P00994,"Thomas Flores",DR0033,"Dr. Catherine Bautista",Cardiology,D001,MED007,Ibuprofen,"400 mg tablet",V000677,2026-01-05,"1 tablet twice daily","10 days",Discontinued
RX000845,P00096,"Jose Santos",DR0090,"Maria Mendoza MD","General Surgery",D008,MED008,Atorvastatin,"20 mg tablet",V002869,2024-07-24,"2 tablets daily","7 days",Discontinued
RX000846,P00558,"Andrea Flores",DR0039,"Samantha Santos MD","General Surgery",D008,MED009,Salbutamol,"2 mg inhaler",V000219,2025-01-11,"5 mL every 8 hrs","5 days",Completed
RX000847,P00027,"Carlos Dela Cruz",DR0011,"Dr. Patrick Bautista","Internal Medicine",D003,MED006,Losartan,"50 mg tablet",V000288,2024-07-06,N/a,"5 days",Active
RX000848,P00277,"Liza Aquino",DR0091,"Dr. Rafael Flores",Orthopedics,D005,MED011,Paracetemol,"500 mg tablet",V000470,2023-11-18,"1 tablet twice daily","5 days",Discontinued
RX000849,P00407,"John Bautista",DR0023,"Jose Castillo MD",Orthopedics,D005,MED008,Atorvastatin,"20 mg tablet",V000415,2023-04-19,PRN,"30 days",Unknown
RX000850,P00752,"Ana Rivera",DR0024,"Nicole Garcia MD","Internal Medicine",D003,MED007,Ibuprofen,"400 mg tablet",V000379,2023-11-30,PRN,"10 days",Discontinued
RX000851,P00020,"John Dela Cruz",DR0021,"Elena Santos MD",Cardiology,D001,MED012,Amoxicilin,"500 mg capsule",V000194,2024-01-05,"1 tab BID","5 days",Active
RX000852,P00941,"John Navarro",DR0076,"Maria Torres MD",Orthopedics,D005,MED001,Paracetamol,"500 mg tablet",V000536,2023-05-19,"2 tablets daily","7 days",Completed
RX000853,P00925,"Liza Santos",DR0039,"Samantha Santos MD","General Surgery",D008,MED012,Amoxicilin,"500 mg capsule",V000018,2025-01-01,"5 mL every 8 hrs",N/a,Discontinued
RX000854,P00973,"Kevin Reyes",DR0074,"Dr. Maria Gonzales","General Surgery",D008,MED003,Metformin,"500 mg tablet",V001614,2024-08-07,N/a,"30 days",Completed
RX000855,P00930,"Liza Gonzales",DR0101,"Maria Reyes MD",Cardiology,D001,MED008,Atorvastatin,"20 mg tablet",V000564,2024-07-21,N/a,"7 days",Active
RX000856,P00584,"Ana Flores",DR0063,"Dr. Anthony Bautista",Pediatrics,D002,MED009,Salbutamol,"2 mg inhaler",V000152,2025-12-10,"1 tablet twice daily","10 days",Active
RX000857,P00018,"Luis Flores",DR0027,"Dr. Nicole Gonzales","Obstetrics & Gynecology",D007,MED003,Metformin,"500 mg tablet",V001815,2025-03-08,"2 tablets daily",N/a,Active
RX000858,P00591,"Liza Santos",DR0080,"Nicole Flores MD","Obstetrics & Gynecology",D007,MED002,Amoxicillin,"500 mg capsule",V000313,2025-08-31,N/a,"30 days",Completed
RX000859,P00152,"Bea Mendoza",DR0081,"Dr. Jose Mendoza","General Surgery",D008,MED012,Amoxicilin,"500 mg capsule",V000304,2024-07-30,"1 tab BID","5 days",Active
RX000860,P00475,"Mark Rivera",DR0084,"Anthony Santos MD",Neurology,D006,MED001,Paracetamol,"500 mg tablet",V002287,2024-07-24,"1 tab BID","30 days",Discontinued
RX000861,P00136,"Carlos Flores",DR0076,"Maria Torres MD",Orthopedics,D005,MED010,Azithromycin,"500 mg tablet",V000041,2024-10-01,"1 tablet twice daily","7 days",Unknown
RX000862,P00299,"Daniel Dela Cruz",DR0023,"Jose Castillo MD",Orthopedics,D005,MED010,Azithromycin,"500 mg tablet",V001894,2024-03-30,N/a,"7 days",Active
RX000863,P00502,"Thomas Reyes",DR0008,"Anthony Navarro MD","General Surgery",D008,MED005,Omeprazole,"20 mg capsule",V001705,2023-10-20,N/a,N/a,Unknown
RX000864,P00851,"Grace Reyes",DR0017,"Elena Santos MD",Pediatrics,D002,MED003,Metformin,"500 mg tablet",V001289,2023-10-01,"1 tablet twice daily","30 days",Active
RX000865,P00287,"Luis Reyes",DR0065,"Dr. Samantha Mendoza",Pediatrics,D002,MED001,Paracetamol,"500 mg tablet",V002892,2023-04-12,"2 tablets daily","7 days",Active
RX000866,P00228,"Carlos Santos",DR0082,"Elena Castillo MD","General Surgery",D008,MED005,Omeprazole,"20 mg capsule",V001151,2023-08-29,"5 mL every 8 hrs","10 days",Discontinued
RX000867,P00619,"Grace Santos",DR0062,"Dr. Catherine Cruz",Pediatrics,D002,MED004,Amlodipine,"5 mg tablet",V000326,2025-03-19,"1 tablet twice daily","5 days",Completed
RX000868,P00213,"Miguel Bautista",DR0031,"Dr. Jose Dela Cruz",Neurology,D006,MED007,Ibuprofen,"400 mg tablet",V001450,2023-04-02,"2 tablets daily",N/a,Unknown
RX000869,P00280,"Kevin Aquino",DR0077,"Samantha Santos MD","General Surgery",D008,MED010,Azithromycin,"500 mg tablet",V001916,2025-09-04,"5 mL every 8 hrs","30 days",Active
RX000870,P00388,"Ramon Flores",DR0085,"Dr. Anthony Flores",Neurology,D006,MED005,Omeprazole,"20 mg capsule",V001729,2025-05-07,"5 mL every 8 hrs","30 days",Discontinued
RX000871,P00732,"Luis Reyes",DR0012,"Dr. Samantha Garcia",Emergency,D004,MED010,Azithromycin,"500 mg tablet",V000901,2024-06-07,N/a,N/a,Active
RX000872,P00783,"Ramon Bautista",DR0101,"Maria Reyes MD",Cardiology,D001,MED010,Azithromycin,"500 mg tablet",V002976,2025-03-15,"1 tablet twice daily","7 days",Completed
RX000873,P00166,"Patricia Navarro",DR0015,"Anthony Castillo MD",Emergency,D004,MED003,Metformin,"500 mg tablet",V001734,2024-09-09,N/a,"10 days",Completed
RX000874,P00291,"Grace Mendoza",DR0093,"Dr. Patrick Navarro",Pediatrics,D002,MED011,Paracetemol,"500 mg tablet",V001176,2023-10-06,"1 tablet twice daily","10 days",Discontinued
RX000875,P00017,"Sofia Garcia",DR0037,"Nicole Bautista MD",Pediatrics,D002,MED001,Paracetamol,"500 mg tablet",V002344,2023-07-14,"1 tab BID","10 days",Unknown
RX000876,P00343,"Ramon Rivera",DR0065,"Dr. Samantha Mendoza",Pediatrics,D002,MED001,Paracetamol,"500 mg tablet",V000411,2023-03-29,PRN,"7 days",Discontinued
RX000877,P00782,"John Reyes",DR0038,"Dr. Nicole Rivera",Pediatrics,D002,MED002,Amoxicillin,"500 mg capsule",V001640,2025-01-19,"1 tablet twice daily","10 days",Unknown
RX000878,P00929,"Andrea Garcia",DR0030,"Dr. Elena Navarro","Obstetrics & Gynecology",D007,MED009,Salbutamol,"2 mg inhaler",V001972,2023-06-25,"2 tablets daily","7 days",Unknown
RX000879,P00770,"Jose Navarro",DR0005,"Dr. Samantha Gonzales",Emergency,D004,MED010,Azithromycin,"500 mg tablet",V000149,2025-07-25,"5 mL every 8 hrs",N/a,Completed
RX000880,P00018,"Luis Flores",DR0070,"Rafael Castillo MD","Internal Medicine",D003,MED002,Amoxicillin,"500 mg capsule",V000203,2024-06-07,"2 tablets daily","5 days",Unknown
RX000881,P00674,"Kevin Santos",DR0028,"Anthony Dela Cruz MD",Orthopedics,D005,MED001,Paracetamol,"500 mg tablet",V001325,2024-11-10,"2 tablets daily","5 days",Completed
RX000882,P00039,"Angela Castillo",DR0017,"Elena Santos MD",Pediatrics,D002,MED005,Omeprazole,"20 mg capsule",V002971,2025-05-30,"2 tablets daily","7 days",Completed
RX000883,P00694,"Carlos Bautista",DR0072,"Dr. Elena Reyes",Cardiology,D001,MED011,Paracetemol,"500 mg tablet",V001363,2023-03-31,"2 tablets daily","5 days",Completed
RX000884,P00812,"Patricia Dela Cruz",DR0097,"Dr. Samantha Garcia",Neurology,D006,MED003,Metformin,"500 mg tablet",V002860,2023-07-24,"2 tablets daily","10 days",Unknown
RX000885,P00629,"Ramon Aquino",DR0095,"Patrick Cruz MD","General Surgery",D008,MED010,Azithromycin,"500 mg tablet",V001509,2024-12-31,"1 tab BID","10 days",Active
RX000886,P00444,"Luis Ramos",DR0051,"Nicole Castillo MD",Neurology,D006,MED002,Amoxicillin,"500 mg capsule",V001385,2025-06-18,"1 tab BID","30 days",Active
RX000887,P00089,"Jose Flores",DR0014,"Samantha Ramos MD",Pediatrics,D002,MED009,Salbutamol,"2 mg inhaler",V002646,2023-08-30,"1 tablet twice daily","7 days",Completed
RX000888,P00255,"Angela Ramos",DR0020,"Dr. Patrick Cruz",Orthopedics,D005,MED011,Paracetemol,"500 mg tablet",V002843,2023-04-01,"1 tab BID",N/a,Completed
RX000889,P00898,"Ramon Cruz",DR0037,"Nicole Bautista MD",Pediatrics,D002,MED002,Amoxicillin,"500 mg capsule",V001096,2025-03-23,"1 tablet twice daily","30 days",Unknown
RX000890,P00671,"John Castillo",DR0054,"Dr. Robert Dela Cruz","Internal Medicine",D003,MED002,Amoxicillin,"500 mg capsule",V001385,2023-11-16,"2 tablets daily",N/a,Active
RX000891,P00886,"Angela Navarro",DR0038,"Dr. Nicole Rivera",Pediatrics,D002,MED002,Amoxicillin,"500 mg capsule",V001673,2023-05-10,"5 mL every 8 hrs","7 days",Discontinued
RX000892,P00506,"Miguel Navarro",DR0031,"Dr. Jose Dela Cruz",Neurology,D006,MED002,Amoxicillin,"500 mg capsule",V001959,2023-08-25,"1 tab BID","5 days",Active
RX000893,P00853,"Ana Santos",DR0098,"Jose Aquino MD","Internal Medicine",D003,MED009,Salbutamol,"2 mg inhaler",V001055,2024-03-03,"1 tablet twice daily","7 days",Active
RX000894,P00599,"Juan Flores",DR0077,"Samantha Santos MD","General Surgery",D008,MED011,Paracetemol,"500 mg tablet",V001628,2024-10-29,"1 tab BID","5 days",Completed
RX000895,P00121,"Liza Dela Cruz",DR0026,"Anthony Bautista MD",Neurology,D006,MED003,Metformin,"500 mg tablet",V000306,2023-08-08,"2 tablets daily","7 days",Active
RX000896,P00714,"Daniel Bautista",DR0050,"Catherine Reyes MD","Internal Medicine",D003,MED007,Ibuprofen,"400 mg tablet",V000525,2025-02-19,"1 tablet twice daily","7 days",Discontinued
RX000897,P00343,"Ramon Rivera",DR0030,"Dr. Elena Navarro","Obstetrics & Gynecology",D007,MED002,Amoxicillin,"500 mg capsule",V002427,2024-01-01,"2 tablets daily","5 days",Discontinued
RX000898,P00860,"Maria Mendoza",DR0038,"Dr. Nicole Rivera",Pediatrics,D002,MED002,Amoxicillin,"500 mg capsule",V001717,2023-01-05,N/a,"7 days",Active
RX000899,P00567,"Angela Ramos",DR0036,"Dr. Patrick Dela Cruz","Obstetrics & Gynecology",D007,MED012,Amoxicilin,"500 mg capsule",V002442,2024-12-03,"2 tablets daily","10 days",Discontinued
RX000900,P00634,"Luis Torres",DR0026,"Anthony Bautista MD",Neurology,D006,MED004,Amlodipine,"5 mg tablet",V001744,2025-02-01,"1 tablet twice daily","30 days",Active
RX000901,P00944,"Mark Santos",DR0026,"Anthony Bautista MD",Neurology,D006,MED002,Amoxicillin,"500 mg capsule",V002807,2025-11-22,"2 tablets daily","7 days",Completed
RX000902,P00931,"Daniel Aquino",DR0080,"Nicole Flores MD","Obstetrics & Gynecology",D007,MED007,Ibuprofen,"400 mg tablet",V001128,2024-05-15,"5 mL every 8 hrs","10 days",Active
RX000903,P00690,"Juan Gonzales",DR0001,"Elena Ramos MD","Internal Medicine",D003,MED001,Paracetamol,"500 mg tablet",V001837,2025-10-23,"5 mL every 8 hrs","10 days",Unknown
RX000904,P00982,"Kevin Cruz",DR0042,"Catherine Mendoza MD",Cardiology,D001,MED006,Losartan,"50 mg tablet",V001069,2023-10-18,N/a,"7 days",Unknown
RX000905,P00764,"Jose Ramos",DR0049,"Anthony Garcia MD","General Surgery",D008,MED009,Salbutamol,"2 mg inhaler",V000362,2025-05-22,"1 tab BID",N/a,Active
RX000906,P00625,"Bea Cruz",DR0001,"Elena Ramos MD","Internal Medicine",D003,MED008,Atorvastatin,"20 mg tablet",V001385,2025-12-03,"5 mL every 8 hrs","7 days",Active
RX000907,P00887,"Juan Castillo",DR0017,"Elena Santos MD",Pediatrics,D002,MED008,Atorvastatin,"20 mg tablet",V002317,2023-05-07,N/a,N/a,Unknown
RX000908,P01002,"Maria Santos",NULL,NULL,NULL,NULL,MED007,Ibuprofen,"400 mg tablet",V001018,2024-10-04,"5 mL every 8 hrs","30 days",Discontinued
RX000909,P00935,"Angela Flores",DR0028,"Anthony Dela Cruz MD",Orthopedics,D005,MED002,Amoxicillin,"500 mg capsule",V002466,2024-02-01,N/a,"7 days",Unknown
RX000910,P00210,"Grace Aquino",DR0070,"Rafael Castillo MD","Internal Medicine",D003,MED004,Amlodipine,"5 mg tablet",V002365,2025-03-23,"2 tablets daily","10 days",Discontinued
RX000911,P00685,"Jose Torres",DR0011,"Dr. Patrick Bautista","Internal Medicine",D003,MED002,Amoxicillin,"500 mg capsule",V000744,2023-02-17,"2 tablets daily","7 days",Active
RX000912,P00233,"Angela Garcia",DR0073,"Dr. Catherine Torres",Pediatrics,D002,MED010,Azithromycin,"500 mg tablet",V001064,2024-01-26,"5 mL every 8 hrs","7 days",Unknown
RX000913,P00909,"John Garcia",DR0066,"Dr. Maria Garcia",Cardiology,D001,MED009,Salbutamol,"2 mg inhaler",V000494,2023-11-02,"5 mL every 8 hrs","10 days",Unknown
RX000914,P00301,"Liza Navarro",DR0007,"Nicole Mendoza MD","Internal Medicine",D003,MED001,Paracetamol,"500 mg tablet",V000720,2025-02-21,N/a,"30 days",Active
RX000915,P00476,"John Mendoza",DR0003,"Elena Cruz MD","Obstetrics & Gynecology",D007,MED008,Atorvastatin,"20 mg tablet",V001576,2024-09-16,PRN,"5 days",Completed
RX000916,P00512,"Miguel Mendoza",DR0067,"Samantha Reyes MD",Emergency,D004,MED006,Losartan,"50 mg tablet",V000650,2024-05-05,PRN,"7 days",Active
RX000917,P00238,"Bea Reyes",DR0042,"Catherine Mendoza MD",Cardiology,D001,MED003,Metformin,"500 mg tablet",V000182,2024-08-04,PRN,N/a,Active
RX000918,P00254,"Thomas Garcia",DR0076,"Maria Torres MD",Orthopedics,D005,MED010,Azithromycin,"500 mg tablet",V000914,2024-03-16,"5 mL every 8 hrs","5 days",Discontinued
RX000919,P00202,"Bea Ramos",DR0070,"Rafael Castillo MD","Internal Medicine",D003,MED007,Ibuprofen,"400 mg tablet",V002882,2023-10-24,"1 tab BID",N/a,Active
RX000920,P00303,"Carlos Navarro",DR0061,"Robert Bautista MD","General Surgery",D008,MED010,Azithromycin,"500 mg tablet",V002861,2023-10-09,N/a,N/a,Discontinued
RX000921,P00810,"Ana Castillo",DR0033,"Dr. Catherine Bautista",Cardiology,D001,MED006,Losartan,"50 mg tablet",V001475,2024-07-24,N/a,N/a,Active
RX000922,P00125,"Thomas Bautista",DR0084,"Anthony Santos MD",Neurology,D006,MED011,Paracetemol,"500 mg tablet",V002604,2024-01-29,"5 mL every 8 hrs",N/a,Discontinued
RX000923,P00188,"Ana Ramos",DR0061,"Robert Bautista MD","General Surgery",D008,MED010,Azithromycin,"500 mg tablet",V002448,2025-01-08,"2 tablets daily",N/a,Active
RX000924,P00657,"Thomas Garcia",DR0053,"Dr. Samantha Rivera",Cardiology,D001,MED010,Azithromycin,"500 mg tablet",V001208,2023-12-28,"2 tablets daily",N/a,Completed
RX000925,P00128,"Mark Garcia",DR0073,"Dr. Catherine Torres",Pediatrics,D002,MED008,Atorvastatin,"20 mg tablet",V002978,2025-08-01,PRN,"5 days",Active
RX000926,P00849,"Ana Garcia",DR0093,"Dr. Patrick Navarro",Pediatrics,D002,MED002,Amoxicillin,"500 mg capsule",V000932,2024-06-23,"2 tablets daily","10 days",Discontinued
RX000927,P00593,"Maria Ramos",DR0013,"Dr. Samantha Cruz",Emergency,D004,MED003,Metformin,"500 mg tablet",V000489,2025-08-22,PRN,"10 days",Active
RX000928,P00792,"Kevin Bautista",DR0015,"Anthony Castillo MD",Emergency,D004,MED012,Amoxicilin,"500 mg capsule",V001048,2023-03-30,N/a,"5 days",Unknown
RX000929,P00091,"Miguel Mendoza",DR0088,"Dr. Jose Flores",Neurology,D006,MED004,Amlodipine,"5 mg tablet",V002423,2023-12-29,"1 tablet twice daily","30 days",Completed
RX000930,P00877,"Ramon Castillo",DR0070,"Rafael Castillo MD","Internal Medicine",D003,MED009,Salbutamol,"2 mg inhaler",V000547,2024-12-23,"2 tablets daily",N/a,Active
RX000931,P00997,"Miguel Torres",DR0016,"Jose Navarro MD","Internal Medicine",D003,MED008,Atorvastatin,"20 mg tablet",V002618,2023-12-16,"1 tablet twice daily","10 days",Active
RX000932,P00958,"John Santos",DR0012,"Dr. Samantha Garcia",Emergency,D004,MED010,Azithromycin,"500 mg tablet",V000720,2024-10-29,PRN,N/a,Active
RX000933,P00112,"Daniel Navarro",DR0082,"Elena Castillo MD","General Surgery",D008,MED003,Metformin,"500 mg tablet",V002762,2023-08-26,"2 tablets daily",N/a,Active
RX000934,P00981,"John Rivera",DR0055,"Dr. Jose Santos","Obstetrics & Gynecology",D007,MED006,Losartan,"50 mg tablet",V002974,2025-06-27,"5 mL every 8 hrs","10 days",Active
RX000935,P00803,"Mark Gonzales",DR0100,"Dr. Robert Navarro",Neurology,D006,MED004,Amlodipine,"5 mg tablet",V001923,2025-10-28,"2 tablets daily","30 days",Active
RX000936,P00885,"Daniel Cruz",DR0059,"Dr. Nicole Ramos",Neurology,D006,MED004,Amlodipine,"5 mg tablet",V000505,2023-12-02,"2 tablets daily","5 days",Discontinued
RX000937,P00114,"Bea Torres",DR0094,"Anthony Aquino MD","General Surgery",D008,MED003,Metformin,"500 mg tablet",V000563,2025-11-09,"1 tab BID","10 days",Unknown
RX000938,P00997,"Miguel Torres",DR0099,"Dr. Maria Torres",Neurology,D006,MED004,Amlodipine,"5 mg tablet",V002528,2023-09-03,PRN,N/a,Active
RX000939,P00813,"Andrea Castillo",DR0088,"Dr. Jose Flores",Neurology,D006,MED010,Azithromycin,"500 mg tablet",V001772,2023-06-19,N/a,"10 days",Active
RX000940,P00033,"Mark Ramos",DR0047,"Catherine Garcia MD","General Surgery",D008,MED005,Omeprazole,"20 mg capsule",V001484,2023-11-03,PRN,"30 days",Completed
RX000941,P00610,"Jose Mendoza",DR0009,"Dr. Nicole Mendoza",Emergency,D004,MED006,Losartan,"50 mg tablet",V002328,2024-04-22,PRN,N/a,Active
RX000942,P00870,"Carlos Torres",DR0022,"Dr. Jose Castillo",Pediatrics,D002,MED003,Metformin,"500 mg tablet",V002459,2025-01-03,PRN,"30 days",Discontinued
RX000943,P00374,"Patricia Bautista",DR0081,"Dr. Jose Mendoza","General Surgery",D008,MED003,Metformin,"500 mg tablet",V002398,2023-03-10,"2 tablets daily","10 days",Unknown
RX000944,P00863,"Mark Santos",DR0037,"Nicole Bautista MD",Pediatrics,D002,MED006,Losartan,"50 mg tablet",V000558,2024-10-16,"1 tablet twice daily","10 days",Active
RX000945,P00927,"Mark Santos",DR0058,"Robert Mendoza MD",Emergency,D004,MED012,Amoxicilin,"500 mg capsule",V000729,2025-10-25,"1 tablet twice daily","7 days",Unknown
RX000946,P00706,"Miguel Flores",DR0088,"Dr. Jose Flores",Neurology,D006,MED011,Paracetemol,"500 mg tablet",V002307,2025-10-29,"5 mL every 8 hrs","7 days",Completed
RX000947,P00886,"Angela Navarro",DR0088,"Dr. Jose Flores",Neurology,D006,MED011,Paracetemol,"500 mg tablet",V000966,2025-01-19,"1 tablet twice daily",N/a,Discontinued
RX000948,P00212,"Patricia Flores",DR0007,"Nicole Mendoza MD","Internal Medicine",D003,MED003,Metformin,"500 mg tablet",V000015,2024-03-17,"5 mL every 8 hrs","5 days",Unknown
RX000949,P00897,"Maria Castillo",DR0062,"Dr. Catherine Cruz",Pediatrics,D002,MED006,Losartan,"50 mg tablet",V001762,2024-12-25,"1 tab BID",N/a,Active
RX000950,P00875,"Bea Navarro",DR0053,"Dr. Samantha Rivera",Cardiology,D001,MED007,Ibuprofen,"400 mg tablet",V000518,2023-09-02,"2 tablets daily",N/a,Discontinued
RX000951,P00816,"Grace Gonzales",DR0072,"Dr. Elena Reyes",Cardiology,D001,MED005,Omeprazole,"20 mg capsule",V001542,2025-08-26,"5 mL every 8 hrs","10 days",Discontinued
RX000952,P00659,"Miguel Garcia",DR0003,"Elena Cruz MD","Obstetrics & Gynecology",D007,MED004,Amlodipine,"5 mg tablet",V000871,2023-04-15,"5 mL every 8 hrs","7 days",Unknown
RX000953,P00723,"Maria Aquino",DR0007,"Nicole Mendoza MD","Internal Medicine",D003,MED011,Paracetemol,"500 mg tablet",V000523,2025-05-25,N/a,N/a,Discontinued
RX000954,P00468,"Andrea Rivera",DR0043,"Dr. Samantha Flores",Emergency,D004,MED011,Paracetemol,"500 mg tablet",V002059,2023-08-27,"1 tablet twice daily","10 days",Completed
RX000955,P00642,"Maria Mendoza",DR0071,"Dr. Jose Garcia","Obstetrics & Gynecology",D007,MED009,Salbutamol,"2 mg inhaler",V001666,2023-05-17,PRN,"10 days",Completed
RX000956,P00527,"Miguel Cruz",DR0082,"Elena Castillo MD","General Surgery",D008,MED009,Salbutamol,"2 mg inhaler",V001922,2024-01-17,N/a,"5 days",Discontinued
RX000957,P00280,"Kevin Aquino",DR0054,"Dr. Robert Dela Cruz","Internal Medicine",D003,MED008,Atorvastatin,"20 mg tablet",V000238,2023-11-18,"1 tab BID","10 days",Active
RX000958,P00887,"Juan Castillo",DR0072,"Dr. Elena Reyes",Cardiology,D001,MED006,Losartan,"50 mg tablet",V002282,2023-01-01,PRN,"30 days",Active
RX000959,P00091,"Miguel Mendoza",DR0062,"Dr. Catherine Cruz",Pediatrics,D002,MED006,Losartan,"50 mg tablet",V000354,2024-04-27,PRN,"10 days",Unknown
RX000960,P00347,"Sofia Cruz",DR0002,"Dr. Patrick Cruz","Obstetrics & Gynecology",D007,MED005,Omeprazole,"20 mg capsule",V000084,2025-06-30,"5 mL every 8 hrs","5 days",Discontinued
RX000961,P00265,"Jose Ramos",DR0007,"Nicole Mendoza MD","Internal Medicine",D003,MED011,Paracetemol,"500 mg tablet",V002836,2024-07-01,N/a,"5 days",Completed
RX000962,P00820,"Sofia Santos",DR0037,"Nicole Bautista MD",Pediatrics,D002,MED004,Amlodipine,"5 mg tablet",V001713,2024-10-18,"1 tablet twice daily","10 days",Active
RX000963,P00855,"Daniel Torres",DR0034,"Elena Navarro MD",Neurology,D006,MED003,Metformin,"500 mg tablet",V002579,2024-11-15,"1 tab BID","30 days",Unknown
RX000964,P00117,"Carlos Reyes",DR0047,"Catherine Garcia MD","General Surgery",D008,MED001,Paracetamol,"500 mg tablet",V002263,2024-01-13,"1 tablet twice daily","7 days",Active
RX000965,P00916,"Ramon Bautista",DR0030,"Dr. Elena Navarro","Obstetrics & Gynecology",D007,MED011,Paracetemol,"500 mg tablet",V002436,2025-11-18,"1 tab BID","5 days",Active
RX000966,P00636,"Ramon Bautista",DR0042,"Catherine Mendoza MD",Cardiology,D001,MED011,Paracetemol,"500 mg tablet",V002604,2025-06-07,"2 tablets daily","7 days",Completed
RX000967,P00336,"Daniel Castillo",NULL,NULL,NULL,NULL,MED005,Omeprazole,"20 mg capsule",V000225,2024-02-25,PRN,"30 days",Active
RX000968,P00926,"Kevin Ramos",DR0095,"Patrick Cruz MD","General Surgery",D008,MED002,Amoxicillin,"500 mg capsule",V000889,2025-09-10,"5 mL every 8 hrs","30 days",Discontinued
RX000969,P00896,"Maria Ramos",DR0072,"Dr. Elena Reyes",Cardiology,D001,MED011,Paracetemol,"500 mg tablet",V000253,2023-01-25,"1 tablet twice daily","30 days",Active
RX000970,P00898,"Ramon Cruz",DR0008,"Anthony Navarro MD","General Surgery",D008,MED012,Amoxicilin,"500 mg capsule",V002915,2024-12-04,"2 tablets daily","5 days",Active
RX000971,P00554,"Ramon Aquino",DR0030,"Dr. Elena Navarro","Obstetrics & Gynecology",D007,MED002,Amoxicillin,"500 mg capsule",V000730,2023-07-15,N/a,"10 days",Active
RX000972,P00301,"Liza Navarro",DR0093,"Dr. Patrick Navarro",Pediatrics,D002,MED011,Paracetemol,"500 mg tablet",V001149,2023-07-19,"5 mL every 8 hrs",N/a,Active
RX000973,P00935,"Angela Flores",DR0067,"Samantha Reyes MD",Emergency,D004,MED004,Amlodipine,"5 mg tablet",V002315,2024-07-13,"2 tablets daily","7 days",Active
RX000974,P00757,"Liza Garcia",DR0019,"Dr. Nicole Castillo",Orthopedics,D005,MED004,Amlodipine,"5 mg tablet",V001192,2025-07-19,"1 tablet twice daily","10 days",Active
RX000975,P00298,"Angela Flores",DR0084,"Anthony Santos MD",Neurology,D006,MED003,Metformin,"500 mg tablet",V002906,2023-11-17,"1 tablet twice daily","7 days",Active
RX000976,P00900,"Grace Cruz",DR0071,"Dr. Jose Garcia","Obstetrics & Gynecology",D007,MED005,Omeprazole,"20 mg capsule",V000426,2023-06-11,"5 mL every 8 hrs",N/a,Unknown
RX000977,P00379,"Maria Torres",DR0070,"Rafael Castillo MD","Internal Medicine",D003,MED007,Ibuprofen,"400 mg tablet",V002850,2023-09-30,"2 tablets daily",N/a,Completed
RX000978,P00550,"Angela Cruz",DR0027,"Dr. Nicole Gonzales","Obstetrics & Gynecology",D007,MED004,Amlodipine,"5 mg tablet",V002975,2025-08-24,"5 mL every 8 hrs",N/a,Unknown
RX000979,P00028,"Miguel Castillo",DR0092,"Dr. Catherine Bautista","Internal Medicine",D003,MED007,Ibuprofen,"400 mg tablet",V001677,2024-10-25,"2 tablets daily","10 days",Discontinued
RX000980,P00869,"Maria Rivera",DR0036,"Dr. Patrick Dela Cruz","Obstetrics & Gynecology",D007,MED011,Paracetemol,"500 mg tablet",V001799,2025-11-11,PRN,"7 days",Active
RX000981,P00582,"Liza Rivera",DR0086,"Dr. Jose Garcia","Internal Medicine",D003,MED008,Atorvastatin,"20 mg tablet",V002416,2025-02-06,"2 tablets daily",N/a,Active
RX000982,P00250,"Jose Dela Cruz",DR0077,"Samantha Santos MD","General Surgery",D008,MED011,Paracetemol,"500 mg tablet",V001036,2024-01-05,N/a,N/a,Active
RX000983,P00475,"Mark Rivera",DR0084,"Anthony Santos MD",Neurology,D006,MED001,Paracetamol,"500 mg tablet",V002847,2024-03-21,"2 tablets daily","10 days",Discontinued
RX000984,P00257,"Jose Dela Cruz",DR0077,"Samantha Santos MD","General Surgery",D008,MED005,Omeprazole,"20 mg capsule",V002667,2025-10-25,N/a,"7 days",Completed
RX000985,P00837,"Thomas Dela Cruz",DR0061,"Robert Bautista MD","General Surgery",D008,MED008,Atorvastatin,"20 mg tablet",V000470,2023-04-30,N/a,"30 days",Active
RX000986,P00692,"Carlos Bautista",DR0020,"Dr. Patrick Cruz",Orthopedics,D005,MED011,Paracetemol,"500 mg tablet",V002279,2023-03-06,"1 tablet twice daily","5 days",Active
RX000987,P00456,"Grace Flores",DR0053,"Dr. Samantha Rivera",Cardiology,D001,MED004,Amlodipine,"5 mg tablet",V002524,2025-11-05,"1 tablet twice daily",N/a,Active
RX000988,P00664,"Patricia Ramos",DR0097,"Dr. Samantha Garcia",Neurology,D006,MED012,Amoxicilin,"500 mg capsule",V000898,2023-07-19,PRN,"5 days",Active
RX000989,P00292,"Kevin Gonzales",DR0059,"Dr. Nicole Ramos",Neurology,D006,MED001,Paracetamol,"500 mg tablet",V000014,2023-08-15,N/a,N/a,Active
RX000990,P00807,"Angela Gonzales",DR0033,"Dr. Catherine Bautista",Cardiology,D001,MED012,Amoxicilin,"500 mg capsule",V001046,2024-07-21,"1 tab BID",N/a,Completed
RX000991,P00482,"Angela Santos",DR0018,"Catherine Santos MD",Orthopedics,D005,MED007,Ibuprofen,"400 mg tablet",V000367,2024-12-15,PRN,N/a,Active
RX000992,P00008,"Daniel Navarro",DR0073,"Dr. Catherine Torres",Pediatrics,D002,MED002,Amoxicillin,"500 mg capsule",V001117,2023-06-05,N/a,N/a,Completed
RX000993,P00920,"Mark Aquino",DR0097,"Dr. Samantha Garcia",Neurology,D006,MED006,Losartan,"50 mg tablet",V002152,2025-04-03,"1 tablet twice daily","30 days",Active
RX000994,P00308,"Kevin Navarro",DR0056,"Dr. Elena Cruz",Neurology,D006,MED002,Amoxicillin,"500 mg capsule",V000708,2024-12-31,"1 tablet twice daily","5 days",Unknown
RX000995,P00767,"Ramon Aquino",DR0067,"Samantha Reyes MD",Emergency,D004,MED009,Salbutamol,"2 mg inhaler",V002674,2025-11-15,N/a,"30 days",Active
RX000996,P00246,"Sofia Reyes",DR0059,"Dr. Nicole Ramos",Neurology,D006,MED005,Omeprazole,"20 mg capsule",V001824,2023-08-07,"1 tab BID","7 days",Unknown
RX000997,P00965,"Bea Gonzales",DR0055,"Dr. Jose Santos","Obstetrics & Gynecology",D007,MED006,Losartan,"50 mg tablet",V002374,2025-01-25,"1 tablet twice daily","10 days",Unknown
RX000998,P00295,"Ana Bautista",DR0069,"Dr. Jose Mendoza",Pediatrics,D002,MED006,Losartan,"50 mg tablet",V002288,2024-04-19,N/a,"5 days",Discontinued
RX000999,P00475,"Mark Rivera",DR0054,"Dr. Robert Dela Cruz","Internal Medicine",D003,MED003,Metformin,"500 mg tablet",V002915,2024-02-16,PRN,N/a,Unknown
RX001000,P00459,"Luis Santos",DR0061,"Robert Bautista MD","General Surgery",D008,MED004,Amlodipine,"5 mg tablet",V001849,2023-03-25,"1 tablet twice daily","5 days",Active
RX001001,P00707,"Carlos Mendoza",DR0025,"Nicole Torres MD","General Surgery",D008,MED006,Losartan,"50 mg tablet",V001863,2023-12-15,PRN,"7 days",Completed
RX001002,P00322,"Kevin Castillo",DR0015,"Anthony Castillo MD",Emergency,D004,MED009,Salbutamol,"2 mg inhaler",V002846,2024-11-07,N/a,"5 days",Active
RX001003,P00681,"Sofia Rivera",DR0003,"Elena Cruz MD","Obstetrics & Gynecology",D007,MED001,Paracetamol,"500 mg tablet",V002028,2024-07-15,"5 mL every 8 hrs","30 days",Completed
RX001004,P00470,"Maria Torres",DR0099,"Dr. Maria Torres",Neurology,D006,MED010,Azithromycin,"500 mg tablet",V002551,2024-04-10,PRN,"5 days",Active
RX001005,P00148,"Mark Ramos",DR0013,"Dr. Samantha Cruz",Emergency,D004,MED009,Salbutamol,"2 mg inhaler",V000193,2025-12-10,"5 mL every 8 hrs",N/a,Active
RX001006,NULL,NULL,DR0099,"Dr. Maria Torres",Neurology,D006,MED011,Paracetemol,"500 mg tablet",V002368,2024-10-25,"2 tablets daily",N/a,Discontinued
RX001007,P00148,"Mark Ramos",DR0048,"Dr. Robert Castillo",Pediatrics,D002,MED005,Omeprazole,"20 mg capsule",V000915,2023-04-03,"5 mL every 8 hrs","30 days",Unknown
RX001008,P00733,"Ana Reyes",DR0032,"Dr. Samantha Castillo","Internal Medicine",D003,MED008,Atorvastatin,"20 mg tablet",V000537,2025-04-12,"2 tablets daily",N/a,Discontinued
RX001009,P00922,"Andrea Bautista",DR0063,"Dr. Anthony Bautista",Pediatrics,D002,MED001,Paracetamol,"500 mg tablet",V000032,2025-02-21,PRN,N/a,Discontinued
RX001010,P00860,"Maria Mendoza",DR0017,"Elena Santos MD",Pediatrics,D002,MED008,Atorvastatin,"20 mg tablet",V000858,2024-03-15,"1 tablet twice daily","10 days",Discontinued
RX001011,P00119,"Ramon Ramos",DR0052,"Patrick Reyes MD",Pediatrics,D002,MED003,Metformin,"500 mg tablet",V001786,2023-08-28,PRN,"30 days",Discontinued
RX001012,P00787,"Juan Navarro",DR0089,"Maria Cruz MD",Emergency,D004,MED011,Paracetemol,"500 mg tablet",V000743,2025-12-05,"1 tab BID","10 days",Completed
RX001013,P00891,"Jose Santos",DR0008,"Anthony Navarro MD","General Surgery",D008,MED010,Azithromycin,"500 mg tablet",V002678,2025-12-08,"1 tab BID","30 days",Unknown
RX001014,P00703,"Sofia Castillo",DR0038,"Dr. Nicole Rivera",Pediatrics,D002,MED012,Amoxicilin,"500 mg capsule",V001191,2024-10-26,"1 tablet twice daily",N/a,Discontinued
RX001015,P00589,"Mark Torres",DR0043,"Dr. Samantha Flores",Emergency,D004,MED009,Salbutamol,"2 mg inhaler",V002075,2025-11-02,PRN,"7 days",Completed
RX001016,P00079,"Ana Garcia",DR0086,"Dr. Jose Garcia","Internal Medicine",D003,MED010,Azithromycin,"500 mg tablet",V000940,2023-05-25,N/a,"5 days",Active
RX001017,P00098,"Luis Bautista",DR0062,"Dr. Catherine Cruz",Pediatrics,D002,MED003,Metformin,"500 mg tablet",V002479,2024-08-31,"1 tab BID","10 days",Unknown
RX001018,P00258,"Miguel Rivera",DR0045,"Dr. Robert Dela Cruz","Obstetrics & Gynecology",D007,MED007,Ibuprofen,"400 mg tablet",V000058,2024-12-10,"2 tablets daily","30 days",Completed
RX001019,P00878,"John Santos",DR0100,"Dr. Robert Navarro",Neurology,D006,MED001,Paracetamol,"500 mg tablet",V001267,2024-06-12,"1 tablet twice daily","30 days",Completed
RX001020,P00743,"Andrea Navarro",DR0085,"Dr. Anthony Flores",Neurology,D006,MED007,Ibuprofen,"400 mg tablet",V002934,2023-07-07,"2 tablets daily","5 days",Discontinued
RX001021,P00064,"Bea Dela Cruz",DR0029,"Robert Bautista MD","General Surgery",D008,MED001,Paracetamol,"500 mg tablet",V000897,2023-04-23,PRN,"5 days",Active
RX001022,P00817,"Juan Rivera",DR0017,"Elena Santos MD",Pediatrics,D002,MED005,Omeprazole,"20 mg capsule",V000479,2025-06-21,N/a,"5 days",Discontinued
RX001023,P00384,"Luis Castillo",DR0087,"Dr. Nicole Rivera","Internal Medicine",D003,MED001,Paracetamol,"500 mg tablet",V002051,2025-03-19,N/a,N/a,Active
RX001024,P00948,"Thomas Castillo",DR0001,"Elena Ramos MD","Internal Medicine",D003,MED010,Azithromycin,"500 mg tablet",V000540,2025-05-07,N/a,N/a,Active
RX001025,P00513,"Liza Torres",DR0065,"Dr. Samantha Mendoza",Pediatrics,D002,MED001,Paracetamol,"500 mg tablet",V002057,2025-10-16,"5 mL every 8 hrs","7 days",Active
RX001026,P00489,"Maria Navarro",DR0043,"Dr. Samantha Flores",Emergency,D004,MED001,Paracetamol,"500 mg tablet",V000963,2023-11-04,PRN,N/a,Discontinued
RX001027,P00156,"Luis Mendoza",DR0049,"Anthony Garcia MD","General Surgery",D008,MED003,Metformin,"500 mg tablet",V002452,2025-08-04,"5 mL every 8 hrs","30 days",Completed
RX001028,P00323,"Luis Ramos",DR0067,"Samantha Reyes MD",Emergency,D004,MED010,Azithromycin,"500 mg tablet",V002853,2024-07-25,"1 tablet twice daily","5 days",Active
RX001029,P00542,"Juan Torres",DR0048,"Dr. Robert Castillo",Pediatrics,D002,MED001,Paracetamol,"500 mg tablet",V002276,2023-03-15,"2 tablets daily",N/a,Active
RX001030,P00399,"Maria Flores",DR0045,"Dr. Robert Dela Cruz","Obstetrics & Gynecology",D007,MED012,Amoxicilin,"500 mg capsule",V000277,2024-08-19,"5 mL every 8 hrs",N/a,Completed
RX001031,P00452,"Jose Mendoza",DR0009,"Dr. Nicole Mendoza",Emergency,D004,MED003,Metformin,"500 mg tablet",V002948,2023-08-15,"2 tablets daily","7 days",Discontinued
RX001032,P00126,"Kevin Dela Cruz",DR0066,"Dr. Maria Garcia",Cardiology,D001,MED008,Atorvastatin,"20 mg tablet",V001717,2023-07-09,"1 tablet twice daily",N/a,Unknown
RX001033,P00247,"Sofia Cruz",DR0090,"Maria Mendoza MD","General Surgery",D008,MED009,Salbutamol,"2 mg inhaler",V002922,2025-05-31,"1 tab BID","5 days",Active
RX001034,P00555,"Patricia Gonzales",DR0084,"Anthony Santos MD",Neurology,D006,MED005,Omeprazole,"20 mg capsule",V001291,2025-06-14,"5 mL every 8 hrs","5 days",Completed
RX001035,P00682,"Andrea Dela Cruz",DR0042,"Catherine Mendoza MD",Cardiology,D001,MED003,Metformin,"500 mg tablet",V002269,2024-03-24,N/a,N/a,Discontinued
RX001036,P00568,"Jose Rivera",DR0012,"Dr. Samantha Garcia",Emergency,D004,MED005,Omeprazole,"20 mg capsule",V000935,2024-03-03,"1 tablet twice daily","10 days",Completed
RX001037,P01002,"Maria Santos",DR0048,"Dr. Robert Castillo",Pediatrics,D002,MED003,Metformin,"500 mg tablet",V002630,2025-02-25,PRN,"5 days",Active
RX001038,P00659,"Miguel Garcia",DR0094,"Anthony Aquino MD","General Surgery",D008,MED012,Amoxicilin,"500 mg capsule",V002468,2024-05-18,"1 tablet twice daily","10 days",Unknown
RX001039,P00512,"Miguel Mendoza",DR0089,"Maria Cruz MD",Emergency,D004,MED009,Salbutamol,"2 mg inhaler",V001557,2023-06-14,"2 tablets daily","5 days",Active
RX001040,P00095,"Ramon Gonzales",DR0004,"Robert Castillo MD","Internal Medicine",D003,MED007,Ibuprofen,"400 mg tablet",V000261,2025-05-27,"5 mL every 8 hrs",N/a,Active
RX001041,P00520,"Patricia Santos",DR0009,"Dr. Nicole Mendoza",Emergency,D004,MED012,Amoxicilin,"500 mg capsule",V001540,2024-12-12,PRN,N/a,Completed
RX001042,P00713,"Thomas Dela Cruz",DR0070,"Rafael Castillo MD","Internal Medicine",D003,MED010,Azithromycin,"500 mg tablet",V001766,2023-11-01,"1 tab BID","30 days",Discontinued
RX001043,P00366,"Kevin Reyes",DR0003,"Elena Cruz MD","Obstetrics & Gynecology",D007,MED005,Omeprazole,"20 mg capsule",V002745,2023-08-20,PRN,"5 days",Unknown
RX001044,P00372,"Ana Navarro",DR0008,"Anthony Navarro MD","General Surgery",D008,MED009,Salbutamol,"2 mg inhaler",V000931,2025-09-09,"2 tablets daily",N/a,Completed
RX001045,P00077,"Kevin Rivera",DR0023,"Jose Castillo MD",Orthopedics,D005,MED011,Paracetemol,"500 mg tablet",V001391,2025-02-27,"2 tablets daily","7 days",Discontinued
RX001046,P00988,"Andrea Torres",DR0078,"Dr. Jose Castillo","Obstetrics & Gynecology",D007,MED009,Salbutamol,"2 mg inhaler",V002772,2023-07-19,"1 tab BID","10 days",Active
RX001047,P00164,"Thomas Flores",DR0009,"Dr. Nicole Mendoza",Emergency,D004,MED012,Amoxicilin,"500 mg capsule",V000638,2024-11-02,N/a,N/a,Unknown
RX001048,P00560,"Angela Flores",DR0059,"Dr. Nicole Ramos",Neurology,D006,MED004,Amlodipine,"5 mg tablet",V000848,2024-05-06,"1 tablet twice daily",N/a,Discontinued
RX001049,P00666,"Daniel Aquino",DR0021,"Elena Santos MD",Cardiology,D001,MED004,Amlodipine,"5 mg tablet",V002072,2023-03-21,"5 mL every 8 hrs",N/a,Active
RX001050,P00480,"John Mendoza",DR0096,"Dr. Maria Navarro","Internal Medicine",D003,MED004,Amlodipine,"5 mg tablet",V001891,2025-08-02,"5 mL every 8 hrs",N/a,Active
RX001051,P00564,"Jose Garcia",DR0076,"Maria Torres MD",Orthopedics,D005,MED001,Paracetamol,"500 mg tablet",V001262,2023-07-30,"1 tab BID","5 days",Discontinued
RX001052,P00624,"Mark Rivera",DR0035,"Anthony Mendoza MD",Pediatrics,D002,MED006,Losartan,"50 mg tablet",V000026,2023-09-16,"5 mL every 8 hrs","30 days",Active
RX001053,P00082,"Sofia Reyes",DR0025,"Nicole Torres MD","General Surgery",D008,MED012,Amoxicilin,"500 mg capsule",V000970,2024-09-04,PRN,N/a,Active
RX001054,P00160,"Kevin Cruz",DR0092,"Dr. Catherine Bautista","Internal Medicine",D003,MED006,Losartan,"50 mg tablet",V000554,2024-10-16,"2 tablets daily","10 days",Unknown
RX001055,P00174,"Carlos Mendoza",DR0066,"Dr. Maria Garcia",Cardiology,D001,MED003,Metformin,"500 mg tablet",V001398,2024-06-07,"2 tablets daily","5 days",Completed
RX001056,P00208,"John Santos",DR0019,"Dr. Nicole Castillo",Orthopedics,D005,MED012,Amoxicilin,"500 mg capsule",V001439,2025-03-13,PRN,"30 days",Active
RX001057,P00753,"Miguel Ramos",DR0025,"Nicole Torres MD","General Surgery",D008,MED004,Amlodipine,"5 mg tablet",V002673,2024-04-26,"1 tablet twice daily","10 days",Discontinued
RX001058,P00923,"Luis Torres",DR0030,"Dr. Elena Navarro","Obstetrics & Gynecology",D007,MED011,Paracetemol,"500 mg tablet",V000442,2023-07-23,"1 tablet twice daily",N/a,Completed
RX001059,P00965,"Bea Gonzales",DR0027,"Dr. Nicole Gonzales","Obstetrics & Gynecology",D007,MED003,Metformin,"500 mg tablet",V002853,2025-10-05,"5 mL every 8 hrs",N/a,Unknown
RX001060,P00185,"Patricia Reyes",DR0096,"Dr. Maria Navarro","Internal Medicine",D003,MED009,Salbutamol,"2 mg inhaler",V000511,2023-04-21,N/a,"10 days",Completed
RX001061,P00834,"Kevin Cruz",DR0016,"Jose Navarro MD","Internal Medicine",D003,MED002,Amoxicillin,"500 mg capsule",V000314,2023-11-07,PRN,N/a,Active
RX001062,P00749,"Luis Flores",DR0007,"Nicole Mendoza MD","Internal Medicine",D003,MED011,Paracetemol,"500 mg tablet",V002079,2024-03-18,PRN,N/a,Completed
RX001063,P00048,"Mark Flores",DR0077,"Samantha Santos MD","General Surgery",D008,MED004,Amlodipine,"5 mg tablet",V002673,2024-03-24,"1 tab BID",N/a,Unknown
RX001064,P00661,"Ana Reyes",DR0078,"Dr. Jose Castillo","Obstetrics & Gynecology",D007,MED011,Paracetemol,"500 mg tablet",V002304,2023-06-18,"1 tablet twice daily","7 days",Active
RX001065,P00576,"Sofia Aquino",DR0073,"Dr. Catherine Torres",Pediatrics,D002,MED003,Metformin,"500 mg tablet",V001668,2025-11-10,N/a,"5 days",Unknown
RX001066,P00242,"Bea Cruz",DR0027,"Dr. Nicole Gonzales","Obstetrics & Gynecology",D007,MED005,Omeprazole,"20 mg capsule",V001302,2023-09-02,"5 mL every 8 hrs","7 days",Unknown
RX001067,P00518,"Juan Gonzales",DR0092,"Dr. Catherine Bautista","Internal Medicine",D003,MED006,Losartan,"50 mg tablet",V002299,2024-05-23,"2 tablets daily",N/a,Unknown
RX001068,P00675,"Juan Reyes",DR0076,"Maria Torres MD",Orthopedics,D005,MED008,Atorvastatin,"20 mg tablet",V001785,2025-07-14,"1 tablet twice daily","30 days",Discontinued
RX001069,P00053,"Mark Garcia",DR0023,"Jose Castillo MD",Orthopedics,D005,MED010,Azithromycin,"500 mg tablet",V001145,2025-10-10,"5 mL every 8 hrs","10 days",Active
RX001070,P00672,"Bea Flores",DR0045,"Dr. Robert Dela Cruz","Obstetrics & Gynecology",D007,MED004,Amlodipine,"5 mg tablet",V002355,2023-11-21,N/a,N/a,Discontinued
RX001071,P00280,"Kevin Aquino",DR0004,"Robert Castillo MD","Internal Medicine",D003,MED009,Salbutamol,"2 mg inhaler",V002829,2024-07-10,"1 tab BID",N/a,Discontinued
RX001072,P00591,"Liza Santos",DR0006,"Dr. Elena Rivera",Orthopedics,D005,MED003,Metformin,"500 mg tablet",V001985,2023-03-01,"2 tablets daily","7 days",Completed
RX001073,P00597,"Juan Garcia",DR0071,"Dr. Jose Garcia","Obstetrics & Gynecology",D007,MED009,Salbutamol,"2 mg inhaler",V000152,2024-06-23,"2 tablets daily","30 days",Discontinued
RX001074,P00195,"Jose Mendoza",DR0083,"Samantha Castillo MD",Pediatrics,D002,MED007,Ibuprofen,"400 mg tablet",V002758,2024-02-29,"1 tablet twice daily","10 days",Unknown
RX001075,P00783,"Ramon Bautista",DR0066,"Dr. Maria Garcia",Cardiology,D001,MED006,Losartan,"50 mg tablet",V001537,2025-03-13,N/a,N/a,Active
RX001076,P00799,"Mark Ramos",DR0032,"Dr. Samantha Castillo","Internal Medicine",D003,MED001,Paracetamol,"500 mg tablet",V001111,2024-07-13,"2 tablets daily","10 days",Active
RX001077,P00432,"John Aquino",DR0059,"Dr. Nicole Ramos",Neurology,D006,MED004,Amlodipine,"5 mg tablet",V002322,2024-10-26,N/a,"7 days",Discontinued
RX001078,P00267,"Bea Ramos",DR0045,"Dr. Robert Dela Cruz","Obstetrics & Gynecology",D007,MED004,Amlodipine,"5 mg tablet",V002796,2024-01-25,"1 tablet twice daily",N/a,Active
RX001079,P00368,"Bea Santos",DR0076,"Maria Torres MD",Orthopedics,D005,MED008,Atorvastatin,"20 mg tablet",V001548,2023-05-27,"1 tablet twice daily",N/a,Active
RX001080,P00435,"Miguel Reyes",DR0050,"Catherine Reyes MD","Internal Medicine",D003,MED011,Paracetemol,"500 mg tablet",V001529,2024-09-18,N/a,"10 days",Unknown
RX001081,P00711,"Angela Castillo",DR0078,"Dr. Jose Castillo","Obstetrics & Gynecology",D007,MED009,Salbutamol,"2 mg inhaler",V002918,2023-05-01,"5 mL every 8 hrs","5 days",Active
RX001082,P00394,"Sofia Aquino",DR0015,"Anthony Castillo MD",Emergency,D004,MED001,Paracetamol,"500 mg tablet",V000393,2025-09-16,"1 tablet twice daily","7 days",Completed
RX001083,P00348,"John Rivera",DR0076,"Maria Torres MD",Orthopedics,D005,MED011,Paracetemol,"500 mg tablet",V001712,2024-03-14,"5 mL every 8 hrs","10 days",Unknown
RX001084,P00178,"Liza Reyes",DR0023,"Jose Castillo MD",Orthopedics,D005,MED006,Losartan,"50 mg tablet",V002406,2024-11-16,"1 tablet twice daily",N/a,Active
RX001085,P00446,"Liza Santos",DR0003,"Elena Cruz MD","Obstetrics & Gynecology",D007,MED004,Amlodipine,"5 mg tablet",V001112,2024-08-14,PRN,"10 days",Unknown
RX001086,P00781,"Thomas Flores",DR0009,"Dr. Nicole Mendoza",Emergency,D004,MED012,Amoxicilin,"500 mg capsule",V002184,2025-03-19,"5 mL every 8 hrs","10 days",Active
RX001087,P00324,"Ana Torres",DR0057,"Elena Navarro MD",Emergency,D004,MED012,Amoxicilin,"500 mg capsule",V001650,2025-06-19,"1 tab BID","30 days",Completed
RX001088,P00715,"John Torres",DR0087,"Dr. Nicole Rivera","Internal Medicine",D003,MED010,Azithromycin,"500 mg tablet",V000049,2025-06-07,PRN,N/a,Discontinued
RX001089,P00806,"Patricia Castillo",DR0007,"Nicole Mendoza MD","Internal Medicine",D003,MED011,Paracetemol,"500 mg tablet",V000905,2024-04-24,"2 tablets daily",N/a,Active
RX001090,P00282,"Kevin Rivera",DR0055,"Dr. Jose Santos","Obstetrics & Gynecology",D007,MED008,Atorvastatin,"20 mg tablet",V001793,2025-08-10,"1 tab BID","7 days",Active
RX001091,P00724,"Carlos Flores",DR0088,"Dr. Jose Flores",Neurology,D006,MED010,Azithromycin,"500 mg tablet",V001870,2023-01-14,"2 tablets daily","10 days",Active
RX001092,P00712,"Kevin Castillo",DR0087,"Dr. Nicole Rivera","Internal Medicine",D003,MED002,Amoxicillin,"500 mg capsule",V000818,2023-03-02,"1 tab BID","10 days",Completed
RX001093,P00743,"Andrea Navarro",DR0018,"Catherine Santos MD",Orthopedics,D005,MED008,Atorvastatin,"20 mg tablet",V002803,2023-07-02,N/a,"10 days",Unknown
RX001094,P00230,"Daniel Ramos",DR0013,"Dr. Samantha Cruz",Emergency,D004,MED012,Amoxicilin,"500 mg capsule",V002053,2025-05-15,"2 tablets daily","7 days",Active
RX001095,P00401,"Liza Rivera",DR0016,"Jose Navarro MD","Internal Medicine",D003,MED003,Metformin,"500 mg tablet",V002780,2023-02-11,"1 tablet twice daily","10 days",Unknown
RX001096,P00391,"Daniel Dela Cruz",DR0027,"Dr. Nicole Gonzales","Obstetrics & Gynecology",D007,MED003,Metformin,"500 mg tablet",V000694,2024-10-17,"1 tablet twice daily","5 days",Discontinued
RX001097,P00643,"Luis Garcia",DR0044,"Dr. Catherine Castillo","Internal Medicine",D003,MED012,Amoxicilin,"500 mg capsule",V001924,2025-12-01,PRN,N/a,Unknown
RX001098,P00145,"Andrea Ramos",DR0005,"Dr. Samantha Gonzales",Emergency,D004,MED007,Ibuprofen,"400 mg tablet",V001523,2024-07-30,"1 tab BID","5 days",Active
RX001099,P00430,"Ramon Gonzales",DR0051,"Nicole Castillo MD",Neurology,D006,MED009,Salbutamol,"2 mg inhaler",V002092,2023-07-04,"5 mL every 8 hrs","7 days",Discontinued
RX001100,P00311,"Ana Mendoza",DR0006,"Dr. Elena Rivera",Orthopedics,D005,MED012,Amoxicilin,"500 mg capsule",V000326,2024-04-09,PRN,"5 days",Active
RX001101,P00451,"Thomas Ramos",DR0093,"Dr. Patrick Navarro",Pediatrics,D002,MED012,Amoxicilin,"500 mg capsule",V001050,2025-06-16,PRN,"5 days",Unknown
RX001102,P00082,"Sofia Reyes",DR0083,"Samantha Castillo MD",Pediatrics,D002,MED008,Atorvastatin,"20 mg tablet",V001458,2023-09-16,"1 tab BID","5 days",Unknown
RX001103,P00174,"Carlos Mendoza",DR0095,"Patrick Cruz MD","General Surgery",D008,MED009,Salbutamol,"2 mg inhaler",V002206,2024-07-08,"1 tab BID","30 days",Discontinued
RX001104,P00215,"Liza Torres",NULL,NULL,NULL,NULL,MED005,Omeprazole,"20 mg capsule",V002442,2024-03-24,"5 mL every 8 hrs","7 days",Active
RX001105,P00107,"Mark Navarro",DR0069,"Dr. Jose Mendoza",Pediatrics,D002,MED012,Amoxicilin,"500 mg capsule",V002837,2025-07-03,"5 mL every 8 hrs",N/a,Unknown
RX001106,P00287,"Luis Reyes",DR0061,"Robert Bautista MD","General Surgery",D008,MED006,Losartan,"50 mg tablet",V000946,2024-02-08,"2 tablets daily","10 days",Discontinued
RX001107,P00855,"Daniel Torres",DR0089,"Maria Cruz MD",Emergency,D004,MED005,Omeprazole,"20 mg capsule",V001832,2023-08-16,"5 mL every 8 hrs","10 days",Discontinued
RX001108,P00897,"Maria Castillo",DR0089,"Maria Cruz MD",Emergency,D004,MED002,Amoxicillin,"500 mg capsule",V002665,2024-02-18,PRN,"5 days",Discontinued
RX001109,P00254,"Thomas Garcia",DR0025,"Nicole Torres MD","General Surgery",D008,MED003,Metformin,"500 mg tablet",V001737,2023-06-01,PRN,"5 days",Completed
RX001110,P00364,"Sofia Cruz",DR0035,"Anthony Mendoza MD",Pediatrics,D002,MED006,Losartan,"50 mg tablet",V000655,2023-08-09,"5 mL every 8 hrs","7 days",Unknown
RX001111,P00680,"Ramon Rivera",DR0090,"Maria Mendoza MD","General Surgery",D008,MED008,Atorvastatin,"20 mg tablet",V000083,2025-07-14,N/a,"5 days",Active
RX001112,P00547,"Kevin Ramos",DR0053,"Dr. Samantha Rivera",Cardiology,D001,MED009,Salbutamol,"2 mg inhaler",V000344,2024-11-19,"5 mL every 8 hrs","10 days",Completed
RX001113,P00377,"Jose Garcia",DR0073,"Dr. Catherine Torres",Pediatrics,D002,MED004,Amlodipine,"5 mg tablet",V000134,2023-11-05,"1 tab BID","7 days",Unknown
RX001114,P00329,"John Dela Cruz",DR0097,"Dr. Samantha Garcia",Neurology,D006,MED008,Atorvastatin,"20 mg tablet",V001390,2025-07-26,N/a,N/a,Active
RX001115,P00290,"Liza Aquino",DR0020,"Dr. Patrick Cruz",Orthopedics,D005,MED001,Paracetamol,"500 mg tablet",V000278,2023-03-18,N/a,N/a,Unknown
RX001116,P00713,"Thomas Dela Cruz",DR0067,"Samantha Reyes MD",Emergency,D004,MED010,Azithromycin,"500 mg tablet",V002122,2025-09-22,"5 mL every 8 hrs","30 days",Active
RX001117,P00586,"Ana Gonzales",DR0052,"Patrick Reyes MD",Pediatrics,D002,MED011,Paracetemol,"500 mg tablet",V002935,2023-05-22,N/a,"30 days",Discontinued
RX001118,P00580,"Bea Reyes",DR0095,"Patrick Cruz MD","General Surgery",D008,MED010,Azithromycin,"500 mg tablet",V000768,2024-02-24,PRN,N/a,Completed
RX001119,P00732,"Luis Reyes",DR0005,"Dr. Samantha Gonzales",Emergency,D004,MED011,Paracetemol,"500 mg tablet",V002884,2025-03-06,PRN,N/a,Unknown
RX001120,P00871,"Bea Cruz",DR0073,"Dr. Catherine Torres",Pediatrics,D002,MED012,Amoxicilin,"500 mg capsule",V001995,2023-03-27,PRN,N/a,Completed
RX001121,P00675,"Juan Reyes",DR0094,"Anthony Aquino MD","General Surgery",D008,MED008,Atorvastatin,"20 mg tablet",V002362,2023-02-03,"1 tab BID",N/a,Completed
RX001122,P00901,"Thomas Ramos",DR0002,"Dr. Patrick Cruz","Obstetrics & Gynecology",D007,MED002,Amoxicillin,"500 mg capsule",V000443,2025-12-01,"5 mL every 8 hrs","7 days",Active
RX001123,P00762,"Miguel Mendoza",DR0025,"Nicole Torres MD","General Surgery",D008,MED009,Salbutamol,"2 mg inhaler",V000335,2023-01-12,"2 tablets daily",N/a,Completed
RX001124,P00794,"Sofia Ramos",DR0051,"Nicole Castillo MD",Neurology,D006,MED005,Omeprazole,"20 mg capsule",V001974,2025-02-14,"2 tablets daily","10 days",Discontinued
RX001125,P00742,"Thomas Santos",DR0023,"Jose Castillo MD",Orthopedics,D005,MED012,Amoxicilin,"500 mg capsule",V000593,2024-01-31,"1 tablet twice daily","10 days",Active
RX001126,P00755,"Liza Cruz",DR0067,"Samantha Reyes MD",Emergency,D004,MED008,Atorvastatin,"20 mg tablet",V002133,2025-02-21,PRN,N/a,Active
RX001127,P00340,"Andrea Reyes",DR0034,"Elena Navarro MD",Neurology,D006,MED010,Azithromycin,"500 mg tablet",V001963,2025-02-05,"1 tab BID","5 days",Active
RX001128,P00584,"Ana Flores",DR0095,"Patrick Cruz MD","General Surgery",D008,MED009,Salbutamol,"2 mg inhaler",V000612,2023-09-19,"2 tablets daily","7 days",Discontinued
RX001129,P00886,"Angela Navarro",DR0023,"Jose Castillo MD",Orthopedics,D005,MED005,Omeprazole,"20 mg capsule",V002900,2023-07-12,"1 tab BID",N/a,Unknown
RX001130,P00808,"Mark Reyes",DR0016,"Jose Navarro MD","Internal Medicine",D003,MED001,Paracetamol,"500 mg tablet",V001008,2025-11-18,"1 tab BID",N/a,Active
RX001131,P00566,"Daniel Mendoza",DR0038,"Dr. Nicole Rivera",Pediatrics,D002,MED009,Salbutamol,"2 mg inhaler",V000131,2023-11-18,"5 mL every 8 hrs",N/a,Discontinued
RX001132,P00229,"Sofia Santos",DR0068,"Dr. Maria Gonzales","Obstetrics & Gynecology",D007,MED008,Atorvastatin,"20 mg tablet",V002815,2024-10-10,"1 tab BID",N/a,Discontinued
RX001133,P00181,"Sofia Rivera",DR0020,"Dr. Patrick Cruz",Orthopedics,D005,MED002,Amoxicillin,"500 mg capsule",V000049,2024-10-06,"1 tab BID","5 days",Active
RX001134,P00394,"Sofia Aquino",DR0001,"Elena Ramos MD","Internal Medicine",D003,MED006,Losartan,"50 mg tablet",V000727,2023-04-08,"1 tab BID","10 days",Discontinued
RX001135,P00173,"Daniel Flores",DR0083,"Samantha Castillo MD",Pediatrics,D002,MED004,Amlodipine,"5 mg tablet",V002826,2023-03-14,"1 tab BID",N/a,Completed
RX001136,P00898,"Ramon Cruz",DR0003,"Elena Cruz MD","Obstetrics & Gynecology",D007,MED009,Salbutamol,"2 mg inhaler",V000244,2025-08-08,PRN,"10 days",Active
RX001137,P00152,"Bea Mendoza",DR0074,"Dr. Maria Gonzales","General Surgery",D008,MED005,Omeprazole,"20 mg capsule",V000946,2025-04-17,"2 tablets daily","10 days",Active
RX001138,P00643,"Luis Garcia",DR0076,"Maria Torres MD",Orthopedics,D005,MED008,Atorvastatin,"20 mg tablet",V000774,2023-03-22,"1 tablet twice daily","5 days",Unknown
RX001139,P00132,"Patricia Aquino",DR0039,"Samantha Santos MD","General Surgery",D008,MED011,Paracetemol,"500 mg tablet",V001096,2023-10-01,"1 tablet twice daily","7 days",Active
RX001140,P00001,"Ana Dela Cruz",DR0066,"Dr. Maria Garcia",Cardiology,D001,MED002,Amoxicillin,"500 mg capsule",V001520,2025-02-24,N/a,"30 days",Active
RX001141,P00593,"Maria Ramos",DR0025,"Nicole Torres MD","General Surgery",D008,MED002,Amoxicillin,"500 mg capsule",V001670,2024-07-26,"1 tablet twice daily","30 days",Active
RX001142,P00861,"Bea Rivera",DR0014,"Samantha Ramos MD",Pediatrics,D002,MED006,Losartan,"50 mg tablet",V000508,2023-07-21,"1 tab BID","7 days",Completed
RX001143,P00230,"Daniel Ramos",DR0086,"Dr. Jose Garcia","Internal Medicine",D003,MED002,Amoxicillin,"500 mg capsule",V002917,2024-08-11,N/a,N/a,Unknown
RX001144,P00080,"Thomas Navarro",DR0004,"Robert Castillo MD","Internal Medicine",D003,MED001,Paracetamol,"500 mg tablet",V000521,2025-02-02,"1 tab BID","7 days",Completed
RX001145,P00583,"Maria Cruz",DR0074,"Dr. Maria Gonzales","General Surgery",D008,MED004,Amlodipine,"5 mg tablet",V002612,2023-09-05,N/a,N/a,Active
RX001146,P00290,"Liza Aquino",DR0024,"Nicole Garcia MD","Internal Medicine",D003,MED002,Amoxicillin,"500 mg capsule",V002028,2025-11-04,"2 tablets daily","5 days",Completed
RX001147,P00731,"Ana Castillo",DR0035,"Anthony Mendoza MD",Pediatrics,D002,MED002,Amoxicillin,"500 mg capsule",V002530,2023-10-09,"5 mL every 8 hrs","5 days",Active
RX001148,P00843,"Grace Torres",DR0075,"Catherine Ramos MD",Neurology,D006,MED010,Azithromycin,"500 mg tablet",V001391,2023-06-22,N/a,"7 days",Active
RX001149,P00626,"Jose Castillo",DR0062,"Dr. Catherine Cruz",Pediatrics,D002,MED006,Losartan,"50 mg tablet",V002058,2023-01-01,N/a,"7 days",Unknown
RX001150,P00955,"Bea Mendoza",DR0084,"Anthony Santos MD",Neurology,D006,MED005,Omeprazole,"20 mg capsule",V001011,2023-07-01,"1 tablet twice daily",N/a,Unknown
RX001151,P00724,"Carlos Flores",DR0016,"Jose Navarro MD","Internal Medicine",D003,MED012,Amoxicilin,"500 mg capsule",V002560,2024-09-15,"5 mL every 8 hrs",N/a,Unknown
RX001152,P00417,"John Cruz",DR0031,"Dr. Jose Dela Cruz",Neurology,D006,MED008,Atorvastatin,"20 mg tablet",V000089,2023-06-27,PRN,N/a,Active
RX001153,P00283,"Grace Mendoza",DR0027,"Dr. Nicole Gonzales","Obstetrics & Gynecology",D007,MED006,Losartan,"50 mg tablet",V002997,2023-08-10,"5 mL every 8 hrs",N/a,Discontinued
RX001154,P00684,"Kevin Flores",DR0038,"Dr. Nicole Rivera",Pediatrics,D002,MED002,Amoxicillin,"500 mg capsule",V000450,2023-04-17,"2 tablets daily",N/a,Unknown
RX001155,P00835,"Juan Torres",DR0004,"Robert Castillo MD","Internal Medicine",D003,MED003,Metformin,"500 mg tablet",V001665,2025-12-04,N/a,"10 days",Discontinued
RX001156,P00641,"Daniel Navarro",DR0004,"Robert Castillo MD","Internal Medicine",D003,MED011,Paracetemol,"500 mg tablet",V002580,2023-10-26,PRN,N/a,Completed
RX001157,P00507,"Grace Navarro",DR0025,"Nicole Torres MD","General Surgery",D008,MED012,Amoxicilin,"500 mg capsule",V001776,2023-12-28,"1 tab BID",N/a,Unknown
RX001158,P00467,"Maria Aquino",DR0017,"Elena Santos MD",Pediatrics,D002,MED010,Azithromycin,"500 mg tablet",V001529,2024-02-23,"1 tablet twice daily",N/a,Active
RX001159,P00422,"Bea Rivera",DR0089,"Maria Cruz MD",Emergency,D004,MED006,Losartan,"50 mg tablet",V002993,2025-02-14,PRN,N/a,Active
RX001160,P00969,"Kevin Flores",DR0010,"Dr. Anthony Bautista","Internal Medicine",D003,MED008,Atorvastatin,"20 mg tablet",V000584,2025-05-21,PRN,"10 days",Active
RX001161,P00234,"Jose Mendoza",DR0003,"Elena Cruz MD","Obstetrics & Gynecology",D007,MED002,Amoxicillin,"500 mg capsule",V001427,2023-02-08,"5 mL every 8 hrs","7 days",Active
RX001162,P00665,"Ramon Garcia",DR0096,"Dr. Maria Navarro","Internal Medicine",D003,MED004,Amlodipine,"5 mg tablet",V000677,2024-02-18,N/a,N/a,Discontinued
RX001163,P00684,"Kevin Flores",DR0026,"Anthony Bautista MD",Neurology,D006,MED008,Atorvastatin,"20 mg tablet",V000067,2023-03-31,PRN,"30 days",Unknown
RX001164,P00988,"Andrea Torres",DR0071,"Dr. Jose Garcia","Obstetrics & Gynecology",D007,MED008,Atorvastatin,"20 mg tablet",V001790,2025-11-09,PRN,"7 days",Active
RX001165,P00145,"Andrea Ramos",DR0070,"Rafael Castillo MD","Internal Medicine",D003,MED012,Amoxicilin,"500 mg capsule",V002874,2023-10-07,"2 tablets daily","5 days",Active
RX001166,P00414,"Kevin Dela Cruz",DR0097,"Dr. Samantha Garcia",Neurology,D006,MED003,Metformin,"500 mg tablet",V000379,2023-01-29,"5 mL every 8 hrs",N/a,Active
RX001167,P00063,"Grace Santos",DR0013,"Dr. Samantha Cruz",Emergency,D004,MED011,Paracetemol,"500 mg tablet",V001308,2024-10-16,N/a,N/a,Completed
RX001168,P00817,"Juan Rivera",DR0070,"Rafael Castillo MD","Internal Medicine",D003,MED006,Losartan,"50 mg tablet",V001073,2023-12-06,"1 tablet twice daily",N/a,Active
RX001169,P00298,"Angela Flores",DR0043,"Dr. Samantha Flores",Emergency,D004,MED001,Paracetamol,"500 mg tablet",V002642,2025-04-14,PRN,"7 days",Discontinued
RX001170,P00922,"Andrea Bautista",DR0061,"Robert Bautista MD","General Surgery",D008,MED005,Omeprazole,"20 mg capsule",V000146,2023-05-14,N/a,N/a,Discontinued
RX001171,P00795,"Juan Bautista",DR0060,"Maria Castillo MD",Cardiology,D001,MED010,Azithromycin,"500 mg tablet",V002774,2024-09-08,"5 mL every 8 hrs","7 days",Unknown
RX001172,P00410,"Andrea Gonzales",DR0073,"Dr. Catherine Torres",Pediatrics,D002,MED003,Metformin,"500 mg tablet",V002103,2023-09-11,"2 tablets daily","7 days",Completed
RX001173,P00231,"Mark Torres",DR0025,"Nicole Torres MD","General Surgery",D008,MED006,Losartan,"50 mg tablet",V002230,2024-07-08,"1 tab BID","5 days",Unknown
RX001174,P00616,"Juan Dela Cruz",DR0059,"Dr. Nicole Ramos",Neurology,D006,MED007,Ibuprofen,"400 mg tablet",V002069,2023-10-11,N/a,"7 days",Completed
RX001175,NULL,NULL,DR0092,"Dr. Catherine Bautista","Internal Medicine",D003,MED001,Paracetamol,"500 mg tablet",V000723,2023-08-30,PRN,"10 days",Completed
RX001176,P00372,"Ana Navarro",DR0052,"Patrick Reyes MD",Pediatrics,D002,MED011,Paracetemol,"500 mg tablet",V001060,2023-03-30,PRN,N/a,Active
RX001177,P00262,"Miguel Torres",DR0007,"Nicole Mendoza MD","Internal Medicine",D003,MED005,Omeprazole,"20 mg capsule",V001396,2024-01-23,"2 tablets daily","30 days",Active
RX001178,P00598,"Jose Mendoza",DR0061,"Robert Bautista MD","General Surgery",D008,MED002,Amoxicillin,"500 mg capsule",V001053,2025-01-16,PRN,"10 days",Active
RX001179,P00771,"Miguel Mendoza",DR0091,"Dr. Rafael Flores",Orthopedics,D005,MED005,Omeprazole,"20 mg capsule",V002739,2024-05-29,N/a,N/a,Unknown
RX001180,P00018,"Luis Flores",DR0076,"Maria Torres MD",Orthopedics,D005,MED011,Paracetemol,"500 mg tablet",V001524,2023-10-14,"2 tablets daily","10 days",Active
RX001181,P00773,"Grace Reyes",DR0068,"Dr. Maria Gonzales","Obstetrics & Gynecology",D007,MED003,Metformin,"500 mg tablet",V000864,2023-06-27,"1 tablet twice daily","30 days",Unknown
RX001182,P00301,"Liza Navarro",DR0035,"Anthony Mendoza MD",Pediatrics,D002,MED010,Azithromycin,"500 mg tablet",V000539,2024-08-06,PRN,"7 days",Completed
RX001183,P00513,"Liza Torres",DR0059,"Dr. Nicole Ramos",Neurology,D006,MED011,Paracetemol,"500 mg tablet",V001213,2024-11-17,"5 mL every 8 hrs",N/a,Discontinued
RX001184,P00873,"Angela Dela Cruz",DR0036,"Dr. Patrick Dela Cruz","Obstetrics & Gynecology",D007,MED001,Paracetamol,"500 mg tablet",V002520,2024-03-25,N/a,"10 days",Active
RX001185,P00545,"Daniel Torres",DR0084,"Anthony Santos MD",Neurology,D006,MED008,Atorvastatin,"20 mg tablet",V002761,2024-09-14,N/a,"10 days",Active
RX001186,P00560,"Angela Flores",DR0071,"Dr. Jose Garcia","Obstetrics & Gynecology",D007,MED004,Amlodipine,"5 mg tablet",V000691,2025-06-08,N/a,"5 days",Active
RX001187,P00857,"Mark Garcia",DR0073,"Dr. Catherine Torres",Pediatrics,D002,MED012,Amoxicilin,"500 mg capsule",V000659,2024-11-19,"1 tablet twice daily","7 days",Active
RX001188,P00606,"Liza Santos",DR0094,"Anthony Aquino MD","General Surgery",D008,MED009,Salbutamol,"2 mg inhaler",V001157,2023-09-04,"1 tab BID","7 days",Active
RX001189,P01002,"Maria Santos",DR0049,"Anthony Garcia MD","General Surgery",D008,MED007,Ibuprofen,"400 mg tablet",V001513,2023-06-21,"5 mL every 8 hrs","7 days",Discontinued
RX001190,P00050,"Grace Gonzales",DR0088,"Dr. Jose Flores",Neurology,D006,MED001,Paracetamol,"500 mg tablet",V001210,2024-03-31,"1 tab BID","10 days",Unknown
RX001191,P00357,"Kevin Cruz",DR0051,"Nicole Castillo MD",Neurology,D006,MED002,Amoxicillin,"500 mg capsule",V001210,2023-03-25,"5 mL every 8 hrs",N/a,Active
RX001192,P00414,"Kevin Dela Cruz",DR0073,"Dr. Catherine Torres",Pediatrics,D002,MED012,Amoxicilin,"500 mg capsule",V001171,2024-11-05,"2 tablets daily","30 days",Discontinued
RX001193,P00634,"Luis Torres",DR0019,"Dr. Nicole Castillo",Orthopedics,D005,MED006,Losartan,"50 mg tablet",V002827,2024-03-07,"1 tab BID",N/a,Unknown
RX001194,P00378,"Angela Aquino",DR0097,"Dr. Samantha Garcia",Neurology,D006,MED003,Metformin,"500 mg tablet",V001944,2025-02-23,"2 tablets daily",N/a,Active
RX001195,P00827,"Angela Cruz",DR0055,"Dr. Jose Santos","Obstetrics & Gynecology",D007,MED002,Amoxicillin,"500 mg capsule",V001491,2025-03-15,N/a,"30 days",Active
RX001196,P00318,"Sofia Castillo",DR0002,"Dr. Patrick Cruz","Obstetrics & Gynecology",D007,MED007,Ibuprofen,"400 mg tablet",V001628,2025-08-06,"1 tab BID","30 days",Active
RX001197,P00402,"Luis Bautista",DR0015,"Anthony Castillo MD",Emergency,D004,MED009,Salbutamol,"2 mg inhaler",V001834,2024-11-27,"1 tablet twice daily","5 days",Discontinued
RX001198,P00585,"Bea Dela Cruz",DR0050,"Catherine Reyes MD","Internal Medicine",D003,MED008,Atorvastatin,"20 mg tablet",V002455,2025-04-17,PRN,"7 days",Active
RX001199,P00233,"Angela Garcia",DR0040,"Dr. Nicole Flores",Cardiology,D001,MED003,Metformin,"500 mg tablet",V001161,2025-04-12,"5 mL every 8 hrs",N/a,Completed
RX001200,P00086,"Ana Santos",DR0045,"Dr. Robert Dela Cruz","Obstetrics & Gynecology",D007,MED006,Losartan,"50 mg tablet",V001703,2025-10-27,N/a,N/a,Completed
RX001201,P00789,"Kevin Gonzales",DR0037,"Nicole Bautista MD",Pediatrics,D002,MED010,Azithromycin,"500 mg tablet",V001819,2025-10-14,N/a,"10 days",Active
RX001202,P00221,"Bea Torres",DR0029,"Robert Bautista MD","General Surgery",D008,MED012,Amoxicilin,"500 mg capsule",V002866,2025-10-20,"5 mL every 8 hrs",N/a,Active
RX001203,P00979,"Kevin Torres",DR0061,"Robert Bautista MD","General Surgery",D008,MED001,Paracetamol,"500 mg tablet",V002203,2023-08-26,"5 mL every 8 hrs","30 days",Active
RX001204,P00290,"Liza Aquino",DR0096,"Dr. Maria Navarro","Internal Medicine",D003,MED004,Amlodipine,"5 mg tablet",V001372,2025-01-23,"1 tab BID","10 days",Unknown
RX001205,P00689,"Luis Torres",DR0095,"Patrick Cruz MD","General Surgery",D008,MED007,Ibuprofen,"400 mg tablet",V002717,2023-07-24,"2 tablets daily",N/a,Unknown
RX001206,P00695,"Angela Bautista",DR0051,"Nicole Castillo MD",Neurology,D006,MED011,Paracetemol,"500 mg tablet",V000447,2023-04-24,"2 tablets daily","30 days",Active
RX001207,P00007,"John Gonzales",DR0067,"Samantha Reyes MD",Emergency,D004,MED007,Ibuprofen,"400 mg tablet",V002739,2025-10-08,"5 mL every 8 hrs","30 days",Active
RX001208,P00209,"John Ramos",DR0049,"Anthony Garcia MD","General Surgery",D008,MED001,Paracetamol,"500 mg tablet",V000831,2025-05-28,"2 tablets daily","7 days",Unknown
RX001209,P00183,"Patricia Bautista",DR0019,"Dr. Nicole Castillo",Orthopedics,D005,MED007,Ibuprofen,"400 mg tablet",V002046,2025-06-01,PRN,N/a,Completed
RX001210,P00230,"Daniel Ramos",DR0053,"Dr. Samantha Rivera",Cardiology,D001,MED008,Atorvastatin,"20 mg tablet",V001587,2023-06-28,"5 mL every 8 hrs","30 days",Discontinued
RX001211,P00058,"Carlos Castillo",DR0049,"Anthony Garcia MD","General Surgery",D008,MED010,Azithromycin,"500 mg tablet",V002787,2024-04-19,"5 mL every 8 hrs","7 days",Discontinued
RX001212,P00950,"Sofia Reyes",DR0101,"Maria Reyes MD",Cardiology,D001,MED003,Metformin,"500 mg tablet",V002730,2025-10-10,"5 mL every 8 hrs","10 days",Discontinued
RX001213,P00966,"Andrea Castillo",DR0034,"Elena Navarro MD",Neurology,D006,MED002,Amoxicillin,"500 mg capsule",V001883,2025-04-24,"5 mL every 8 hrs","10 days",Discontinued
RX001214,P00262,"Miguel Torres",DR0004,"Robert Castillo MD","Internal Medicine",D003,MED007,Ibuprofen,"400 mg tablet",V000641,2023-08-31,"5 mL every 8 hrs","5 days",Completed
RX001215,P00882,"Andrea Mendoza",DR0075,"Catherine Ramos MD",Neurology,D006,MED005,Omeprazole,"20 mg capsule",V002890,2024-02-05,"2 tablets daily",N/a,Discontinued
RX001216,P00706,"Miguel Flores",DR0034,"Elena Navarro MD",Neurology,D006,MED005,Omeprazole,"20 mg capsule",V002436,2023-12-23,"5 mL every 8 hrs","30 days",Active
RX001217,P00099,"Mark Rivera",DR0039,"Samantha Santos MD","General Surgery",D008,MED007,Ibuprofen,"400 mg tablet",V002152,2024-01-12,"1 tablet twice daily",N/a,Unknown
RX001218,P00490,"Grace Aquino",DR0066,"Dr. Maria Garcia",Cardiology,D001,MED011,Paracetemol,"500 mg tablet",V000291,2024-11-27,"1 tab BID","7 days",Unknown
RX001219,P00013,"Kevin Ramos",DR0029,"Robert Bautista MD","General Surgery",D008,MED008,Atorvastatin,"20 mg tablet",V002589,2023-02-04,N/a,"5 days",Active
RX001220,P00993,"Thomas Bautista",DR0062,"Dr. Catherine Cruz",Pediatrics,D002,MED007,Ibuprofen,"400 mg tablet",V000039,2025-03-17,"1 tab BID","7 days",Active
RX001221,P00089,"Jose Flores",DR0077,"Samantha Santos MD","General Surgery",D008,MED006,Losartan,"50 mg tablet",V002194,2025-12-27,PRN,N/a,Discontinued
RX001222,P00583,"Maria Cruz",DR0052,"Patrick Reyes MD",Pediatrics,D002,MED007,Ibuprofen,"400 mg tablet",V002826,2023-04-28,"2 tablets daily",N/a,Unknown
RX001223,P00760,"John Gonzales",DR0074,"Dr. Maria Gonzales","General Surgery",D008,MED007,Ibuprofen,"400 mg tablet",V000355,2025-01-15,"1 tablet twice daily","7 days",Active
RX001224,P00541,"Grace Aquino",DR0050,"Catherine Reyes MD","Internal Medicine",D003,MED006,Losartan,"50 mg tablet",V000873,2025-06-21,N/a,N/a,Active
RX001225,P00827,"Angela Cruz",DR0038,"Dr. Nicole Rivera",Pediatrics,D002,MED001,Paracetamol,"500 mg tablet",V001098,2024-06-13,"5 mL every 8 hrs","5 days",Discontinued
RX001226,P00658,"Patricia Dela Cruz",DR0087,"Dr. Nicole Rivera","Internal Medicine",D003,MED011,Paracetemol,"500 mg tablet",V000401,2025-04-11,"1 tablet twice daily","30 days",Completed
RX001227,P00539,"Miguel Flores",DR0045,"Dr. Robert Dela Cruz","Obstetrics & Gynecology",D007,MED005,Omeprazole,"20 mg capsule",V000794,2024-11-02,"5 mL every 8 hrs","5 days",Active
RX001228,P00806,"Patricia Castillo",DR0003,"Elena Cruz MD","Obstetrics & Gynecology",D007,MED009,Salbutamol,"2 mg inhaler",V002110,2024-08-18,"1 tablet twice daily","10 days",Discontinued
RX001229,P00597,"Juan Garcia",DR0067,"Samantha Reyes MD",Emergency,D004,MED011,Paracetemol,"500 mg tablet",V002905,2024-06-20,"2 tablets daily",N/a,Active
RX001230,P00308,"Kevin Navarro",DR0098,"Jose Aquino MD","Internal Medicine",D003,MED003,Metformin,"500 mg tablet",V002417,2023-04-20,PRN,"30 days",Active
RX001231,P00615,"Maria Ramos",DR0077,"Samantha Santos MD","General Surgery",D008,MED009,Salbutamol,"2 mg inhaler",V000583,2024-03-17,PRN,N/a,Completed
RX001232,P00289,"Kevin Rivera",DR0097,"Dr. Samantha Garcia",Neurology,D006,MED011,Paracetemol,"500 mg tablet",V001078,2024-11-23,"2 tablets daily",N/a,Unknown
RX001233,P00881,"Patricia Aquino",DR0095,"Patrick Cruz MD","General Surgery",D008,MED006,Losartan,"50 mg tablet",V001793,2023-02-17,N/a,"5 days",Active
RX001234,P00406,"Kevin Flores",DR0010,"Dr. Anthony Bautista","Internal Medicine",D003,MED003,Metformin,"500 mg tablet",V001136,2024-10-22,N/a,"30 days",Unknown
RX001235,P00377,"Jose Garcia",DR0094,"Anthony Aquino MD","General Surgery",D008,MED005,Omeprazole,"20 mg capsule",V002622,2023-12-16,"5 mL every 8 hrs","7 days",Discontinued
RX001236,P00368,"Bea Santos",DR0015,"Anthony Castillo MD",Emergency,D004,MED001,Paracetamol,"500 mg tablet",V000567,2024-03-14,"1 tablet twice daily","30 days",Completed
RX001237,P00600,"Kevin Navarro",DR0056,"Dr. Elena Cruz",Neurology,D006,MED010,Azithromycin,"500 mg tablet",V000937,2025-06-15,"5 mL every 8 hrs","7 days",Completed
RX001238,P00855,"Daniel Torres",DR0046,"Rafael Ramos MD",Emergency,D004,MED009,Salbutamol,"2 mg inhaler",V001622,2024-02-11,N/a,"7 days",Discontinued
RX001239,P00041,"Liza Dela Cruz",DR0094,"Anthony Aquino MD","General Surgery",D008,MED008,Atorvastatin,"20 mg tablet",V002986,2024-11-13,"1 tablet twice daily","10 days",Active
RX001240,P00210,"Grace Aquino",DR0016,"Jose Navarro MD","Internal Medicine",D003,MED005,Omeprazole,"20 mg capsule",V001755,2024-05-11,PRN,"7 days",Completed
RX001241,P00189,"Grace Aquino",DR0016,"Jose Navarro MD","Internal Medicine",D003,MED007,Ibuprofen,"400 mg tablet",V000978,2024-10-20,"1 tab BID","7 days",Active
RX001242,P00793,"Ana Santos",NULL,NULL,NULL,NULL,MED002,Amoxicillin,"500 mg capsule",V000709,2025-07-04,"2 tablets daily","30 days",Active
RX001243,P00225,"Jose Torres",DR0082,"Elena Castillo MD","General Surgery",D008,MED002,Amoxicillin,"500 mg capsule",V002191,2023-09-21,"1 tablet twice daily","30 days",Unknown
RX001244,P00627,"Miguel Navarro",DR0058,"Robert Mendoza MD",Emergency,D004,MED009,Salbutamol,"2 mg inhaler",V000546,2024-01-18,"5 mL every 8 hrs","5 days",Completed
RX001245,P00412,"Patricia Aquino",DR0040,"Dr. Nicole Flores",Cardiology,D001,MED006,Losartan,"50 mg tablet",V002817,2024-05-31,"1 tab BID","5 days",Active
RX001246,P00655,"Patricia Garcia",DR0075,"Catherine Ramos MD",Neurology,D006,MED007,Ibuprofen,"400 mg tablet",V002875,2025-08-21,"5 mL every 8 hrs","5 days",Active
RX001247,P00563,"Liza Rivera",DR0074,"Dr. Maria Gonzales","General Surgery",D008,MED001,Paracetamol,"500 mg tablet",V001787,2025-02-28,"2 tablets daily","10 days",Completed
RX001248,P00787,"Juan Navarro",DR0029,"Robert Bautista MD","General Surgery",D008,MED010,Azithromycin,"500 mg tablet",V001138,2024-10-23,N/a,"30 days",Active
RX001249,P00690,"Juan Gonzales",DR0015,"Anthony Castillo MD",Emergency,D004,MED012,Amoxicilin,"500 mg capsule",V001486,2025-04-12,"1 tab BID","7 days",Discontinued
RX001250,P00696,"Luis Dela Cruz",DR0011,"Dr. Patrick Bautista","Internal Medicine",D003,MED007,Ibuprofen,"400 mg tablet",V000071,2023-02-08,"1 tab BID",N/a,Completed
RX001251,P00185,"Patricia Reyes",DR0025,"Nicole Torres MD","General Surgery",D008,MED002,Amoxicillin,"500 mg capsule",V000089,2024-03-12,"5 mL every 8 hrs","30 days",Completed
RX001252,P00290,"Liza Aquino",DR0057,"Elena Navarro MD",Emergency,D004,MED009,Salbutamol,"2 mg inhaler",V000938,2025-05-25,PRN,"5 days",Discontinued
RX001253,P00351,"Carlos Mendoza",DR0004,"Robert Castillo MD","Internal Medicine",D003,MED004,Amlodipine,"5 mg tablet",V000849,2023-03-28,"1 tab BID","5 days",Discontinued
RX001254,P00737,"Angela Reyes",DR0079,"Jose Castillo MD","Obstetrics & Gynecology",D007,MED009,Salbutamol,"2 mg inhaler",V001407,2023-10-26,N/a,"5 days",Active
RX001255,P00915,"Liza Mendoza",DR0071,"Dr. Jose Garcia","Obstetrics & Gynecology",D007,MED005,Omeprazole,"20 mg capsule",V001353,2023-10-07,N/a,"5 days",Discontinued
RX001256,P00572,"Grace Cruz",DR0095,"Patrick Cruz MD","General Surgery",D008,MED012,Amoxicilin,"500 mg capsule",V000913,2025-12-12,"1 tab BID","5 days",Active
RX001257,P00649,"Grace Aquino",DR0049,"Anthony Garcia MD","General Surgery",D008,MED004,Amlodipine,"5 mg tablet",V002030,2024-10-01,"2 tablets daily",N/a,Discontinued
RX001258,P00997,"Miguel Torres",DR0096,"Dr. Maria Navarro","Internal Medicine",D003,MED004,Amlodipine,"5 mg tablet",V002791,2024-04-23,"5 mL every 8 hrs","30 days",Discontinued
RX001259,P00409,"Liza Mendoza",DR0068,"Dr. Maria Gonzales","Obstetrics & Gynecology",D007,MED012,Amoxicilin,"500 mg capsule",V000528,2025-05-27,"1 tab BID","5 days",Active
RX001260,P00484,"Juan Gonzales",DR0002,"Dr. Patrick Cruz","Obstetrics & Gynecology",D007,MED004,Amlodipine,"5 mg tablet",V000984,2025-09-26,"5 mL every 8 hrs","30 days",Active
RX001261,P00238,"Bea Reyes",DR0065,"Dr. Samantha Mendoza",Pediatrics,D002,MED005,Omeprazole,"20 mg capsule",V002719,2025-06-04,"1 tablet twice daily",N/a,Unknown
RX001262,P00689,"Luis Torres",DR0058,"Robert Mendoza MD",Emergency,D004,MED006,Losartan,"50 mg tablet",V000126,2023-12-09,"2 tablets daily",N/a,Active
RX001263,P00168,"Andrea Cruz",DR0072,"Dr. Elena Reyes",Cardiology,D001,MED005,Omeprazole,"20 mg capsule",V001007,2024-12-14,N/a,N/a,Unknown
RX001264,P00261,"Thomas Bautista",DR0023,"Jose Castillo MD",Orthopedics,D005,MED011,Paracetemol,"500 mg tablet",V000400,2025-09-08,PRN,"10 days",Completed
RX001265,P00795,"Juan Bautista",DR0037,"Nicole Bautista MD",Pediatrics,D002,MED006,Losartan,"50 mg tablet",V002811,2023-04-02,PRN,N/a,Active
RX001266,P00524,"Sofia Mendoza",DR0030,"Dr. Elena Navarro","Obstetrics & Gynecology",D007,MED010,Azithromycin,"500 mg tablet",V000028,2025-11-12,PRN,"30 days",Active
RX001267,P00791,"Jose Ramos",DR0092,"Dr. Catherine Bautista","Internal Medicine",D003,MED001,Paracetamol,"500 mg tablet",V001920,2026-01-02,N/a,"7 days",Unknown
RX001268,P00721,"Bea Navarro",DR0094,"Anthony Aquino MD","General Surgery",D008,MED011,Paracetemol,"500 mg tablet",V002417,2024-04-14,"2 tablets daily","30 days",Discontinued
RX001269,P00980,"Kevin Navarro",DR0004,"Robert Castillo MD","Internal Medicine",D003,MED001,Paracetamol,"500 mg tablet",V002885,2025-05-17,"1 tab BID","30 days",Active
RX001270,P00617,"Andrea Bautista",DR0053,"Dr. Samantha Rivera",Cardiology,D001,MED004,Amlodipine,"5 mg tablet",V001375,2025-11-20,N/a,N/a,Unknown
RX001271,P00202,"Bea Ramos",DR0088,"Dr. Jose Flores",Neurology,D006,MED011,Paracetemol,"500 mg tablet",V000886,2024-09-06,N/a,"5 days",Active
RX001272,P00237,"Liza Mendoza",DR0033,"Dr. Catherine Bautista",Cardiology,D001,MED007,Ibuprofen,"400 mg tablet",V001818,2024-03-20,N/a,"30 days",Discontinued
RX001273,P00264,"Miguel Cruz",DR0100,"Dr. Robert Navarro",Neurology,D006,MED001,Paracetamol,"500 mg tablet",V001819,2025-10-26,"1 tablet twice daily","10 days",Active
RX001274,P00807,"Angela Gonzales",DR0017,"Elena Santos MD",Pediatrics,D002,MED006,Losartan,"50 mg tablet",V002400,2024-05-27,"2 tablets daily",N/a,Completed
RX001275,P00111,"Bea Torres",DR0037,"Nicole Bautista MD",Pediatrics,D002,MED010,Azithromycin,"500 mg tablet",V002238,2024-06-20,PRN,"30 days",Active
RX001276,P00178,"Liza Reyes",DR0013,"Dr. Samantha Cruz",Emergency,D004,MED010,Azithromycin,"500 mg tablet",V002666,2024-10-30,PRN,"7 days",Active
RX001277,P00534,"Carlos Flores",DR0062,"Dr. Catherine Cruz",Pediatrics,D002,MED006,Losartan,"50 mg tablet",V001593,2023-03-23,"5 mL every 8 hrs",N/a,Active
RX001278,P00563,"Liza Rivera",DR0036,"Dr. Patrick Dela Cruz","Obstetrics & Gynecology",D007,MED002,Amoxicillin,"500 mg capsule",V000340,2025-02-17,"2 tablets daily",N/a,Discontinued
RX001279,P00107,"Mark Navarro",DR0085,"Dr. Anthony Flores",Neurology,D006,MED005,Omeprazole,"20 mg capsule",V002044,2023-05-09,N/a,"30 days",Active
RX001280,P00335,"Grace Bautista",DR0052,"Patrick Reyes MD",Pediatrics,D002,MED001,Paracetamol,"500 mg tablet",V001685,2023-08-31,"1 tab BID","30 days",Completed
RX001281,P00224,"Grace Dela Cruz",DR0005,"Dr. Samantha Gonzales",Emergency,D004,MED007,Ibuprofen,"400 mg tablet",V000739,2024-07-20,N/a,N/a,Discontinued
RX001282,P00868,"Ana Santos",DR0030,"Dr. Elena Navarro","Obstetrics & Gynecology",D007,MED006,Losartan,"50 mg tablet",V001374,2025-04-28,PRN,"30 days",Discontinued
RX001283,P00924,"Kevin Reyes",DR0028,"Anthony Dela Cruz MD",Orthopedics,D005,MED008,Atorvastatin,"20 mg tablet",V001748,2025-03-11,"1 tab BID","7 days",Active
RX001284,P00693,"Andrea Aquino",DR0092,"Dr. Catherine Bautista","Internal Medicine",D003,MED011,Paracetemol,"500 mg tablet",V000682,2023-08-16,"2 tablets daily",N/a,Discontinued
RX001285,P00901,"Thomas Ramos",DR0036,"Dr. Patrick Dela Cruz","Obstetrics & Gynecology",D007,MED006,Losartan,"50 mg tablet",V001977,2023-06-18,PRN,N/a,Active
RX001286,P00728,"Liza Torres",DR0013,"Dr. Samantha Cruz",Emergency,D004,MED012,Amoxicilin,"500 mg capsule",V002232,2024-06-27,"1 tablet twice daily",N/a,Unknown
RX001287,P00209,"John Ramos",DR0089,"Maria Cruz MD",Emergency,D004,MED009,Salbutamol,"2 mg inhaler",V000650,2025-04-21,N/a,"30 days",Completed
RX001288,P00647,"Jose Rivera",DR0008,"Anthony Navarro MD","General Surgery",D008,MED010,Azithromycin,"500 mg tablet",V002094,2025-12-27,"1 tab BID","30 days",Active
RX001289,P00607,"Andrea Aquino",DR0054,"Dr. Robert Dela Cruz","Internal Medicine",D003,MED006,Losartan,"50 mg tablet",V000047,2023-02-26,"1 tab BID","7 days",Unknown
RX001290,P00284,"Ana Cruz",DR0058,"Robert Mendoza MD",Emergency,D004,MED001,Paracetamol,"500 mg tablet",V002901,2025-11-09,"1 tab BID","30 days",Completed
RX001291,P00195,"Jose Mendoza",DR0090,"Maria Mendoza MD","General Surgery",D008,MED005,Omeprazole,"20 mg capsule",V002005,2023-09-21,PRN,N/a,Active
RX001292,P00138,"Patricia Ramos",DR0045,"Dr. Robert Dela Cruz","Obstetrics & Gynecology",D007,MED007,Ibuprofen,"400 mg tablet",V002349,2023-07-30,N/a,N/a,Discontinued
RX001293,P00378,"Angela Aquino",DR0010,"Dr. Anthony Bautista","Internal Medicine",D003,MED009,Salbutamol,"2 mg inhaler",V000488,2023-05-13,N/a,"30 days",Discontinued
RX001294,P00394,"Sofia Aquino",DR0026,"Anthony Bautista MD",Neurology,D006,MED002,Amoxicillin,"500 mg capsule",V000477,2025-08-11,PRN,"7 days",Unknown
RX001295,P00814,"Mark Navarro",DR0052,"Patrick Reyes MD",Pediatrics,D002,MED010,Azithromycin,"500 mg tablet",V000583,2023-04-14,PRN,"30 days",Active
RX001296,P00766,"Maria Aquino",DR0074,"Dr. Maria Gonzales","General Surgery",D008,MED009,Salbutamol,"2 mg inhaler",V000269,2023-07-11,"1 tab BID",N/a,Completed
RX001297,P00701,"Ramon Ramos",DR0035,"Anthony Mendoza MD",Pediatrics,D002,MED012,Amoxicilin,"500 mg capsule",V000151,2024-07-28,"5 mL every 8 hrs",N/a,Active
RX001298,P00341,"Daniel Santos",DR0085,"Dr. Anthony Flores",Neurology,D006,MED004,Amlodipine,"5 mg tablet",V002275,2025-11-16,N/a,N/a,Discontinued
RX001299,P00656,"Thomas Mendoza",DR0028,"Anthony Dela Cruz MD",Orthopedics,D005,MED011,Paracetemol,"500 mg tablet",V001535,2024-07-31,"1 tablet twice daily",N/a,Active
RX001300,P00868,"Ana Santos",DR0001,"Elena Ramos MD","Internal Medicine",D003,MED003,Metformin,"500 mg tablet",V001227,2024-08-17,"2 tablets daily",N/a,Active
RX001301,P00508,"Thomas Rivera",DR0050,"Catherine Reyes MD","Internal Medicine",D003,MED009,Salbutamol,"2 mg inhaler",V001916,2024-01-02,"5 mL every 8 hrs","30 days",Active
RX001302,P00420,"Andrea Torres",DR0053,"Dr. Samantha Rivera",Cardiology,D001,MED009,Salbutamol,"2 mg inhaler",V002296,2024-04-10,"1 tablet twice daily","10 days",Active
RX001303,P00846,"Sofia Reyes",DR0017,"Elena Santos MD",Pediatrics,D002,MED010,Azithromycin,"500 mg tablet",V002755,2024-03-11,"1 tablet twice daily","7 days",Completed
RX001304,P00193,"Ana Gonzales",DR0023,"Jose Castillo MD",Orthopedics,D005,MED004,Amlodipine,"5 mg tablet",V001619,2025-09-27,"1 tablet twice daily",N/a,Active
RX001305,P00294,"Carlos Bautista",DR0072,"Dr. Elena Reyes",Cardiology,D001,MED005,Omeprazole,"20 mg capsule",V002338,2024-09-04,"1 tab BID","5 days",Unknown
RX001306,P00816,"Grace Gonzales",DR0060,"Maria Castillo MD",Cardiology,D001,MED003,Metformin,"500 mg tablet",V000957,2024-08-30,PRN,N/a,Active
RX001307,P00324,"Ana Torres",DR0061,"Robert Bautista MD","General Surgery",D008,MED002,Amoxicillin,"500 mg capsule",V002737,2023-09-19,"5 mL every 8 hrs","10 days",Active
RX001308,P00578,"Sofia Navarro",DR0056,"Dr. Elena Cruz",Neurology,D006,MED003,Metformin,"500 mg tablet",V000325,2025-12-23,"1 tablet twice daily","10 days",Completed
RX001309,P00029,"Ramon Flores",DR0005,"Dr. Samantha Gonzales",Emergency,D004,MED008,Atorvastatin,"20 mg tablet",V000493,2025-11-11,"1 tablet twice daily","30 days",Completed
RX001310,P00771,"Miguel Mendoza",DR0048,"Dr. Robert Castillo",Pediatrics,D002,MED007,Ibuprofen,"400 mg tablet",V000624,2024-08-08,N/a,N/a,Completed
RX001311,P00416,"Juan Santos",DR0020,"Dr. Patrick Cruz",Orthopedics,D005,MED006,Losartan,"50 mg tablet",V001034,2023-11-07,"1 tab BID","30 days",Discontinued
RX001312,P00976,"Carlos Cruz",DR0020,"Dr. Patrick Cruz",Orthopedics,D005,MED010,Azithromycin,"500 mg tablet",V002963,2023-11-10,"5 mL every 8 hrs","30 days",Active
RX001313,P00940,"Thomas Flores",DR0054,"Dr. Robert Dela Cruz","Internal Medicine",D003,MED006,Losartan,"50 mg tablet",V002633,2024-06-17,"5 mL every 8 hrs","5 days",Completed
RX001314,P00451,"Thomas Ramos",DR0007,"Nicole Mendoza MD","Internal Medicine",D003,MED001,Paracetamol,"500 mg tablet",V000275,2025-06-20,PRN,"10 days",Active
RX001315,P00240,"Jose Aquino",DR0065,"Dr. Samantha Mendoza",Pediatrics,D002,MED006,Losartan,"50 mg tablet",V002165,2025-09-17,"2 tablets daily",N/a,Discontinued
RX001316,P00211,"John Garcia",DR0059,"Dr. Nicole Ramos",Neurology,D006,MED012,Amoxicilin,"500 mg capsule",V000381,2024-06-06,"5 mL every 8 hrs",N/a,Active
RX001317,P00658,"Patricia Dela Cruz",DR0052,"Patrick Reyes MD",Pediatrics,D002,MED012,Amoxicilin,"500 mg capsule",V002531,2024-12-18,N/a,"5 days",Discontinued
RX001318,P00574,"Maria Gonzales",DR0063,"Dr. Anthony Bautista",Pediatrics,D002,MED009,Salbutamol,"2 mg inhaler",V001348,2023-06-15,"1 tablet twice daily","10 days",Unknown
RX001319,P00646,"Maria Mendoza",DR0055,"Dr. Jose Santos","Obstetrics & Gynecology",D007,MED009,Salbutamol,"2 mg inhaler",V000570,2023-09-02,PRN,"7 days",Discontinued
RX001320,P00059,"Mark Flores",DR0065,"Dr. Samantha Mendoza",Pediatrics,D002,MED005,Omeprazole,"20 mg capsule",V002654,2025-11-27,"1 tablet twice daily",N/a,Active
RX001321,P00353,"Bea Bautista",DR0052,"Patrick Reyes MD",Pediatrics,D002,MED002,Amoxicillin,"500 mg capsule",V000725,2025-09-03,"1 tablet twice daily","5 days",Active
RX001322,P00724,"Carlos Flores",DR0101,"Maria Reyes MD",Cardiology,D001,MED008,Atorvastatin,"20 mg tablet",V000287,2024-06-13,"2 tablets daily","5 days",Discontinued
RX001323,P00529,"John Cruz",DR0044,"Dr. Catherine Castillo","Internal Medicine",D003,MED007,Ibuprofen,"400 mg tablet",V002424,2024-11-03,"1 tablet twice daily","7 days",Discontinued
RX001324,P00956,"Angela Mendoza",DR0054,"Dr. Robert Dela Cruz","Internal Medicine",D003,MED009,Salbutamol,"2 mg inhaler",V000260,2023-01-09,"5 mL every 8 hrs","7 days",Unknown
RX001325,P00146,"Thomas Gonzales",NULL,NULL,NULL,NULL,MED001,Paracetamol,"500 mg tablet",V001884,2023-06-18,"1 tab BID","7 days",Discontinued
RX001326,P00457,"Luis Cruz",DR0084,"Anthony Santos MD",Neurology,D006,MED004,Amlodipine,"5 mg tablet",V001735,2025-11-02,"1 tab BID","5 days",Active
RX001327,P00096,"Jose Santos",DR0019,"Dr. Nicole Castillo",Orthopedics,D005,MED001,Paracetamol,"500 mg tablet",V001613,2025-08-24,N/a,"10 days",Discontinued
RX001328,P00132,"Patricia Aquino",DR0052,"Patrick Reyes MD",Pediatrics,D002,MED010,Azithromycin,"500 mg tablet",V001589,2023-11-18,"1 tab BID","7 days",Discontinued
RX001329,P00097,"Maria Mendoza",DR0030,"Dr. Elena Navarro","Obstetrics & Gynecology",D007,MED001,Paracetamol,"500 mg tablet",V001185,2023-10-02,"1 tablet twice daily","10 days",Unknown
RX001330,P00235,"Maria Garcia",DR0004,"Robert Castillo MD","Internal Medicine",D003,MED007,Ibuprofen,"400 mg tablet",V000604,2025-10-19,PRN,"30 days",Completed
RX001331,P00084,"Grace Bautista",DR0071,"Dr. Jose Garcia","Obstetrics & Gynecology",D007,MED002,Amoxicillin,"500 mg capsule",V000074,2025-10-25,"1 tablet twice daily",N/a,Discontinued
RX001332,P00338,"Bea Aquino",DR0025,"Nicole Torres MD","General Surgery",D008,MED009,Salbutamol,"2 mg inhaler",V001494,2025-12-02,"1 tablet twice daily","7 days",Active
RX001333,P00690,"Juan Gonzales",DR0055,"Dr. Jose Santos","Obstetrics & Gynecology",D007,MED003,Metformin,"500 mg tablet",V001023,2025-10-30,N/a,"10 days",Discontinued
RX001334,P00883,"Jose Flores",DR0090,"Maria Mendoza MD","General Surgery",D008,MED009,Salbutamol,"2 mg inhaler",V002169,2025-12-11,"2 tablets daily","10 days",Unknown
RX001335,P00534,"Carlos Flores",DR0064,"Robert Torres MD",Pediatrics,D002,MED010,Azithromycin,"500 mg tablet",V002187,2023-09-13,N/a,"7 days",Completed
RX001336,P00153,"Bea Aquino",DR0026,"Anthony Bautista MD",Neurology,D006,MED008,Atorvastatin,"20 mg tablet",V000533,2023-09-04,PRN,"7 days",Completed
RX001337,P00717,"Grace Santos",DR0059,"Dr. Nicole Ramos",Neurology,D006,MED012,Amoxicilin,"500 mg capsule",V001310,2024-01-10,"1 tablet twice daily","7 days",Unknown
RX001338,P00382,"Juan Castillo",DR0041,"Dr. Nicole Torres",Emergency,D004,MED001,Paracetamol,"500 mg tablet",V001170,2025-08-25,"1 tablet twice daily","10 days",Active
RX001339,P00361,"Ramon Aquino",DR0025,"Nicole Torres MD","General Surgery",D008,MED006,Losartan,"50 mg tablet",V000750,2025-09-22,"1 tablet twice daily","7 days",Discontinued
RX001340,P00036,"Daniel Cruz",NULL,NULL,NULL,NULL,MED008,Atorvastatin,"20 mg tablet",V000648,2023-03-25,PRN,N/a,Active
RX001341,P00108,"Carlos Garcia",DR0002,"Dr. Patrick Cruz","Obstetrics & Gynecology",D007,MED011,Paracetemol,"500 mg tablet",V002827,2024-07-22,"1 tablet twice daily","30 days",Unknown
RX001342,P00579,"Kevin Rivera",DR0054,"Dr. Robert Dela Cruz","Internal Medicine",D003,MED009,Salbutamol,"2 mg inhaler",V002031,2025-07-29,N/a,"7 days",Discontinued
RX001343,P00283,"Grace Mendoza",DR0100,"Dr. Robert Navarro",Neurology,D006,MED001,Paracetamol,"500 mg tablet",V001284,2023-01-22,"2 tablets daily","30 days",Unknown
RX001344,P00509,"Patricia Reyes",DR0048,"Dr. Robert Castillo",Pediatrics,D002,MED003,Metformin,"500 mg tablet",V000944,2024-07-31,"1 tab BID","30 days",Completed
RX001345,P00870,"Carlos Torres",DR0089,"Maria Cruz MD",Emergency,D004,MED007,Ibuprofen,"400 mg tablet",V002358,2023-12-07,"1 tab BID","30 days",Completed
RX001346,P00281,"Ramon Dela Cruz",DR0073,"Dr. Catherine Torres",Pediatrics,D002,MED005,Omeprazole,"20 mg capsule",V001951,2024-06-07,"1 tab BID","7 days",Discontinued
RX001347,P00298,"Angela Flores",DR0084,"Anthony Santos MD",Neurology,D006,MED002,Amoxicillin,"500 mg capsule",V002610,2024-10-06,"5 mL every 8 hrs",N/a,Completed
RX001348,P00594,"Grace Reyes",DR0013,"Dr. Samantha Cruz",Emergency,D004,MED001,Paracetamol,"500 mg tablet",V000589,2023-04-06,N/a,N/a,Active
RX001349,P00763,"Angela Garcia",DR0007,"Nicole Mendoza MD","Internal Medicine",D003,MED005,Omeprazole,"20 mg capsule",V000551,2024-04-27,"5 mL every 8 hrs","5 days",Unknown
RX001350,P00520,"Patricia Santos",DR0101,"Maria Reyes MD",Cardiology,D001,MED004,Amlodipine,"5 mg tablet",V002894,2024-12-27,"5 mL every 8 hrs","5 days",Discontinued
RX001351,P00079,"Ana Garcia",DR0027,"Dr. Nicole Gonzales","Obstetrics & Gynecology",D007,MED001,Paracetamol,"500 mg tablet",V002024,2024-06-16,PRN,N/a,Discontinued
RX001352,P00830,"Grace Reyes",DR0017,"Elena Santos MD",Pediatrics,D002,MED009,Salbutamol,"2 mg inhaler",V001755,2025-10-20,"5 mL every 8 hrs","30 days",Unknown
RX001353,P00408,"Luis Aquino",DR0009,"Dr. Nicole Mendoza",Emergency,D004,MED005,Omeprazole,"20 mg capsule",V000026,2023-09-16,N/a,N/a,Unknown
RX001354,P00559,"Andrea Garcia",DR0003,"Elena Cruz MD","Obstetrics & Gynecology",D007,MED002,Amoxicillin,"500 mg capsule",V001207,2024-05-14,"5 mL every 8 hrs",N/a,Active
RX001355,P00039,"Angela Castillo",DR0095,"Patrick Cruz MD","General Surgery",D008,MED006,Losartan,"50 mg tablet",V002823,2023-02-22,"1 tablet twice daily","10 days",Unknown
RX001356,P00014,"Daniel Garcia",DR0053,"Dr. Samantha Rivera",Cardiology,D001,MED010,Azithromycin,"500 mg tablet",V000249,2024-07-13,"2 tablets daily","30 days",Completed
RX001357,P00913,"Carlos Flores",DR0050,"Catherine Reyes MD","Internal Medicine",D003,MED001,Paracetamol,"500 mg tablet",V000309,2025-08-02,N/a,"10 days",Active
RX001358,P00102,"Ana Mendoza",DR0063,"Dr. Anthony Bautista",Pediatrics,D002,MED010,Azithromycin,"500 mg tablet",V000430,2023-04-30,N/a,"10 days",Completed
RX001359,P00570,"Liza Aquino",DR0013,"Dr. Samantha Cruz",Emergency,D004,MED003,Metformin,"500 mg tablet",V001890,2025-06-21,N/a,"10 days",Active
RX001360,P00485,"Patricia Ramos",DR0074,"Dr. Maria Gonzales","General Surgery",D008,MED005,Omeprazole,"20 mg capsule",V001809,2025-12-10,N/a,"7 days",Active
RX001361,P00756,"Patricia Ramos",DR0038,"Dr. Nicole Rivera",Pediatrics,D002,MED006,Losartan,"50 mg tablet",V001321,2023-08-29,"5 mL every 8 hrs","10 days",Completed
RX001362,P00657,"Thomas Garcia",DR0076,"Maria Torres MD",Orthopedics,D005,MED012,Amoxicilin,"500 mg capsule",V002166,2024-05-14,PRN,N/a,Completed
RX001363,P00990,"Bea Gonzales",DR0001,"Elena Ramos MD","Internal Medicine",D003,MED008,Atorvastatin,"20 mg tablet",V000167,2025-03-01,"5 mL every 8 hrs","10 days",Active
RX001364,P00804,"Jose Reyes",DR0018,"Catherine Santos MD",Orthopedics,D005,MED009,Salbutamol,"2 mg inhaler",V002262,2025-04-30,N/a,"10 days",Discontinued
RX001365,P00691,"Jose Rivera",DR0070,"Rafael Castillo MD","Internal Medicine",D003,MED010,Azithromycin,"500 mg tablet",V002240,2023-07-16,"1 tab BID",N/a,Completed
RX001366,P00450,"Sofia Garcia",DR0044,"Dr. Catherine Castillo","Internal Medicine",D003,MED011,Paracetemol,"500 mg tablet",V002842,2023-04-17,"5 mL every 8 hrs",N/a,Discontinued
RX001367,P00325,"Angela Ramos",DR0071,"Dr. Jose Garcia","Obstetrics & Gynecology",D007,MED007,Ibuprofen,"400 mg tablet",V001033,2023-07-12,N/a,"7 days",Active
RX001368,P00868,"Ana Santos",DR0080,"Nicole Flores MD","Obstetrics & Gynecology",D007,MED012,Amoxicilin,"500 mg capsule",V000837,2023-03-17,"1 tab BID","5 days",Discontinued
RX001369,P00183,"Patricia Bautista",DR0003,"Elena Cruz MD","Obstetrics & Gynecology",D007,MED007,Ibuprofen,"400 mg tablet",V001721,2024-08-21,"5 mL every 8 hrs","7 days",Unknown
RX001370,P00427,"Ramon Aquino",DR0100,"Dr. Robert Navarro",Neurology,D006,MED004,Amlodipine,"5 mg tablet",V000348,2025-10-23,N/a,"10 days",Active
RX001371,P00878,"John Santos",DR0065,"Dr. Samantha Mendoza",Pediatrics,D002,MED003,Metformin,"500 mg tablet",V002874,2023-03-01,PRN,"30 days",Completed
RX001372,P00005,"Jose Flores",DR0023,"Jose Castillo MD",Orthopedics,D005,MED011,Paracetemol,"500 mg tablet",V001785,2025-11-12,PRN,N/a,Completed
RX001373,P00077,"Kevin Rivera",DR0045,"Dr. Robert Dela Cruz","Obstetrics & Gynecology",D007,MED004,Amlodipine,"5 mg tablet",V000440,2023-04-22,"1 tab BID",N/a,Discontinued
RX001374,P00802,"Jose Torres",DR0068,"Dr. Maria Gonzales","Obstetrics & Gynecology",D007,MED011,Paracetemol,"500 mg tablet",V000349,2024-10-07,"5 mL every 8 hrs","7 days",Unknown
RX001375,P00480,"John Mendoza",DR0068,"Dr. Maria Gonzales","Obstetrics & Gynecology",D007,MED006,Losartan,"50 mg tablet",V000808,2024-01-13,"1 tab BID","30 days",Unknown
RX001376,P00228,"Carlos Santos",DR0003,"Elena Cruz MD","Obstetrics & Gynecology",D007,MED003,Metformin,"500 mg tablet",V001333,2023-08-08,"1 tab BID","10 days",Completed
RX001377,P00042,"Liza Ramos",DR0009,"Dr. Nicole Mendoza",Emergency,D004,MED001,Paracetamol,"500 mg tablet",V002602,2025-05-21,PRN,N/a,Active
RX001378,P00940,"Thomas Flores",DR0003,"Elena Cruz MD","Obstetrics & Gynecology",D007,MED004,Amlodipine,"5 mg tablet",V001967,2024-01-15,PRN,N/a,Unknown
RX001379,P00645,"Maria Flores",DR0019,"Dr. Nicole Castillo",Orthopedics,D005,MED002,Amoxicillin,"500 mg capsule",V000682,2023-05-06,"1 tab BID","10 days",Completed
RX001380,P00967,"Bea Gonzales",DR0017,"Elena Santos MD",Pediatrics,D002,MED006,Losartan,"50 mg tablet",V000390,2025-04-30,"1 tablet twice daily","5 days",Discontinued
RX001381,P00183,"Patricia Bautista",DR0007,"Nicole Mendoza MD","Internal Medicine",D003,MED006,Losartan,"50 mg tablet",V002972,2024-07-12,N/a,"5 days",Active
RX001382,P00623,"Andrea Reyes",DR0081,"Dr. Jose Mendoza","General Surgery",D008,MED002,Amoxicillin,"500 mg capsule",V002965,2023-06-13,"1 tablet twice daily","10 days",Unknown
RX001383,P00823,"Mark Mendoza",DR0048,"Dr. Robert Castillo",Pediatrics,D002,MED009,Salbutamol,"2 mg inhaler",V002572,2023-02-27,"1 tablet twice daily",N/a,Active
RX001384,P00681,"Sofia Rivera",DR0090,"Maria Mendoza MD","General Surgery",D008,MED001,Paracetamol,"500 mg tablet",V001241,2024-10-23,"1 tab BID","7 days",Active
RX001385,P00117,"Carlos Reyes",DR0022,"Dr. Jose Castillo",Pediatrics,D002,MED002,Amoxicillin,"500 mg capsule",V002064,2023-05-03,"2 tablets daily","5 days",Unknown
RX001386,P00479,"Bea Castillo",DR0006,"Dr. Elena Rivera",Orthopedics,D005,MED007,Ibuprofen,"400 mg tablet",V000800,2024-01-08,"1 tablet twice daily",N/a,Discontinued
RX001387,P00009,"Maria Flores",DR0057,"Elena Navarro MD",Emergency,D004,MED009,Salbutamol,"2 mg inhaler",V002526,2024-05-19,"1 tablet twice daily","10 days",Unknown
RX001388,P00934,"Kevin Dela Cruz",DR0014,"Samantha Ramos MD",Pediatrics,D002,MED008,Atorvastatin,"20 mg tablet",V002459,2024-05-07,"1 tablet twice daily","10 days",Active
RX001389,P00126,"Kevin Dela Cruz",DR0033,"Dr. Catherine Bautista",Cardiology,D001,MED005,Omeprazole,"20 mg capsule",V001563,2023-08-15,PRN,"5 days",Discontinued
RX001390,P00066,"Grace Santos",DR0006,"Dr. Elena Rivera",Orthopedics,D005,MED007,Ibuprofen,"400 mg tablet",V002319,2024-10-13,PRN,"7 days",Active
RX001391,P00954,"Liza Garcia",DR0077,"Samantha Santos MD","General Surgery",D008,MED006,Losartan,"50 mg tablet",V000268,2024-05-05,"5 mL every 8 hrs","10 days",Completed
RX001392,P00190,"Juan Navarro",DR0039,"Samantha Santos MD","General Surgery",D008,MED012,Amoxicilin,"500 mg capsule",V001938,2025-05-04,PRN,N/a,Active
RX001393,P00784,"Luis Ramos",DR0030,"Dr. Elena Navarro","Obstetrics & Gynecology",D007,MED003,Metformin,"500 mg tablet",V002797,2024-12-25,N/a,N/a,Active
RX001394,P00014,"Daniel Garcia",DR0100,"Dr. Robert Navarro",Neurology,D006,MED006,Losartan,"50 mg tablet",V002365,2025-09-02,"5 mL every 8 hrs",N/a,Completed
RX001395,P00432,"John Aquino",DR0025,"Nicole Torres MD","General Surgery",D008,MED012,Amoxicilin,"500 mg capsule",V002649,2024-12-30,"2 tablets daily","5 days",Active
RX001396,P00519,"Bea Navarro",DR0071,"Dr. Jose Garcia","Obstetrics & Gynecology",D007,MED006,Losartan,"50 mg tablet",V000300,2025-12-16,PRN,"10 days",Active
RX001397,P00087,"Thomas Gonzales",DR0061,"Robert Bautista MD","General Surgery",D008,MED008,Atorvastatin,"20 mg tablet",V000096,2025-07-11,"5 mL every 8 hrs","10 days",Discontinued
RX001398,P00932,"Jose Castillo",DR0017,"Elena Santos MD",Pediatrics,D002,MED007,Ibuprofen,"400 mg tablet",V001892,2025-05-22,"1 tablet twice daily",N/a,Discontinued
RX001399,P00292,"Kevin Gonzales",DR0023,"Jose Castillo MD",Orthopedics,D005,MED001,Paracetamol,"500 mg tablet",V000136,2023-07-31,"1 tablet twice daily","30 days",Completed
RX001400,P00576,"Sofia Aquino",DR0050,"Catherine Reyes MD","Internal Medicine",D003,MED004,Amlodipine,"5 mg tablet",V002167,2024-12-15,PRN,"5 days",Active
RX001401,P00022,"Sofia Torres",DR0002,"Dr. Patrick Cruz","Obstetrics & Gynecology",D007,MED009,Salbutamol,"2 mg inhaler",V002954,2025-08-14,N/a,N/a,Discontinued
RX001402,P00620,"Jose Bautista",DR0001,"Elena Ramos MD","Internal Medicine",D003,MED007,Ibuprofen,"400 mg tablet",V000255,2023-08-27,"2 tablets daily","7 days",Active
RX001403,P00323,"Luis Ramos",DR0008,"Anthony Navarro MD","General Surgery",D008,MED006,Losartan,"50 mg tablet",V001798,2025-08-13,PRN,"5 days",Active
RX001404,P00243,"Juan Bautista",DR0098,"Jose Aquino MD","Internal Medicine",D003,MED005,Omeprazole,"20 mg capsule",V002420,2024-09-04,"2 tablets daily","30 days",Unknown
RX001405,P00409,"Liza Mendoza",DR0023,"Jose Castillo MD",Orthopedics,D005,MED007,Ibuprofen,"400 mg tablet",V001697,2023-12-11,PRN,"10 days",Active
RX001406,P00732,"Luis Reyes",DR0030,"Dr. Elena Navarro","Obstetrics & Gynecology",D007,MED002,Amoxicillin,"500 mg capsule",V002189,2025-12-05,"1 tab BID","10 days",Unknown
RX001407,P00327,"Luis Flores",DR0044,"Dr. Catherine Castillo","Internal Medicine",D003,MED002,Amoxicillin,"500 mg capsule",V000739,2024-09-15,N/a,N/a,Completed
RX001408,P00483,"Ramon Mendoza",DR0087,"Dr. Nicole Rivera","Internal Medicine",D003,MED008,Atorvastatin,"20 mg tablet",V001860,2025-08-04,"1 tab BID","10 days",Unknown
RX001409,P00940,"Thomas Flores",DR0051,"Nicole Castillo MD",Neurology,D006,MED002,Amoxicillin,"500 mg capsule",V000096,2025-04-22,"1 tablet twice daily","7 days",Active
RX001410,P00842,"Sofia Dela Cruz",DR0101,"Maria Reyes MD",Cardiology,D001,MED004,Amlodipine,"5 mg tablet",V002758,2023-08-27,PRN,"30 days",Active
RX001411,P00621,"Liza Flores",DR0101,"Maria Reyes MD",Cardiology,D001,MED011,Paracetemol,"500 mg tablet",V001890,2025-08-23,N/a,N/a,Completed
RX001412,P00589,"Mark Torres",DR0008,"Anthony Navarro MD","General Surgery",D008,MED001,Paracetamol,"500 mg tablet",V001847,2024-05-09,"1 tab BID","10 days",Unknown
RX001413,P00836,"Juan Santos",NULL,NULL,NULL,NULL,MED001,Paracetamol,"500 mg tablet",V000213,2024-09-03,N/a,"5 days",Discontinued
RX001414,P00340,"Andrea Reyes",DR0004,"Robert Castillo MD","Internal Medicine",D003,MED011,Paracetemol,"500 mg tablet",V002399,2024-01-18,"5 mL every 8 hrs",N/a,Discontinued
RX001415,P00343,"Ramon Rivera",DR0001,"Elena Ramos MD","Internal Medicine",D003,MED001,Paracetamol,"500 mg tablet",V001706,2025-03-19,PRN,"5 days",Completed
RX001416,P00379,"Maria Torres",DR0094,"Anthony Aquino MD","General Surgery",D008,MED012,Amoxicilin,"500 mg capsule",V000641,2025-01-14,PRN,N/a,Discontinued
RX001417,P00654,"Kevin Mendoza",DR0072,"Dr. Elena Reyes",Cardiology,D001,MED008,Atorvastatin,"20 mg tablet",V001079,2024-02-09,"5 mL every 8 hrs",N/a,Active
RX001418,P00596,"Kevin Cruz",DR0004,"Robert Castillo MD","Internal Medicine",D003,MED002,Amoxicillin,"500 mg capsule",V000711,2024-06-22,"1 tablet twice daily","30 days",Active
RX001419,P00140,"Liza Ramos",DR0025,"Nicole Torres MD","General Surgery",D008,MED008,Atorvastatin,"20 mg tablet",V002042,2025-10-12,N/a,"30 days",Completed
RX001420,P00867,"Sofia Ramos",DR0002,"Dr. Patrick Cruz","Obstetrics & Gynecology",D007,MED010,Azithromycin,"500 mg tablet",V001347,2023-03-07,"1 tab BID","5 days",Active
RX001421,P00128,"Mark Garcia",DR0068,"Dr. Maria Gonzales","Obstetrics & Gynecology",D007,MED006,Losartan,"50 mg tablet",V001752,2023-11-25,"5 mL every 8 hrs","5 days",Active
RX001422,P00759,"Sofia Rivera",DR0100,"Dr. Robert Navarro",Neurology,D006,MED006,Losartan,"50 mg tablet",V001301,2025-12-17,"1 tab BID","7 days",Active
RX001423,P00994,"Thomas Flores",DR0097,"Dr. Samantha Garcia",Neurology,D006,MED008,Atorvastatin,"20 mg tablet",V002990,2024-05-23,N/a,"10 days",Discontinued
RX001424,P00935,"Angela Flores",DR0049,"Anthony Garcia MD","General Surgery",D008,MED006,Losartan,"50 mg tablet",V001468,2023-09-04,"1 tab BID","30 days",Active
RX001425,P00725,"Luis Gonzales",DR0004,"Robert Castillo MD","Internal Medicine",D003,MED012,Amoxicilin,"500 mg capsule",V000044,2024-10-24,"2 tablets daily",N/a,Unknown
RX001426,P00153,"Bea Aquino",DR0056,"Dr. Elena Cruz",Neurology,D006,MED009,Salbutamol,"2 mg inhaler",V002204,2024-03-29,"1 tablet twice daily","5 days",Completed
RX001427,P00735,"Daniel Mendoza",DR0101,"Maria Reyes MD",Cardiology,D001,MED003,Metformin,"500 mg tablet",V000441,2023-03-12,"1 tab BID","30 days",Completed
RX001428,P00676,"John Flores",DR0087,"Dr. Nicole Rivera","Internal Medicine",D003,MED008,Atorvastatin,"20 mg tablet",V001744,2023-04-09,PRN,"10 days",Discontinued
RX001429,P00474,"Grace Gonzales",DR0014,"Samantha Ramos MD",Pediatrics,D002,MED011,Paracetemol,"500 mg tablet",V002991,2024-10-03,"5 mL every 8 hrs",N/a,Discontinued
RX001430,P00017,"Sofia Garcia",DR0004,"Robert Castillo MD","Internal Medicine",D003,MED006,Losartan,"50 mg tablet",V001787,2023-10-16,"5 mL every 8 hrs","7 days",Discontinued
RX001431,P00460,"Carlos Rivera",DR0092,"Dr. Catherine Bautista","Internal Medicine",D003,MED009,Salbutamol,"2 mg inhaler",V002636,2024-12-02,"2 tablets daily",N/a,Completed
RX001432,P00648,"Daniel Santos",DR0045,"Dr. Robert Dela Cruz","Obstetrics & Gynecology",D007,MED002,Amoxicillin,"500 mg capsule",V000444,2024-03-07,"1 tablet twice daily",N/a,Unknown
RX001433,P00525,"Luis Cruz",DR0026,"Anthony Bautista MD",Neurology,D006,MED008,Atorvastatin,"20 mg tablet",V000321,2023-06-10,"2 tablets daily","30 days",Active
RX001434,P00706,"Miguel Flores",DR0026,"Anthony Bautista MD",Neurology,D006,MED010,Azithromycin,"500 mg tablet",V002837,2023-05-01,"5 mL every 8 hrs",N/a,Active
RX001435,P00370,"Ana Navarro",DR0065,"Dr. Samantha Mendoza",Pediatrics,D002,MED007,Ibuprofen,"400 mg tablet",V002078,2025-09-18,PRN,N/a,Completed
RX001436,P01002,"Maria Santos",DR0003,"Elena Cruz MD","Obstetrics & Gynecology",D007,MED007,Ibuprofen,"400 mg tablet",V001725,2025-08-11,N/a,N/a,Discontinued
RX001437,P00975,"Daniel Rivera",DR0046,"Rafael Ramos MD",Emergency,D004,MED003,Metformin,"500 mg tablet",V001398,2023-06-08,"5 mL every 8 hrs","10 days",Unknown
RX001438,P00201,"Miguel Gonzales",DR0079,"Jose Castillo MD","Obstetrics & Gynecology",D007,MED010,Azithromycin,"500 mg tablet",V000478,2024-06-27,PRN,"7 days",Discontinued
RX001439,P00803,"Mark Gonzales",DR0071,"Dr. Jose Garcia","Obstetrics & Gynecology",D007,MED001,Paracetamol,"500 mg tablet",V000808,2024-06-28,N/a,"10 days",Active
RX001440,P00063,"Grace Santos",DR0024,"Nicole Garcia MD","Internal Medicine",D003,MED005,Omeprazole,"20 mg capsule",V002120,2024-02-29,"2 tablets daily",N/a,Active
RX001441,P00524,"Sofia Mendoza",DR0059,"Dr. Nicole Ramos",Neurology,D006,MED001,Paracetamol,"500 mg tablet",V001854,2023-06-23,"5 mL every 8 hrs","10 days",Discontinued
RX001442,P00699,"Jose Bautista",DR0032,"Dr. Samantha Castillo","Internal Medicine",D003,MED012,Amoxicilin,"500 mg capsule",V001284,2025-02-12,PRN,"5 days",Completed
RX001443,P00552,"Maria Torres",DR0055,"Dr. Jose Santos","Obstetrics & Gynecology",D007,MED002,Amoxicillin,"500 mg capsule",V002130,2025-11-05,"1 tab BID","5 days",Active
RX001444,P00209,"John Ramos",DR0071,"Dr. Jose Garcia","Obstetrics & Gynecology",D007,MED012,Amoxicilin,"500 mg capsule",V002806,2025-08-15,"2 tablets daily","10 days",Completed
RX001445,P00109,"John Reyes",DR0016,"Jose Navarro MD","Internal Medicine",D003,MED001,Paracetamol,"500 mg tablet",V000542,2025-06-30,PRN,N/a,Completed
RX001446,P00471,"Angela Mendoza",DR0083,"Samantha Castillo MD",Pediatrics,D002,MED010,Azithromycin,"500 mg tablet",V000559,2025-12-11,"2 tablets daily",N/a,Discontinued
RX001447,P00977,"Mark Gonzales",DR0079,"Jose Castillo MD","Obstetrics & Gynecology",D007,MED002,Amoxicillin,"500 mg capsule",V002782,2025-04-14,"2 tablets daily",N/a,Discontinued
RX001448,P00698,"Miguel Navarro",DR0049,"Anthony Garcia MD","General Surgery",D008,MED011,Paracetemol,"500 mg tablet",V000179,2025-08-29,"1 tab BID","5 days",Active
RX001449,P00135,"Andrea Gonzales",DR0034,"Elena Navarro MD",Neurology,D006,MED007,Ibuprofen,"400 mg tablet",V001490,2025-12-28,"1 tablet twice daily","5 days",Active
RX001450,P00559,"Andrea Garcia",DR0018,"Catherine Santos MD",Orthopedics,D005,MED002,Amoxicillin,"500 mg capsule",V001600,2025-10-05,"1 tab BID","7 days",Discontinued
RX001451,P00010,"Ana Torres",DR0052,"Patrick Reyes MD",Pediatrics,D002,MED012,Amoxicilin,"500 mg capsule",V002172,2023-08-28,"5 mL every 8 hrs","30 days",Discontinued
RX001452,P00375,"Thomas Aquino",DR0070,"Rafael Castillo MD","Internal Medicine",D003,MED007,Ibuprofen,"400 mg tablet",V001025,2025-01-01,"2 tablets daily","7 days",Unknown
RX001453,P00064,"Bea Dela Cruz",DR0028,"Anthony Dela Cruz MD",Orthopedics,D005,MED011,Paracetemol,"500 mg tablet",V001813,2023-06-21,PRN,"30 days",Completed
RX001454,P00372,"Ana Navarro",DR0054,"Dr. Robert Dela Cruz","Internal Medicine",D003,MED005,Omeprazole,"20 mg capsule",V002031,2025-05-18,"1 tab BID","5 days",Completed
RX001455,P00566,"Daniel Mendoza",DR0094,"Anthony Aquino MD","General Surgery",D008,MED010,Azithromycin,"500 mg tablet",V001826,2024-09-05,N/a,"10 days",Active
RX001456,P00486,"Ramon Rivera",DR0096,"Dr. Maria Navarro","Internal Medicine",D003,MED006,Losartan,"50 mg tablet",V002741,2024-10-20,"1 tablet twice daily",N/a,Completed
RX001457,P01002,"Maria Santos",DR0080,"Nicole Flores MD","Obstetrics & Gynecology",D007,MED012,Amoxicilin,"500 mg capsule",V000341,2023-05-14,PRN,"30 days",Unknown
RX001458,P00893,"Sofia Rivera",DR0090,"Maria Mendoza MD","General Surgery",D008,MED010,Azithromycin,"500 mg tablet",V000196,2024-05-10,PRN,"7 days",Unknown
RX001459,P00498,"Juan Cruz",DR0093,"Dr. Patrick Navarro",Pediatrics,D002,MED007,Ibuprofen,"400 mg tablet",V000723,2025-07-13,"1 tablet twice daily","30 days",Active
RX001460,P00970,"Liza Castillo",DR0047,"Catherine Garcia MD","General Surgery",D008,MED004,Amlodipine,"5 mg tablet",V000114,2023-06-07,"1 tab BID","30 days",Discontinued
RX001461,P00295,"Ana Bautista",DR0078,"Dr. Jose Castillo","Obstetrics & Gynecology",D007,MED010,Azithromycin,"500 mg tablet",V001180,2025-11-29,"1 tab BID","30 days",Unknown
RX001462,P00488,"John Castillo",DR0062,"Dr. Catherine Cruz",Pediatrics,D002,MED007,Ibuprofen,"400 mg tablet",V001144,2024-02-26,"5 mL every 8 hrs","7 days",Completed
RX001463,P00463,"Bea Gonzales",DR0015,"Anthony Castillo MD",Emergency,D004,MED006,Losartan,"50 mg tablet",V002345,2024-08-16,"2 tablets daily","10 days",Unknown
RX001464,P00260,"Bea Flores",DR0061,"Robert Bautista MD","General Surgery",D008,MED009,Salbutamol,"2 mg inhaler",V000645,2025-06-10,N/a,"30 days",Active
RX001465,P00942,"Grace Navarro",DR0094,"Anthony Aquino MD","General Surgery",D008,MED002,Amoxicillin,"500 mg capsule",V000713,2024-06-17,"1 tablet twice daily","30 days",Discontinued
RX001466,P00093,"Grace Santos",DR0050,"Catherine Reyes MD","Internal Medicine",D003,MED008,Atorvastatin,"20 mg tablet",V002400,2023-08-15,"2 tablets daily","10 days",Active
RX001467,P00969,"Kevin Flores",DR0072,"Dr. Elena Reyes",Cardiology,D001,MED011,Paracetemol,"500 mg tablet",V000771,2024-01-15,"5 mL every 8 hrs","7 days",Completed
RX001468,P00042,"Liza Ramos",DR0002,"Dr. Patrick Cruz","Obstetrics & Gynecology",D007,MED008,Atorvastatin,"20 mg tablet",V001271,2024-07-11,PRN,N/a,Active
RX001469,P00728,"Liza Torres",DR0035,"Anthony Mendoza MD",Pediatrics,D002,MED012,Amoxicilin,"500 mg capsule",V001923,2024-10-21,"1 tab BID","5 days",Active
RX001470,P01003,"Maria Santos",DR0012,"Dr. Samantha Garcia",Emergency,D004,MED004,Amlodipine,"5 mg tablet",V001569,2025-06-22,"1 tablet twice daily",N/a,Active
RX001471,P00186,"Carlos Flores",DR0035,"Anthony Mendoza MD",Pediatrics,D002,MED009,Salbutamol,"2 mg inhaler",V000578,2025-02-18,PRN,N/a,Unknown
RX001472,P00449,"Maria Torres",DR0051,"Nicole Castillo MD",Neurology,D006,MED011,Paracetemol,"500 mg tablet",V002841,2025-08-28,"2 tablets daily","7 days",Completed
RX001473,P00592,"Liza Santos",DR0013,"Dr. Samantha Cruz",Emergency,D004,MED004,Amlodipine,"5 mg tablet",V002257,2026-01-03,N/a,"10 days",Unknown
RX001474,P00515,"Miguel Castillo",DR0068,"Dr. Maria Gonzales","Obstetrics & Gynecology",D007,MED006,Losartan,"50 mg tablet",V001232,2023-04-15,PRN,N/a,Active
RX001475,P00283,"Grace Mendoza",DR0054,"Dr. Robert Dela Cruz","Internal Medicine",D003,MED003,Metformin,"500 mg tablet",V001211,2025-11-16,"1 tablet twice daily",N/a,Unknown
RX001476,P00743,"Andrea Navarro",DR0035,"Anthony Mendoza MD",Pediatrics,D002,MED004,Amlodipine,"5 mg tablet",V001644,2023-01-09,"1 tablet twice daily",N/a,Active
RX001477,P00770,"Jose Navarro",DR0055,"Dr. Jose Santos","Obstetrics & Gynecology",D007,MED002,Amoxicillin,"500 mg capsule",V002466,2025-05-15,PRN,"10 days",Discontinued
RX001478,P00075,"Jose Gonzales",DR0004,"Robert Castillo MD","Internal Medicine",D003,MED009,Salbutamol,"2 mg inhaler",V002831,2024-05-03,"1 tab BID","30 days",Active
RX001479,P00073,"Grace Santos",DR0072,"Dr. Elena Reyes",Cardiology,D001,MED003,Metformin,"500 mg tablet",V001525,2025-06-18,PRN,"7 days",Completed
RX001480,P00410,"Andrea Gonzales",DR0032,"Dr. Samantha Castillo","Internal Medicine",D003,MED002,Amoxicillin,"500 mg capsule",V001257,2025-03-16,"2 tablets daily","10 days",Discontinued
RX001481,P00520,"Patricia Santos",DR0042,"Catherine Mendoza MD",Cardiology,D001,MED010,Azithromycin,"500 mg tablet",V002519,2024-08-08,"1 tablet twice daily","30 days",Active
RX001482,P00063,"Grace Santos",DR0090,"Maria Mendoza MD","General Surgery",D008,MED005,Omeprazole,"20 mg capsule",V000033,2023-12-16,"5 mL every 8 hrs","10 days",Active
RX001483,P00607,"Andrea Aquino",DR0086,"Dr. Jose Garcia","Internal Medicine",D003,MED005,Omeprazole,"20 mg capsule",V000976,2023-02-20,"5 mL every 8 hrs",N/a,Active
RX001484,P00155,"Kevin Ramos",DR0061,"Robert Bautista MD","General Surgery",D008,MED002,Amoxicillin,"500 mg capsule",V001989,2024-08-13,"1 tablet twice daily",N/a,Active
RX001485,P00983,"Mark Bautista",DR0067,"Samantha Reyes MD",Emergency,D004,MED004,Amlodipine,"5 mg tablet",V002028,2024-05-05,"1 tab BID",N/a,Unknown
RX001486,P00173,"Daniel Flores",DR0077,"Samantha Santos MD","General Surgery",D008,MED010,Azithromycin,"500 mg tablet",V000510,2024-05-03,"1 tab BID",N/a,Active
RX001487,P00567,"Angela Ramos",DR0063,"Dr. Anthony Bautista",Pediatrics,D002,MED011,Paracetemol,"500 mg tablet",V001139,2023-06-14,"1 tablet twice daily","30 days",Active
RX001488,P00396,"Andrea Torres",DR0022,"Dr. Jose Castillo",Pediatrics,D002,MED003,Metformin,"500 mg tablet",V002198,2024-04-02,"1 tab BID","7 days",Completed
RX001489,P00043,"John Torres",DR0094,"Anthony Aquino MD","General Surgery",D008,MED007,Ibuprofen,"400 mg tablet",V002586,2025-09-23,"2 tablets daily","30 days",Discontinued
RX001490,P00286,"Bea Navarro",DR0036,"Dr. Patrick Dela Cruz","Obstetrics & Gynecology",D007,MED010,Azithromycin,"500 mg tablet",V000597,2023-10-11,"5 mL every 8 hrs","7 days",Completed
RX001491,P00294,"Carlos Bautista",DR0062,"Dr. Catherine Cruz",Pediatrics,D002,MED007,Ibuprofen,"400 mg tablet",V000612,2023-11-19,"1 tab BID",N/a,Completed
RX001492,P00765,"Luis Bautista",DR0031,"Dr. Jose Dela Cruz",Neurology,D006,MED005,Omeprazole,"20 mg capsule",V000650,2024-03-25,"1 tablet twice daily",N/a,Completed
RX001493,P00154,"Juan Cruz",DR0085,"Dr. Anthony Flores",Neurology,D006,MED003,Metformin,"500 mg tablet",V001825,2024-01-05,"5 mL every 8 hrs","5 days",Discontinued
RX001494,P00220,"Liza Rivera",DR0040,"Dr. Nicole Flores",Cardiology,D001,MED009,Salbutamol,"2 mg inhaler",V002793,2024-12-25,N/a,"5 days",Discontinued
RX001495,P00639,"Juan Torres",DR0065,"Dr. Samantha Mendoza",Pediatrics,D002,MED001,Paracetamol,"500 mg tablet",V002849,2024-03-24,N/a,N/a,Active
RX001496,P00750,"Mark Rivera",DR0085,"Dr. Anthony Flores",Neurology,D006,MED005,Omeprazole,"20 mg capsule",V000583,2023-10-21,"1 tablet twice daily","7 days",Unknown
RX001497,P00365,"Ana Santos",DR0078,"Dr. Jose Castillo","Obstetrics & Gynecology",D007,MED004,Amlodipine,"5 mg tablet",V002017,2025-06-14,"1 tab BID","7 days",Unknown
RX001498,P00153,"Bea Aquino",DR0004,"Robert Castillo MD","Internal Medicine",D003,MED004,Amlodipine,"5 mg tablet",V002538,2025-11-06,PRN,"30 days",Active
RX001499,P00842,"Sofia Dela Cruz",DR0101,"Maria Reyes MD",Cardiology,D001,MED001,Paracetamol,"500 mg tablet",V002483,2023-03-15,PRN,"7 days",Discontinued
RX001500,P00547,"Kevin Ramos",DR0048,"Dr. Robert Castillo",Pediatrics,D002,MED008,Atorvastatin,"20 mg tablet",V000340,2025-06-25,"2 tablets daily","10 days",Active
RX001501,P00280,"Kevin Aquino",DR0094,"Anthony Aquino MD","General Surgery",D008,MED005,Omeprazole,"20 mg capsule",V001254,2024-09-30,PRN,N/a,Discontinued
RX001502,P00151,"Andrea Cruz",DR0055,"Dr. Jose Santos","Obstetrics & Gynecology",D007,MED008,Atorvastatin,"20 mg tablet",V002303,2024-03-31,"1 tab BID","7 days",Completed
RX001503,P00219,"Bea Bautista",DR0026,"Anthony Bautista MD",Neurology,D006,MED009,Salbutamol,"2 mg inhaler",V001988,2024-06-03,"2 tablets daily",N/a,Discontinued
RX001504,P00555,"Patricia Gonzales",DR0044,"Dr. Catherine Castillo","Internal Medicine",D003,MED008,Atorvastatin,"20 mg tablet",V000379,2024-03-24,PRN,"7 days",Active
RX001505,P00338,"Bea Aquino",DR0028,"Anthony Dela Cruz MD",Orthopedics,D005,MED007,Ibuprofen,"400 mg tablet",V000467,2023-08-08,"5 mL every 8 hrs","10 days",Active
RX001506,P00761,"Daniel Bautista",DR0079,"Jose Castillo MD","Obstetrics & Gynecology",D007,MED012,Amoxicilin,"500 mg capsule",V001550,2025-02-19,"2 tablets daily","30 days",Active
RX001507,P00110,"Grace Dela Cruz",DR0062,"Dr. Catherine Cruz",Pediatrics,D002,MED008,Atorvastatin,"20 mg tablet",V000384,2024-12-26,PRN,N/a,Active
RX001508,P00809,"Jose Navarro",DR0029,"Robert Bautista MD","General Surgery",D008,MED004,Amlodipine,"5 mg tablet",V000952,2024-04-01,"5 mL every 8 hrs","7 days",Active
RX001509,P00126,"Kevin Dela Cruz",DR0027,"Dr. Nicole Gonzales","Obstetrics & Gynecology",D007,MED001,Paracetamol,"500 mg tablet",V001374,2024-11-20,"2 tablets daily","5 days",Active
RX001510,P00267,"Bea Ramos",DR0011,"Dr. Patrick Bautista","Internal Medicine",D003,MED012,Amoxicilin,"500 mg capsule",V000320,2024-05-12,"5 mL every 8 hrs","7 days",Completed
RX001511,P00651,"Ramon Cruz",DR0084,"Anthony Santos MD",Neurology,D006,MED011,Paracetemol,"500 mg tablet",V000525,2023-02-18,"1 tablet twice daily","5 days",Discontinued
RX001512,P00180,"Maria Mendoza",DR0017,"Elena Santos MD",Pediatrics,D002,MED009,Salbutamol,"2 mg inhaler",V002584,2024-04-12,"1 tablet twice daily","30 days",Unknown
RX001513,P01003,"Maria Santos",DR0072,"Dr. Elena Reyes",Cardiology,D001,MED011,Paracetemol,"500 mg tablet",V002850,2025-03-17,"5 mL every 8 hrs","7 days",Active
RX001514,P00640,"Ana Bautista",DR0080,"Nicole Flores MD","Obstetrics & Gynecology",D007,MED001,Paracetamol,"500 mg tablet",V001693,2025-09-11,PRN,N/a,Discontinued
RX001515,P00768,"Daniel Mendoza",DR0079,"Jose Castillo MD","Obstetrics & Gynecology",D007,MED010,Azithromycin,"500 mg tablet",V002088,2024-04-12,"2 tablets daily","30 days",Unknown
RX001516,P00174,"Carlos Mendoza",DR0080,"Nicole Flores MD","Obstetrics & Gynecology",D007,MED010,Azithromycin,"500 mg tablet",V002332,2023-07-21,PRN,"5 days",Active
RX001517,P00634,"Luis Torres",DR0068,"Dr. Maria Gonzales","Obstetrics & Gynecology",D007,MED003,Metformin,"500 mg tablet",V001251,2023-02-06,N/a,"7 days",Unknown
RX001518,P00015,"John Santos",DR0073,"Dr. Catherine Torres",Pediatrics,D002,MED006,Losartan,"50 mg tablet",V001003,2024-01-25,"5 mL every 8 hrs","10 days",Completed
RX001519,P00737,"Angela Reyes",DR0050,"Catherine Reyes MD","Internal Medicine",D003,MED010,Azithromycin,"500 mg tablet",V002485,2023-09-21,PRN,N/a,Discontinued
RX001520,P00677,"Sofia Mendoza",DR0017,"Elena Santos MD",Pediatrics,D002,MED011,Paracetemol,"500 mg tablet",V000227,2024-01-27,"1 tab BID",N/a,Active
RX001521,P00800,"Bea Bautista",DR0026,"Anthony Bautista MD",Neurology,D006,MED006,Losartan,"50 mg tablet",V000826,2025-03-22,"1 tab BID",N/a,Discontinued
RX001522,P00678,"Carlos Cruz",DR0072,"Dr. Elena Reyes",Cardiology,D001,MED002,Amoxicillin,"500 mg capsule",V001546,2023-05-25,"2 tablets daily",N/a,Active
RX001523,P00096,"Jose Santos",DR0096,"Dr. Maria Navarro","Internal Medicine",D003,MED006,Losartan,"50 mg tablet",V001579,2023-06-01,N/a,N/a,Active
RX001524,P00620,"Jose Bautista",DR0019,"Dr. Nicole Castillo",Orthopedics,D005,MED006,Losartan,"50 mg tablet",V000786,2025-04-25,"5 mL every 8 hrs","10 days",Unknown
RX001525,P00155,"Kevin Ramos",DR0056,"Dr. Elena Cruz",Neurology,D006,MED009,Salbutamol,"2 mg inhaler",V002395,2025-08-25,"1 tablet twice daily",N/a,Active
RX001526,P00467,"Maria Aquino",DR0001,"Elena Ramos MD","Internal Medicine",D003,MED005,Omeprazole,"20 mg capsule",V000816,2023-01-08,"1 tab BID","30 days",Active
RX001527,P00517,"Miguel Garcia",DR0099,"Dr. Maria Torres",Neurology,D006,MED009,Salbutamol,"2 mg inhaler",V002177,2023-01-27,N/a,"7 days",Unknown
RX001528,P00711,"Angela Castillo",DR0035,"Anthony Mendoza MD",Pediatrics,D002,MED004,Amlodipine,"5 mg tablet",V002539,2023-06-15,"1 tab BID","5 days",Active
RX001529,P00576,"Sofia Aquino",DR0067,"Samantha Reyes MD",Emergency,D004,MED004,Amlodipine,"5 mg tablet",V002167,2025-01-17,"1 tab BID","5 days",Completed
RX001530,P00895,"Kevin Dela Cruz",DR0095,"Patrick Cruz MD","General Surgery",D008,MED005,Omeprazole,"20 mg capsule",V001116,2023-01-17,PRN,"7 days",Completed
RX001531,P00442,"Juan Santos",DR0005,"Dr. Samantha Gonzales",Emergency,D004,MED002,Amoxicillin,"500 mg capsule",V000350,2025-05-12,N/a,N/a,Discontinued
RX001532,P00862,"Thomas Mendoza",DR0072,"Dr. Elena Reyes",Cardiology,D001,MED012,Amoxicilin,"500 mg capsule",V002556,2023-10-31,N/a,N/a,Completed
RX001533,P00867,"Sofia Ramos",DR0096,"Dr. Maria Navarro","Internal Medicine",D003,MED003,Metformin,"500 mg tablet",V002622,2023-05-21,"1 tablet twice daily","5 days",Active
RX001534,P00937,"Liza Santos",DR0054,"Dr. Robert Dela Cruz","Internal Medicine",D003,MED001,Paracetamol,"500 mg tablet",V000193,2023-07-23,"5 mL every 8 hrs",N/a,Active
RX001535,P00027,"Carlos Dela Cruz",DR0037,"Nicole Bautista MD",Pediatrics,D002,MED011,Paracetemol,"500 mg tablet",V002762,2025-09-14,N/a,"5 days",Unknown
RX001536,P00877,"Ramon Castillo",DR0059,"Dr. Nicole Ramos",Neurology,D006,MED011,Paracetemol,"500 mg tablet",V002757,2025-06-15,"5 mL every 8 hrs",N/a,Completed
RX001537,P00052,"Andrea Garcia",DR0078,"Dr. Jose Castillo","Obstetrics & Gynecology",D007,MED001,Paracetamol,"500 mg tablet",V001270,2023-07-30,"1 tab BID","5 days",Unknown
RX001538,P00138,"Patricia Ramos",DR0028,"Anthony Dela Cruz MD",Orthopedics,D005,MED003,Metformin,"500 mg tablet",V001572,2024-07-24,N/a,"7 days",Completed
RX001539,P00265,"Jose Ramos",DR0062,"Dr. Catherine Cruz",Pediatrics,D002,MED002,Amoxicillin,"500 mg capsule",V002844,2025-08-26,N/a,N/a,Active
RX001540,P00967,"Bea Gonzales",DR0049,"Anthony Garcia MD","General Surgery",D008,MED008,Atorvastatin,"20 mg tablet",V000625,2023-01-27,"1 tab BID","7 days",Discontinued
RX001541,P00596,"Kevin Cruz",DR0085,"Dr. Anthony Flores",Neurology,D006,MED001,Paracetamol,"500 mg tablet",V001120,2025-02-01,"2 tablets daily",N/a,Completed
RX001542,P00957,"Patricia Dela Cruz",DR0100,"Dr. Robert Navarro",Neurology,D006,MED008,Atorvastatin,"20 mg tablet",V002728,2023-06-20,N/a,N/a,Completed
RX001543,P00818,"Luis Gonzales",DR0010,"Dr. Anthony Bautista","Internal Medicine",D003,MED001,Paracetamol,"500 mg tablet",V001632,2025-04-30,"5 mL every 8 hrs",N/a,Unknown
RX001544,P00803,"Mark Gonzales",DR0092,"Dr. Catherine Bautista","Internal Medicine",D003,MED012,Amoxicilin,"500 mg capsule",V001571,2025-08-29,N/a,"5 days",Discontinued
RX001545,P00167,"Daniel Reyes",DR0020,"Dr. Patrick Cruz",Orthopedics,D005,MED008,Atorvastatin,"20 mg tablet",V002694,2024-02-14,"5 mL every 8 hrs","10 days",Unknown
RX001546,P00247,"Sofia Cruz",DR0052,"Patrick Reyes MD",Pediatrics,D002,MED009,Salbutamol,"2 mg inhaler",V000855,2024-06-19,"1 tablet twice daily","30 days",Active
RX001547,P00807,"Angela Gonzales",DR0066,"Dr. Maria Garcia",Cardiology,D001,MED004,Amlodipine,"5 mg tablet",V002518,2023-07-29,PRN,"5 days",Active
RX001548,P00330,"Mark Aquino",DR0057,"Elena Navarro MD",Emergency,D004,MED010,Azithromycin,"500 mg tablet",V002275,2023-10-22,"1 tab BID","7 days",Completed
RX001549,P00875,"Bea Navarro",DR0044,"Dr. Catherine Castillo","Internal Medicine",D003,MED011,Paracetemol,"500 mg tablet",V002170,2024-04-20,"1 tab BID","7 days",Active
RX001550,P00135,"Andrea Gonzales",DR0030,"Dr. Elena Navarro","Obstetrics & Gynecology",D007,MED011,Paracetemol,"500 mg tablet",V001195,2023-10-18,"1 tab BID","30 days",Active
RX001551,P00125,"Thomas Bautista",DR0034,"Elena Navarro MD",Neurology,D006,MED001,Paracetamol,"500 mg tablet",V002605,2023-06-05,"1 tab BID","7 days",Active
RX001552,P00843,"Grace Torres",DR0050,"Catherine Reyes MD","Internal Medicine",D003,MED007,Ibuprofen,"400 mg tablet",V001383,2025-01-13,"5 mL every 8 hrs","30 days",Active
RX001553,P00648,"Daniel Santos",DR0082,"Elena Castillo MD","General Surgery",D008,MED002,Amoxicillin,"500 mg capsule",V000620,2025-04-07,"1 tablet twice daily","30 days",Active
RX001554,P00177,"Mark Mendoza",DR0016,"Jose Navarro MD","Internal Medicine",D003,MED005,Omeprazole,"20 mg capsule",V000115,2024-05-02,"2 tablets daily","7 days",Unknown
RX001555,P00955,"Bea Mendoza",DR0073,"Dr. Catherine Torres",Pediatrics,D002,MED009,Salbutamol,"2 mg inhaler",V000819,2026-01-03,"1 tablet twice daily","7 days",Active
RX001556,P00422,"Bea Rivera",DR0034,"Elena Navarro MD",Neurology,D006,MED010,Azithromycin,"500 mg tablet",V001597,2025-06-10,PRN,"5 days",Completed
RX001557,P00886,"Angela Navarro",DR0094,"Anthony Aquino MD","General Surgery",D008,MED011,Paracetemol,"500 mg tablet",V002273,2025-03-14,"2 tablets daily",N/a,Unknown
RX001558,P00645,"Maria Flores",DR0081,"Dr. Jose Mendoza","General Surgery",D008,MED002,Amoxicillin,"500 mg capsule",V000421,2024-12-08,"5 mL every 8 hrs",N/a,Discontinued
RX001559,P00288,"Mark Gonzales",DR0063,"Dr. Anthony Bautista",Pediatrics,D002,MED003,Metformin,"500 mg tablet",V002803,2023-08-23,N/a,N/a,Active
RX001560,P00436,"Miguel Reyes",DR0039,"Samantha Santos MD","General Surgery",D008,MED007,Ibuprofen,"400 mg tablet",V001753,2025-07-23,"1 tab BID","30 days",Active
RX001561,P00564,"Jose Garcia",DR0021,"Elena Santos MD",Cardiology,D001,MED003,Metformin,"500 mg tablet",V001938,2023-03-24,N/a,"10 days",Discontinued
RX001562,P00558,"Andrea Flores",DR0024,"Nicole Garcia MD","Internal Medicine",D003,MED012,Amoxicilin,"500 mg capsule",V001361,2024-07-22,"2 tablets daily","30 days",Discontinued
RX001563,P00302,"Patricia Flores",DR0058,"Robert Mendoza MD",Emergency,D004,MED005,Omeprazole,"20 mg capsule",V002737,2024-05-13,"1 tab BID","5 days",Active
RX001564,P00503,"Grace Mendoza",DR0085,"Dr. Anthony Flores",Neurology,D006,MED004,Amlodipine,"5 mg tablet",V001583,2023-08-12,"1 tab BID","10 days",Completed
RX001565,P00241,"Mark Bautista",DR0063,"Dr. Anthony Bautista",Pediatrics,D002,MED002,Amoxicillin,"500 mg capsule",V000529,2025-12-05,"1 tab BID","5 days",Active
RX001566,P00376,"Grace Castillo",DR0030,"Dr. Elena Navarro","Obstetrics & Gynecology",D007,MED012,Amoxicilin,"500 mg capsule",V001283,2025-05-09,"1 tablet twice daily",N/a,Discontinued
RX001567,P00830,"Grace Reyes",DR0061,"Robert Bautista MD","General Surgery",D008,MED006,Losartan,"50 mg tablet",V000551,2023-05-07,"5 mL every 8 hrs","30 days",Unknown
RX001568,P00827,"Angela Cruz",DR0007,"Nicole Mendoza MD","Internal Medicine",D003,MED001,Paracetamol,"500 mg tablet",V000595,2024-01-31,"1 tab BID","5 days",Active
RX001569,P00050,"Grace Gonzales",NULL,NULL,NULL,NULL,MED004,Amlodipine,"5 mg tablet",V001990,2024-01-26,PRN,"5 days",Active
RX001570,P00934,"Kevin Dela Cruz",DR0012,"Dr. Samantha Garcia",Emergency,D004,MED003,Metformin,"500 mg tablet",V001477,2023-07-08,"1 tab BID","7 days",Unknown
RX001571,P00877,"Ramon Castillo",DR0073,"Dr. Catherine Torres",Pediatrics,D002,MED001,Paracetamol,"500 mg tablet",V002507,2024-09-24,"2 tablets daily","10 days",Active
RX001572,P00498,"Juan Cruz",DR0016,"Jose Navarro MD","Internal Medicine",D003,MED003,Metformin,"500 mg tablet",V002283,2025-05-29,"1 tablet twice daily","30 days",Completed
RX001573,P00548,"Ramon Cruz",DR0047,"Catherine Garcia MD","General Surgery",D008,MED010,Azithromycin,"500 mg tablet",V001167,2023-05-26,N/a,N/a,Active
RX001574,P00461,"Sofia Torres",DR0094,"Anthony Aquino MD","General Surgery",D008,MED007,Ibuprofen,"400 mg tablet",V001563,2025-06-03,N/a,"30 days",Completed
RX001575,P00891,"Jose Santos",DR0100,"Dr. Robert Navarro",Neurology,D006,MED011,Paracetemol,"500 mg tablet",V002920,2023-03-09,"2 tablets daily","5 days",Discontinued
RX001576,P00136,"Carlos Flores",DR0052,"Patrick Reyes MD",Pediatrics,D002,MED002,Amoxicillin,"500 mg capsule",V001308,2024-12-13,"5 mL every 8 hrs","7 days",Discontinued
RX001577,P00169,"Andrea Cruz",DR0101,"Maria Reyes MD",Cardiology,D001,MED005,Omeprazole,"20 mg capsule",V002664,2023-03-18,"2 tablets daily","5 days",Active
RX001578,P00569,"Kevin Cruz",DR0058,"Robert Mendoza MD",Emergency,D004,MED004,Amlodipine,"5 mg tablet",V001797,2023-10-23,"5 mL every 8 hrs","5 days",Active
RX001579,P00543,"Jose Bautista",DR0044,"Dr. Catherine Castillo","Internal Medicine",D003,MED010,Azithromycin,"500 mg tablet",V001111,2023-01-13,"1 tablet twice daily","30 days",Unknown
RX001580,P00641,"Daniel Navarro",DR0061,"Robert Bautista MD","General Surgery",D008,MED006,Losartan,"50 mg tablet",V001633,2024-02-25,N/a,"7 days",Unknown
RX001581,P00199,"Patricia Mendoza",DR0042,"Catherine Mendoza MD",Cardiology,D001,MED003,Metformin,"500 mg tablet",V001217,2023-08-28,N/a,"7 days",Discontinued
RX001582,P00159,"Maria Torres",DR0001,"Elena Ramos MD","Internal Medicine",D003,MED007,Ibuprofen,"400 mg tablet",V000847,2023-04-06,"5 mL every 8 hrs","5 days",Completed
RX001583,P00511,"Luis Torres",DR0005,"Dr. Samantha Gonzales",Emergency,D004,MED011,Paracetemol,"500 mg tablet",V001826,2023-03-21,"5 mL every 8 hrs","7 days",Discontinued
RX001584,P00045,"Liza Mendoza",DR0031,"Dr. Jose Dela Cruz",Neurology,D006,MED009,Salbutamol,"2 mg inhaler",V000371,2025-05-08,PRN,N/a,Discontinued
RX001585,P00460,"Carlos Rivera",DR0092,"Dr. Catherine Bautista","Internal Medicine",D003,MED001,Paracetamol,"500 mg tablet",V002484,2025-06-10,"2 tablets daily","30 days",Discontinued
RX001586,P00345,"Kevin Torres",DR0043,"Dr. Samantha Flores",Emergency,D004,MED001,Paracetamol,"500 mg tablet",V002424,2023-02-14,N/a,"5 days",Unknown
RX001587,NULL,NULL,DR0025,"Nicole Torres MD","General Surgery",D008,MED010,Azithromycin,"500 mg tablet",V001122,2024-07-24,PRN,N/a,Unknown
RX001588,P00667,"Angela Gonzales",DR0050,"Catherine Reyes MD","Internal Medicine",D003,MED011,Paracetemol,"500 mg tablet",V000350,2023-05-19,PRN,"5 days",Completed
RX001589,P00716,"Thomas Garcia",DR0072,"Dr. Elena Reyes",Cardiology,D001,MED010,Azithromycin,"500 mg tablet",V000624,2025-06-17,N/a,"7 days",Completed
RX001590,P00941,"John Navarro",DR0043,"Dr. Samantha Flores",Emergency,D004,MED006,Losartan,"50 mg tablet",V001825,2024-10-26,"1 tablet twice daily",N/a,Active
RX001591,P00981,"John Rivera",DR0006,"Dr. Elena Rivera",Orthopedics,D005,MED011,Paracetemol,"500 mg tablet",V002136,2024-12-07,"1 tablet twice daily","30 days",Discontinued
RX001592,P00426,"Sofia Santos",DR0030,"Dr. Elena Navarro","Obstetrics & Gynecology",D007,MED004,Amlodipine,"5 mg tablet",V001089,2023-02-21,PRN,N/a,Active
RX001593,P00933,"Daniel Mendoza",DR0054,"Dr. Robert Dela Cruz","Internal Medicine",D003,MED002,Amoxicillin,"500 mg capsule",V002318,2025-02-18,"1 tablet twice daily","7 days",Completed
RX001594,P00206,"Grace Bautista",DR0038,"Dr. Nicole Rivera",Pediatrics,D002,MED007,Ibuprofen,"400 mg tablet",V001323,2024-05-23,PRN,"5 days",Active
RX001595,P00183,"Patricia Bautista",DR0095,"Patrick Cruz MD","General Surgery",D008,MED004,Amlodipine,"5 mg tablet",V001583,2024-03-25,"2 tablets daily","10 days",Active
RX001596,P00415,"Ramon Aquino",DR0039,"Samantha Santos MD","General Surgery",D008,MED002,Amoxicillin,"500 mg capsule",V002397,2025-11-11,"5 mL every 8 hrs","5 days",Active
RX001597,P00517,"Miguel Garcia",DR0053,"Dr. Samantha Rivera",Cardiology,D001,MED011,Paracetemol,"500 mg tablet",V002260,2023-11-20,"2 tablets daily",N/a,Active
RX001598,P00478,"Mark Mendoza",DR0039,"Samantha Santos MD","General Surgery",D008,MED007,Ibuprofen,"400 mg tablet",V002669,2025-01-10,N/a,"30 days",Unknown
RX001599,P00098,"Luis Bautista",DR0057,"Elena Navarro MD",Emergency,D004,MED010,Azithromycin,"500 mg tablet",V002679,2024-05-31,N/a,"5 days",Discontinued
RX001600,P00752,"Ana Rivera",DR0070,"Rafael Castillo MD","Internal Medicine",D003,MED011,Paracetemol,"500 mg tablet",V000407,2023-02-03,"2 tablets daily","30 days",Active
RX001601,P00160,"Kevin Cruz",DR0090,"Maria Mendoza MD","General Surgery",D008,MED001,Paracetamol,"500 mg tablet",V002526,2025-03-15,N/a,"7 days",Completed
RX001602,P00599,"Juan Flores",DR0090,"Maria Mendoza MD","General Surgery",D008,MED009,Salbutamol,"2 mg inhaler",V001794,2024-06-27,"2 tablets daily","30 days",Active
RX001603,P00358,"Juan Reyes",DR0078,"Dr. Jose Castillo","Obstetrics & Gynecology",D007,MED008,Atorvastatin,"20 mg tablet",V001608,2025-04-19,"1 tablet twice daily","5 days",Active
RX001604,P00696,"Luis Dela Cruz",DR0073,"Dr. Catherine Torres",Pediatrics,D002,MED002,Amoxicillin,"500 mg capsule",V001847,2024-01-09,"5 mL every 8 hrs",N/a,Discontinued
RX001605,P00456,"Grace Flores",DR0001,"Elena Ramos MD","Internal Medicine",D003,MED011,Paracetemol,"500 mg tablet",V002669,2024-09-13,N/a,N/a,Discontinued
RX001606,P00414,"Kevin Dela Cruz",DR0044,"Dr. Catherine Castillo","Internal Medicine",D003,MED002,Amoxicillin,"500 mg capsule",V001632,2023-02-28,"1 tab BID","10 days",Discontinued
RX001607,P00341,"Daniel Santos",DR0053,"Dr. Samantha Rivera",Cardiology,D001,MED003,Metformin,"500 mg tablet",V002384,2025-04-23,"1 tablet twice daily","7 days",Active
RX001608,P00812,"Patricia Dela Cruz",DR0018,"Catherine Santos MD",Orthopedics,D005,MED007,Ibuprofen,"400 mg tablet",V002056,2023-05-17,"1 tab BID","30 days",Active
RX001609,P00941,"John Navarro",DR0020,"Dr. Patrick Cruz",Orthopedics,D005,MED003,Metformin,"500 mg tablet",V002154,2024-07-16,"5 mL every 8 hrs","10 days",Discontinued
RX001610,P00353,"Bea Bautista",DR0016,"Jose Navarro MD","Internal Medicine",D003,MED009,Salbutamol,"2 mg inhaler",V000863,2025-09-23,PRN,"5 days",Unknown
RX001611,P00023,"Jose Ramos",DR0083,"Samantha Castillo MD",Pediatrics,D002,MED009,Salbutamol,"2 mg inhaler",V001127,2024-07-15,N/a,"30 days",Completed
RX001612,P00564,"Jose Garcia",DR0005,"Dr. Samantha Gonzales",Emergency,D004,MED011,Paracetemol,"500 mg tablet",V000175,2024-11-20,"5 mL every 8 hrs","7 days",Unknown
RX001613,P00105,"Jose Flores",DR0035,"Anthony Mendoza MD",Pediatrics,D002,MED008,Atorvastatin,"20 mg tablet",V000510,2023-07-11,"1 tab BID","5 days",Completed
RX001614,P00535,"Liza Dela Cruz",DR0065,"Dr. Samantha Mendoza",Pediatrics,D002,MED006,Losartan,"50 mg tablet",V002988,2023-03-25,"2 tablets daily","5 days",Unknown
RX001615,P00649,"Grace Aquino",DR0081,"Dr. Jose Mendoza","General Surgery",D008,MED007,Ibuprofen,"400 mg tablet",V002955,2024-02-06,"5 mL every 8 hrs",N/a,Completed
RX001616,P00705,"Thomas Aquino",DR0039,"Samantha Santos MD","General Surgery",D008,MED004,Amlodipine,"5 mg tablet",V002397,2023-07-05,"5 mL every 8 hrs","5 days",Discontinued
RX001617,P00737,"Angela Reyes",DR0066,"Dr. Maria Garcia",Cardiology,D001,MED002,Amoxicillin,"500 mg capsule",V000656,2025-11-14,"2 tablets daily","7 days",Active
RX001618,P00978,"Patricia Torres",DR0044,"Dr. Catherine Castillo","Internal Medicine",D003,MED009,Salbutamol,"2 mg inhaler",V000671,2024-04-28,"1 tab BID",N/a,Completed
RX001619,P00319,"Ramon Gonzales",DR0024,"Nicole Garcia MD","Internal Medicine",D003,MED002,Amoxicillin,"500 mg capsule",V000921,2023-09-07,"1 tablet twice daily","10 days",Active
RX001620,P00709,"Bea Flores",DR0058,"Robert Mendoza MD",Emergency,D004,MED010,Azithromycin,"500 mg tablet",V002581,2025-09-16,"2 tablets daily",N/a,Unknown
RX001621,P00523,"Sofia Navarro",DR0085,"Dr. Anthony Flores",Neurology,D006,MED011,Paracetemol,"500 mg tablet",V000933,2025-12-28,N/a,"7 days",Active
RX001622,P00037,"Ana Castillo",DR0041,"Dr. Nicole Torres",Emergency,D004,MED011,Paracetemol,"500 mg tablet",V000943,2025-02-14,"2 tablets daily","10 days",Completed
RX001623,P00284,"Ana Cruz",DR0045,"Dr. Robert Dela Cruz","Obstetrics & Gynecology",D007,MED009,Salbutamol,"2 mg inhaler",V002640,2023-12-08,"1 tab BID",N/a,Unknown
RX001624,P00470,"Maria Torres",DR0090,"Maria Mendoza MD","General Surgery",D008,MED009,Salbutamol,"2 mg inhaler",V002138,2024-03-04,"2 tablets daily","7 days",Active
RX001625,P00300,"Angela Torres",DR0074,"Dr. Maria Gonzales","General Surgery",D008,MED008,Atorvastatin,"20 mg tablet",V000329,2023-01-07,PRN,"30 days",Discontinued
RX001626,P00453,"Jose Gonzales",DR0028,"Anthony Dela Cruz MD",Orthopedics,D005,MED003,Metformin,"500 mg tablet",V000019,2024-07-29,PRN,"7 days",Active
RX001627,P00575,"Grace Flores",DR0063,"Dr. Anthony Bautista",Pediatrics,D002,MED009,Salbutamol,"2 mg inhaler",V000250,2023-07-27,N/a,N/a,Unknown
RX001628,P00769,"Angela Flores",DR0074,"Dr. Maria Gonzales","General Surgery",D008,MED003,Metformin,"500 mg tablet",V000606,2024-02-08,"1 tablet twice daily","5 days",Active
RX001629,P00863,"Mark Santos",DR0066,"Dr. Maria Garcia",Cardiology,D001,MED003,Metformin,"500 mg tablet",V000084,2025-02-11,"5 mL every 8 hrs",N/a,Active
RX001630,P00986,"Liza Gonzales",DR0022,"Dr. Jose Castillo",Pediatrics,D002,MED004,Amlodipine,"5 mg tablet",V002125,2025-08-08,PRN,"30 days",Active
RX001631,P00503,"Grace Mendoza",DR0020,"Dr. Patrick Cruz",Orthopedics,D005,MED008,Atorvastatin,"20 mg tablet",V000304,2023-03-07,PRN,N/a,Active
RX001632,P00929,"Andrea Garcia",DR0045,"Dr. Robert Dela Cruz","Obstetrics & Gynecology",D007,MED007,Ibuprofen,"400 mg tablet",V002634,2025-06-01,N/a,"10 days",Discontinued
RX001633,P00239,"Daniel Dela Cruz",DR0036,"Dr. Patrick Dela Cruz","Obstetrics & Gynecology",D007,MED006,Losartan,"50 mg tablet",V000095,2025-01-10,"1 tab BID","30 days",Discontinued
RX001634,P00071,"Grace Ramos",DR0059,"Dr. Nicole Ramos",Neurology,D006,MED007,Ibuprofen,"400 mg tablet",V000553,2023-06-19,"5 mL every 8 hrs","10 days",Completed
RX001635,P00899,"Maria Aquino",DR0027,"Dr. Nicole Gonzales","Obstetrics & Gynecology",D007,MED005,Omeprazole,"20 mg capsule",V002782,2024-11-08,N/a,N/a,Discontinued
RX001636,P00553,"Juan Ramos",DR0053,"Dr. Samantha Rivera",Cardiology,D001,MED002,Amoxicillin,"500 mg capsule",V002419,2023-07-12,"1 tablet twice daily","10 days",Completed
RX001637,P00379,"Maria Torres",DR0074,"Dr. Maria Gonzales","General Surgery",D008,MED009,Salbutamol,"2 mg inhaler",V000739,2023-08-25,"1 tab BID","5 days",Active
RX001638,P00968,"Ana Reyes",DR0036,"Dr. Patrick Dela Cruz","Obstetrics & Gynecology",D007,MED011,Paracetemol,"500 mg tablet",V002484,2024-08-27,"1 tab BID",N/a,Active
RX001639,P00640,"Ana Bautista",DR0060,"Maria Castillo MD",Cardiology,D001,MED009,Salbutamol,"2 mg inhaler",V001643,2025-04-25,"5 mL every 8 hrs","30 days",Active
RX001640,P00382,"Juan Castillo",DR0060,"Maria Castillo MD",Cardiology,D001,MED009,Salbutamol,"2 mg inhaler",V000149,2023-08-27,"1 tablet twice daily","5 days",Unknown
RX001641,P00953,"Luis Cruz",DR0061,"Robert Bautista MD","General Surgery",D008,MED001,Paracetamol,"500 mg tablet",V000946,2023-11-18,PRN,N/a,Discontinued
RX001642,P00368,"Bea Santos",DR0086,"Dr. Jose Garcia","Internal Medicine",D003,MED006,Losartan,"50 mg tablet",V001939,2025-04-02,PRN,"10 days",Active
RX001643,P00581,"Ana Bautista",DR0006,"Dr. Elena Rivera",Orthopedics,D005,MED003,Metformin,"500 mg tablet",V000782,2025-09-15,"1 tablet twice daily",N/a,Completed
RX001644,P00074,"John Flores",DR0060,"Maria Castillo MD",Cardiology,D001,MED006,Losartan,"50 mg tablet",V001576,2025-05-06,N/a,N/a,Completed
RX001645,P00817,"Juan Rivera",DR0063,"Dr. Anthony Bautista",Pediatrics,D002,MED003,Metformin,"500 mg tablet",V000698,2025-09-04,PRN,N/a,Active
RX001646,P00353,"Bea Bautista",DR0079,"Jose Castillo MD","Obstetrics & Gynecology",D007,MED004,Amlodipine,"5 mg tablet",V002843,2025-03-26,"1 tablet twice daily","7 days",Active
RX001647,P00679,"Mark Torres",DR0006,"Dr. Elena Rivera",Orthopedics,D005,MED002,Amoxicillin,"500 mg capsule",V000125,2025-01-06,PRN,N/a,Active
RX001648,P00883,"Jose Flores",DR0076,"Maria Torres MD",Orthopedics,D005,MED010,Azithromycin,"500 mg tablet",V002159,2023-12-24,N/a,"10 days",Unknown
RX001649,P00224,"Grace Dela Cruz",DR0088,"Dr. Jose Flores",Neurology,D006,MED002,Amoxicillin,"500 mg capsule",V000342,2025-06-04,"1 tablet twice daily","7 days",Active
RX001650,P00466,"Patricia Garcia",DR0060,"Maria Castillo MD",Cardiology,D001,MED001,Paracetamol,"500 mg tablet",V002818,2025-11-30,"1 tablet twice daily",N/a,Active
RX001651,P00960,"Maria Mendoza",DR0088,"Dr. Jose Flores",Neurology,D006,MED001,Paracetamol,"500 mg tablet",V001040,2023-12-07,N/a,N/a,Completed
RX001652,P00623,"Andrea Reyes",DR0047,"Catherine Garcia MD","General Surgery",D008,MED008,Atorvastatin,"20 mg tablet",V002496,2025-11-13,"1 tab BID",N/a,Active
RX001653,P00334,"Bea Cruz",DR0093,"Dr. Patrick Navarro",Pediatrics,D002,MED004,Amlodipine,"5 mg tablet",V001129,2024-10-21,PRN,"5 days",Unknown
RX001654,P00178,"Liza Reyes",DR0025,"Nicole Torres MD","General Surgery",D008,MED007,Ibuprofen,"400 mg tablet",V002960,2025-05-04,"1 tablet twice daily","7 days",Discontinued
RX001655,P00202,"Bea Ramos",DR0060,"Maria Castillo MD",Cardiology,D001,MED007,Ibuprofen,"400 mg tablet",V002794,2024-04-22,"5 mL every 8 hrs","5 days",Unknown
RX001656,P00066,"Grace Santos",DR0089,"Maria Cruz MD",Emergency,D004,MED006,Losartan,"50 mg tablet",V002205,2023-05-23,N/a,"30 days",Discontinued
RX001657,P00790,"Andrea Reyes",DR0055,"Dr. Jose Santos","Obstetrics & Gynecology",D007,MED004,Amlodipine,"5 mg tablet",V002157,2024-04-08,"5 mL every 8 hrs","5 days",Active
RX001658,P00271,"Kevin Mendoza",DR0100,"Dr. Robert Navarro",Neurology,D006,MED007,Ibuprofen,"400 mg tablet",V001456,2024-09-12,"5 mL every 8 hrs","10 days",Completed
RX001659,P00912,"Andrea Reyes",DR0006,"Dr. Elena Rivera",Orthopedics,D005,MED001,Paracetamol,"500 mg tablet",V000557,2023-05-17,"5 mL every 8 hrs",N/a,Unknown
RX001660,P00869,"Maria Rivera",DR0024,"Nicole Garcia MD","Internal Medicine",D003,MED005,Omeprazole,"20 mg capsule",V001944,2025-06-27,"5 mL every 8 hrs","5 days",Active
RX001661,P00986,"Liza Gonzales",DR0009,"Dr. Nicole Mendoza",Emergency,D004,MED010,Azithromycin,"500 mg tablet",V000721,2025-12-07,"2 tablets daily","7 days",Unknown
RX001662,P00416,"Juan Santos",DR0045,"Dr. Robert Dela Cruz","Obstetrics & Gynecology",D007,MED011,Paracetemol,"500 mg tablet",V000831,2023-07-20,"5 mL every 8 hrs",N/a,Active
RX001663,P00258,"Miguel Rivera",DR0002,"Dr. Patrick Cruz","Obstetrics & Gynecology",D007,MED008,Atorvastatin,"20 mg tablet",V000270,2024-07-18,PRN,N/a,Discontinued
RX001664,P00883,"Jose Flores",DR0037,"Nicole Bautista MD",Pediatrics,D002,MED009,Salbutamol,"2 mg inhaler",V002367,2025-05-04,"5 mL every 8 hrs","7 days",Active
RX001665,P00869,"Maria Rivera",DR0100,"Dr. Robert Navarro",Neurology,D006,MED006,Losartan,"50 mg tablet",V000694,2024-06-08,"1 tab BID",N/a,Completed
RX001666,P00833,"Luis Mendoza",DR0018,"Catherine Santos MD",Orthopedics,D005,MED001,Paracetamol,"500 mg tablet",V000772,2024-07-15,PRN,N/a,Unknown
RX001667,P00166,"Patricia Navarro",DR0096,"Dr. Maria Navarro","Internal Medicine",D003,MED003,Metformin,"500 mg tablet",V002378,2023-05-30,"1 tab BID",N/a,Discontinued
RX001668,P00321,"Carlos Reyes",DR0005,"Dr. Samantha Gonzales",Emergency,D004,MED012,Amoxicilin,"500 mg capsule",V000439,2023-08-04,"1 tab BID",N/a,Completed
RX001669,P00317,"Ramon Reyes",DR0085,"Dr. Anthony Flores",Neurology,D006,MED002,Amoxicillin,"500 mg capsule",V000535,2024-09-03,"1 tablet twice daily","5 days",Unknown
RX001670,P00125,"Thomas Bautista",DR0057,"Elena Navarro MD",Emergency,D004,MED001,Paracetamol,"500 mg tablet",V001978,2024-09-11,PRN,N/a,Active
RX001671,P00208,"John Santos",DR0018,"Catherine Santos MD",Orthopedics,D005,MED009,Salbutamol,"2 mg inhaler",V001212,2023-12-25,"2 tablets daily","5 days",Active
RX001672,P00733,"Ana Reyes",DR0055,"Dr. Jose Santos","Obstetrics & Gynecology",D007,MED010,Azithromycin,"500 mg tablet",V002868,2023-01-13,"1 tablet twice daily",N/a,Completed
RX001673,P00066,"Grace Santos",DR0010,"Dr. Anthony Bautista","Internal Medicine",D003,MED010,Azithromycin,"500 mg tablet",V001697,2024-08-29,PRN,"7 days",Active
RX001674,P00571,"Ramon Garcia",DR0099,"Dr. Maria Torres",Neurology,D006,MED011,Paracetemol,"500 mg tablet",V001856,2025-07-25,"5 mL every 8 hrs","7 days",Unknown
RX001675,P00764,"Jose Ramos",DR0050,"Catherine Reyes MD","Internal Medicine",D003,MED005,Omeprazole,"20 mg capsule",V001807,2025-08-24,"1 tab BID","5 days",Discontinued
RX001676,P00958,"John Santos",DR0099,"Dr. Maria Torres",Neurology,D006,MED002,Amoxicillin,"500 mg capsule",V001990,2023-10-28,"1 tab BID","5 days",Unknown
RX001677,P00619,"Grace Santos",DR0101,"Maria Reyes MD",Cardiology,D001,MED008,Atorvastatin,"20 mg tablet",V000115,2023-10-07,"5 mL every 8 hrs",N/a,Unknown
RX001678,P00298,"Angela Flores",DR0023,"Jose Castillo MD",Orthopedics,D005,MED007,Ibuprofen,"400 mg tablet",V002183,2024-06-02,"1 tab BID","10 days",Active
RX001679,P00196,"Angela Santos",DR0087,"Dr. Nicole Rivera","Internal Medicine",D003,MED007,Ibuprofen,"400 mg tablet",V001497,2025-06-24,N/a,"30 days",Completed
RX001680,P00088,"Ramon Mendoza",DR0028,"Anthony Dela Cruz MD",Orthopedics,D005,MED002,Amoxicillin,"500 mg capsule",V001499,2023-07-18,N/a,N/a,Completed
RX001681,P00392,"Maria Dela Cruz",DR0061,"Robert Bautista MD","General Surgery",D008,MED009,Salbutamol,"2 mg inhaler",V001123,2024-10-04,"5 mL every 8 hrs","10 days",Active
RX001682,P00211,"John Garcia",DR0021,"Elena Santos MD",Cardiology,D001,MED002,Amoxicillin,"500 mg capsule",V002198,2024-04-04,N/a,"10 days",Discontinued
RX001683,P00431,"Jose Santos",DR0065,"Dr. Samantha Mendoza",Pediatrics,D002,MED004,Amlodipine,"5 mg tablet",V000761,2023-06-09,"1 tab BID",N/a,Completed
RX001684,P00299,"Daniel Dela Cruz",DR0056,"Dr. Elena Cruz",Neurology,D006,MED012,Amoxicilin,"500 mg capsule",V000016,2023-03-12,"2 tablets daily","30 days",Discontinued
RX001685,P00482,"Angela Santos",DR0018,"Catherine Santos MD",Orthopedics,D005,MED001,Paracetamol,"500 mg tablet",V001179,2024-09-01,"1 tablet twice daily",N/a,Active
RX001686,P00640,"Ana Bautista",DR0080,"Nicole Flores MD","Obstetrics & Gynecology",D007,MED008,Atorvastatin,"20 mg tablet",V002478,2025-11-18,"1 tablet twice daily","30 days",Unknown
RX001687,P00818,"Luis Gonzales",DR0033,"Dr. Catherine Bautista",Cardiology,D001,MED009,Salbutamol,"2 mg inhaler",V002282,2023-02-15,"2 tablets daily",N/a,Completed
RX001688,P00714,"Daniel Bautista",DR0014,"Samantha Ramos MD",Pediatrics,D002,MED008,Atorvastatin,"20 mg tablet",V000297,2025-09-30,N/a,"7 days",Discontinued
RX001689,P00015,"John Santos",DR0060,"Maria Castillo MD",Cardiology,D001,MED012,Amoxicilin,"500 mg capsule",V002598,2024-10-20,"5 mL every 8 hrs","5 days",Completed
RX001690,P00312,"Bea Santos",DR0008,"Anthony Navarro MD","General Surgery",D008,MED001,Paracetamol,"500 mg tablet",V001630,2024-01-19,"1 tab BID","7 days",Completed
RX001691,P00659,"Miguel Garcia",DR0065,"Dr. Samantha Mendoza",Pediatrics,D002,MED003,Metformin,"500 mg tablet",V000392,2025-03-04,"5 mL every 8 hrs",N/a,Unknown
RX001692,P00809,"Jose Navarro",DR0011,"Dr. Patrick Bautista","Internal Medicine",D003,MED002,Amoxicillin,"500 mg capsule",V000869,2023-06-12,"5 mL every 8 hrs","7 days",Discontinued
RX001693,P00818,"Luis Gonzales",DR0097,"Dr. Samantha Garcia",Neurology,D006,MED002,Amoxicillin,"500 mg capsule",V002456,2025-03-04,"5 mL every 8 hrs","5 days",Unknown
RX001694,P00979,"Kevin Torres",DR0056,"Dr. Elena Cruz",Neurology,D006,MED010,Azithromycin,"500 mg tablet",V002433,2025-06-19,PRN,"5 days",Discontinued
RX001695,P00389,"Ramon Torres",DR0063,"Dr. Anthony Bautista",Pediatrics,D002,MED007,Ibuprofen,"400 mg tablet",V000388,2023-12-21,"1 tablet twice daily","30 days",Unknown
RX001696,P00680,"Ramon Rivera",DR0089,"Maria Cruz MD",Emergency,D004,MED007,Ibuprofen,"400 mg tablet",V001490,2023-12-22,"5 mL every 8 hrs","5 days",Active
RX001697,P00955,"Bea Mendoza",DR0021,"Elena Santos MD",Cardiology,D001,MED004,Amlodipine,"5 mg tablet",V000455,2025-06-30,"5 mL every 8 hrs","5 days",Completed
RX001698,P00127,"Maria Bautista",DR0099,"Dr. Maria Torres",Neurology,D006,MED006,Losartan,"50 mg tablet",V002544,2023-06-24,N/a,"5 days",Unknown
RX001699,P00470,"Maria Torres",DR0029,"Robert Bautista MD","General Surgery",D008,MED003,Metformin,"500 mg tablet",V000448,2025-04-05,"5 mL every 8 hrs","7 days",Active
RX001700,P00859,"Juan Cruz",DR0034,"Elena Navarro MD",Neurology,D006,MED009,Salbutamol,"2 mg inhaler",V000592,2023-11-03,"5 mL every 8 hrs",N/a,Discontinued
RX001701,P00513,"Liza Torres",DR0036,"Dr. Patrick Dela Cruz","Obstetrics & Gynecology",D007,MED008,Atorvastatin,"20 mg tablet",V000039,2023-07-08,"2 tablets daily",N/a,Active
RX001702,P00018,"Luis Flores",DR0053,"Dr. Samantha Rivera",Cardiology,D001,MED003,Metformin,"500 mg tablet",V000434,2023-08-20,N/a,"30 days",Unknown
RX001703,P00482,"Angela Santos",DR0002,"Dr. Patrick Cruz","Obstetrics & Gynecology",D007,MED004,Amlodipine,"5 mg tablet",V000436,2025-09-02,"2 tablets daily",N/a,Unknown
RX001704,P00104,"Ramon Ramos",DR0090,"Maria Mendoza MD","General Surgery",D008,MED008,Atorvastatin,"20 mg tablet",V002829,2025-07-23,PRN,N/a,Unknown
RX001705,P00569,"Kevin Cruz",DR0013,"Dr. Samantha Cruz",Emergency,D004,MED008,Atorvastatin,"20 mg tablet",V002988,2023-09-15,N/a,"10 days",Unknown
RX001706,P00221,"Bea Torres",DR0092,"Dr. Catherine Bautista","Internal Medicine",D003,MED004,Amlodipine,"5 mg tablet",V002308,2025-11-02,"1 tablet twice daily",N/a,Discontinued
RX001707,P00514,"Liza Aquino",DR0054,"Dr. Robert Dela Cruz","Internal Medicine",D003,MED007,Ibuprofen,"400 mg tablet",V001090,2024-03-14,"1 tablet twice daily","10 days",Active
RX001708,P00137,"Miguel Navarro",DR0091,"Dr. Rafael Flores",Orthopedics,D005,MED012,Amoxicilin,"500 mg capsule",V001601,2023-06-15,"1 tablet twice daily",N/a,Active
RX001709,P00729,"Ramon Garcia",DR0020,"Dr. Patrick Cruz",Orthopedics,D005,MED009,Salbutamol,"2 mg inhaler",V001963,2023-10-04,"2 tablets daily","30 days",Active
RX001710,P00581,"Ana Bautista",DR0072,"Dr. Elena Reyes",Cardiology,D001,MED010,Azithromycin,"500 mg tablet",V002879,2024-01-27,"5 mL every 8 hrs","30 days",Discontinued
RX001711,P00432,"John Aquino",DR0097,"Dr. Samantha Garcia",Neurology,D006,MED003,Metformin,"500 mg tablet",V001258,2024-04-12,"5 mL every 8 hrs",N/a,Discontinued
RX001712,P00217,"Luis Garcia",DR0004,"Robert Castillo MD","Internal Medicine",D003,MED008,Atorvastatin,"20 mg tablet",V000357,2025-07-10,"1 tab BID","7 days",Active
RX001713,P00692,"Carlos Bautista",DR0079,"Jose Castillo MD","Obstetrics & Gynecology",D007,MED008,Atorvastatin,"20 mg tablet",V002761,2023-10-08,"1 tab BID","10 days",Active
RX001714,P00717,"Grace Santos",DR0095,"Patrick Cruz MD","General Surgery",D008,MED002,Amoxicillin,"500 mg capsule",V001664,2025-07-26,N/a,"30 days",Discontinued
RX001715,P00493,"Thomas Gonzales",DR0068,"Dr. Maria Gonzales","Obstetrics & Gynecology",D007,MED005,Omeprazole,"20 mg capsule",V002924,2025-06-11,PRN,"30 days",Active
RX001716,P00257,"Jose Dela Cruz",DR0016,"Jose Navarro MD","Internal Medicine",D003,MED007,Ibuprofen,"400 mg tablet",V000940,2024-10-07,N/a,"5 days",Discontinued
RX001717,P00934,"Kevin Dela Cruz",DR0100,"Dr. Robert Navarro",Neurology,D006,MED007,Ibuprofen,"400 mg tablet",V000182,2025-04-02,PRN,N/a,Discontinued
RX001718,P00311,"Ana Mendoza",DR0043,"Dr. Samantha Flores",Emergency,D004,MED010,Azithromycin,"500 mg tablet",V000482,2023-10-21,N/a,"10 days",Discontinued
RX001719,P00607,"Andrea Aquino",DR0007,"Nicole Mendoza MD","Internal Medicine",D003,MED010,Azithromycin,"500 mg tablet",V000312,2023-01-14,PRN,"5 days",Discontinued
RX001720,P00906,"Mark Rivera",DR0055,"Dr. Jose Santos","Obstetrics & Gynecology",D007,MED001,Paracetamol,"500 mg tablet",V002567,2023-05-27,PRN,N/a,Active
RX001721,P00657,"Thomas Garcia",DR0052,"Patrick Reyes MD",Pediatrics,D002,MED004,Amlodipine,"5 mg tablet",V000891,2023-01-03,"5 mL every 8 hrs","7 days",Completed
RX001722,P00023,"Jose Ramos",DR0043,"Dr. Samantha Flores",Emergency,D004,MED006,Losartan,"50 mg tablet",V002588,2025-08-30,"1 tab BID","7 days",Completed
RX001723,P00997,"Miguel Torres",DR0021,"Elena Santos MD",Cardiology,D001,MED001,Paracetamol,"500 mg tablet",V001974,2025-05-08,"2 tablets daily","30 days",Completed
RX001724,P00385,"Thomas Cruz",DR0089,"Maria Cruz MD",Emergency,D004,MED001,Paracetamol,"500 mg tablet",V002117,2024-08-03,"5 mL every 8 hrs","10 days",Unknown
RX001725,P00366,"Kevin Reyes",DR0068,"Dr. Maria Gonzales","Obstetrics & Gynecology",D007,MED012,Amoxicilin,"500 mg capsule",V001980,2024-06-14,"1 tab BID","7 days",Active
RX001726,P00812,"Patricia Dela Cruz",DR0009,"Dr. Nicole Mendoza",Emergency,D004,MED011,Paracetemol,"500 mg tablet",V000177,2025-08-22,"5 mL every 8 hrs","10 days",Active
RX001727,P00461,"Sofia Torres",DR0040,"Dr. Nicole Flores",Cardiology,D001,MED007,Ibuprofen,"400 mg tablet",V000435,2023-02-15,PRN,"30 days",Discontinued
RX001728,P00135,"Andrea Gonzales",DR0037,"Nicole Bautista MD",Pediatrics,D002,MED011,Paracetemol,"500 mg tablet",V002972,2024-10-13,N/a,N/a,Discontinued
RX001729,P00324,"Ana Torres",DR0097,"Dr. Samantha Garcia",Neurology,D006,MED002,Amoxicillin,"500 mg capsule",V002688,2024-07-13,"1 tablet twice daily","30 days",Active
RX001730,P00265,"Jose Ramos",DR0040,"Dr. Nicole Flores",Cardiology,D001,MED007,Ibuprofen,"400 mg tablet",V002368,2025-10-04,N/a,"7 days",Unknown
RX001731,P00312,"Bea Santos",DR0072,"Dr. Elena Reyes",Cardiology,D001,MED002,Amoxicillin,"500 mg capsule",V000492,2024-01-10,"5 mL every 8 hrs","10 days",Completed
RX001732,P00913,"Carlos Flores",DR0008,"Anthony Navarro MD","General Surgery",D008,MED012,Amoxicilin,"500 mg capsule",V001158,2024-07-18,"5 mL every 8 hrs","10 days",Active
RX001733,P00605,"Sofia Ramos",DR0010,"Dr. Anthony Bautista","Internal Medicine",D003,MED002,Amoxicillin,"500 mg capsule",V002918,2024-10-24,"1 tablet twice daily","5 days",Completed
RX001734,P00438,"John Ramos",DR0088,"Dr. Jose Flores",Neurology,D006,MED003,Metformin,"500 mg tablet",V001356,2023-10-10,"5 mL every 8 hrs",N/a,Unknown
RX001735,P00385,"Thomas Cruz",DR0018,"Catherine Santos MD",Orthopedics,D005,MED007,Ibuprofen,"400 mg tablet",V001239,2023-11-18,"2 tablets daily",N/a,Active
RX001736,P00674,"Kevin Santos",DR0009,"Dr. Nicole Mendoza",Emergency,D004,MED009,Salbutamol,"2 mg inhaler",V001238,2025-08-07,N/a,N/a,Active
RX001737,P00722,"Ramon Dela Cruz",DR0050,"Catherine Reyes MD","Internal Medicine",D003,MED010,Azithromycin,"500 mg tablet",V001477,2026-01-05,"5 mL every 8 hrs","5 days",Active
RX001738,P00156,"Luis Mendoza",DR0085,"Dr. Anthony Flores",Neurology,D006,MED010,Azithromycin,"500 mg tablet",V000478,2025-04-14,PRN,"7 days",Discontinued
RX001739,P00491,"John Santos",DR0036,"Dr. Patrick Dela Cruz","Obstetrics & Gynecology",D007,MED006,Losartan,"50 mg tablet",V000370,2025-08-08,"1 tab BID",N/a,Unknown
RX001740,P00498,"Juan Cruz",DR0002,"Dr. Patrick Cruz","Obstetrics & Gynecology",D007,MED007,Ibuprofen,"400 mg tablet",V002779,2025-08-27,"2 tablets daily","10 days",Discontinued
RX001741,P00397,"Maria Flores",DR0073,"Dr. Catherine Torres",Pediatrics,D002,MED009,Salbutamol,"2 mg inhaler",V001215,2023-05-26,"1 tab BID",N/a,Active
RX001742,P00553,"Juan Ramos",DR0007,"Nicole Mendoza MD","Internal Medicine",D003,MED001,Paracetamol,"500 mg tablet",V002079,2024-06-04,"1 tab BID",N/a,Unknown
RX001743,P00746,"Liza Torres",DR0090,"Maria Mendoza MD","General Surgery",D008,MED006,Losartan,"50 mg tablet",V001342,2024-04-19,"1 tablet twice daily","10 days",Completed
RX001744,P00601,"Maria Ramos",DR0028,"Anthony Dela Cruz MD",Orthopedics,D005,MED001,Paracetamol,"500 mg tablet",V000344,2025-08-14,"1 tablet twice daily",N/a,Completed
RX001745,P00344,"Jose Ramos",DR0101,"Maria Reyes MD",Cardiology,D001,MED003,Metformin,"500 mg tablet",V002687,2023-05-11,"2 tablets daily","7 days",Active
RX001746,P00138,"Patricia Ramos",DR0093,"Dr. Patrick Navarro",Pediatrics,D002,MED011,Paracetemol,"500 mg tablet",V001181,2024-03-15,"1 tab BID","30 days",Discontinued
RX001747,P00183,"Patricia Bautista",DR0085,"Dr. Anthony Flores",Neurology,D006,MED012,Amoxicilin,"500 mg capsule",V000186,2025-04-05,PRN,"10 days",Discontinued
RX001748,P00863,"Mark Santos",DR0097,"Dr. Samantha Garcia",Neurology,D006,MED001,Paracetamol,"500 mg tablet",V002513,2025-04-24,N/a,"7 days",Unknown
RX001749,P00071,"Grace Ramos",DR0009,"Dr. Nicole Mendoza",Emergency,D004,MED005,Omeprazole,"20 mg capsule",V000316,2024-11-09,N/a,"7 days",Active
RX001750,P00035,"Jose Mendoza",DR0020,"Dr. Patrick Cruz",Orthopedics,D005,MED006,Losartan,"50 mg tablet",V001540,2023-07-04,"2 tablets daily","10 days",Active
RX001751,P00950,"Sofia Reyes",DR0089,"Maria Cruz MD",Emergency,D004,MED008,Atorvastatin,"20 mg tablet",V001827,2023-11-06,N/a,"10 days",Active
RX001752,P00940,"Thomas Flores",DR0046,"Rafael Ramos MD",Emergency,D004,MED005,Omeprazole,"20 mg capsule",V000559,2023-04-17,PRN,"30 days",Discontinued
RX001753,P00443,"Maria Torres",DR0065,"Dr. Samantha Mendoza",Pediatrics,D002,MED012,Amoxicilin,"500 mg capsule",V002093,2024-08-17,PRN,"5 days",Active
RX001754,P00390,"Maria Flores",DR0004,"Robert Castillo MD","Internal Medicine",D003,MED003,Metformin,"500 mg tablet",V001374,2024-10-18,N/a,N/a,Unknown
RX001755,P00752,"Ana Rivera",DR0095,"Patrick Cruz MD","General Surgery",D008,MED005,Omeprazole,"20 mg capsule",V001575,2025-01-25,"1 tablet twice daily","7 days",Discontinued
RX001756,P00110,"Grace Dela Cruz",DR0014,"Samantha Ramos MD",Pediatrics,D002,MED009,Salbutamol,"2 mg inhaler",V000523,2023-10-25,"1 tab BID","5 days",Active
RX001757,P00547,"Kevin Ramos",DR0052,"Patrick Reyes MD",Pediatrics,D002,MED009,Salbutamol,"2 mg inhaler",V000938,2024-06-20,"5 mL every 8 hrs",N/a,Active
RX001758,P00326,"Andrea Santos",DR0048,"Dr. Robert Castillo",Pediatrics,D002,MED010,Azithromycin,"500 mg tablet",V001098,2023-12-25,"2 tablets daily",N/a,Unknown
RX001759,P00842,"Sofia Dela Cruz",DR0024,"Nicole Garcia MD","Internal Medicine",D003,MED006,Losartan,"50 mg tablet",V001688,2025-07-04,"5 mL every 8 hrs","5 days",Active
RX001760,P00143,"Kevin Rivera",DR0068,"Dr. Maria Gonzales","Obstetrics & Gynecology",D007,MED007,Ibuprofen,"400 mg tablet",V002866,2024-12-10,"2 tablets daily","7 days",Completed
RX001761,P00954,"Liza Garcia",DR0070,"Rafael Castillo MD","Internal Medicine",D003,MED012,Amoxicilin,"500 mg capsule",V000361,2023-03-08,"5 mL every 8 hrs","5 days",Unknown
RX001762,P00630,"Jose Santos",DR0088,"Dr. Jose Flores",Neurology,D006,MED003,Metformin,"500 mg tablet",V001009,2025-04-21,N/a,"10 days",Discontinued
RX001763,P00392,"Maria Dela Cruz",DR0012,"Dr. Samantha Garcia",Emergency,D004,MED004,Amlodipine,"5 mg tablet",V001329,2023-07-07,"1 tablet twice daily","5 days",Completed
RX001764,P00643,"Luis Garcia",DR0082,"Elena Castillo MD","General Surgery",D008,MED005,Omeprazole,"20 mg capsule",V002343,2025-10-12,"1 tablet twice daily","7 days",Active
RX001765,P00948,"Thomas Castillo",DR0066,"Dr. Maria Garcia",Cardiology,D001,MED010,Azithromycin,"500 mg tablet",V001583,2025-05-08,"1 tablet twice daily",N/a,Discontinued
RX001766,P00336,"Daniel Castillo",DR0058,"Robert Mendoza MD",Emergency,D004,MED011,Paracetemol,"500 mg tablet",V000382,2025-08-13,"2 tablets daily","10 days",Discontinued
RX001767,P00193,"Ana Gonzales",DR0074,"Dr. Maria Gonzales","General Surgery",D008,MED012,Amoxicilin,"500 mg capsule",V002801,2023-10-11,"5 mL every 8 hrs","30 days",Active
RX001768,P00632,"Maria Garcia",DR0009,"Dr. Nicole Mendoza",Emergency,D004,MED012,Amoxicilin,"500 mg capsule",V001156,2025-04-16,"5 mL every 8 hrs",N/a,Active
RX001769,P00345,"Kevin Torres",DR0016,"Jose Navarro MD","Internal Medicine",D003,MED010,Azithromycin,"500 mg tablet",V002468,2023-01-15,"1 tablet twice daily",N/a,Active
RX001770,P00386,"Grace Navarro",DR0003,"Elena Cruz MD","Obstetrics & Gynecology",D007,MED006,Losartan,"50 mg tablet",V000882,2023-05-06,"5 mL every 8 hrs","30 days",Completed
RX001771,P00100,"Liza Cruz",DR0008,"Anthony Navarro MD","General Surgery",D008,MED012,Amoxicilin,"500 mg capsule",V000954,2024-11-27,"2 tablets daily","7 days",Active
RX001772,P00832,"Juan Navarro",DR0005,"Dr. Samantha Gonzales",Emergency,D004,MED008,Atorvastatin,"20 mg tablet",V000979,2025-11-08,"1 tablet twice daily","7 days",Active
RX001773,P00948,"Thomas Castillo",DR0062,"Dr. Catherine Cruz",Pediatrics,D002,MED008,Atorvastatin,"20 mg tablet",V001716,2025-04-20,N/a,"30 days",Unknown
RX001774,P00006,"Thomas Torres",DR0055,"Dr. Jose Santos","Obstetrics & Gynecology",D007,MED012,Amoxicilin,"500 mg capsule",V001204,2025-07-01,"1 tablet twice daily",N/a,Active
RX001775,P00482,"Angela Santos",DR0084,"Anthony Santos MD",Neurology,D006,MED001,Paracetamol,"500 mg tablet",V000640,2023-05-16,PRN,N/a,Discontinued
RX001776,P00181,"Sofia Rivera",DR0037,"Nicole Bautista MD",Pediatrics,D002,MED003,Metformin,"500 mg tablet",V002160,2025-10-11,"2 tablets daily","5 days",Active
RX001777,P00962,"Miguel Castillo",DR0026,"Anthony Bautista MD",Neurology,D006,MED001,Paracetamol,"500 mg tablet",V001058,2025-07-06,"2 tablets daily",N/a,Active
RX001778,P00680,"Ramon Rivera",DR0007,"Nicole Mendoza MD","Internal Medicine",D003,MED002,Amoxicillin,"500 mg capsule",V000217,2025-06-18,N/a,N/a,Active
RX001779,P00042,"Liza Ramos",DR0043,"Dr. Samantha Flores",Emergency,D004,MED011,Paracetemol,"500 mg tablet",V002188,2025-10-05,N/a,"7 days",Active
RX001780,P00641,"Daniel Navarro",DR0063,"Dr. Anthony Bautista",Pediatrics,D002,MED004,Amlodipine,"5 mg tablet",V001165,2024-07-29,"2 tablets daily","5 days",Discontinued
RX001781,P00922,"Andrea Bautista",DR0072,"Dr. Elena Reyes",Cardiology,D001,MED007,Ibuprofen,"400 mg tablet",V001381,2024-03-02,PRN,N/a,Completed
RX001782,P00739,"Carlos Bautista",DR0027,"Dr. Nicole Gonzales","Obstetrics & Gynecology",D007,MED007,Ibuprofen,"400 mg tablet",V001540,2025-11-04,N/a,N/a,Completed
RX001783,P00082,"Sofia Reyes",DR0009,"Dr. Nicole Mendoza",Emergency,D004,MED011,Paracetemol,"500 mg tablet",V001491,2024-05-30,"2 tablets daily","30 days",Active
RX001784,P00409,"Liza Mendoza",DR0046,"Rafael Ramos MD",Emergency,D004,MED011,Paracetemol,"500 mg tablet",V000202,2023-07-27,"2 tablets daily","7 days",Completed
RX001785,P00303,"Carlos Navarro",DR0008,"Anthony Navarro MD","General Surgery",D008,MED006,Losartan,"50 mg tablet",V002967,2023-02-22,PRN,"30 days",Active
RX001786,P00524,"Sofia Mendoza",DR0019,"Dr. Nicole Castillo",Orthopedics,D005,MED005,Omeprazole,"20 mg capsule",V001578,2023-07-24,"1 tab BID","30 days",Completed
RX001787,P00781,"Thomas Flores",DR0032,"Dr. Samantha Castillo","Internal Medicine",D003,MED007,Ibuprofen,"400 mg tablet",V002559,2024-11-25,"1 tablet twice daily","5 days",Unknown
RX001788,P00159,"Maria Torres",DR0036,"Dr. Patrick Dela Cruz","Obstetrics & Gynecology",D007,MED011,Paracetemol,"500 mg tablet",V000298,2023-10-30,"5 mL every 8 hrs","30 days",Active
RX001789,P00721,"Bea Navarro",DR0025,"Nicole Torres MD","General Surgery",D008,MED006,Losartan,"50 mg tablet",V001758,2025-01-22,"1 tab BID","5 days",Discontinued
RX001790,P00805,"Kevin Santos",DR0009,"Dr. Nicole Mendoza",Emergency,D004,MED003,Metformin,"500 mg tablet",V000427,2024-08-18,"1 tab BID","5 days",Unknown
RX001791,P00764,"Jose Ramos",DR0077,"Samantha Santos MD","General Surgery",D008,MED007,Ibuprofen,"400 mg tablet",V000973,2023-11-22,"1 tablet twice daily",N/a,Unknown
RX001792,P00482,"Angela Santos",DR0025,"Nicole Torres MD","General Surgery",D008,MED001,Paracetamol,"500 mg tablet",V002527,2025-10-11,"2 tablets daily","10 days",Active
RX001793,P00025,"Angela Ramos",DR0031,"Dr. Jose Dela Cruz",Neurology,D006,MED002,Amoxicillin,"500 mg capsule",V002581,2024-04-21,PRN,"30 days",Unknown
RX001794,P00200,"Thomas Gonzales",DR0043,"Dr. Samantha Flores",Emergency,D004,MED007,Ibuprofen,"400 mg tablet",V002438,2025-12-01,"1 tablet twice daily","7 days",Completed
RX001795,P00816,"Grace Gonzales",DR0061,"Robert Bautista MD","General Surgery",D008,MED011,Paracetemol,"500 mg tablet",V001458,2023-01-20,"5 mL every 8 hrs","10 days",Active
RX001796,P00972,"Carlos Garcia",DR0093,"Dr. Patrick Navarro",Pediatrics,D002,MED008,Atorvastatin,"20 mg tablet",V002005,2024-05-25,PRN,"30 days",Active
RX001797,P00376,"Grace Castillo",DR0053,"Dr. Samantha Rivera",Cardiology,D001,MED003,Metformin,"500 mg tablet",V000854,2023-11-15,"2 tablets daily","5 days",Discontinued
RX001798,P00113,"Thomas Dela Cruz",DR0020,"Dr. Patrick Cruz",Orthopedics,D005,MED004,Amlodipine,"5 mg tablet",V000261,2023-02-28,"1 tablet twice daily","10 days",Active
RX001799,P00197,"Thomas Aquino",DR0070,"Rafael Castillo MD","Internal Medicine",D003,MED012,Amoxicilin,"500 mg capsule",V000323,2023-09-29,"2 tablets daily","10 days",Active
RX001800,P00489,"Maria Navarro",DR0092,"Dr. Catherine Bautista","Internal Medicine",D003,MED003,Metformin,"500 mg tablet",V001114,2024-05-16,"2 tablets daily","10 days",Discontinued
RX001801,P00159,"Maria Torres",DR0047,"Catherine Garcia MD","General Surgery",D008,MED003,Metformin,"500 mg tablet",V001515,2024-05-29,"1 tab BID","7 days",Discontinued
RX001802,P00188,"Ana Ramos",DR0081,"Dr. Jose Mendoza","General Surgery",D008,MED010,Azithromycin,"500 mg tablet",V000039,2023-06-01,"2 tablets daily","10 days",Active
RX001803,P00691,"Jose Rivera",DR0067,"Samantha Reyes MD",Emergency,D004,MED005,Omeprazole,"20 mg capsule",V001577,2023-08-05,PRN,N/a,Discontinued
RX001804,P00135,"Andrea Gonzales",DR0082,"Elena Castillo MD","General Surgery",D008,MED004,Amlodipine,"5 mg tablet",V002065,2025-11-06,"2 tablets daily","7 days",Unknown
RX001805,P00783,"Ramon Bautista",DR0074,"Dr. Maria Gonzales","General Surgery",D008,MED003,Metformin,"500 mg tablet",V000512,2023-08-25,"5 mL every 8 hrs","5 days",Active
RX001806,P00890,"Carlos Cruz",DR0099,"Dr. Maria Torres",Neurology,D006,MED012,Amoxicilin,"500 mg capsule",V000113,2023-01-25,PRN,N/a,Completed
RX001807,P00752,"Ana Rivera",DR0058,"Robert Mendoza MD",Emergency,D004,MED009,Salbutamol,"2 mg inhaler",V000172,2025-05-16,"5 mL every 8 hrs","7 days",Active
RX001808,P00089,"Jose Flores",DR0069,"Dr. Jose Mendoza",Pediatrics,D002,MED012,Amoxicilin,"500 mg capsule",V001083,2025-01-22,"2 tablets daily","10 days",Active
RX001809,P00326,"Andrea Santos",DR0033,"Dr. Catherine Bautista",Cardiology,D001,MED001,Paracetamol,"500 mg tablet",V002815,2023-05-08,N/a,"5 days",Completed
RX001810,P00730,"Grace Bautista",DR0054,"Dr. Robert Dela Cruz","Internal Medicine",D003,MED003,Metformin,"500 mg tablet",V001226,2023-09-18,"1 tab BID","7 days",Completed
RX001811,P00305,"Andrea Ramos",DR0082,"Elena Castillo MD","General Surgery",D008,MED003,Metformin,"500 mg tablet",V001263,2025-06-24,"1 tablet twice daily","7 days",Unknown
RX001812,P00493,"Thomas Gonzales",DR0055,"Dr. Jose Santos","Obstetrics & Gynecology",D007,MED005,Omeprazole,"20 mg capsule",V002678,2024-03-03,PRN,N/a,Active
RX001813,P00921,"Kevin Mendoza",DR0025,"Nicole Torres MD","General Surgery",D008,MED012,Amoxicilin,"500 mg capsule",V000620,2024-01-11,"1 tab BID",N/a,Discontinued
RX001814,P00304,"Carlos Cruz",DR0100,"Dr. Robert Navarro",Neurology,D006,MED011,Paracetemol,"500 mg tablet",V000740,2025-08-31,N/a,"30 days",Discontinued
RX001815,P00295,"Ana Bautista",DR0071,"Dr. Jose Garcia","Obstetrics & Gynecology",D007,MED007,Ibuprofen,"400 mg tablet",V001047,2023-05-10,"2 tablets daily","5 days",Active
RX001816,P00744,"Miguel Cruz",DR0087,"Dr. Nicole Rivera","Internal Medicine",D003,MED005,Omeprazole,"20 mg capsule",V001658,2025-01-05,"5 mL every 8 hrs","5 days",Active
RX001817,P00516,"Luis Mendoza",DR0047,"Catherine Garcia MD","General Surgery",D008,MED004,Amlodipine,"5 mg tablet",V001455,2024-12-03,PRN,N/a,Active
RX001818,P00924,"Kevin Reyes",DR0082,"Elena Castillo MD","General Surgery",D008,MED012,Amoxicilin,"500 mg capsule",V002169,2023-07-21,"1 tablet twice daily","7 days",Active
RX001819,P00701,"Ramon Ramos",DR0033,"Dr. Catherine Bautista",Cardiology,D001,MED008,Atorvastatin,"20 mg tablet",V001121,2025-08-24,PRN,"10 days",Unknown
RX001820,P00722,"Ramon Dela Cruz",DR0078,"Dr. Jose Castillo","Obstetrics & Gynecology",D007,MED004,Amlodipine,"5 mg tablet",V000430,2024-11-15,"1 tablet twice daily","7 days",Active
RX001821,P00149,"Patricia Ramos",DR0095,"Patrick Cruz MD","General Surgery",D008,MED004,Amlodipine,"5 mg tablet",V000336,2025-12-27,"1 tablet twice daily","30 days",Active
RX001822,P00143,"Kevin Rivera",DR0046,"Rafael Ramos MD",Emergency,D004,MED007,Ibuprofen,"400 mg tablet",V000375,2025-07-15,"5 mL every 8 hrs","7 days",Active
RX001823,P00813,"Andrea Castillo",DR0082,"Elena Castillo MD","General Surgery",D008,MED003,Metformin,"500 mg tablet",V002713,2023-03-03,PRN,N/a,Completed
RX001824,P00147,"Mark Cruz",DR0056,"Dr. Elena Cruz",Neurology,D006,MED002,Amoxicillin,"500 mg capsule",V001335,2024-03-23,N/a,N/a,Active
RX001825,P00925,"Liza Santos",DR0057,"Elena Navarro MD",Emergency,D004,MED001,Paracetamol,"500 mg tablet",V001161,2023-01-04,PRN,N/a,Unknown
RX001826,P00922,"Andrea Bautista",DR0002,"Dr. Patrick Cruz","Obstetrics & Gynecology",D007,MED002,Amoxicillin,"500 mg capsule",V001460,2025-09-08,PRN,"10 days",Active
RX001827,P00894,"Grace Santos",DR0072,"Dr. Elena Reyes",Cardiology,D001,MED004,Amlodipine,"5 mg tablet",V000218,2024-07-15,PRN,"30 days",Discontinued
RX001828,P00532,"Ana Garcia",DR0084,"Anthony Santos MD",Neurology,D006,MED006,Losartan,"50 mg tablet",V000317,2025-04-20,"1 tab BID",N/a,Completed
RX001829,P00150,"Luis Bautista",DR0031,"Dr. Jose Dela Cruz",Neurology,D006,MED003,Metformin,"500 mg tablet",V000987,2025-02-13,"1 tab BID","30 days",Active
RX001830,P00358,"Juan Reyes",DR0035,"Anthony Mendoza MD",Pediatrics,D002,MED010,Azithromycin,"500 mg tablet",V002325,2025-05-29,"5 mL every 8 hrs","10 days",Unknown
RX001831,P00372,"Ana Navarro",DR0039,"Samantha Santos MD","General Surgery",D008,MED001,Paracetamol,"500 mg tablet",V002143,2023-10-21,PRN,"10 days",Active
RX001832,P00154,"Juan Cruz",DR0048,"Dr. Robert Castillo",Pediatrics,D002,MED004,Amlodipine,"5 mg tablet",V001898,2025-08-15,"1 tablet twice daily","30 days",Completed
RX001833,P00922,"Andrea Bautista",DR0062,"Dr. Catherine Cruz",Pediatrics,D002,MED008,Atorvastatin,"20 mg tablet",V000679,2023-04-27,PRN,"7 days",Active
RX001834,P00945,"Andrea Aquino",DR0017,"Elena Santos MD",Pediatrics,D002,MED004,Amlodipine,"5 mg tablet",V000163,2024-01-17,PRN,N/a,Discontinued
RX001835,P00463,"Bea Gonzales",DR0018,"Catherine Santos MD",Orthopedics,D005,MED003,Metformin,"500 mg tablet",V001393,2025-05-05,"5 mL every 8 hrs","5 days",Active
RX001836,P00013,"Kevin Ramos",DR0071,"Dr. Jose Garcia","Obstetrics & Gynecology",D007,MED001,Paracetamol,"500 mg tablet",V001165,2023-10-05,"5 mL every 8 hrs","10 days",Unknown
RX001837,P00134,"Jose Aquino",DR0019,"Dr. Nicole Castillo",Orthopedics,D005,MED003,Metformin,"500 mg tablet",V001962,2025-11-14,N/a,"10 days",Unknown
RX001838,P00632,"Maria Garcia",DR0029,"Robert Bautista MD","General Surgery",D008,MED010,Azithromycin,"500 mg tablet",V000260,2024-10-19,PRN,"10 days",Unknown
RX001839,P00843,"Grace Torres",DR0085,"Dr. Anthony Flores",Neurology,D006,MED009,Salbutamol,"2 mg inhaler",V001981,2025-08-22,"2 tablets daily","5 days",Active
RX001840,P00406,"Kevin Flores",DR0062,"Dr. Catherine Cruz",Pediatrics,D002,MED009,Salbutamol,"2 mg inhaler",V002842,2024-04-21,"5 mL every 8 hrs","30 days",Active
RX001841,P00911,"Liza Torres",DR0081,"Dr. Jose Mendoza","General Surgery",D008,MED008,Atorvastatin,"20 mg tablet",V000778,2024-01-21,PRN,"30 days",Discontinued
RX001842,P00851,"Grace Reyes",DR0006,"Dr. Elena Rivera",Orthopedics,D005,MED009,Salbutamol,"2 mg inhaler",V000832,2023-10-17,"5 mL every 8 hrs","5 days",Unknown
RX001843,P00414,"Kevin Dela Cruz",DR0095,"Patrick Cruz MD","General Surgery",D008,MED011,Paracetemol,"500 mg tablet",V001513,2024-05-28,"1 tablet twice daily","7 days",Completed
RX001844,P00539,"Miguel Flores",DR0019,"Dr. Nicole Castillo",Orthopedics,D005,MED008,Atorvastatin,"20 mg tablet",V000715,2024-11-20,N/a,N/a,Active
RX001845,P00947,"Jose Bautista",DR0070,"Rafael Castillo MD","Internal Medicine",D003,MED001,Paracetamol,"500 mg tablet",V000902,2025-08-02,"1 tablet twice daily","30 days",Completed
RX001846,P00640,"Ana Bautista",DR0048,"Dr. Robert Castillo",Pediatrics,D002,MED003,Metformin,"500 mg tablet",V002769,2025-02-09,"5 mL every 8 hrs","10 days",Active
RX001847,P00552,"Maria Torres",DR0061,"Robert Bautista MD","General Surgery",D008,MED005,Omeprazole,"20 mg capsule",V002008,2023-05-30,N/a,"10 days",Active
RX001848,P00514,"Liza Aquino",DR0069,"Dr. Jose Mendoza",Pediatrics,D002,MED002,Amoxicillin,"500 mg capsule",V000932,2024-07-18,PRN,N/a,Active
RX001849,P00937,"Liza Santos",DR0091,"Dr. Rafael Flores",Orthopedics,D005,MED009,Salbutamol,"2 mg inhaler",V000254,2025-12-12,"1 tab BID","7 days",Active
RX001850,P00400,"Daniel Ramos",DR0037,"Nicole Bautista MD",Pediatrics,D002,MED010,Azithromycin,"500 mg tablet",V001198,2025-06-17,"1 tablet twice daily","30 days",Active
RX001851,P00835,"Juan Torres",DR0043,"Dr. Samantha Flores",Emergency,D004,MED003,Metformin,"500 mg tablet",V002907,2024-12-27,PRN,"5 days",Completed
RX001852,P00142,"Thomas Navarro",DR0042,"Catherine Mendoza MD",Cardiology,D001,MED006,Losartan,"50 mg tablet",V000116,2024-12-20,"1 tab BID","5 days",Unknown
RX001853,P00991,"Grace Flores",DR0094,"Anthony Aquino MD","General Surgery",D008,MED004,Amlodipine,"5 mg tablet",V001949,2025-08-12,"1 tablet twice daily",N/a,Completed
RX001854,P00486,"Ramon Rivera",DR0008,"Anthony Navarro MD","General Surgery",D008,MED009,Salbutamol,"2 mg inhaler",V000815,2025-08-21,"1 tab BID","5 days",Active
RX001855,P00645,"Maria Flores",DR0052,"Patrick Reyes MD",Pediatrics,D002,MED004,Amlodipine,"5 mg tablet",V000853,2025-10-22,"1 tab BID",N/a,Unknown
RX001856,P00845,"Grace Reyes",DR0045,"Dr. Robert Dela Cruz","Obstetrics & Gynecology",D007,MED009,Salbutamol,"2 mg inhaler",V002150,2023-09-15,"5 mL every 8 hrs","10 days",Completed
RX001857,P00299,"Daniel Dela Cruz",DR0065,"Dr. Samantha Mendoza",Pediatrics,D002,MED001,Paracetamol,"500 mg tablet",V002806,2025-02-26,PRN,N/a,Completed
RX001858,P00141,"Angela Garcia",DR0095,"Patrick Cruz MD","General Surgery",D008,MED007,Ibuprofen,"400 mg tablet",V002247,2024-05-09,"5 mL every 8 hrs",N/a,Active
RX001859,P00960,"Maria Mendoza",DR0006,"Dr. Elena Rivera",Orthopedics,D005,MED007,Ibuprofen,"400 mg tablet",V002817,2023-01-14,"2 tablets daily",N/a,Discontinued
RX001860,P00823,"Mark Mendoza",DR0066,"Dr. Maria Garcia",Cardiology,D001,MED009,Salbutamol,"2 mg inhaler",V002118,2023-05-14,N/a,N/a,Discontinued
RX001861,P00867,"Sofia Ramos",DR0030,"Dr. Elena Navarro","Obstetrics & Gynecology",D007,MED002,Amoxicillin,"500 mg capsule",V000346,2024-12-08,"1 tablet twice daily","10 days",Completed
RX001862,P00206,"Grace Bautista",DR0100,"Dr. Robert Navarro",Neurology,D006,MED008,Atorvastatin,"20 mg tablet",V000064,2025-04-12,"2 tablets daily","30 days",Unknown
RX001863,P00210,"Grace Aquino",DR0069,"Dr. Jose Mendoza",Pediatrics,D002,MED012,Amoxicilin,"500 mg capsule",V001547,2025-03-07,"5 mL every 8 hrs","5 days",Active
RX001864,P00707,"Carlos Mendoza",DR0097,"Dr. Samantha Garcia",Neurology,D006,MED009,Salbutamol,"2 mg inhaler",V000406,2025-07-22,"5 mL every 8 hrs","30 days",Unknown
RX001865,P00126,"Kevin Dela Cruz",DR0061,"Robert Bautista MD","General Surgery",D008,MED010,Azithromycin,"500 mg tablet",V001739,2024-06-10,"2 tablets daily",N/a,Unknown
RX001866,P00226,"Ana Dela Cruz",DR0077,"Samantha Santos MD","General Surgery",D008,MED003,Metformin,"500 mg tablet",V000267,2025-11-08,N/a,"7 days",Discontinued
RX001867,P00640,"Ana Bautista",DR0013,"Dr. Samantha Cruz",Emergency,D004,MED005,Omeprazole,"20 mg capsule",V001167,2023-03-12,PRN,"10 days",Discontinued
RX001868,P00243,"Juan Bautista",DR0027,"Dr. Nicole Gonzales","Obstetrics & Gynecology",D007,MED004,Amlodipine,"5 mg tablet",V002179,2023-09-19,"1 tablet twice daily","30 days",Discontinued
RX001869,P00049,"Juan Flores",DR0005,"Dr. Samantha Gonzales",Emergency,D004,MED010,Azithromycin,"500 mg tablet",V000962,2024-01-03,"1 tab BID",N/a,Active
RX001870,P00757,"Liza Garcia",DR0085,"Dr. Anthony Flores",Neurology,D006,MED001,Paracetamol,"500 mg tablet",V002395,2025-10-03,"1 tablet twice daily",N/a,Unknown
RX001871,P00201,"Miguel Gonzales",DR0007,"Nicole Mendoza MD","Internal Medicine",D003,MED002,Amoxicillin,"500 mg capsule",V002001,2025-01-02,"2 tablets daily","10 days",Completed
RX001872,P00009,"Maria Flores",DR0026,"Anthony Bautista MD",Neurology,D006,MED011,Paracetemol,"500 mg tablet",V001437,2023-03-12,"1 tab BID",N/a,Active
RX001873,P00663,"Jose Castillo",DR0005,"Dr. Samantha Gonzales",Emergency,D004,MED008,Atorvastatin,"20 mg tablet",V002268,2025-01-20,PRN,N/a,Completed
RX001874,P00248,"Patricia Gonzales",DR0093,"Dr. Patrick Navarro",Pediatrics,D002,MED007,Ibuprofen,"400 mg tablet",V000009,2023-11-14,"1 tablet twice daily","30 days",Unknown
RX001875,P00509,"Patricia Reyes",DR0009,"Dr. Nicole Mendoza",Emergency,D004,MED011,Paracetemol,"500 mg tablet",V002630,2024-04-24,"2 tablets daily","7 days",Unknown
RX001876,P00413,"Carlos Castillo",DR0013,"Dr. Samantha Cruz",Emergency,D004,MED012,Amoxicilin,"500 mg capsule",V000601,2024-07-18,N/a,"30 days",Unknown
RX001877,P00677,"Sofia Mendoza",DR0016,"Jose Navarro MD","Internal Medicine",D003,MED011,Paracetemol,"500 mg tablet",V002846,2026-01-01,"1 tab BID","7 days",Active
RX001878,P00846,"Sofia Reyes",DR0026,"Anthony Bautista MD",Neurology,D006,MED001,Paracetamol,"500 mg tablet",V000211,2025-05-13,N/a,N/a,Unknown
RX001879,P00773,"Grace Reyes",DR0087,"Dr. Nicole Rivera","Internal Medicine",D003,MED011,Paracetemol,"500 mg tablet",V001523,2024-01-14,"1 tab BID",N/a,Active
RX001880,P00927,"Mark Santos",DR0003,"Elena Cruz MD","Obstetrics & Gynecology",D007,MED005,Omeprazole,"20 mg capsule",V000697,2023-06-28,"2 tablets daily","7 days",Active
RX001881,P00828,"Angela Reyes",DR0037,"Nicole Bautista MD",Pediatrics,D002,MED001,Paracetamol,"500 mg tablet",V000227,2025-11-08,"5 mL every 8 hrs","30 days",Active
RX001882,P00559,"Andrea Garcia",DR0013,"Dr. Samantha Cruz",Emergency,D004,MED008,Atorvastatin,"20 mg tablet",V000692,2025-08-13,PRN,"7 days",Completed
RX001883,P00283,"Grace Mendoza",DR0048,"Dr. Robert Castillo",Pediatrics,D002,MED004,Amlodipine,"5 mg tablet",V001051,2023-09-28,N/a,"7 days",Completed
RX001884,P00489,"Maria Navarro",DR0088,"Dr. Jose Flores",Neurology,D006,MED012,Amoxicilin,"500 mg capsule",V002046,2023-06-24,"1 tablet twice daily","30 days",Completed
RX001885,P00281,"Ramon Dela Cruz",DR0021,"Elena Santos MD",Cardiology,D001,MED012,Amoxicilin,"500 mg capsule",V001947,2023-08-17,"2 tablets daily",N/a,Discontinued
RX001886,P00852,"Kevin Aquino",DR0003,"Elena Cruz MD","Obstetrics & Gynecology",D007,MED008,Atorvastatin,"20 mg tablet",V001957,2024-11-24,"1 tab BID","5 days",Active
RX001887,P00224,"Grace Dela Cruz",DR0041,"Dr. Nicole Torres",Emergency,D004,MED007,Ibuprofen,"400 mg tablet",V000226,2023-09-05,"1 tablet twice daily","10 days",Completed
RX001888,P00387,"Maria Bautista",DR0084,"Anthony Santos MD",Neurology,D006,MED001,Paracetamol,"500 mg tablet",V000493,2023-06-18,"2 tablets daily","5 days",Active
RX001889,P00330,"Mark Aquino",DR0044,"Dr. Catherine Castillo","Internal Medicine",D003,MED005,Omeprazole,"20 mg capsule",V002062,2025-03-09,"1 tablet twice daily","5 days",Unknown
RX001890,P00710,"Jose Mendoza",DR0017,"Elena Santos MD",Pediatrics,D002,MED002,Amoxicillin,"500 mg capsule",V001108,2024-06-05,"2 tablets daily","5 days",Discontinued
RX001891,P00315,"Luis Flores",DR0053,"Dr. Samantha Rivera",Cardiology,D001,MED010,Azithromycin,"500 mg tablet",V001363,2023-07-18,"5 mL every 8 hrs","5 days",Unknown
RX001892,P00764,"Jose Ramos",DR0066,"Dr. Maria Garcia",Cardiology,D001,MED004,Amlodipine,"5 mg tablet",V002739,2023-11-08,PRN,N/a,Completed
RX001893,P00229,"Sofia Santos",DR0022,"Dr. Jose Castillo",Pediatrics,D002,MED011,Paracetemol,"500 mg tablet",V000999,2024-01-10,"5 mL every 8 hrs","30 days",Active
RX001894,P00888,"Liza Ramos",DR0039,"Samantha Santos MD","General Surgery",D008,MED004,Amlodipine,"5 mg tablet",V000601,2025-01-29,N/a,"5 days",Discontinued
RX001895,P00197,"Thomas Aquino",DR0091,"Dr. Rafael Flores",Orthopedics,D005,MED002,Amoxicillin,"500 mg capsule",V001298,2023-05-03,PRN,"5 days",Completed
RX001896,P00384,"Luis Castillo",DR0098,"Jose Aquino MD","Internal Medicine",D003,MED006,Losartan,"50 mg tablet",V001435,2023-09-05,"2 tablets daily",N/a,Unknown
RX001897,P00897,"Maria Castillo",DR0097,"Dr. Samantha Garcia",Neurology,D006,MED001,Paracetamol,"500 mg tablet",V002069,2024-05-26,"1 tablet twice daily","7 days",Active
RX001898,P00094,"Andrea Aquino",DR0072,"Dr. Elena Reyes",Cardiology,D001,MED007,Ibuprofen,"400 mg tablet",V002142,2023-07-29,"2 tablets daily","5 days",Active
RX001899,P00677,"Sofia Mendoza",DR0017,"Elena Santos MD",Pediatrics,D002,MED002,Amoxicillin,"500 mg capsule",V001578,2024-01-07,"1 tablet twice daily",N/a,Active
RX001900,P00122,"Carlos Dela Cruz",DR0007,"Nicole Mendoza MD","Internal Medicine",D003,MED012,Amoxicilin,"500 mg capsule",V002898,2025-05-20,N/a,N/a,Discontinued
RX001901,P00963,"Ramon Navarro",DR0054,"Dr. Robert Dela Cruz","Internal Medicine",D003,MED005,Omeprazole,"20 mg capsule",V002886,2025-08-23,"5 mL every 8 hrs","30 days",Unknown
RX001902,P00292,"Kevin Gonzales",DR0074,"Dr. Maria Gonzales","General Surgery",D008,MED004,Amlodipine,"5 mg tablet",V000797,2023-02-21,"5 mL every 8 hrs","7 days",Unknown
RX001903,P00860,"Maria Mendoza",DR0039,"Samantha Santos MD","General Surgery",D008,MED012,Amoxicilin,"500 mg capsule",V002228,2024-03-16,"2 tablets daily","10 days",Discontinued
RX001904,P00031,"Angela Reyes",DR0070,"Rafael Castillo MD","Internal Medicine",D003,MED010,Azithromycin,"500 mg tablet",V001400,2024-09-30,"2 tablets daily","30 days",Active
RX001905,P00110,"Grace Dela Cruz",DR0041,"Dr. Nicole Torres",Emergency,D004,MED008,Atorvastatin,"20 mg tablet",V001370,2025-10-02,"2 tablets daily",N/a,Unknown
RX001906,P00242,"Bea Cruz",DR0020,"Dr. Patrick Cruz",Orthopedics,D005,MED005,Omeprazole,"20 mg capsule",V000619,2025-02-09,"5 mL every 8 hrs",N/a,Discontinued
RX001907,P00830,"Grace Reyes",DR0069,"Dr. Jose Mendoza",Pediatrics,D002,MED002,Amoxicillin,"500 mg capsule",V002599,2024-04-21,"2 tablets daily",N/a,Unknown
RX001908,P00601,"Maria Ramos",DR0079,"Jose Castillo MD","Obstetrics & Gynecology",D007,MED001,Paracetamol,"500 mg tablet",V000807,2025-05-11,"5 mL every 8 hrs","7 days",Active
RX001909,P00614,"Grace Torres",DR0020,"Dr. Patrick Cruz",Orthopedics,D005,MED001,Paracetamol,"500 mg tablet",V001765,2024-02-06,"1 tablet twice daily","10 days",Unknown
RX001910,P00021,"Ramon Santos",DR0015,"Anthony Castillo MD",Emergency,D004,MED005,Omeprazole,"20 mg capsule",V001423,2023-10-04,"1 tablet twice daily","30 days",Completed
RX001911,P00070,"Angela Castillo",DR0085,"Dr. Anthony Flores",Neurology,D006,MED001,Paracetamol,"500 mg tablet",V002138,2023-08-14,"5 mL every 8 hrs","7 days",Completed
RX001912,P00809,"Jose Navarro",DR0062,"Dr. Catherine Cruz",Pediatrics,D002,MED005,Omeprazole,"20 mg capsule",V000404,2024-01-10,N/a,"7 days",Active
RX001913,P00901,"Thomas Ramos",DR0030,"Dr. Elena Navarro","Obstetrics & Gynecology",D007,MED008,Atorvastatin,"20 mg tablet",V002518,2025-03-27,"1 tab BID","5 days",Discontinued
RX001914,P00860,"Maria Mendoza",DR0067,"Samantha Reyes MD",Emergency,D004,MED003,Metformin,"500 mg tablet",V000419,2025-07-01,PRN,"10 days",Unknown
RX001915,P00469,"Grace Ramos",DR0031,"Dr. Jose Dela Cruz",Neurology,D006,MED001,Paracetamol,"500 mg tablet",V001185,2024-05-27,"1 tablet twice daily",N/a,Active
RX001916,P00459,"Luis Santos",DR0090,"Maria Mendoza MD","General Surgery",D008,MED011,Paracetemol,"500 mg tablet",V000870,2024-12-27,"5 mL every 8 hrs",N/a,Unknown
RX001917,P00473,"Liza Castillo",DR0044,"Dr. Catherine Castillo","Internal Medicine",D003,MED012,Amoxicilin,"500 mg capsule",V002805,2025-06-10,PRN,"30 days",Active
RX001918,P00733,"Ana Reyes",DR0089,"Maria Cruz MD",Emergency,D004,MED006,Losartan,"50 mg tablet",V002989,2023-07-10,"1 tab BID",N/a,Completed
RX001919,P00636,"Ramon Bautista",DR0093,"Dr. Patrick Navarro",Pediatrics,D002,MED001,Paracetamol,"500 mg tablet",V001507,2025-10-06,"5 mL every 8 hrs","30 days",Completed
RX001920,P00738,"Angela Torres",DR0042,"Catherine Mendoza MD",Cardiology,D001,MED001,Paracetamol,"500 mg tablet",V002846,2023-03-13,"5 mL every 8 hrs",N/a,Unknown
RX001921,P00591,"Liza Santos",DR0056,"Dr. Elena Cruz",Neurology,D006,MED009,Salbutamol,"2 mg inhaler",V001120,2023-04-17,"2 tablets daily",N/a,Completed
RX001922,P00105,"Jose Flores",DR0070,"Rafael Castillo MD","Internal Medicine",D003,MED001,Paracetamol,"500 mg tablet",V001921,2023-12-27,"5 mL every 8 hrs","30 days",Active
RX001923,P00276,"Patricia Dela Cruz",DR0084,"Anthony Santos MD",Neurology,D006,MED010,Azithromycin,"500 mg tablet",V001034,2023-12-02,"1 tablet twice daily","10 days",Completed
RX001924,P00111,"Bea Torres",DR0020,"Dr. Patrick Cruz",Orthopedics,D005,MED010,Azithromycin,"500 mg tablet",V002878,2023-01-05,N/a,"5 days",Discontinued
RX001925,P00410,"Andrea Gonzales",DR0023,"Jose Castillo MD",Orthopedics,D005,MED007,Ibuprofen,"400 mg tablet",V000212,2024-02-01,N/a,"7 days",Discontinued
RX001926,P00981,"John Rivera",DR0036,"Dr. Patrick Dela Cruz","Obstetrics & Gynecology",D007,MED005,Omeprazole,"20 mg capsule",V001861,2023-09-14,PRN,N/a,Discontinued
RX001927,P00374,"Patricia Bautista",DR0002,"Dr. Patrick Cruz","Obstetrics & Gynecology",D007,MED005,Omeprazole,"20 mg capsule",V001858,2025-08-21,"5 mL every 8 hrs","7 days",Completed
RX001928,P00137,"Miguel Navarro",DR0056,"Dr. Elena Cruz",Neurology,D006,MED006,Losartan,"50 mg tablet",V002770,2023-11-14,N/a,"10 days",Active
RX001929,P00955,"Bea Mendoza",DR0057,"Elena Navarro MD",Emergency,D004,MED006,Losartan,"50 mg tablet",V001671,2025-06-28,"1 tablet twice daily","5 days",Completed
RX001930,P00892,"Andrea Rivera",DR0046,"Rafael Ramos MD",Emergency,D004,MED001,Paracetamol,"500 mg tablet",V001718,2023-01-16,N/a,"10 days",Active
RX001931,P00768,"Daniel Mendoza",DR0086,"Dr. Jose Garcia","Internal Medicine",D003,MED001,Paracetamol,"500 mg tablet",V001033,2024-05-14,"5 mL every 8 hrs",N/a,Active
RX001932,P00908,"Andrea Castillo",DR0077,"Samantha Santos MD","General Surgery",D008,MED011,Paracetemol,"500 mg tablet",V000836,2024-02-12,"5 mL every 8 hrs","7 days",Discontinued
RX001933,P00670,"Kevin Torres",DR0047,"Catherine Garcia MD","General Surgery",D008,MED008,Atorvastatin,"20 mg tablet",V002483,2023-01-20,"1 tab BID","10 days",Unknown
RX001934,P00172,"Ramon Cruz",DR0025,"Nicole Torres MD","General Surgery",D008,MED005,Omeprazole,"20 mg capsule",V002288,2023-12-27,"2 tablets daily",N/a,Completed
RX001935,P00155,"Kevin Ramos",DR0070,"Rafael Castillo MD","Internal Medicine",D003,MED012,Amoxicilin,"500 mg capsule",V002416,2024-05-20,"1 tablet twice daily",N/a,Discontinued
RX001936,P00407,"John Bautista",DR0026,"Anthony Bautista MD",Neurology,D006,MED001,Paracetamol,"500 mg tablet",V001994,2023-05-09,"1 tablet twice daily",N/a,Active
RX001937,P00830,"Grace Reyes",DR0076,"Maria Torres MD",Orthopedics,D005,MED009,Salbutamol,"2 mg inhaler",V000995,2025-06-02,"1 tab BID",N/a,Active
RX001938,P00284,"Ana Cruz",DR0081,"Dr. Jose Mendoza","General Surgery",D008,MED004,Amlodipine,"5 mg tablet",V001365,2024-06-17,N/a,N/a,Active
RX001939,P00292,"Kevin Gonzales",DR0008,"Anthony Navarro MD","General Surgery",D008,MED009,Salbutamol,"2 mg inhaler",V000894,2023-10-01,"2 tablets daily","5 days",Active
RX001940,P00802,"Jose Torres",DR0001,"Elena Ramos MD","Internal Medicine",D003,MED008,Atorvastatin,"20 mg tablet",V001031,2025-12-21,N/a,"5 days",Unknown
RX001941,P00561,"Mark Cruz",DR0084,"Anthony Santos MD",Neurology,D006,MED002,Amoxicillin,"500 mg capsule",V001890,2024-02-11,"1 tab BID","7 days",Completed
RX001942,P00581,"Ana Bautista",DR0043,"Dr. Samantha Flores",Emergency,D004,MED002,Amoxicillin,"500 mg capsule",V000213,2024-10-31,"5 mL every 8 hrs","7 days",Completed
RX001943,P00280,"Kevin Aquino",DR0004,"Robert Castillo MD","Internal Medicine",D003,MED005,Omeprazole,"20 mg capsule",V002766,2024-05-19,N/a,N/a,Unknown
RX001944,P00750,"Mark Rivera",DR0079,"Jose Castillo MD","Obstetrics & Gynecology",D007,MED009,Salbutamol,"2 mg inhaler",V002229,2024-05-15,"1 tab BID","7 days",Completed
RX001945,P00534,"Carlos Flores",DR0063,"Dr. Anthony Bautista",Pediatrics,D002,MED011,Paracetemol,"500 mg tablet",V000838,2025-07-01,"2 tablets daily",N/a,Unknown
RX001946,P00853,"Ana Santos",DR0071,"Dr. Jose Garcia","Obstetrics & Gynecology",D007,MED006,Losartan,"50 mg tablet",V000662,2023-05-01,N/a,N/a,Unknown
RX001947,P00766,"Maria Aquino",DR0065,"Dr. Samantha Mendoza",Pediatrics,D002,MED010,Azithromycin,"500 mg tablet",V000278,2024-11-26,PRN,N/a,Active
RX001948,P00343,"Ramon Rivera",DR0009,"Dr. Nicole Mendoza",Emergency,D004,MED010,Azithromycin,"500 mg tablet",V001434,2024-10-24,"5 mL every 8 hrs","30 days",Active
RX001949,P00137,"Miguel Navarro",DR0024,"Nicole Garcia MD","Internal Medicine",D003,MED005,Omeprazole,"20 mg capsule",V001895,2025-04-06,"1 tablet twice daily","5 days",Discontinued
RX001950,P00301,"Liza Navarro",DR0060,"Maria Castillo MD",Cardiology,D001,MED007,Ibuprofen,"400 mg tablet",V000157,2024-05-05,PRN,"30 days",Active
RX001951,P00544,"Patricia Cruz",DR0081,"Dr. Jose Mendoza","General Surgery",D008,MED003,Metformin,"500 mg tablet",V000184,2024-08-24,N/a,N/a,Unknown
RX001952,P00145,"Andrea Ramos",DR0080,"Nicole Flores MD","Obstetrics & Gynecology",D007,MED010,Azithromycin,"500 mg tablet",V001195,2023-08-11,"5 mL every 8 hrs","30 days",Completed
RX001953,P00675,"Juan Reyes",DR0059,"Dr. Nicole Ramos",Neurology,D006,MED011,Paracetemol,"500 mg tablet",V002002,2024-02-05,PRN,"7 days",Unknown
RX001954,P00799,"Mark Ramos",DR0058,"Robert Mendoza MD",Emergency,D004,MED005,Omeprazole,"20 mg capsule",V000167,2023-02-08,"1 tab BID","5 days",Completed
RX001955,P00882,"Andrea Mendoza",DR0002,"Dr. Patrick Cruz","Obstetrics & Gynecology",D007,MED007,Ibuprofen,"400 mg tablet",V001108,2025-07-18,"1 tablet twice daily",N/a,Active
RX001956,P00579,"Kevin Rivera",DR0060,"Maria Castillo MD",Cardiology,D001,MED010,Azithromycin,"500 mg tablet",V000088,2025-10-06,"5 mL every 8 hrs",N/a,Discontinued
RX001957,P00021,"Ramon Santos",DR0065,"Dr. Samantha Mendoza",Pediatrics,D002,MED002,Amoxicillin,"500 mg capsule",V000214,2024-03-19,"5 mL every 8 hrs",N/a,Active
RX001958,P00171,"Liza Bautista",DR0024,"Nicole Garcia MD","Internal Medicine",D003,MED007,Ibuprofen,"400 mg tablet",V001301,2024-04-12,"5 mL every 8 hrs",N/a,Active
RX001959,P00010,"Ana Torres",DR0032,"Dr. Samantha Castillo","Internal Medicine",D003,MED010,Azithromycin,"500 mg tablet",V000609,2023-05-28,"1 tab BID","5 days",Active
RX001960,P00520,"Patricia Santos",DR0066,"Dr. Maria Garcia",Cardiology,D001,MED012,Amoxicilin,"500 mg capsule",V001748,2024-03-27,N/a,N/a,Active
RX001961,P00886,"Angela Navarro",DR0004,"Robert Castillo MD","Internal Medicine",D003,MED007,Ibuprofen,"400 mg tablet",V001935,2025-04-09,PRN,"10 days",Active
RX001962,P00164,"Thomas Flores",DR0099,"Dr. Maria Torres",Neurology,D006,MED008,Atorvastatin,"20 mg tablet",V001036,2024-10-21,"5 mL every 8 hrs",N/a,Active
RX001963,P00653,"Daniel Reyes",DR0033,"Dr. Catherine Bautista",Cardiology,D001,MED011,Paracetemol,"500 mg tablet",V001435,2025-11-05,N/a,"30 days",Unknown
RX001964,P00076,"Patricia Gonzales",DR0081,"Dr. Jose Mendoza","General Surgery",D008,MED011,Paracetemol,"500 mg tablet",V000159,2025-11-07,"1 tab BID",N/a,Active
RX001965,P00228,"Carlos Santos",DR0038,"Dr. Nicole Rivera",Pediatrics,D002,MED006,Losartan,"50 mg tablet",V002036,2023-01-20,PRN,"7 days",Completed
RX001966,P00553,"Juan Ramos",DR0009,"Dr. Nicole Mendoza",Emergency,D004,MED011,Paracetemol,"500 mg tablet",V000206,2023-03-27,N/a,N/a,Unknown
RX001967,P00363,"Daniel Mendoza",DR0052,"Patrick Reyes MD",Pediatrics,D002,MED005,Omeprazole,"20 mg capsule",V001465,2024-04-20,"1 tab BID",N/a,Active
RX001968,P00173,"Daniel Flores",DR0050,"Catherine Reyes MD","Internal Medicine",D003,MED011,Paracetemol,"500 mg tablet",V001863,2025-08-19,N/a,"10 days",Completed
RX001969,P00385,"Thomas Cruz",DR0017,"Elena Santos MD",Pediatrics,D002,MED010,Azithromycin,"500 mg tablet",V001299,2024-04-06,PRN,N/a,Active
RX001970,P00863,"Mark Santos",DR0004,"Robert Castillo MD","Internal Medicine",D003,MED009,Salbutamol,"2 mg inhaler",V002677,2025-06-21,"5 mL every 8 hrs","5 days",Active
RX001971,P00464,"Liza Reyes",DR0031,"Dr. Jose Dela Cruz",Neurology,D006,MED003,Metformin,"500 mg tablet",V001974,2024-01-16,N/a,"7 days",Discontinued
RX001972,P00974,"Ramon Reyes",DR0055,"Dr. Jose Santos","Obstetrics & Gynecology",D007,MED009,Salbutamol,"2 mg inhaler",V000458,2024-02-13,"1 tablet twice daily","30 days",Unknown
RX001973,P00775,"Ramon Gonzales",DR0071,"Dr. Jose Garcia","Obstetrics & Gynecology",D007,MED004,Amlodipine,"5 mg tablet",V000777,2023-05-10,PRN,"5 days",Discontinued
RX001974,P00030,"Ramon Bautista",DR0100,"Dr. Robert Navarro",Neurology,D006,MED002,Amoxicillin,"500 mg capsule",V001471,2025-11-04,"2 tablets daily",N/a,Active
RX001975,P00322,"Kevin Castillo",DR0059,"Dr. Nicole Ramos",Neurology,D006,MED004,Amlodipine,"5 mg tablet",V002636,2023-01-26,"1 tab BID","10 days",Active
RX001976,P00769,"Angela Flores",DR0015,"Anthony Castillo MD",Emergency,D004,MED002,Amoxicillin,"500 mg capsule",V002886,2023-12-31,N/a,N/a,Active
RX001977,P00812,"Patricia Dela Cruz",DR0051,"Nicole Castillo MD",Neurology,D006,MED010,Azithromycin,"500 mg tablet",V000376,2025-08-27,"2 tablets daily","10 days",Active
RX001978,P00469,"Grace Ramos",DR0075,"Catherine Ramos MD",Neurology,D006,MED006,Losartan,"50 mg tablet",V002331,2023-05-04,PRN,N/a,Active
RX001979,P00903,"Luis Navarro",DR0044,"Dr. Catherine Castillo","Internal Medicine",D003,MED002,Amoxicillin,"500 mg capsule",V000703,2024-03-27,"5 mL every 8 hrs",N/a,Unknown
RX001980,P00014,"Daniel Garcia",DR0087,"Dr. Nicole Rivera","Internal Medicine",D003,MED002,Amoxicillin,"500 mg capsule",V001910,2023-06-22,"5 mL every 8 hrs","10 days",Active
RX001981,P00379,"Maria Torres",DR0098,"Jose Aquino MD","Internal Medicine",D003,MED007,Ibuprofen,"400 mg tablet",V000970,2023-03-24,"1 tab BID",N/a,Active
RX001982,P00551,"Patricia Bautista",DR0096,"Dr. Maria Navarro","Internal Medicine",D003,MED007,Ibuprofen,"400 mg tablet",V001660,2023-02-22,N/a,"7 days",Completed
RX001983,P00311,"Ana Mendoza",DR0018,"Catherine Santos MD",Orthopedics,D005,MED001,Paracetamol,"500 mg tablet",V000091,2023-11-17,"1 tab BID","7 days",Active
RX001984,P00268,"Juan Garcia",DR0021,"Elena Santos MD",Cardiology,D001,MED001,Paracetamol,"500 mg tablet",V002138,2025-08-10,PRN,"10 days",Active
RX001985,P00414,"Kevin Dela Cruz",DR0062,"Dr. Catherine Cruz",Pediatrics,D002,MED004,Amlodipine,"5 mg tablet",V000565,2023-06-04,"2 tablets daily","5 days",Unknown
RX001986,P00740,"John Torres",DR0007,"Nicole Mendoza MD","Internal Medicine",D003,MED003,Metformin,"500 mg tablet",V000091,2024-04-30,"2 tablets daily",N/a,Unknown
RX001987,P00149,"Patricia Ramos",DR0009,"Dr. Nicole Mendoza",Emergency,D004,MED006,Losartan,"50 mg tablet",V002333,2025-06-25,"1 tab BID","30 days",Unknown
RX001988,P00678,"Carlos Cruz",DR0049,"Anthony Garcia MD","General Surgery",D008,MED005,Omeprazole,"20 mg capsule",V001256,2024-09-01,"1 tablet twice daily","5 days",Completed
RX001989,P00904,"Andrea Cruz",DR0018,"Catherine Santos MD",Orthopedics,D005,MED012,Amoxicilin,"500 mg capsule",V000111,2023-08-26,"5 mL every 8 hrs","30 days",Active
RX001990,P00646,"Maria Mendoza",DR0046,"Rafael Ramos MD",Emergency,D004,MED004,Amlodipine,"5 mg tablet",V002020,2025-11-30,N/a,N/a,Discontinued
RX001991,P00140,"Liza Ramos",DR0002,"Dr. Patrick Cruz","Obstetrics & Gynecology",D007,MED007,Ibuprofen,"400 mg tablet",V002134,2025-12-03,"1 tab BID","30 days",Unknown
RX001992,P00197,"Thomas Aquino",DR0033,"Dr. Catherine Bautista",Cardiology,D001,MED010,Azithromycin,"500 mg tablet",V002279,2025-10-10,"1 tab BID",N/a,Active
RX001993,P00505,"Jose Ramos",DR0034,"Elena Navarro MD",Neurology,D006,MED001,Paracetamol,"500 mg tablet",V000577,2025-11-30,PRN,N/a,Active
RX001994,P00361,"Ramon Aquino",DR0008,"Anthony Navarro MD","General Surgery",D008,MED008,Atorvastatin,"20 mg tablet",V000391,2023-09-02,"5 mL every 8 hrs","10 days",Active
RX001995,P00034,"Ramon Ramos",DR0029,"Robert Bautista MD","General Surgery",D008,MED006,Losartan,"50 mg tablet",V002641,2025-07-13,"5 mL every 8 hrs",N/a,Unknown
RX001996,P00469,"Grace Ramos",DR0025,"Nicole Torres MD","General Surgery",D008,MED006,Losartan,"50 mg tablet",V001751,2023-09-08,"2 tablets daily",N/a,Active
RX001997,P00007,"John Gonzales",DR0015,"Anthony Castillo MD",Emergency,D004,MED009,Salbutamol,"2 mg inhaler",V000720,2025-05-04,"1 tablet twice daily","7 days",Unknown
RX001998,P00667,"Angela Gonzales",DR0016,"Jose Navarro MD","Internal Medicine",D003,MED009,Salbutamol,"2 mg inhaler",V002876,2023-02-12,"5 mL every 8 hrs",N/a,Active
RX001999,P00416,"Juan Santos",DR0044,"Dr. Catherine Castillo","Internal Medicine",D003,MED008,Atorvastatin,"20 mg tablet",V002550,2024-09-21,"2 tablets daily","10 days",Active
RX002000,P00905,"John Aquino",DR0002,"Dr. Patrick Cruz","Obstetrics & Gynecology",D007,MED006,Losartan,"50 mg tablet",V000808,2025-10-22,"1 tab BID","5 days",Unknown
RX002001,P00315,"Luis Flores",DR0012,"Dr. Samantha Garcia",Emergency,D004,MED001,Paracetamol,"500 mg tablet",V002275,2024-02-24,PRN,N/a,Active
RX002002,P00789,"Kevin Gonzales",DR0053,"Dr. Samantha Rivera",Cardiology,D001,MED010,Azithromycin,"500 mg tablet",V000071,2023-09-29,"5 mL every 8 hrs","7 days",Active
RX002003,P00873,"Angela Dela Cruz",DR0071,"Dr. Jose Garcia","Obstetrics & Gynecology",D007,MED004,Amlodipine,"5 mg tablet",V001249,2025-10-19,"1 tab BID","7 days",Active
RX002004,P00237,"Liza Mendoza",NULL,NULL,NULL,NULL,MED007,Ibuprofen,"400 mg tablet",V001215,2025-01-20,PRN,N/a,Discontinued
RX002005,P00147,"Mark Cruz",DR0081,"Dr. Jose Mendoza","General Surgery",D008,MED009,Salbutamol,"2 mg inhaler",V001436,2025-05-11,"1 tab BID",N/a,Active
RX002006,P00485,"Patricia Ramos",DR0040,"Dr. Nicole Flores",Cardiology,D001,MED005,Omeprazole,"20 mg capsule",V000859,2024-12-03,N/a,N/a,Unknown
RX002007,P00827,"Angela Cruz",DR0058,"Robert Mendoza MD",Emergency,D004,MED006,Losartan,"50 mg tablet",V001450,2024-12-30,"1 tab BID",N/a,Completed
RX002008,P00447,"Maria Castillo",DR0045,"Dr. Robert Dela Cruz","Obstetrics & Gynecology",D007,MED001,Paracetamol,"500 mg tablet",V002846,2025-01-12,"1 tablet twice daily","7 days",Unknown
RX002009,P00656,"Thomas Mendoza",DR0036,"Dr. Patrick Dela Cruz","Obstetrics & Gynecology",D007,MED008,Atorvastatin,"20 mg tablet",V001030,2023-03-03,"1 tab BID",N/a,Discontinued
RX002010,P00791,"Jose Ramos",DR0001,"Elena Ramos MD","Internal Medicine",D003,MED012,Amoxicilin,"500 mg capsule",V000761,2023-09-28,"1 tab BID","5 days",Completed
RX002011,P00763,"Angela Garcia",DR0058,"Robert Mendoza MD",Emergency,D004,MED011,Paracetemol,"500 mg tablet",V002690,2024-04-26,N/a,"7 days",Completed
RX002012,P00514,"Liza Aquino",DR0069,"Dr. Jose Mendoza",Pediatrics,D002,MED009,Salbutamol,"2 mg inhaler",V002489,2023-10-10,"1 tablet twice daily",N/a,Completed
RX002013,P00060,"Daniel Reyes",DR0082,"Elena Castillo MD","General Surgery",D008,MED001,Paracetamol,"500 mg tablet",V001443,2025-06-07,"1 tablet twice daily","30 days",Active
RX002014,P00295,"Ana Bautista",DR0014,"Samantha Ramos MD",Pediatrics,D002,MED009,Salbutamol,"2 mg inhaler",V000100,2023-03-04,PRN,N/a,Discontinued
RX002015,P00659,"Miguel Garcia",DR0060,"Maria Castillo MD",Cardiology,D001,MED011,Paracetemol,"500 mg tablet",V001382,2025-08-28,"1 tab BID","7 days",Unknown
RX002016,P00681,"Sofia Rivera",DR0082,"Elena Castillo MD","General Surgery",D008,MED004,Amlodipine,"5 mg tablet",V001984,2025-03-15,"1 tab BID","30 days",Active
RX002017,P00453,"Jose Gonzales",DR0070,"Rafael Castillo MD","Internal Medicine",D003,MED002,Amoxicillin,"500 mg capsule",V001371,2023-10-25,"1 tab BID","7 days",Unknown
RX002018,P00274,"Ana Aquino",DR0091,"Dr. Rafael Flores",Orthopedics,D005,MED012,Amoxicilin,"500 mg capsule",V002851,2023-02-09,"5 mL every 8 hrs",N/a,Active
RX002019,P00302,"Patricia Flores",DR0024,"Nicole Garcia MD","Internal Medicine",D003,MED012,Amoxicilin,"500 mg capsule",V000869,2025-06-18,"1 tablet twice daily",N/a,Unknown
RX002020,P00905,"John Aquino",DR0012,"Dr. Samantha Garcia",Emergency,D004,MED010,Azithromycin,"500 mg tablet",V002382,2025-06-11,PRN,"5 days",Unknown
RX002021,P00307,"Luis Torres",DR0041,"Dr. Nicole Torres",Emergency,D004,MED008,Atorvastatin,"20 mg tablet",V001349,2023-08-01,N/a,"30 days",Active
RX002022,P00881,"Patricia Aquino",DR0002,"Dr. Patrick Cruz","Obstetrics & Gynecology",D007,MED008,Atorvastatin,"20 mg tablet",V000099,2024-02-12,"1 tablet twice daily","5 days",Completed
RX002023,P00867,"Sofia Ramos",DR0050,"Catherine Reyes MD","Internal Medicine",D003,MED004,Amlodipine,"5 mg tablet",V000656,2024-02-15,"5 mL every 8 hrs","10 days",Active
RX002024,P00903,"Luis Navarro",DR0078,"Dr. Jose Castillo","Obstetrics & Gynecology",D007,MED007,Ibuprofen,"400 mg tablet",V000516,2023-05-21,"5 mL every 8 hrs",N/a,Active
RX002025,P00609,"Patricia Bautista",DR0030,"Dr. Elena Navarro","Obstetrics & Gynecology",D007,MED009,Salbutamol,"2 mg inhaler",V002777,2024-05-14,N/a,"7 days",Discontinued
RX002026,P00022,"Sofia Torres",DR0032,"Dr. Samantha Castillo","Internal Medicine",D003,MED010,Azithromycin,"500 mg tablet",V001769,2024-06-12,"5 mL every 8 hrs","5 days",Discontinued
RX002027,P00612,"John Bautista",DR0063,"Dr. Anthony Bautista",Pediatrics,D002,MED009,Salbutamol,"2 mg inhaler",V000605,2025-12-16,N/a,"7 days",Active
RX002028,P00040,"John Rivera",DR0011,"Dr. Patrick Bautista","Internal Medicine",D003,MED002,Amoxicillin,"500 mg capsule",V002221,2023-03-03,"2 tablets daily","10 days",Active
RX002029,P00772,"Sofia Aquino",DR0034,"Elena Navarro MD",Neurology,D006,MED008,Atorvastatin,"20 mg tablet",V001174,2025-02-06,"5 mL every 8 hrs","5 days",Completed
RX002030,P00919,"Angela Reyes",DR0064,"Robert Torres MD",Pediatrics,D002,MED012,Amoxicilin,"500 mg capsule",V000400,2023-06-25,"2 tablets daily","30 days",Active
RX002031,P00628,"Kevin Ramos",DR0024,"Nicole Garcia MD","Internal Medicine",D003,MED008,Atorvastatin,"20 mg tablet",V000999,2023-02-15,PRN,"10 days",Completed
RX002032,P00255,"Angela Ramos",DR0051,"Nicole Castillo MD",Neurology,D006,MED008,Atorvastatin,"20 mg tablet",V000600,2024-04-25,"1 tablet twice daily",N/a,Active
RX002033,P00155,"Kevin Ramos",DR0089,"Maria Cruz MD",Emergency,D004,MED007,Ibuprofen,"400 mg tablet",V000206,2025-06-29,"1 tab BID","30 days",Discontinued
RX002034,P00902,"Carlos Flores",DR0069,"Dr. Jose Mendoza",Pediatrics,D002,MED002,Amoxicillin,"500 mg capsule",V002937,2024-05-11,PRN,"10 days",Completed
RX002035,P00446,"Liza Santos",DR0019,"Dr. Nicole Castillo",Orthopedics,D005,MED009,Salbutamol,"2 mg inhaler",V001514,2023-07-27,PRN,"10 days",Discontinued
RX002036,P00271,"Kevin Mendoza",DR0087,"Dr. Nicole Rivera","Internal Medicine",D003,MED010,Azithromycin,"500 mg tablet",V002202,2024-03-13,"2 tablets daily","7 days",Completed
RX002037,P00747,"Liza Navarro",DR0038,"Dr. Nicole Rivera",Pediatrics,D002,MED004,Amlodipine,"5 mg tablet",V002399,2024-06-04,PRN,"7 days",Active
RX002038,P00774,"Thomas Garcia",DR0099,"Dr. Maria Torres",Neurology,D006,MED007,Ibuprofen,"400 mg tablet",V002396,2023-10-19,"5 mL every 8 hrs","7 days",Active
RX002039,P00575,"Grace Flores",DR0027,"Dr. Nicole Gonzales","Obstetrics & Gynecology",D007,MED005,Omeprazole,"20 mg capsule",V000027,2024-06-05,"1 tablet twice daily","5 days",Active
RX002040,P00672,"Bea Flores",DR0068,"Dr. Maria Gonzales","Obstetrics & Gynecology",D007,MED006,Losartan,"50 mg tablet",V002503,2024-09-23,"1 tablet twice daily","5 days",Unknown
RX002041,P00465,"Carlos Torres",DR0063,"Dr. Anthony Bautista",Pediatrics,D002,MED011,Paracetemol,"500 mg tablet",V000693,2024-04-06,"5 mL every 8 hrs","30 days",Active
RX002042,P00758,"Ana Navarro",DR0069,"Dr. Jose Mendoza",Pediatrics,D002,MED007,Ibuprofen,"400 mg tablet",V000097,2025-06-07,"1 tab BID","10 days",Active
RX002043,P00024,"Luis Mendoza",DR0060,"Maria Castillo MD",Cardiology,D001,MED002,Amoxicillin,"500 mg capsule",V000429,2025-07-29,PRN,"5 days",Discontinued
RX002044,P00867,"Sofia Ramos",DR0005,"Dr. Samantha Gonzales",Emergency,D004,MED006,Losartan,"50 mg tablet",V000705,2024-12-21,"2 tablets daily","30 days",Completed
RX002045,P00079,"Ana Garcia",DR0034,"Elena Navarro MD",Neurology,D006,MED004,Amlodipine,"5 mg tablet",V001689,2023-10-01,"1 tab BID","5 days",Completed
RX002046,P00405,"Angela Bautista",DR0046,"Rafael Ramos MD",Emergency,D004,MED008,Atorvastatin,"20 mg tablet",V001997,2023-01-27,"5 mL every 8 hrs","30 days",Discontinued
RX002047,P00083,"Grace Santos",DR0089,"Maria Cruz MD",Emergency,D004,MED009,Salbutamol,"2 mg inhaler",V000847,2024-12-15,"1 tab BID","10 days",Active
RX002048,P00855,"Daniel Torres",DR0095,"Patrick Cruz MD","General Surgery",D008,MED008,Atorvastatin,"20 mg tablet",V001558,2025-08-07,"1 tab BID","30 days",Unknown
RX002049,P00690,"Juan Gonzales",DR0032,"Dr. Samantha Castillo","Internal Medicine",D003,MED007,Ibuprofen,"400 mg tablet",V001829,2025-02-27,"5 mL every 8 hrs","5 days",Completed
RX002050,P00982,"Kevin Cruz",DR0046,"Rafael Ramos MD",Emergency,D004,MED005,Omeprazole,"20 mg capsule",V002549,2023-01-11,"5 mL every 8 hrs","30 days",Discontinued
RX002051,P00259,"Ramon Aquino",DR0080,"Nicole Flores MD","Obstetrics & Gynecology",D007,MED001,Paracetamol,"500 mg tablet",V001428,2024-06-01,"5 mL every 8 hrs",N/a,Unknown
RX002052,P00850,"Ana Reyes",DR0011,"Dr. Patrick Bautista","Internal Medicine",D003,MED006,Losartan,"50 mg tablet",V002474,2023-12-08,"1 tablet twice daily","10 days",Active
RX002053,P00994,"Thomas Flores",NULL,NULL,NULL,NULL,MED006,Losartan,"50 mg tablet",V000727,2025-05-28,"1 tab BID","30 days",Unknown
RX002054,P00195,"Jose Mendoza",DR0052,"Patrick Reyes MD",Pediatrics,D002,MED011,Paracetemol,"500 mg tablet",V000589,2023-09-12,N/a,N/a,Active
RX002055,P00493,"Thomas Gonzales",DR0061,"Robert Bautista MD","General Surgery",D008,MED007,Ibuprofen,"400 mg tablet",V002493,2024-06-29,"1 tab BID",N/a,Completed
RX002056,P00056,"Luis Reyes",DR0020,"Dr. Patrick Cruz",Orthopedics,D005,MED012,Amoxicilin,"500 mg capsule",V002562,2024-11-26,PRN,"30 days",Completed
RX002057,P00867,"Sofia Ramos",DR0087,"Dr. Nicole Rivera","Internal Medicine",D003,MED004,Amlodipine,"5 mg tablet",V000444,2025-02-28,"1 tablet twice daily","7 days",Active
RX002058,P00706,"Miguel Flores",DR0078,"Dr. Jose Castillo","Obstetrics & Gynecology",D007,MED004,Amlodipine,"5 mg tablet",V001847,2023-03-11,"2 tablets daily","5 days",Active
RX002059,P00017,"Sofia Garcia",DR0009,"Dr. Nicole Mendoza",Emergency,D004,MED003,Metformin,"500 mg tablet",V000304,2023-05-26,"1 tablet twice daily","30 days",Discontinued
RX002060,P00896,"Maria Ramos",DR0054,"Dr. Robert Dela Cruz","Internal Medicine",D003,MED004,Amlodipine,"5 mg tablet",V002231,2025-09-23,"1 tab BID",N/a,Completed
RX002061,P00974,"Ramon Reyes",DR0040,"Dr. Nicole Flores",Cardiology,D001,MED011,Paracetemol,"500 mg tablet",V001902,2025-07-20,"1 tablet twice daily","5 days",Active
RX002062,P00752,"Ana Rivera",DR0037,"Nicole Bautista MD",Pediatrics,D002,MED009,Salbutamol,"2 mg inhaler",V002393,2024-12-01,"1 tab BID",N/a,Active
RX002063,P00532,"Ana Garcia",DR0015,"Anthony Castillo MD",Emergency,D004,MED001,Paracetamol,"500 mg tablet",V000308,2023-01-20,"2 tablets daily","7 days",Active
RX002064,P00022,"Sofia Torres",DR0086,"Dr. Jose Garcia","Internal Medicine",D003,MED005,Omeprazole,"20 mg capsule",V001961,2023-12-10,N/a,"30 days",Discontinued
RX002065,P00719,"Daniel Rivera",DR0101,"Maria Reyes MD",Cardiology,D001,MED007,Ibuprofen,"400 mg tablet",V000416,2025-12-06,PRN,"30 days",Discontinued
RX002066,P00207,"Ana Flores",DR0032,"Dr. Samantha Castillo","Internal Medicine",D003,MED006,Losartan,"50 mg tablet",V002118,2024-08-16,"5 mL every 8 hrs","7 days",Completed
RX002067,P00825,"John Bautista",DR0057,"Elena Navarro MD",Emergency,D004,MED001,Paracetamol,"500 mg tablet",V002578,2023-09-09,"5 mL every 8 hrs","30 days",Active
RX002068,P00041,"Liza Dela Cruz",DR0061,"Robert Bautista MD","General Surgery",D008,MED002,Amoxicillin,"500 mg capsule",V001817,2024-01-31,"1 tab BID",N/a,Active
RX002069,P00592,"Liza Santos",DR0053,"Dr. Samantha Rivera",Cardiology,D001,MED004,Amlodipine,"5 mg tablet",V001081,2024-05-19,"2 tablets daily","10 days",Active
RX002070,P00810,"Ana Castillo",DR0098,"Jose Aquino MD","Internal Medicine",D003,MED008,Atorvastatin,"20 mg tablet",V001513,2023-12-04,PRN,N/a,Unknown
RX002071,P00469,"Grace Ramos",DR0097,"Dr. Samantha Garcia",Neurology,D006,MED003,Metformin,"500 mg tablet",V000573,2023-01-29,PRN,N/a,Completed
RX002072,P00924,"Kevin Reyes",DR0047,"Catherine Garcia MD","General Surgery",D008,MED003,Metformin,"500 mg tablet",V000295,2024-11-09,"1 tablet twice daily",N/a,Unknown
RX002073,P00349,"Thomas Santos",DR0040,"Dr. Nicole Flores",Cardiology,D001,MED006,Losartan,"50 mg tablet",V001640,2025-07-18,N/a,"5 days",Active
RX002074,P00363,"Daniel Mendoza",DR0088,"Dr. Jose Flores",Neurology,D006,MED008,Atorvastatin,"20 mg tablet",V002244,2024-08-09,"1 tablet twice daily","5 days",Completed
RX002075,P00576,"Sofia Aquino",DR0059,"Dr. Nicole Ramos",Neurology,D006,MED001,Paracetamol,"500 mg tablet",V000134,2025-11-28,"2 tablets daily","5 days",Active
RX002076,P00552,"Maria Torres",DR0054,"Dr. Robert Dela Cruz","Internal Medicine",D003,MED004,Amlodipine,"5 mg tablet",V000303,2025-03-13,"1 tablet twice daily","5 days",Unknown
RX002077,P00106,"Thomas Cruz",DR0048,"Dr. Robert Castillo",Pediatrics,D002,MED001,Paracetamol,"500 mg tablet",V000795,2024-02-14,N/a,N/a,Completed
RX002078,P00023,"Jose Ramos",DR0006,"Dr. Elena Rivera",Orthopedics,D005,MED009,Salbutamol,"2 mg inhaler",V002978,2025-07-08,"5 mL every 8 hrs","5 days",Unknown
RX002079,P00198,"Miguel Reyes",DR0101,"Maria Reyes MD",Cardiology,D001,MED007,Ibuprofen,"400 mg tablet",V002285,2025-12-27,"1 tablet twice daily",N/a,Discontinued
RX002080,P00320,"Sofia Mendoza",DR0014,"Samantha Ramos MD",Pediatrics,D002,MED009,Salbutamol,"2 mg inhaler",V002453,2023-10-15,"2 tablets daily","30 days",Active
RX002081,P00030,"Ramon Bautista",DR0093,"Dr. Patrick Navarro",Pediatrics,D002,MED010,Azithromycin,"500 mg tablet",V001474,2025-03-07,PRN,"7 days",Completed
RX002082,P00750,"Mark Rivera",DR0009,"Dr. Nicole Mendoza",Emergency,D004,MED011,Paracetemol,"500 mg tablet",V002222,2023-12-11,PRN,"10 days",Discontinued
RX002083,P00553,"Juan Ramos",DR0045,"Dr. Robert Dela Cruz","Obstetrics & Gynecology",D007,MED012,Amoxicilin,"500 mg capsule",V000805,2025-04-30,PRN,"7 days",Completed
RX002084,P00130,"Miguel Cruz",DR0090,"Maria Mendoza MD","General Surgery",D008,MED007,Ibuprofen,"400 mg tablet",V001096,2024-11-01,PRN,"10 days",Active
RX002085,P00412,"Patricia Aquino",DR0031,"Dr. Jose Dela Cruz",Neurology,D006,MED009,Salbutamol,"2 mg inhaler",V000407,2025-08-12,N/a,N/a,Completed
RX002086,P00390,"Maria Flores",DR0080,"Nicole Flores MD","Obstetrics & Gynecology",D007,MED009,Salbutamol,"2 mg inhaler",V002291,2025-08-06,"5 mL every 8 hrs",N/a,Discontinued
RX002087,P00466,"Patricia Garcia",DR0090,"Maria Mendoza MD","General Surgery",D008,MED012,Amoxicilin,"500 mg capsule",V000829,2025-02-26,N/a,N/a,Unknown
RX002088,P00548,"Ramon Cruz",DR0067,"Samantha Reyes MD",Emergency,D004,MED007,Ibuprofen,"400 mg tablet",V000134,2025-01-12,"2 tablets daily",N/a,Unknown
RX002089,P00358,"Juan Reyes",DR0019,"Dr. Nicole Castillo",Orthopedics,D005,MED007,Ibuprofen,"400 mg tablet",V000486,2025-04-15,"1 tab BID",N/a,Active
RX002090,P00566,"Daniel Mendoza",DR0049,"Anthony Garcia MD","General Surgery",D008,MED008,Atorvastatin,"20 mg tablet",V001102,2025-12-12,"1 tablet twice daily","5 days",Active
RX002091,P00666,"Daniel Aquino",DR0012,"Dr. Samantha Garcia",Emergency,D004,MED002,Amoxicillin,"500 mg capsule",V002072,2024-11-06,"1 tab BID",N/a,Discontinued
RX002092,P00759,"Sofia Rivera",DR0001,"Elena Ramos MD","Internal Medicine",D003,MED002,Amoxicillin,"500 mg capsule",V000643,2024-09-15,"1 tablet twice daily","10 days",Unknown
RX002093,P00593,"Maria Ramos",DR0042,"Catherine Mendoza MD",Cardiology,D001,MED006,Losartan,"50 mg tablet",V002605,2024-05-05,PRN,N/a,Active
RX002094,P00355,"John Castillo",DR0018,"Catherine Santos MD",Orthopedics,D005,MED004,Amlodipine,"5 mg tablet",V001542,2025-12-27,N/a,"30 days",Completed
RX002095,P00406,"Kevin Flores",DR0003,"Elena Cruz MD","Obstetrics & Gynecology",D007,MED008,Atorvastatin,"20 mg tablet",V001788,2024-01-05,"1 tablet twice daily","30 days",Completed
RX002096,P00953,"Luis Cruz",DR0080,"Nicole Flores MD","Obstetrics & Gynecology",D007,MED001,Paracetamol,"500 mg tablet",V000330,2025-01-19,N/a,N/a,Unknown
RX002097,P00996,"Ramon Cruz",DR0013,"Dr. Samantha Cruz",Emergency,D004,MED007,Ibuprofen,"400 mg tablet",V000386,2023-12-10,N/a,N/a,Active
RX002098,P00720,"Angela Santos",DR0008,"Anthony Navarro MD","General Surgery",D008,MED007,Ibuprofen,"400 mg tablet",V001542,2024-10-29,PRN,"7 days",Completed
RX002099,P00754,"Ana Garcia",DR0025,"Nicole Torres MD","General Surgery",D008,MED003,Metformin,"500 mg tablet",V001767,2024-05-16,N/a,"7 days",Discontinued
RX002100,P00262,"Miguel Torres",DR0093,"Dr. Patrick Navarro",Pediatrics,D002,MED011,Paracetemol,"500 mg tablet",V000196,2024-11-27,PRN,N/a,Discontinued
RX002101,P00072,"Liza Dela Cruz",DR0012,"Dr. Samantha Garcia",Emergency,D004,MED002,Amoxicillin,"500 mg capsule",V000697,2024-03-14,N/a,"7 days",Discontinued
RX002102,P00117,"Carlos Reyes",DR0051,"Nicole Castillo MD",Neurology,D006,MED003,Metformin,"500 mg tablet",V000992,2023-12-13,"5 mL every 8 hrs","10 days",Active
RX002103,P00583,"Maria Cruz",DR0017,"Elena Santos MD",Pediatrics,D002,MED009,Salbutamol,"2 mg inhaler",V002705,2024-04-01,"1 tab BID","7 days",Active
RX002104,P00729,"Ramon Garcia",DR0043,"Dr. Samantha Flores",Emergency,D004,MED010,Azithromycin,"500 mg tablet",V002208,2023-02-02,"1 tab BID","10 days",Active
RX002105,P00190,"Juan Navarro",DR0032,"Dr. Samantha Castillo","Internal Medicine",D003,MED010,Azithromycin,"500 mg tablet",V000571,2025-06-13,"5 mL every 8 hrs","7 days",Active
RX002106,P00745,"Jose Torres",DR0076,"Maria Torres MD",Orthopedics,D005,MED010,Azithromycin,"500 mg tablet",V001740,2023-11-08,"1 tab BID",N/a,Active
RX002107,P00135,"Andrea Gonzales",DR0085,"Dr. Anthony Flores",Neurology,D006,MED005,Omeprazole,"20 mg capsule",V001578,2025-07-07,"1 tab BID","7 days",Unknown
RX002108,P00152,"Bea Mendoza",DR0068,"Dr. Maria Gonzales","Obstetrics & Gynecology",D007,MED003,Metformin,"500 mg tablet",V000111,2023-06-22,"1 tab BID","7 days",Discontinued
RX002109,P00794,"Sofia Ramos",DR0097,"Dr. Samantha Garcia",Neurology,D006,MED011,Paracetemol,"500 mg tablet",V002780,2023-04-23,"1 tablet twice daily",N/a,Completed
RX002110,P00068,"Mark Ramos",DR0059,"Dr. Nicole Ramos",Neurology,D006,MED005,Omeprazole,"20 mg capsule",V002742,2023-05-27,N/a,"7 days",Discontinued
RX002111,P00240,"Jose Aquino",DR0076,"Maria Torres MD",Orthopedics,D005,MED003,Metformin,"500 mg tablet",V000892,2023-08-19,PRN,"5 days",Unknown
RX002112,P00647,"Jose Rivera",DR0036,"Dr. Patrick Dela Cruz","Obstetrics & Gynecology",D007,MED006,Losartan,"50 mg tablet",V002736,2024-06-10,"5 mL every 8 hrs","10 days",Active
RX002113,P00247,"Sofia Cruz",DR0099,"Dr. Maria Torres",Neurology,D006,MED003,Metformin,"500 mg tablet",V002171,2024-11-20,PRN,N/a,Discontinued
RX002114,P00022,"Sofia Torres",NULL,NULL,NULL,NULL,MED006,Losartan,"50 mg tablet",V001567,2023-11-06,N/a,"5 days",Completed
RX002115,P00888,"Liza Ramos",DR0088,"Dr. Jose Flores",Neurology,D006,MED003,Metformin,"500 mg tablet",V000902,2023-10-18,N/a,N/a,Active
RX002116,P00108,"Carlos Garcia",DR0031,"Dr. Jose Dela Cruz",Neurology,D006,MED004,Amlodipine,"5 mg tablet",V001266,2023-02-03,"2 tablets daily","10 days",Completed
RX002117,P00086,"Ana Santos",DR0043,"Dr. Samantha Flores",Emergency,D004,MED012,Amoxicilin,"500 mg capsule",V002769,2023-01-21,"1 tab BID",N/a,Active
RX002118,P00709,"Bea Flores",DR0018,"Catherine Santos MD",Orthopedics,D005,MED004,Amlodipine,"5 mg tablet",V002721,2024-04-04,"2 tablets daily","5 days",Unknown
RX002119,P00179,"Liza Ramos",DR0068,"Dr. Maria Gonzales","Obstetrics & Gynecology",D007,MED002,Amoxicillin,"500 mg capsule",V000290,2023-01-27,"2 tablets daily",N/a,Unknown
RX002120,P00397,"Maria Flores",DR0039,"Samantha Santos MD","General Surgery",D008,MED011,Paracetemol,"500 mg tablet",V001367,2024-03-30,"1 tablet twice daily","7 days",Active
RX002121,P00477,"Miguel Bautista",DR0101,"Maria Reyes MD",Cardiology,D001,MED007,Ibuprofen,"400 mg tablet",V002357,2023-04-28,"1 tablet twice daily",N/a,Completed
RX002122,P00573,"Ramon Rivera",DR0095,"Patrick Cruz MD","General Surgery",D008,MED007,Ibuprofen,"400 mg tablet",V000162,2024-08-04,N/a,"5 days",Discontinued
RX002123,P00067,"Grace Castillo",DR0019,"Dr. Nicole Castillo",Orthopedics,D005,MED007,Ibuprofen,"400 mg tablet",V000460,2024-12-11,"2 tablets daily","30 days",Completed
RX002124,P00185,"Patricia Reyes",DR0028,"Anthony Dela Cruz MD",Orthopedics,D005,MED008,Atorvastatin,"20 mg tablet",V001245,2025-04-25,"5 mL every 8 hrs",N/a,Unknown
RX002125,P00153,"Bea Aquino",DR0062,"Dr. Catherine Cruz",Pediatrics,D002,MED008,Atorvastatin,"20 mg tablet",V001387,2025-06-19,PRN,"30 days",Discontinued
RX002126,P00057,"Kevin Cruz",DR0057,"Elena Navarro MD",Emergency,D004,MED012,Amoxicilin,"500 mg capsule",V000853,2025-09-22,N/a,"7 days",Active
RX002127,P00745,"Jose Torres",DR0097,"Dr. Samantha Garcia",Neurology,D006,MED001,Paracetamol,"500 mg tablet",V002091,2026-01-05,N/a,"7 days",Active
RX002128,P00518,"Juan Gonzales",DR0018,"Catherine Santos MD",Orthopedics,D005,MED010,Azithromycin,"500 mg tablet",V000817,2025-03-24,PRN,N/a,Active
RX002129,P00309,"Grace Bautista",DR0018,"Catherine Santos MD",Orthopedics,D005,MED012,Amoxicilin,"500 mg capsule",V002785,2024-05-15,"2 tablets daily","30 days",Discontinued
RX002130,P00986,"Liza Gonzales",DR0059,"Dr. Nicole Ramos",Neurology,D006,MED001,Paracetamol,"500 mg tablet",V000919,2025-10-26,"1 tab BID","30 days",Discontinued
RX002131,P00362,"Angela Santos",DR0023,"Jose Castillo MD",Orthopedics,D005,MED007,Ibuprofen,"400 mg tablet",V002545,2024-10-11,"1 tablet twice daily","10 days",Completed
RX002132,P00407,"John Bautista",DR0016,"Jose Navarro MD","Internal Medicine",D003,MED004,Amlodipine,"5 mg tablet",V000037,2023-03-20,"2 tablets daily",N/a,Discontinued
RX002133,P00341,"Daniel Santos",DR0014,"Samantha Ramos MD",Pediatrics,D002,MED012,Amoxicilin,"500 mg capsule",V000009,2023-02-11,"1 tablet twice daily",N/a,Unknown
RX002134,P00048,"Mark Flores",DR0080,"Nicole Flores MD","Obstetrics & Gynecology",D007,MED001,Paracetamol,"500 mg tablet",V002285,2024-11-30,"1 tab BID","30 days",Active
RX002135,P00461,"Sofia Torres",DR0014,"Samantha Ramos MD",Pediatrics,D002,MED003,Metformin,"500 mg tablet",V001711,2025-05-07,"2 tablets daily","7 days",Active
RX002136,P00251,"Ramon Cruz",DR0098,"Jose Aquino MD","Internal Medicine",D003,MED010,Azithromycin,"500 mg tablet",V002993,2025-01-09,"2 tablets daily","5 days",Active
RX002137,P00162,"Bea Aquino",DR0031,"Dr. Jose Dela Cruz",Neurology,D006,MED012,Amoxicilin,"500 mg capsule",V002373,2025-10-15,"2 tablets daily","7 days",Active
RX002138,P00153,"Bea Aquino",DR0084,"Anthony Santos MD",Neurology,D006,MED005,Omeprazole,"20 mg capsule",V001333,2025-08-06,PRN,"5 days",Unknown
RX002139,P00912,"Andrea Reyes",DR0063,"Dr. Anthony Bautista",Pediatrics,D002,MED010,Azithromycin,"500 mg tablet",V001268,2024-10-08,"2 tablets daily","5 days",Unknown
RX002140,P00434,"Daniel Garcia",DR0088,"Dr. Jose Flores",Neurology,D006,MED005,Omeprazole,"20 mg capsule",V001534,2025-12-26,"1 tab BID",N/a,Active
RX002141,P00813,"Andrea Castillo",DR0027,"Dr. Nicole Gonzales","Obstetrics & Gynecology",D007,MED001,Paracetamol,"500 mg tablet",V000757,2025-03-21,N/a,N/a,Unknown
RX002142,P00548,"Ramon Cruz",DR0074,"Dr. Maria Gonzales","General Surgery",D008,MED011,Paracetemol,"500 mg tablet",V001981,2024-06-12,PRN,"10 days",Active
RX002143,P00441,"Maria Bautista",DR0098,"Jose Aquino MD","Internal Medicine",D003,MED003,Metformin,"500 mg tablet",V000928,2025-10-08,"1 tab BID",N/a,Unknown
RX002144,P00011,"Andrea Castillo",DR0087,"Dr. Nicole Rivera","Internal Medicine",D003,MED009,Salbutamol,"2 mg inhaler",V002808,2023-10-09,"1 tab BID","7 days",Active
RX002145,P00679,"Mark Torres",DR0092,"Dr. Catherine Bautista","Internal Medicine",D003,MED004,Amlodipine,"5 mg tablet",V000157,2024-10-01,"2 tablets daily","7 days",Active
RX002146,P00130,"Miguel Cruz",DR0100,"Dr. Robert Navarro",Neurology,D006,MED011,Paracetemol,"500 mg tablet",V002356,2023-01-24,PRN,"5 days",Active
RX002147,P00425,"Ramon Cruz",DR0074,"Dr. Maria Gonzales","General Surgery",D008,MED011,Paracetemol,"500 mg tablet",V002847,2023-11-28,"1 tablet twice daily",N/a,Discontinued
RX002148,P00243,"Juan Bautista",DR0034,"Elena Navarro MD",Neurology,D006,MED006,Losartan,"50 mg tablet",V001545,2023-12-21,N/a,"5 days",Unknown
RX002149,P00517,"Miguel Garcia",DR0096,"Dr. Maria Navarro","Internal Medicine",D003,MED011,Paracetemol,"500 mg tablet",V001349,2025-06-27,"5 mL every 8 hrs","5 days",Discontinued
RX002150,P00121,"Liza Dela Cruz",DR0084,"Anthony Santos MD",Neurology,D006,MED004,Amlodipine,"5 mg tablet",V000620,2023-05-18,"5 mL every 8 hrs",N/a,Unknown
RX002151,P00533,"Juan Cruz",DR0087,"Dr. Nicole Rivera","Internal Medicine",D003,MED012,Amoxicilin,"500 mg capsule",V002941,2025-12-31,"5 mL every 8 hrs",N/a,Completed
RX002152,P00960,"Maria Mendoza",DR0052,"Patrick Reyes MD",Pediatrics,D002,MED007,Ibuprofen,"400 mg tablet",V002505,2025-03-14,"5 mL every 8 hrs","10 days",Completed
RX002153,P00899,"Maria Aquino",DR0030,"Dr. Elena Navarro","Obstetrics & Gynecology",D007,MED004,Amlodipine,"5 mg tablet",V002172,2023-11-25,"2 tablets daily","10 days",Discontinued
RX002154,P00472,"Miguel Mendoza",DR0073,"Dr. Catherine Torres",Pediatrics,D002,MED002,Amoxicillin,"500 mg capsule",V002990,2023-05-21,"2 tablets daily",N/a,Active
RX002155,P00697,"Sofia Dela Cruz",DR0011,"Dr. Patrick Bautista","Internal Medicine",D003,MED002,Amoxicillin,"500 mg capsule",V001807,2025-07-27,"2 tablets daily",N/a,Active
RX002156,P00650,"Jose Santos",DR0010,"Dr. Anthony Bautista","Internal Medicine",D003,MED011,Paracetemol,"500 mg tablet",V001489,2024-09-25,"5 mL every 8 hrs","5 days",Active
RX002157,P00704,"Kevin Dela Cruz",DR0086,"Dr. Jose Garcia","Internal Medicine",D003,MED002,Amoxicillin,"500 mg capsule",V002629,2024-11-16,"1 tab BID","5 days",Completed
RX002158,P00859,"Juan Cruz",DR0088,"Dr. Jose Flores",Neurology,D006,MED002,Amoxicillin,"500 mg capsule",V002158,2023-11-06,N/a,"30 days",Discontinued
RX002159,P00846,"Sofia Reyes",DR0075,"Catherine Ramos MD",Neurology,D006,MED005,Omeprazole,"20 mg capsule",V000426,2023-03-23,"5 mL every 8 hrs","5 days",Active
RX002160,P00131,"John Santos",DR0056,"Dr. Elena Cruz",Neurology,D006,MED008,Atorvastatin,"20 mg tablet",V000254,2023-04-30,"5 mL every 8 hrs",N/a,Active
RX002161,P00899,"Maria Aquino",DR0038,"Dr. Nicole Rivera",Pediatrics,D002,MED007,Ibuprofen,"400 mg tablet",V000233,2023-05-25,"2 tablets daily","5 days",Active
RX002162,P00783,"Ramon Bautista",DR0096,"Dr. Maria Navarro","Internal Medicine",D003,MED009,Salbutamol,"2 mg inhaler",V002925,2024-11-20,"2 tablets daily","10 days",Active
RX002163,P00898,"Ramon Cruz",DR0022,"Dr. Jose Castillo",Pediatrics,D002,MED009,Salbutamol,"2 mg inhaler",V001976,2023-10-03,PRN,"10 days",Completed
RX002164,P00558,"Andrea Flores",DR0010,"Dr. Anthony Bautista","Internal Medicine",D003,MED010,Azithromycin,"500 mg tablet",V000452,2026-01-01,"5 mL every 8 hrs","10 days",Unknown
RX002165,P00687,"Maria Castillo",DR0035,"Anthony Mendoza MD",Pediatrics,D002,MED003,Metformin,"500 mg tablet",V002150,2025-09-01,"1 tab BID","10 days",Unknown
RX002166,P00308,"Kevin Navarro",DR0090,"Maria Mendoza MD","General Surgery",D008,MED008,Atorvastatin,"20 mg tablet",V002259,2024-10-20,PRN,"5 days",Completed
RX002167,P00361,"Ramon Aquino",DR0075,"Catherine Ramos MD",Neurology,D006,MED008,Atorvastatin,"20 mg tablet",V002370,2024-02-27,"1 tab BID","10 days",Active
RX002168,P00562,"Luis Reyes",DR0069,"Dr. Jose Mendoza",Pediatrics,D002,MED004,Amlodipine,"5 mg tablet",V000363,2024-01-19,"5 mL every 8 hrs","5 days",Discontinued
RX002169,P00764,"Jose Ramos",DR0057,"Elena Navarro MD",Emergency,D004,MED007,Ibuprofen,"400 mg tablet",V001412,2024-06-01,PRN,N/a,Completed
RX002170,P00663,"Jose Castillo",DR0059,"Dr. Nicole Ramos",Neurology,D006,MED005,Omeprazole,"20 mg capsule",V001666,2024-01-08,"1 tablet twice daily","30 days",Completed
RX002171,P00679,"Mark Torres",DR0074,"Dr. Maria Gonzales","General Surgery",D008,MED008,Atorvastatin,"20 mg tablet",V001813,2024-11-06,N/a,"5 days",Completed
RX002172,P00764,"Jose Ramos",DR0036,"Dr. Patrick Dela Cruz","Obstetrics & Gynecology",D007,MED006,Losartan,"50 mg tablet",V001714,2023-07-10,"5 mL every 8 hrs","30 days",Discontinued
RX002173,P00223,"Sofia Cruz",DR0088,"Dr. Jose Flores",Neurology,D006,MED002,Amoxicillin,"500 mg capsule",V001778,2023-11-06,"5 mL every 8 hrs","7 days",Unknown
RX002174,P00605,"Sofia Ramos",DR0036,"Dr. Patrick Dela Cruz","Obstetrics & Gynecology",D007,MED012,Amoxicilin,"500 mg capsule",V001092,2024-08-06,N/a,"7 days",Discontinued
RX002175,P00364,"Sofia Cruz",DR0042,"Catherine Mendoza MD",Cardiology,D001,MED005,Omeprazole,"20 mg capsule",V002732,2023-10-04,"5 mL every 8 hrs",N/a,Unknown
RX002176,P00321,"Carlos Reyes",DR0009,"Dr. Nicole Mendoza",Emergency,D004,MED008,Atorvastatin,"20 mg tablet",V000429,2025-12-30,"2 tablets daily",N/a,Unknown
RX002177,P00208,"John Santos",DR0092,"Dr. Catherine Bautista","Internal Medicine",D003,MED011,Paracetemol,"500 mg tablet",V000912,2024-05-26,"1 tab BID",N/a,Unknown
RX002178,P00069,"Liza Flores",DR0040,"Dr. Nicole Flores",Cardiology,D001,MED001,Paracetamol,"500 mg tablet",V001113,2025-06-02,"1 tablet twice daily","10 days",Unknown
RX002179,P00675,"Juan Reyes",DR0010,"Dr. Anthony Bautista","Internal Medicine",D003,MED008,Atorvastatin,"20 mg tablet",V002357,2025-07-27,N/a,"10 days",Active
RX002180,P00632,"Maria Garcia",DR0051,"Nicole Castillo MD",Neurology,D006,MED012,Amoxicilin,"500 mg capsule",V000322,2025-01-15,"1 tablet twice daily",N/a,Discontinued
RX002181,P00087,"Thomas Gonzales",DR0066,"Dr. Maria Garcia",Cardiology,D001,MED005,Omeprazole,"20 mg capsule",V001154,2025-07-18,"1 tab BID","30 days",Active
RX002182,P00870,"Carlos Torres",DR0032,"Dr. Samantha Castillo","Internal Medicine",D003,MED006,Losartan,"50 mg tablet",V001483,2023-03-01,PRN,"7 days",Completed
RX002183,P00416,"Juan Santos",DR0076,"Maria Torres MD",Orthopedics,D005,MED008,Atorvastatin,"20 mg tablet",V002868,2023-10-04,"1 tab BID",N/a,Active
RX002184,P00185,"Patricia Reyes",DR0016,"Jose Navarro MD","Internal Medicine",D003,MED008,Atorvastatin,"20 mg tablet",V002090,2024-10-28,"2 tablets daily","10 days",Completed
RX002185,P00446,"Liza Santos",DR0012,"Dr. Samantha Garcia",Emergency,D004,MED011,Paracetemol,"500 mg tablet",V001647,2023-09-23,"1 tablet twice daily","30 days",Active
RX002186,P00726,"Carlos Bautista",DR0079,"Jose Castillo MD","Obstetrics & Gynecology",D007,MED011,Paracetemol,"500 mg tablet",V001139,2024-03-30,N/a,"7 days",Completed
RX002187,P00974,"Ramon Reyes",DR0076,"Maria Torres MD",Orthopedics,D005,MED012,Amoxicilin,"500 mg capsule",V000410,2025-07-04,"1 tablet twice daily","10 days",Active
RX002188,P00053,"Mark Garcia",DR0008,"Anthony Navarro MD","General Surgery",D008,MED008,Atorvastatin,"20 mg tablet",V002899,2024-06-24,PRN,N/a,Discontinued
RX002189,P00005,"Jose Flores",DR0081,"Dr. Jose Mendoza","General Surgery",D008,MED012,Amoxicilin,"500 mg capsule",V000576,2024-04-29,"5 mL every 8 hrs",N/a,Completed
RX002190,P00755,"Liza Cruz",DR0053,"Dr. Samantha Rivera",Cardiology,D001,MED006,Losartan,"50 mg tablet",V002653,2023-02-20,"1 tab BID","30 days",Active
RX002191,P00464,"Liza Reyes",DR0053,"Dr. Samantha Rivera",Cardiology,D001,MED010,Azithromycin,"500 mg tablet",V000601,2023-04-09,"1 tab BID","30 days",Active
RX002192,P00813,"Andrea Castillo",DR0072,"Dr. Elena Reyes",Cardiology,D001,MED012,Amoxicilin,"500 mg capsule",V002252,2023-11-23,"5 mL every 8 hrs","7 days",Active
RX002193,P00582,"Liza Rivera",DR0052,"Patrick Reyes MD",Pediatrics,D002,MED012,Amoxicilin,"500 mg capsule",V002237,2023-02-10,"1 tab BID","10 days",Active
RX002194,P00505,"Jose Ramos",DR0099,"Dr. Maria Torres",Neurology,D006,MED008,Atorvastatin,"20 mg tablet",V001034,2023-04-06,PRN,N/a,Active
RX002195,P00156,"Luis Mendoza",DR0002,"Dr. Patrick Cruz","Obstetrics & Gynecology",D007,MED009,Salbutamol,"2 mg inhaler",V001143,2025-04-30,"1 tab BID",N/a,Active
RX002196,P00497,"Maria Dela Cruz",DR0028,"Anthony Dela Cruz MD",Orthopedics,D005,MED008,Atorvastatin,"20 mg tablet",V000464,2023-10-04,"5 mL every 8 hrs","10 days",Completed
RX002197,P00619,"Grace Santos",DR0083,"Samantha Castillo MD",Pediatrics,D002,MED009,Salbutamol,"2 mg inhaler",V001085,2025-09-12,"5 mL every 8 hrs",N/a,Unknown
RX002198,P00277,"Liza Aquino",DR0018,"Catherine Santos MD",Orthopedics,D005,MED003,Metformin,"500 mg tablet",V001890,2025-08-21,PRN,"5 days",Active
RX002199,P00392,"Maria Dela Cruz",DR0042,"Catherine Mendoza MD",Cardiology,D001,MED012,Amoxicilin,"500 mg capsule",V000235,2023-02-21,PRN,"5 days",Unknown
RX002200,P00111,"Bea Torres",DR0055,"Dr. Jose Santos","Obstetrics & Gynecology",D007,MED004,Amlodipine,"5 mg tablet",V001220,2025-01-27,"1 tablet twice daily","10 days",Unknown
RX002201,P00811,"Sofia Gonzales",DR0072,"Dr. Elena Reyes",Cardiology,D001,MED009,Salbutamol,"2 mg inhaler",V001910,2024-06-23,"1 tab BID",N/a,Active
RX002202,P00661,"Ana Reyes",DR0081,"Dr. Jose Mendoza","General Surgery",D008,MED008,Atorvastatin,"20 mg tablet",V002561,2023-03-15,"1 tab BID",N/a,Active
RX002203,P00845,"Grace Reyes",DR0070,"Rafael Castillo MD","Internal Medicine",D003,MED007,Ibuprofen,"400 mg tablet",V002096,2024-12-07,"1 tab BID","7 days",Completed
RX002204,P00653,"Daniel Reyes",DR0062,"Dr. Catherine Cruz",Pediatrics,D002,MED002,Amoxicillin,"500 mg capsule",V000357,2025-12-10,PRN,"7 days",Completed
RX002205,P00275,"Miguel Mendoza",DR0008,"Anthony Navarro MD","General Surgery",D008,MED010,Azithromycin,"500 mg tablet",V000879,2023-09-03,"2 tablets daily",N/a,Discontinued
RX002206,P00654,"Kevin Mendoza",DR0081,"Dr. Jose Mendoza","General Surgery",D008,MED006,Losartan,"50 mg tablet",V002524,2025-07-25,"1 tab BID","30 days",Discontinued
RX002207,P00527,"Miguel Cruz",DR0071,"Dr. Jose Garcia","Obstetrics & Gynecology",D007,MED006,Losartan,"50 mg tablet",V001156,2024-04-19,"2 tablets daily",N/a,Active
RX002208,P00649,"Grace Aquino",DR0068,"Dr. Maria Gonzales","Obstetrics & Gynecology",D007,MED008,Atorvastatin,"20 mg tablet",V000387,2025-04-19,PRN,N/a,Completed
RX002209,P00707,"Carlos Mendoza",DR0014,"Samantha Ramos MD",Pediatrics,D002,MED012,Amoxicilin,"500 mg capsule",V002886,2024-04-20,PRN,"30 days",Discontinued
RX002210,P00288,"Mark Gonzales",DR0058,"Robert Mendoza MD",Emergency,D004,MED011,Paracetemol,"500 mg tablet",V001292,2025-03-24,N/a,"7 days",Completed
RX002211,P00389,"Ramon Torres",DR0032,"Dr. Samantha Castillo","Internal Medicine",D003,MED007,Ibuprofen,"400 mg tablet",V002124,2024-12-30,N/a,"7 days",Unknown
RX002212,P00458,"Liza Aquino",DR0002,"Dr. Patrick Cruz","Obstetrics & Gynecology",D007,MED003,Metformin,"500 mg tablet",V001635,2023-12-05,"5 mL every 8 hrs","30 days",Discontinued
RX002213,P00034,"Ramon Ramos",DR0069,"Dr. Jose Mendoza",Pediatrics,D002,MED004,Amlodipine,"5 mg tablet",V001280,2025-09-21,PRN,N/a,Active
RX002214,P00851,"Grace Reyes",DR0057,"Elena Navarro MD",Emergency,D004,MED008,Atorvastatin,"20 mg tablet",V000160,2023-05-04,"1 tab BID","30 days",Unknown
RX002215,P00055,"Kevin Mendoza",DR0093,"Dr. Patrick Navarro",Pediatrics,D002,MED011,Paracetemol,"500 mg tablet",V002721,2023-07-02,"5 mL every 8 hrs","7 days",Discontinued
RX002216,P00762,"Miguel Mendoza",DR0003,"Elena Cruz MD","Obstetrics & Gynecology",D007,MED003,Metformin,"500 mg tablet",V000360,2024-05-15,"2 tablets daily","30 days",Active
RX002217,P00263,"Juan Dela Cruz",DR0094,"Anthony Aquino MD","General Surgery",D008,MED002,Amoxicillin,"500 mg capsule",V002402,2023-09-25,N/a,"7 days",Completed
RX002218,P00651,"Ramon Cruz",DR0054,"Dr. Robert Dela Cruz","Internal Medicine",D003,MED011,Paracetemol,"500 mg tablet",V002773,2026-01-03,"1 tab BID","5 days",Unknown
RX002219,P00124,"Thomas Cruz",DR0082,"Elena Castillo MD","General Surgery",D008,MED012,Amoxicilin,"500 mg capsule",V002683,2024-06-16,"2 tablets daily",N/a,Completed
RX002220,P00690,"Juan Gonzales",DR0041,"Dr. Nicole Torres",Emergency,D004,MED012,Amoxicilin,"500 mg capsule",V002783,2025-04-30,"1 tablet twice daily",N/a,Active
RX002221,P00861,"Bea Rivera",DR0023,"Jose Castillo MD",Orthopedics,D005,MED001,Paracetamol,"500 mg tablet",V000026,2025-10-29,N/a,"7 days",Active
RX002222,P00800,"Bea Bautista",DR0083,"Samantha Castillo MD",Pediatrics,D002,MED011,Paracetemol,"500 mg tablet",V000682,2024-10-25,N/a,N/a,Unknown
RX002223,P00959,"Ramon Gonzales",DR0053,"Dr. Samantha Rivera",Cardiology,D001,MED010,Azithromycin,"500 mg tablet",V000287,2023-01-27,"2 tablets daily",N/a,Completed
RX002224,P00563,"Liza Rivera",DR0093,"Dr. Patrick Navarro",Pediatrics,D002,MED002,Amoxicillin,"500 mg capsule",V001219,2023-05-07,"2 tablets daily",N/a,Unknown
RX002225,P00013,"Kevin Ramos",DR0099,"Dr. Maria Torres",Neurology,D006,MED004,Amlodipine,"5 mg tablet",V002542,2025-08-29,"1 tablet twice daily","30 days",Active
RX002226,P00495,"Kevin Aquino",DR0025,"Nicole Torres MD","General Surgery",D008,MED003,Metformin,"500 mg tablet",V002129,2025-08-22,"1 tablet twice daily","30 days",Active
RX002227,P00429,"Mark Aquino",DR0025,"Nicole Torres MD","General Surgery",D008,MED006,Losartan,"50 mg tablet",V000747,2024-09-20,"2 tablets daily","10 days",Active
RX002228,P00443,"Maria Torres",DR0001,"Elena Ramos MD","Internal Medicine",D003,MED004,Amlodipine,"5 mg tablet",V001638,2025-01-06,"5 mL every 8 hrs",N/a,Active
RX002229,P00641,"Daniel Navarro",DR0002,"Dr. Patrick Cruz","Obstetrics & Gynecology",D007,MED005,Omeprazole,"20 mg capsule",V002464,2024-10-19,"2 tablets daily",N/a,Completed
RX002230,P00721,"Bea Navarro",DR0061,"Robert Bautista MD","General Surgery",D008,MED008,Atorvastatin,"20 mg tablet",V000746,2023-07-17,"5 mL every 8 hrs","7 days",Completed
RX002231,P00740,"John Torres",DR0087,"Dr. Nicole Rivera","Internal Medicine",D003,MED004,Amlodipine,"5 mg tablet",V001160,2024-01-16,"5 mL every 8 hrs","5 days",Unknown
RX002232,P00427,"Ramon Aquino",DR0010,"Dr. Anthony Bautista","Internal Medicine",D003,MED005,Omeprazole,"20 mg capsule",V002694,2024-09-08,"1 tab BID","7 days",Discontinued
RX002233,P00026,"Grace Ramos",DR0085,"Dr. Anthony Flores",Neurology,D006,MED004,Amlodipine,"5 mg tablet",V001819,2024-09-01,N/a,N/a,Discontinued
RX002234,P00259,"Ramon Aquino",DR0081,"Dr. Jose Mendoza","General Surgery",D008,MED011,Paracetemol,"500 mg tablet",V000022,2025-07-02,"1 tablet twice daily",N/a,Unknown
RX002235,P00819,"Andrea Reyes",DR0086,"Dr. Jose Garcia","Internal Medicine",D003,MED008,Atorvastatin,"20 mg tablet",V002652,2024-09-06,"5 mL every 8 hrs",N/a,Unknown
RX002236,P00353,"Bea Bautista",DR0074,"Dr. Maria Gonzales","General Surgery",D008,MED004,Amlodipine,"5 mg tablet",V001540,2025-01-18,"5 mL every 8 hrs","5 days",Completed
RX002237,P00564,"Jose Garcia",DR0033,"Dr. Catherine Bautista",Cardiology,D001,MED001,Paracetamol,"500 mg tablet",V002749,2024-07-14,"5 mL every 8 hrs","10 days",Completed
RX002238,P00356,"Jose Mendoza",DR0049,"Anthony Garcia MD","General Surgery",D008,MED011,Paracetemol,"500 mg tablet",V000714,2023-03-01,N/a,"10 days",Discontinued
RX002239,P00061,"Jose Torres",DR0025,"Nicole Torres MD","General Surgery",D008,MED009,Salbutamol,"2 mg inhaler",V002611,2023-09-13,PRN,"5 days",Active
RX002240,P00106,"Thomas Cruz",DR0008,"Anthony Navarro MD","General Surgery",D008,MED008,Atorvastatin,"20 mg tablet",V001174,2024-05-05,N/a,N/a,Completed
RX002241,P00606,"Liza Santos",DR0052,"Patrick Reyes MD",Pediatrics,D002,MED001,Paracetamol,"500 mg tablet",V000147,2025-02-16,N/a,"30 days",Active
RX002242,P00709,"Bea Flores",DR0100,"Dr. Robert Navarro",Neurology,D006,MED008,Atorvastatin,"20 mg tablet",V002368,2023-04-23,"2 tablets daily","7 days",Completed
RX002243,P00519,"Bea Navarro",DR0002,"Dr. Patrick Cruz","Obstetrics & Gynecology",D007,MED008,Atorvastatin,"20 mg tablet",V001691,2023-06-01,"5 mL every 8 hrs","30 days",Active
RX002244,P00524,"Sofia Mendoza",DR0075,"Catherine Ramos MD",Neurology,D006,MED002,Amoxicillin,"500 mg capsule",V000820,2025-10-22,N/a,N/a,Active
RX002245,P00707,"Carlos Mendoza",DR0086,"Dr. Jose Garcia","Internal Medicine",D003,MED004,Amlodipine,"5 mg tablet",V001765,2025-03-27,"2 tablets daily","7 days",Discontinued
RX002246,P00448,"Carlos Castillo",DR0011,"Dr. Patrick Bautista","Internal Medicine",D003,MED004,Amlodipine,"5 mg tablet",V002241,2024-05-09,"1 tablet twice daily","7 days",Active
RX002247,P00916,"Ramon Bautista",DR0097,"Dr. Samantha Garcia",Neurology,D006,MED010,Azithromycin,"500 mg tablet",V002960,2024-11-28,"2 tablets daily","30 days",Completed
RX002248,P00564,"Jose Garcia",DR0064,"Robert Torres MD",Pediatrics,D002,MED003,Metformin,"500 mg tablet",V002262,2025-08-11,N/a,N/a,Unknown
RX002249,P00118,"Grace Garcia",DR0093,"Dr. Patrick Navarro",Pediatrics,D002,MED011,Paracetemol,"500 mg tablet",V001247,2024-06-07,"5 mL every 8 hrs","7 days",Completed
RX002250,P00162,"Bea Aquino",DR0051,"Nicole Castillo MD",Neurology,D006,MED001,Paracetamol,"500 mg tablet",V002001,2025-11-09,PRN,"10 days",Discontinued
RX002251,P00437,"Mark Bautista",DR0060,"Maria Castillo MD",Cardiology,D001,MED009,Salbutamol,"2 mg inhaler",V002779,2023-05-23,"1 tablet twice daily",N/a,Discontinued
RX002252,P00532,"Ana Garcia",DR0016,"Jose Navarro MD","Internal Medicine",D003,MED002,Amoxicillin,"500 mg capsule",V001077,2024-07-24,"1 tablet twice daily","10 days",Unknown
RX002253,P00601,"Maria Ramos",DR0085,"Dr. Anthony Flores",Neurology,D006,MED003,Metformin,"500 mg tablet",V000911,2023-06-28,"1 tab BID","7 days",Completed
RX002254,P00920,"Mark Aquino",DR0095,"Patrick Cruz MD","General Surgery",D008,MED001,Paracetamol,"500 mg tablet",V002710,2025-11-28,PRN,"30 days",Unknown
RX002255,P00804,"Jose Reyes",DR0010,"Dr. Anthony Bautista","Internal Medicine",D003,MED001,Paracetamol,"500 mg tablet",V000871,2025-11-11,"5 mL every 8 hrs","7 days",Active
RX002256,P00931,"Daniel Aquino",DR0032,"Dr. Samantha Castillo","Internal Medicine",D003,MED008,Atorvastatin,"20 mg tablet",V002205,2025-06-07,"5 mL every 8 hrs","30 days",Active
RX002257,P00442,"Juan Santos",DR0048,"Dr. Robert Castillo",Pediatrics,D002,MED010,Azithromycin,"500 mg tablet",V000860,2023-05-19,"5 mL every 8 hrs","30 days",Active
RX002258,P00889,"Jose Aquino",DR0093,"Dr. Patrick Navarro",Pediatrics,D002,MED010,Azithromycin,"500 mg tablet",V000709,2024-05-11,"2 tablets daily",N/a,Unknown
RX002259,P00238,"Bea Reyes",DR0070,"Rafael Castillo MD","Internal Medicine",D003,MED005,Omeprazole,"20 mg capsule",V000971,2023-06-25,"5 mL every 8 hrs",N/a,Active
RX002260,P00912,"Andrea Reyes",DR0029,"Robert Bautista MD","General Surgery",D008,MED006,Losartan,"50 mg tablet",V000057,2023-01-02,N/a,"7 days",Completed
RX002261,P00927,"Mark Santos",DR0014,"Samantha Ramos MD",Pediatrics,D002,MED001,Paracetamol,"500 mg tablet",V001201,2025-02-08,"5 mL every 8 hrs","5 days",Active
RX002262,P00981,"John Rivera",DR0082,"Elena Castillo MD","General Surgery",D008,MED002,Amoxicillin,"500 mg capsule",V002212,2023-06-05,PRN,N/a,Completed
RX002263,P00247,"Sofia Cruz",DR0021,"Elena Santos MD",Cardiology,D001,MED001,Paracetamol,"500 mg tablet",V000696,2025-09-26,N/a,N/a,Unknown
RX002264,P00386,"Grace Navarro",DR0005,"Dr. Samantha Gonzales",Emergency,D004,MED004,Amlodipine,"5 mg tablet",V001253,2023-05-12,"5 mL every 8 hrs","10 days",Active
RX002265,P00661,"Ana Reyes",DR0051,"Nicole Castillo MD",Neurology,D006,MED008,Atorvastatin,"20 mg tablet",V001788,2025-01-26,PRN,"10 days",Active
RX002266,P00585,"Bea Dela Cruz",DR0017,"Elena Santos MD",Pediatrics,D002,MED002,Amoxicillin,"500 mg capsule",V002035,2026-01-02,PRN,"10 days",Unknown
RX002267,P00452,"Jose Mendoza",DR0048,"Dr. Robert Castillo",Pediatrics,D002,MED008,Atorvastatin,"20 mg tablet",V002429,2023-11-18,"5 mL every 8 hrs",N/a,Completed
RX002268,P00687,"Maria Castillo",DR0007,"Nicole Mendoza MD","Internal Medicine",D003,MED008,Atorvastatin,"20 mg tablet",V000341,2023-12-16,"1 tab BID","10 days",Discontinued
RX002269,P00627,"Miguel Navarro",DR0041,"Dr. Nicole Torres",Emergency,D004,MED006,Losartan,"50 mg tablet",V001983,2025-08-06,N/a,"30 days",Completed
RX002270,P00123,"Sofia Flores",DR0089,"Maria Cruz MD",Emergency,D004,MED008,Atorvastatin,"20 mg tablet",V000293,2024-05-18,"1 tab BID","10 days",Active
RX002271,P00566,"Daniel Mendoza",DR0059,"Dr. Nicole Ramos",Neurology,D006,MED001,Paracetamol,"500 mg tablet",V000454,2025-08-07,"2 tablets daily","5 days",Unknown
RX002272,P00051,"John Dela Cruz",DR0027,"Dr. Nicole Gonzales","Obstetrics & Gynecology",D007,MED008,Atorvastatin,"20 mg tablet",V002788,2023-08-13,"5 mL every 8 hrs","5 days",Completed
RX002273,P00295,"Ana Bautista",DR0020,"Dr. Patrick Cruz",Orthopedics,D005,MED003,Metformin,"500 mg tablet",V002258,2024-11-01,"5 mL every 8 hrs",N/a,Active
RX002274,P00823,"Mark Mendoza",DR0090,"Maria Mendoza MD","General Surgery",D008,MED004,Amlodipine,"5 mg tablet",V002907,2024-11-05,"2 tablets daily","10 days",Active
RX002275,P00651,"Ramon Cruz",DR0082,"Elena Castillo MD","General Surgery",D008,MED003,Metformin,"500 mg tablet",V002644,2024-09-01,"1 tab BID","10 days",Active
RX002276,P00778,"Andrea Rivera",DR0026,"Anthony Bautista MD",Neurology,D006,MED006,Losartan,"50 mg tablet",V002539,2025-06-15,"5 mL every 8 hrs",N/a,Unknown
RX002277,P00035,"Jose Mendoza",DR0012,"Dr. Samantha Garcia",Emergency,D004,MED011,Paracetemol,"500 mg tablet",V001157,2023-09-30,"1 tab BID",N/a,Completed
RX002278,P00626,"Jose Castillo",NULL,NULL,NULL,NULL,MED008,Atorvastatin,"20 mg tablet",V000738,2024-02-12,N/a,N/a,Unknown
RX002279,P00421,"Luis Reyes",DR0086,"Dr. Jose Garcia","Internal Medicine",D003,MED009,Salbutamol,"2 mg inhaler",V001318,2025-02-19,"5 mL every 8 hrs","30 days",Active
RX002280,P00412,"Patricia Aquino",DR0045,"Dr. Robert Dela Cruz","Obstetrics & Gynecology",D007,MED002,Amoxicillin,"500 mg capsule",V001380,2023-09-05,"5 mL every 8 hrs","10 days",Active
RX002281,P00999,"Juan Navarro",DR0004,"Robert Castillo MD","Internal Medicine",D003,MED006,Losartan,"50 mg tablet",V000975,2023-06-17,"2 tablets daily","10 days",Unknown
RX002282,P00694,"Carlos Bautista",DR0008,"Anthony Navarro MD","General Surgery",D008,MED009,Salbutamol,"2 mg inhaler",V002760,2023-07-30,"5 mL every 8 hrs","30 days",Active
RX002283,P00870,"Carlos Torres",DR0088,"Dr. Jose Flores",Neurology,D006,MED007,Ibuprofen,"400 mg tablet",V001981,2024-12-29,N/a,"7 days",Active
RX002284,P00019,"Juan Gonzales",DR0006,"Dr. Elena Rivera",Orthopedics,D005,MED007,Ibuprofen,"400 mg tablet",V002202,2024-01-20,N/a,N/a,Completed
RX002285,P00927,"Mark Santos",DR0094,"Anthony Aquino MD","General Surgery",D008,MED001,Paracetamol,"500 mg tablet",V001742,2023-03-12,N/a,N/a,Unknown
RX002286,P00543,"Jose Bautista",DR0018,"Catherine Santos MD",Orthopedics,D005,MED008,Atorvastatin,"20 mg tablet",V000999,2024-04-24,PRN,N/a,Active
RX002287,P00696,"Luis Dela Cruz",DR0080,"Nicole Flores MD","Obstetrics & Gynecology",D007,MED010,Azithromycin,"500 mg tablet",V002972,2023-01-28,N/a,N/a,Discontinued
RX002288,P00591,"Liza Santos",DR0013,"Dr. Samantha Cruz",Emergency,D004,MED002,Amoxicillin,"500 mg capsule",V001571,2023-12-12,N/a,"5 days",Unknown
RX002289,P00339,"Bea Navarro",DR0012,"Dr. Samantha Garcia",Emergency,D004,MED007,Ibuprofen,"400 mg tablet",V001717,2023-08-14,"1 tablet twice daily","5 days",Active
RX002290,P00105,"Jose Flores",DR0042,"Catherine Mendoza MD",Cardiology,D001,MED003,Metformin,"500 mg tablet",V000816,2025-09-13,"5 mL every 8 hrs",N/a,Active
RX002291,P00213,"Miguel Bautista",DR0043,"Dr. Samantha Flores",Emergency,D004,MED010,Azithromycin,"500 mg tablet",V002084,2023-02-11,"1 tablet twice daily","30 days",Active
RX002292,P00054,"Patricia Navarro",DR0085,"Dr. Anthony Flores",Neurology,D006,MED001,Paracetamol,"500 mg tablet",V002979,2024-01-17,"2 tablets daily",N/a,Active
RX002293,P00908,"Andrea Castillo",DR0014,"Samantha Ramos MD",Pediatrics,D002,MED011,Paracetemol,"500 mg tablet",V002227,2023-01-30,PRN,N/a,Active
RX002294,P00333,"Ana Reyes",DR0024,"Nicole Garcia MD","Internal Medicine",D003,MED011,Paracetemol,"500 mg tablet",V002415,2023-04-27,"2 tablets daily","7 days",Completed
RX002295,P00355,"John Castillo",DR0085,"Dr. Anthony Flores",Neurology,D006,MED006,Losartan,"50 mg tablet",V001085,2023-09-26,N/a,"7 days",Active
RX002296,P00793,"Ana Santos",DR0027,"Dr. Nicole Gonzales","Obstetrics & Gynecology",D007,MED011,Paracetemol,"500 mg tablet",V000714,2023-12-17,"1 tab BID",N/a,Active
RX002297,P00145,"Andrea Ramos",DR0043,"Dr. Samantha Flores",Emergency,D004,MED001,Paracetamol,"500 mg tablet",V002111,2024-02-12,"1 tab BID",N/a,Active
RX002298,P00645,"Maria Flores",DR0010,"Dr. Anthony Bautista","Internal Medicine",D003,MED007,Ibuprofen,"400 mg tablet",V000979,2024-03-22,"1 tab BID","30 days",Discontinued
RX002299,P00842,"Sofia Dela Cruz",DR0084,"Anthony Santos MD",Neurology,D006,MED005,Omeprazole,"20 mg capsule",V002760,2023-01-31,N/a,"10 days",Active
RX002300,P00890,"Carlos Cruz",DR0030,"Dr. Elena Navarro","Obstetrics & Gynecology",D007,MED011,Paracetemol,"500 mg tablet",V000049,2025-10-13,N/a,N/a,Unknown
RX002301,P00859,"Juan Cruz",DR0004,"Robert Castillo MD","Internal Medicine",D003,MED002,Amoxicillin,"500 mg capsule",V001823,2023-07-28,"1 tablet twice daily",N/a,Unknown
RX002302,P00845,"Grace Reyes",DR0049,"Anthony Garcia MD","General Surgery",D008,MED007,Ibuprofen,"400 mg tablet",V001969,2025-09-26,"2 tablets daily","10 days",Completed
RX002303,P00654,"Kevin Mendoza",DR0084,"Anthony Santos MD",Neurology,D006,MED005,Omeprazole,"20 mg capsule",V000784,2024-02-10,"2 tablets daily",N/a,Discontinued
RX002304,P00225,"Jose Torres",DR0059,"Dr. Nicole Ramos",Neurology,D006,MED005,Omeprazole,"20 mg capsule",V000162,2025-11-15,N/a,"5 days",Unknown
RX002305,P00203,"Carlos Torres",DR0095,"Patrick Cruz MD","General Surgery",D008,MED004,Amlodipine,"5 mg tablet",V001634,2023-04-04,"1 tab BID","30 days",Completed
RX002306,P00335,"Grace Bautista",DR0004,"Robert Castillo MD","Internal Medicine",D003,MED012,Amoxicilin,"500 mg capsule",V001727,2025-09-11,"2 tablets daily","5 days",Completed
RX002307,P00952,"Ramon Navarro",DR0048,"Dr. Robert Castillo",Pediatrics,D002,MED012,Amoxicilin,"500 mg capsule",V000400,2024-05-13,"5 mL every 8 hrs","7 days",Discontinued
RX002308,P00697,"Sofia Dela Cruz",DR0058,"Robert Mendoza MD",Emergency,D004,MED006,Losartan,"50 mg tablet",V002561,2024-08-12,"5 mL every 8 hrs","7 days",Active
RX002309,P00251,"Ramon Cruz",DR0035,"Anthony Mendoza MD",Pediatrics,D002,MED001,Paracetamol,"500 mg tablet",V002713,2024-05-08,"5 mL every 8 hrs","5 days",Completed
RX002310,P00192,"Ramon Rivera",DR0017,"Elena Santos MD",Pediatrics,D002,MED004,Amlodipine,"5 mg tablet",V001645,2025-06-21,PRN,"7 days",Discontinued
RX002311,P00530,"Andrea Torres",DR0060,"Maria Castillo MD",Cardiology,D001,MED011,Paracetemol,"500 mg tablet",V000107,2023-10-04,"1 tab BID",N/a,Active
RX002312,P00602,"Grace Navarro",DR0092,"Dr. Catherine Bautista","Internal Medicine",D003,MED001,Paracetamol,"500 mg tablet",V002004,2023-01-29,"1 tablet twice daily","5 days",Active
RX002313,P00243,"Juan Bautista",DR0078,"Dr. Jose Castillo","Obstetrics & Gynecology",D007,MED010,Azithromycin,"500 mg tablet",V002583,2024-01-17,"1 tablet twice daily",N/a,Unknown
RX002314,P00429,"Mark Aquino",DR0060,"Maria Castillo MD",Cardiology,D001,MED006,Losartan,"50 mg tablet",V002284,2025-04-25,"2 tablets daily",N/a,Discontinued
RX002315,P00364,"Sofia Cruz",DR0078,"Dr. Jose Castillo","Obstetrics & Gynecology",D007,MED012,Amoxicilin,"500 mg capsule",V002763,2024-07-16,N/a,"5 days",Discontinued
RX002316,P00898,"Ramon Cruz",DR0005,"Dr. Samantha Gonzales",Emergency,D004,MED004,Amlodipine,"5 mg tablet",V000911,2023-05-12,PRN,"7 days",Unknown
RX002317,P00178,"Liza Reyes",DR0093,"Dr. Patrick Navarro",Pediatrics,D002,MED005,Omeprazole,"20 mg capsule",V000683,2024-08-20,"1 tab BID",N/a,Active
RX002318,P00131,"John Santos",DR0012,"Dr. Samantha Garcia",Emergency,D004,MED004,Amlodipine,"5 mg tablet",V000995,2024-02-22,"1 tablet twice daily","5 days",Active
RX002319,P00942,"Grace Navarro",DR0022,"Dr. Jose Castillo",Pediatrics,D002,MED012,Amoxicilin,"500 mg capsule",V002545,2024-08-15,"5 mL every 8 hrs","5 days",Completed
RX002320,P00611,"Liza Gonzales",DR0026,"Anthony Bautista MD",Neurology,D006,MED003,Metformin,"500 mg tablet",V002796,2023-03-01,PRN,"10 days",Unknown
RX002321,P00188,"Ana Ramos",DR0004,"Robert Castillo MD","Internal Medicine",D003,MED011,Paracetemol,"500 mg tablet",V000696,2025-10-01,"5 mL every 8 hrs","10 days",Completed
RX002322,P00859,"Juan Cruz",DR0089,"Maria Cruz MD",Emergency,D004,MED001,Paracetamol,"500 mg tablet",V000706,2023-04-13,"2 tablets daily","30 days",Unknown
RX002323,P00524,"Sofia Mendoza",DR0056,"Dr. Elena Cruz",Neurology,D006,MED002,Amoxicillin,"500 mg capsule",V000029,2024-03-09,N/a,"7 days",Completed
RX002324,P00248,"Patricia Gonzales",DR0068,"Dr. Maria Gonzales","Obstetrics & Gynecology",D007,MED005,Omeprazole,"20 mg capsule",V001966,2023-08-28,"2 tablets daily","7 days",Discontinued
RX002325,P00359,"Luis Rivera",DR0030,"Dr. Elena Navarro","Obstetrics & Gynecology",D007,MED001,Paracetamol,"500 mg tablet",V001443,2024-05-17,"5 mL every 8 hrs","7 days",Discontinued
RX002326,P00015,"John Santos",DR0005,"Dr. Samantha Gonzales",Emergency,D004,MED004,Amlodipine,"5 mg tablet",V002404,2025-04-27,"5 mL every 8 hrs","7 days",Completed
RX002327,P00469,"Grace Ramos",DR0085,"Dr. Anthony Flores",Neurology,D006,MED003,Metformin,"500 mg tablet",V001001,2024-10-28,"5 mL every 8 hrs","30 days",Discontinued
RX002328,P00562,"Luis Reyes",DR0012,"Dr. Samantha Garcia",Emergency,D004,MED009,Salbutamol,"2 mg inhaler",V000949,2024-06-13,"1 tablet twice daily","10 days",Completed
RX002329,P00996,"Ramon Cruz",DR0064,"Robert Torres MD",Pediatrics,D002,MED004,Amlodipine,"5 mg tablet",V001485,2023-01-17,PRN,"10 days",Active
RX002330,P00072,"Liza Dela Cruz",DR0039,"Samantha Santos MD","General Surgery",D008,MED004,Amlodipine,"5 mg tablet",V000119,2024-09-25,"1 tab BID",N/a,Unknown
RX002331,P00575,"Grace Flores",DR0040,"Dr. Nicole Flores",Cardiology,D001,MED012,Amoxicilin,"500 mg capsule",V000663,2025-08-23,"2 tablets daily","7 days",Completed
RX002332,P00527,"Miguel Cruz",DR0076,"Maria Torres MD",Orthopedics,D005,MED002,Amoxicillin,"500 mg capsule",V001047,2025-08-04,PRN,"10 days",Active
RX002333,P00643,"Luis Garcia",DR0069,"Dr. Jose Mendoza",Pediatrics,D002,MED012,Amoxicilin,"500 mg capsule",V002075,2026-01-04,"5 mL every 8 hrs",N/a,Completed
RX002334,P00188,"Ana Ramos",DR0085,"Dr. Anthony Flores",Neurology,D006,MED001,Paracetamol,"500 mg tablet",V002233,2025-10-24,"1 tab BID","5 days",Completed
RX002335,P00845,"Grace Reyes",DR0037,"Nicole Bautista MD",Pediatrics,D002,MED001,Paracetamol,"500 mg tablet",V002629,2023-04-15,"5 mL every 8 hrs","10 days",Unknown
RX002336,P00096,"Jose Santos",DR0048,"Dr. Robert Castillo",Pediatrics,D002,MED012,Amoxicilin,"500 mg capsule",V001442,2025-01-06,"5 mL every 8 hrs","10 days",Unknown
RX002337,P00193,"Ana Gonzales",DR0018,"Catherine Santos MD",Orthopedics,D005,MED001,Paracetamol,"500 mg tablet",V000496,2025-09-03,"5 mL every 8 hrs","5 days",Completed
RX002338,P00042,"Liza Ramos",DR0093,"Dr. Patrick Navarro",Pediatrics,D002,MED012,Amoxicilin,"500 mg capsule",V002732,2025-01-21,PRN,N/a,Unknown
RX002339,P00809,"Jose Navarro",DR0030,"Dr. Elena Navarro","Obstetrics & Gynecology",D007,MED003,Metformin,"500 mg tablet",V002734,2024-07-26,PRN,"10 days",Active
RX002340,P00820,"Sofia Santos",DR0009,"Dr. Nicole Mendoza",Emergency,D004,MED012,Amoxicilin,"500 mg capsule",V001687,2023-10-04,PRN,N/a,Active
RX002341,P00072,"Liza Dela Cruz",DR0030,"Dr. Elena Navarro","Obstetrics & Gynecology",D007,MED009,Salbutamol,"2 mg inhaler",V001403,2025-05-21,"1 tab BID",N/a,Discontinued
RX002342,P00277,"Liza Aquino",DR0088,"Dr. Jose Flores",Neurology,D006,MED003,Metformin,"500 mg tablet",V001177,2023-10-27,"1 tab BID","30 days",Active
RX002343,P00125,"Thomas Bautista",DR0047,"Catherine Garcia MD","General Surgery",D008,MED007,Ibuprofen,"400 mg tablet",V002726,2025-01-15,N/a,"30 days",Completed
RX002344,P00676,"John Flores",DR0045,"Dr. Robert Dela Cruz","Obstetrics & Gynecology",D007,MED006,Losartan,"50 mg tablet",V000345,2024-04-14,"1 tab BID","30 days",Active
RX002345,P00951,"Maria Reyes",DR0077,"Samantha Santos MD","General Surgery",D008,MED008,Atorvastatin,"20 mg tablet",V002794,2024-08-30,"5 mL every 8 hrs","5 days",Active
RX002346,P00387,"Maria Bautista",DR0013,"Dr. Samantha Cruz",Emergency,D004,MED005,Omeprazole,"20 mg capsule",V001843,2024-06-27,"2 tablets daily","7 days",Discontinued
RX002347,P00724,"Carlos Flores",DR0065,"Dr. Samantha Mendoza",Pediatrics,D002,MED007,Ibuprofen,"400 mg tablet",V001176,2023-04-25,"5 mL every 8 hrs",N/a,Active
RX002348,P00713,"Thomas Dela Cruz",DR0063,"Dr. Anthony Bautista",Pediatrics,D002,MED012,Amoxicilin,"500 mg capsule",V001259,2025-05-14,PRN,N/a,Active
RX002349,P00031,"Angela Reyes",DR0020,"Dr. Patrick Cruz",Orthopedics,D005,MED007,Ibuprofen,"400 mg tablet",V002605,2023-11-18,"5 mL every 8 hrs",N/a,Active
RX002350,P00999,"Juan Navarro",DR0058,"Robert Mendoza MD",Emergency,D004,MED012,Amoxicilin,"500 mg capsule",V000267,2023-02-17,"1 tablet twice daily","30 days",Active
RX002351,P00913,"Carlos Flores",DR0098,"Jose Aquino MD","Internal Medicine",D003,MED001,Paracetamol,"500 mg tablet",V000594,2025-11-07,"1 tab BID","10 days",Unknown
RX002352,P00637,"Jose Gonzales",DR0081,"Dr. Jose Mendoza","General Surgery",D008,MED010,Azithromycin,"500 mg tablet",V002089,2025-03-23,"1 tablet twice daily",N/a,Unknown
RX002353,P00538,"Mark Reyes",DR0039,"Samantha Santos MD","General Surgery",D008,MED005,Omeprazole,"20 mg capsule",V002217,2023-07-22,"2 tablets daily","30 days",Active
RX002354,P00717,"Grace Santos",DR0009,"Dr. Nicole Mendoza",Emergency,D004,MED002,Amoxicillin,"500 mg capsule",V000739,2024-06-20,N/a,"7 days",Completed
RX002355,P00435,"Miguel Reyes",DR0099,"Dr. Maria Torres",Neurology,D006,MED001,Paracetamol,"500 mg tablet",V002541,2025-04-22,"1 tab BID",N/a,Completed
RX002356,P00729,"Ramon Garcia",DR0021,"Elena Santos MD",Cardiology,D001,MED008,Atorvastatin,"20 mg tablet",V002558,2023-09-03,"1 tab BID",N/a,Active
RX002357,P00455,"Ramon Reyes",DR0067,"Samantha Reyes MD",Emergency,D004,MED007,Ibuprofen,"400 mg tablet",V000588,2025-04-23,N/a,N/a,Discontinued
RX002358,P00441,"Maria Bautista",DR0093,"Dr. Patrick Navarro",Pediatrics,D002,MED006,Losartan,"50 mg tablet",V001861,2025-09-16,N/a,"10 days",Unknown
RX002359,P00911,"Liza Torres",DR0072,"Dr. Elena Reyes",Cardiology,D001,MED011,Paracetemol,"500 mg tablet",V001628,2024-08-18,"5 mL every 8 hrs",N/a,Discontinued
RX002360,P00343,"Ramon Rivera",DR0076,"Maria Torres MD",Orthopedics,D005,MED006,Losartan,"50 mg tablet",V002965,2025-12-20,"1 tablet twice daily","5 days",Unknown
RX002361,P00135,"Andrea Gonzales",DR0037,"Nicole Bautista MD",Pediatrics,D002,MED012,Amoxicilin,"500 mg capsule",V002933,2025-09-12,"1 tablet twice daily",N/a,Discontinued
RX002362,P00204,"Luis Ramos",DR0028,"Anthony Dela Cruz MD",Orthopedics,D005,MED007,Ibuprofen,"400 mg tablet",V001960,2023-02-07,"5 mL every 8 hrs","10 days",Discontinued
RX002363,P00422,"Bea Rivera",DR0099,"Dr. Maria Torres",Neurology,D006,MED012,Amoxicilin,"500 mg capsule",V001814,2023-11-09,"1 tab BID","30 days",Unknown
RX002364,P00427,"Ramon Aquino",DR0009,"Dr. Nicole Mendoza",Emergency,D004,MED004,Amlodipine,"5 mg tablet",V001380,2023-08-13,"1 tab BID","30 days",Active
RX002365,P00709,"Bea Flores",DR0051,"Nicole Castillo MD",Neurology,D006,MED008,Atorvastatin,"20 mg tablet",V000547,2023-04-08,N/a,N/a,Completed
RX002366,P00030,"Ramon Bautista",DR0062,"Dr. Catherine Cruz",Pediatrics,D002,MED012,Amoxicilin,"500 mg capsule",V001260,2023-11-13,"2 tablets daily",N/a,Unknown
RX002367,P00759,"Sofia Rivera",DR0036,"Dr. Patrick Dela Cruz","Obstetrics & Gynecology",D007,MED003,Metformin,"500 mg tablet",V000365,2025-04-16,"1 tab BID","10 days",Active
RX002368,P00133,"Carlos Santos",DR0031,"Dr. Jose Dela Cruz",Neurology,D006,MED012,Amoxicilin,"500 mg capsule",V002775,2023-08-11,"2 tablets daily",N/a,Active
RX002369,P00084,"Grace Bautista",DR0045,"Dr. Robert Dela Cruz","Obstetrics & Gynecology",D007,MED003,Metformin,"500 mg tablet",V002133,2024-07-06,"2 tablets daily","10 days",Active
RX002370,P00225,"Jose Torres",DR0040,"Dr. Nicole Flores",Cardiology,D001,MED005,Omeprazole,"20 mg capsule",V000893,2023-08-29,"1 tab BID","10 days",Active
RX002371,P00948,"Thomas Castillo",DR0094,"Anthony Aquino MD","General Surgery",D008,MED009,Salbutamol,"2 mg inhaler",V001566,2023-04-26,PRN,"7 days",Active
RX002372,P00062,"Maria Reyes",DR0025,"Nicole Torres MD","General Surgery",D008,MED002,Amoxicillin,"500 mg capsule",V001029,2024-12-15,"2 tablets daily",N/a,Active
RX002373,P00557,"Andrea Castillo",DR0025,"Nicole Torres MD","General Surgery",D008,MED012,Amoxicilin,"500 mg capsule",V001158,2023-10-08,"2 tablets daily","7 days",Unknown
RX002374,P00852,"Kevin Aquino",DR0018,"Catherine Santos MD",Orthopedics,D005,MED006,Losartan,"50 mg tablet",V001813,2024-05-20,"5 mL every 8 hrs","5 days",Discontinued
RX002375,P00745,"Jose Torres",DR0084,"Anthony Santos MD",Neurology,D006,MED011,Paracetemol,"500 mg tablet",V000305,2025-09-14,PRN,"30 days",Discontinued
RX002376,P00238,"Bea Reyes",DR0051,"Nicole Castillo MD",Neurology,D006,MED003,Metformin,"500 mg tablet",V002512,2024-08-19,"5 mL every 8 hrs",N/a,Active
RX002377,P00320,"Sofia Mendoza",DR0023,"Jose Castillo MD",Orthopedics,D005,MED003,Metformin,"500 mg tablet",V000747,2024-04-25,"2 tablets daily","5 days",Discontinued
RX002378,P00990,"Bea Gonzales",DR0092,"Dr. Catherine Bautista","Internal Medicine",D003,MED010,Azithromycin,"500 mg tablet",V000623,2025-07-25,N/a,"5 days",Discontinued
RX002379,P00374,"Patricia Bautista",DR0021,"Elena Santos MD",Cardiology,D001,MED001,Paracetamol,"500 mg tablet",V001179,2023-05-02,PRN,"30 days",Active
RX002380,P00164,"Thomas Flores",DR0097,"Dr. Samantha Garcia",Neurology,D006,MED002,Amoxicillin,"500 mg capsule",V001933,2023-02-19,"5 mL every 8 hrs","7 days",Active
RX002381,P00161,"Liza Rivera",DR0057,"Elena Navarro MD",Emergency,D004,MED001,Paracetamol,"500 mg tablet",V000142,2024-08-13,"2 tablets daily","7 days",Active
RX002382,P00120,"Mark Santos",DR0012,"Dr. Samantha Garcia",Emergency,D004,MED003,Metformin,"500 mg tablet",V002490,2024-12-20,"5 mL every 8 hrs","5 days",Discontinued
RX002383,P00739,"Carlos Bautista",DR0024,"Nicole Garcia MD","Internal Medicine",D003,MED007,Ibuprofen,"400 mg tablet",V001414,2025-12-06,N/a,"5 days",Active
RX002384,P00433,"Ana Rivera",DR0072,"Dr. Elena Reyes",Cardiology,D001,MED004,Amlodipine,"5 mg tablet",V002224,2025-04-14,"2 tablets daily",N/a,Discontinued
RX002385,P00019,"Juan Gonzales",DR0037,"Nicole Bautista MD",Pediatrics,D002,MED011,Paracetemol,"500 mg tablet",V001328,2024-11-23,PRN,"30 days",Active
RX002386,P00531,"Patricia Santos",DR0045,"Dr. Robert Dela Cruz","Obstetrics & Gynecology",D007,MED003,Metformin,"500 mg tablet",V000934,2025-04-29,N/a,N/a,Discontinued
RX002387,P00175,"Thomas Torres",DR0072,"Dr. Elena Reyes",Cardiology,D001,MED010,Azithromycin,"500 mg tablet",V002578,2024-09-25,PRN,"30 days",Active
RX002388,P00207,"Ana Flores",DR0091,"Dr. Rafael Flores",Orthopedics,D005,MED012,Amoxicilin,"500 mg capsule",V001683,2023-05-31,"2 tablets daily","10 days",Completed
RX002389,P00250,"Jose Dela Cruz",DR0016,"Jose Navarro MD","Internal Medicine",D003,MED004,Amlodipine,"5 mg tablet",V000378,2023-08-29,N/a,"30 days",Active
RX002390,P00810,"Ana Castillo",DR0037,"Nicole Bautista MD",Pediatrics,D002,MED012,Amoxicilin,"500 mg capsule",V001311,2025-06-13,"5 mL every 8 hrs",N/a,Completed
RX002391,P00869,"Maria Rivera",DR0075,"Catherine Ramos MD",Neurology,D006,MED005,Omeprazole,"20 mg capsule",V001942,2023-02-10,N/a,"5 days",Active
RX002392,P00749,"Luis Flores",DR0027,"Dr. Nicole Gonzales","Obstetrics & Gynecology",D007,MED001,Paracetamol,"500 mg tablet",V000925,2024-05-04,PRN,N/a,Active
RX002393,P00997,"Miguel Torres",DR0066,"Dr. Maria Garcia",Cardiology,D001,MED002,Amoxicillin,"500 mg capsule",V001372,2025-04-08,"1 tab BID",N/a,Discontinued
RX002394,P00054,"Patricia Navarro",DR0100,"Dr. Robert Navarro",Neurology,D006,MED008,Atorvastatin,"20 mg tablet",V001756,2025-03-27,"2 tablets daily","5 days",Unknown
RX002395,P00719,"Daniel Rivera",DR0097,"Dr. Samantha Garcia",Neurology,D006,MED001,Paracetamol,"500 mg tablet",V001312,2024-03-05,"5 mL every 8 hrs","30 days",Active
RX002396,P00393,"Sofia Dela Cruz",DR0075,"Catherine Ramos MD",Neurology,D006,MED001,Paracetamol,"500 mg tablet",V000629,2024-08-18,"1 tablet twice daily","5 days",Active
RX002397,P00572,"Grace Cruz",DR0054,"Dr. Robert Dela Cruz","Internal Medicine",D003,MED003,Metformin,"500 mg tablet",V000881,2024-08-05,"5 mL every 8 hrs","10 days",Active
RX002398,P00346,"Andrea Dela Cruz",DR0014,"Samantha Ramos MD",Pediatrics,D002,MED011,Paracetemol,"500 mg tablet",V001816,2025-10-28,"2 tablets daily","10 days",Active
RX002399,P00781,"Thomas Flores",DR0068,"Dr. Maria Gonzales","Obstetrics & Gynecology",D007,MED004,Amlodipine,"5 mg tablet",V002236,2023-06-03,"2 tablets daily",N/a,Completed
RX002400,P00360,"Miguel Gonzales",DR0044,"Dr. Catherine Castillo","Internal Medicine",D003,MED011,Paracetemol,"500 mg tablet",V000593,2024-05-17,"1 tab BID","30 days",Completed
RX002401,P00785,"Patricia Dela Cruz",DR0008,"Anthony Navarro MD","General Surgery",D008,MED009,Salbutamol,"2 mg inhaler",V001571,2024-05-17,"5 mL every 8 hrs","30 days",Unknown
RX002402,P00046,"Sofia Flores",DR0037,"Nicole Bautista MD",Pediatrics,D002,MED010,Azithromycin,"500 mg tablet",V000856,2025-11-15,N/a,"5 days",Active
RX002403,P00221,"Bea Torres",DR0014,"Samantha Ramos MD",Pediatrics,D002,MED007,Ibuprofen,"400 mg tablet",V000011,2023-01-22,PRN,N/a,Active
RX002404,P00801,"Maria Bautista",DR0052,"Patrick Reyes MD",Pediatrics,D002,MED008,Atorvastatin,"20 mg tablet",V000510,2023-02-27,"1 tablet twice daily",N/a,Active
RX002405,P00519,"Bea Navarro",DR0060,"Maria Castillo MD",Cardiology,D001,MED007,Ibuprofen,"400 mg tablet",V000463,2025-11-19,PRN,"5 days",Discontinued
RX002406,P00570,"Liza Aquino",DR0019,"Dr. Nicole Castillo",Orthopedics,D005,MED004,Amlodipine,"5 mg tablet",V000438,2024-05-09,PRN,"7 days",Active
RX002407,P00111,"Bea Torres",DR0015,"Anthony Castillo MD",Emergency,D004,MED010,Azithromycin,"500 mg tablet",V001143,2023-04-05,N/a,N/a,Unknown
RX002408,P00703,"Sofia Castillo",DR0049,"Anthony Garcia MD","General Surgery",D008,MED002,Amoxicillin,"500 mg capsule",V002273,2023-10-10,"1 tablet twice daily",N/a,Unknown
RX002409,P00638,"Grace Mendoza",DR0025,"Nicole Torres MD","General Surgery",D008,MED008,Atorvastatin,"20 mg tablet",V002515,2024-07-26,N/a,"7 days",Discontinued
RX002410,P00617,"Andrea Bautista",DR0002,"Dr. Patrick Cruz","Obstetrics & Gynecology",D007,MED007,Ibuprofen,"400 mg tablet",V002576,2024-06-10,N/a,"5 days",Active
RX002411,P00227,"Carlos Cruz",DR0030,"Dr. Elena Navarro","Obstetrics & Gynecology",D007,MED001,Paracetamol,"500 mg tablet",V002130,2025-05-25,"1 tab BID",N/a,Completed
RX002412,P00246,"Sofia Reyes",DR0048,"Dr. Robert Castillo",Pediatrics,D002,MED003,Metformin,"500 mg tablet",V000868,2023-12-06,"2 tablets daily","10 days",Discontinued
RX002413,P00709,"Bea Flores",DR0005,"Dr. Samantha Gonzales",Emergency,D004,MED008,Atorvastatin,"20 mg tablet",V001365,2023-10-06,"1 tab BID",N/a,Active
RX002414,P00067,"Grace Castillo",DR0070,"Rafael Castillo MD","Internal Medicine",D003,MED011,Paracetemol,"500 mg tablet",V002580,2023-02-27,"5 mL every 8 hrs","7 days",Active
RX002415,P00412,"Patricia Aquino",DR0047,"Catherine Garcia MD","General Surgery",D008,MED010,Azithromycin,"500 mg tablet",V001808,2025-04-18,"5 mL every 8 hrs","30 days",Discontinued
RX002416,P00126,"Kevin Dela Cruz",DR0025,"Nicole Torres MD","General Surgery",D008,MED008,Atorvastatin,"20 mg tablet",V000041,2025-10-30,N/a,"10 days",Unknown
RX002417,P00509,"Patricia Reyes",DR0017,"Elena Santos MD",Pediatrics,D002,MED010,Azithromycin,"500 mg tablet",V000007,2024-03-07,"5 mL every 8 hrs",N/a,Discontinued
RX002418,P00633,"Grace Ramos",DR0043,"Dr. Samantha Flores",Emergency,D004,MED003,Metformin,"500 mg tablet",V001751,2024-03-11,PRN,N/a,Discontinued
RX002419,P00318,"Sofia Castillo",DR0065,"Dr. Samantha Mendoza",Pediatrics,D002,MED008,Atorvastatin,"20 mg tablet",V002401,2024-12-25,"5 mL every 8 hrs","30 days",Active
RX002420,P00068,"Mark Ramos",DR0073,"Dr. Catherine Torres",Pediatrics,D002,MED012,Amoxicilin,"500 mg capsule",V002872,2025-06-02,"2 tablets daily","5 days",Active
RX002421,P00079,"Ana Garcia",DR0093,"Dr. Patrick Navarro",Pediatrics,D002,MED009,Salbutamol,"2 mg inhaler",V001224,2024-03-21,"2 tablets daily","7 days",Unknown
RX002422,P00363,"Daniel Mendoza",DR0027,"Dr. Nicole Gonzales","Obstetrics & Gynecology",D007,MED002,Amoxicillin,"500 mg capsule",V000288,2023-01-06,"1 tablet twice daily","5 days",Active
RX002423,P00380,"Andrea Torres",DR0086,"Dr. Jose Garcia","Internal Medicine",D003,MED004,Amlodipine,"5 mg tablet",V000780,2025-12-27,N/a,N/a,Active
RX002424,P00339,"Bea Navarro",DR0043,"Dr. Samantha Flores",Emergency,D004,MED003,Metformin,"500 mg tablet",V001629,2024-08-23,"2 tablets daily","5 days",Discontinued
RX002425,P00224,"Grace Dela Cruz",DR0058,"Robert Mendoza MD",Emergency,D004,MED005,Omeprazole,"20 mg capsule",V001598,2025-12-02,"1 tablet twice daily",N/a,Completed
RX002426,P00490,"Grace Aquino",DR0087,"Dr. Nicole Rivera","Internal Medicine",D003,MED006,Losartan,"50 mg tablet",V002338,2024-01-18,"1 tablet twice daily",N/a,Discontinued
RX002427,P00684,"Kevin Flores",DR0097,"Dr. Samantha Garcia",Neurology,D006,MED012,Amoxicilin,"500 mg capsule",V000948,2024-12-28,"1 tab BID","10 days",Discontinued
RX002428,P00438,"John Ramos",DR0007,"Nicole Mendoza MD","Internal Medicine",D003,MED011,Paracetemol,"500 mg tablet",V001067,2024-01-25,"2 tablets daily",N/a,Unknown
RX002429,P00759,"Sofia Rivera",DR0088,"Dr. Jose Flores",Neurology,D006,MED005,Omeprazole,"20 mg capsule",V002766,2023-02-13,"1 tablet twice daily",N/a,Completed
RX002430,P00826,"Andrea Ramos",DR0072,"Dr. Elena Reyes",Cardiology,D001,MED012,Amoxicilin,"500 mg capsule",V002354,2024-10-02,"1 tablet twice daily",N/a,Unknown
RX002431,P00733,"Ana Reyes",DR0024,"Nicole Garcia MD","Internal Medicine",D003,MED004,Amlodipine,"5 mg tablet",V001145,2024-08-18,"2 tablets daily","30 days",Active
RX002432,P00665,"Ramon Garcia",DR0024,"Nicole Garcia MD","Internal Medicine",D003,MED005,Omeprazole,"20 mg capsule",V001291,2024-04-24,"2 tablets daily",N/a,Active
RX002433,P00571,"Ramon Garcia",DR0052,"Patrick Reyes MD",Pediatrics,D002,MED003,Metformin,"500 mg tablet",V002387,2023-11-19,"1 tab BID",N/a,Completed
RX002434,P00106,"Thomas Cruz",DR0007,"Nicole Mendoza MD","Internal Medicine",D003,MED003,Metformin,"500 mg tablet",V001783,2025-10-23,PRN,"30 days",Unknown
RX002435,P00101,"Angela Cruz",DR0088,"Dr. Jose Flores",Neurology,D006,MED003,Metformin,"500 mg tablet",V000176,2024-12-10,N/a,"30 days",Completed
RX002436,P00034,"Ramon Ramos",DR0010,"Dr. Anthony Bautista","Internal Medicine",D003,MED010,Azithromycin,"500 mg tablet",V000829,2024-11-19,N/a,N/a,Active
RX002437,P00662,"Luis Mendoza",DR0098,"Jose Aquino MD","Internal Medicine",D003,MED001,Paracetamol,"500 mg tablet",V001247,2025-08-03,"1 tablet twice daily","10 days",Unknown
RX002438,P00286,"Bea Navarro",DR0097,"Dr. Samantha Garcia",Neurology,D006,MED003,Metformin,"500 mg tablet",V000858,2023-10-21,"1 tab BID","10 days",Unknown
RX002439,P00535,"Liza Dela Cruz",DR0072,"Dr. Elena Reyes",Cardiology,D001,MED009,Salbutamol,"2 mg inhaler",V001493,2024-10-26,"5 mL every 8 hrs","7 days",Unknown
RX002440,P00501,"Carlos Dela Cruz",DR0035,"Anthony Mendoza MD",Pediatrics,D002,MED010,Azithromycin,"500 mg tablet",V000690,2024-03-26,"1 tablet twice daily",N/a,Active
RX002441,P00139,"Bea Santos",DR0085,"Dr. Anthony Flores",Neurology,D006,MED001,Paracetamol,"500 mg tablet",V001611,2024-12-27,"2 tablets daily",N/a,Unknown
RX002442,P00778,"Andrea Rivera",DR0087,"Dr. Nicole Rivera","Internal Medicine",D003,MED005,Omeprazole,"20 mg capsule",V000974,2023-08-13,"1 tab BID",N/a,Active
RX002443,P00617,"Andrea Bautista",DR0016,"Jose Navarro MD","Internal Medicine",D003,MED007,Ibuprofen,"400 mg tablet",V001905,2024-10-14,"1 tablet twice daily","30 days",Active
RX002444,P00720,"Angela Santos",DR0063,"Dr. Anthony Bautista",Pediatrics,D002,MED007,Ibuprofen,"400 mg tablet",V002533,2024-05-21,PRN,N/a,Completed
RX002445,P00399,"Maria Flores",DR0029,"Robert Bautista MD","General Surgery",D008,MED004,Amlodipine,"5 mg tablet",V000197,2025-08-29,"2 tablets daily",N/a,Completed
RX002446,P01001,"Juan Dela Cruz",DR0026,"Anthony Bautista MD",Neurology,D006,MED008,Atorvastatin,"20 mg tablet",V001918,2025-08-24,N/a,N/a,Active
RX002447,P00309,"Grace Bautista",DR0036,"Dr. Patrick Dela Cruz","Obstetrics & Gynecology",D007,MED009,Salbutamol,"2 mg inhaler",V002238,2023-09-09,PRN,N/a,Active
RX002448,P00589,"Mark Torres",DR0013,"Dr. Samantha Cruz",Emergency,D004,MED003,Metformin,"500 mg tablet",V002223,2025-01-01,"2 tablets daily","5 days",Unknown
RX002449,P00871,"Bea Cruz",DR0022,"Dr. Jose Castillo",Pediatrics,D002,MED001,Paracetamol,"500 mg tablet",V001402,2023-02-16,PRN,"30 days",Unknown
RX002450,P00888,"Liza Ramos",DR0060,"Maria Castillo MD",Cardiology,D001,MED006,Losartan,"50 mg tablet",V000816,2023-11-09,"1 tab BID","5 days",Completed
RX002451,P00980,"Kevin Navarro",DR0030,"Dr. Elena Navarro","Obstetrics & Gynecology",D007,MED001,Paracetamol,"500 mg tablet",V001855,2023-11-17,N/a,"10 days",Active
RX002452,P00656,"Thomas Mendoza",DR0030,"Dr. Elena Navarro","Obstetrics & Gynecology",D007,MED006,Losartan,"50 mg tablet",V000824,2023-03-28,"1 tablet twice daily","5 days",Discontinued
RX002453,P00472,"Miguel Mendoza",DR0070,"Rafael Castillo MD","Internal Medicine",D003,MED011,Paracetemol,"500 mg tablet",V001480,2024-07-23,N/a,"30 days",Active
RX002454,P00512,"Miguel Mendoza",DR0009,"Dr. Nicole Mendoza",Emergency,D004,MED004,Amlodipine,"5 mg tablet",V002542,2024-04-13,"5 mL every 8 hrs","10 days",Unknown
RX002455,P00022,"Sofia Torres",DR0017,"Elena Santos MD",Pediatrics,D002,MED002,Amoxicillin,"500 mg capsule",V002909,2024-10-16,N/a,"10 days",Discontinued
RX002456,P00551,"Patricia Bautista",DR0014,"Samantha Ramos MD",Pediatrics,D002,MED005,Omeprazole,"20 mg capsule",V002310,2024-10-22,"1 tab BID","7 days",Active
RX002457,P00362,"Angela Santos",DR0022,"Dr. Jose Castillo",Pediatrics,D002,MED002,Amoxicillin,"500 mg capsule",V002804,2025-03-12,"1 tablet twice daily","5 days",Unknown
RX002458,P00494,"Kevin Navarro",DR0078,"Dr. Jose Castillo","Obstetrics & Gynecology",D007,MED008,Atorvastatin,"20 mg tablet",V002090,2023-06-11,PRN,"10 days",Active
RX002459,P00656,"Thomas Mendoza",DR0090,"Maria Mendoza MD","General Surgery",D008,MED008,Atorvastatin,"20 mg tablet",V000130,2024-09-04,"5 mL every 8 hrs","7 days",Completed
RX002460,P00078,"Jose Cruz",DR0058,"Robert Mendoza MD",Emergency,D004,MED001,Paracetamol,"500 mg tablet",V002022,2024-10-22,PRN,"5 days",Discontinued
RX002461,P00661,"Ana Reyes",DR0076,"Maria Torres MD",Orthopedics,D005,MED009,Salbutamol,"2 mg inhaler",V000153,2024-07-31,"1 tab BID","7 days",Unknown
RX002462,P00903,"Luis Navarro",DR0003,"Elena Cruz MD","Obstetrics & Gynecology",D007,MED007,Ibuprofen,"400 mg tablet",V002870,2024-03-28,N/a,"10 days",Discontinued
RX002463,P00996,"Ramon Cruz",DR0093,"Dr. Patrick Navarro",Pediatrics,D002,MED008,Atorvastatin,"20 mg tablet",V002581,2023-02-06,"5 mL every 8 hrs","30 days",Active
RX002464,P00632,"Maria Garcia",DR0049,"Anthony Garcia MD","General Surgery",D008,MED008,Atorvastatin,"20 mg tablet",V001316,2025-01-04,"5 mL every 8 hrs","7 days",Unknown
RX002465,P00749,"Luis Flores",DR0013,"Dr. Samantha Cruz",Emergency,D004,MED002,Amoxicillin,"500 mg capsule",V000654,2024-05-19,PRN,N/a,Completed
RX002466,P00528,"Bea Gonzales",DR0091,"Dr. Rafael Flores",Orthopedics,D005,MED002,Amoxicillin,"500 mg capsule",V002449,2023-10-13,"5 mL every 8 hrs","5 days",Active
RX002467,P00700,"Liza Flores",DR0038,"Dr. Nicole Rivera",Pediatrics,D002,MED003,Metformin,"500 mg tablet",V002804,2025-06-03,"2 tablets daily","10 days",Active
RX002468,P00966,"Andrea Castillo",DR0053,"Dr. Samantha Rivera",Cardiology,D001,MED010,Azithromycin,"500 mg tablet",V000338,2025-03-21,"5 mL every 8 hrs","5 days",Completed
RX002469,P00846,"Sofia Reyes",DR0070,"Rafael Castillo MD","Internal Medicine",D003,MED001,Paracetamol,"500 mg tablet",V002741,2024-06-19,PRN,"30 days",Unknown
RX002470,P00125,"Thomas Bautista",DR0041,"Dr. Nicole Torres",Emergency,D004,MED004,Amlodipine,"5 mg tablet",V002924,2024-10-23,"1 tab BID",N/a,Discontinued
RX002471,P00577,"Daniel Aquino",DR0032,"Dr. Samantha Castillo","Internal Medicine",D003,MED004,Amlodipine,"5 mg tablet",V002481,2024-08-19,PRN,"5 days",Discontinued
RX002472,P00323,"Luis Ramos",DR0076,"Maria Torres MD",Orthopedics,D005,MED005,Omeprazole,"20 mg capsule",V001152,2024-12-22,"1 tablet twice daily","30 days",Completed
RX002473,P00688,"Sofia Torres",DR0041,"Dr. Nicole Torres",Emergency,D004,MED010,Azithromycin,"500 mg tablet",V000538,2023-04-23,PRN,"10 days",Unknown
RX002474,P00460,"Carlos Rivera",DR0021,"Elena Santos MD",Cardiology,D001,MED001,Paracetamol,"500 mg tablet",V001450,2025-03-19,PRN,"7 days",Completed
RX002475,P00152,"Bea Mendoza",DR0007,"Nicole Mendoza MD","Internal Medicine",D003,MED001,Paracetamol,"500 mg tablet",V001711,2024-03-25,"1 tab BID","7 days",Active
RX002476,P00805,"Kevin Santos",DR0066,"Dr. Maria Garcia",Cardiology,D001,MED004,Amlodipine,"5 mg tablet",V001158,2024-10-19,"1 tab BID",N/a,Active
RX002477,P00587,"John Dela Cruz",DR0060,"Maria Castillo MD",Cardiology,D001,MED005,Omeprazole,"20 mg capsule",V002108,2024-02-28,"5 mL every 8 hrs","10 days",Completed
RX002478,P00387,"Maria Bautista",DR0049,"Anthony Garcia MD","General Surgery",D008,MED003,Metformin,"500 mg tablet",V000352,2024-04-02,"1 tab BID",N/a,Completed
RX002479,P00538,"Mark Reyes",DR0053,"Dr. Samantha Rivera",Cardiology,D001,MED002,Amoxicillin,"500 mg capsule",V000710,2023-08-20,"2 tablets daily","5 days",Completed
RX002480,P00068,"Mark Ramos",DR0032,"Dr. Samantha Castillo","Internal Medicine",D003,MED006,Losartan,"50 mg tablet",V000193,2025-01-31,N/a,N/a,Unknown
RX002481,P00624,"Mark Rivera",DR0039,"Samantha Santos MD","General Surgery",D008,MED003,Metformin,"500 mg tablet",V000738,2025-03-14,"2 tablets daily",N/a,Unknown
RX002482,P00017,"Sofia Garcia",DR0061,"Robert Bautista MD","General Surgery",D008,MED008,Atorvastatin,"20 mg tablet",V000084,2025-10-17,"2 tablets daily","10 days",Discontinued
RX002483,P00365,"Ana Santos",DR0046,"Rafael Ramos MD",Emergency,D004,MED002,Amoxicillin,"500 mg capsule",V001354,2023-12-24,"5 mL every 8 hrs","10 days",Completed
RX002484,P00584,"Ana Flores",DR0014,"Samantha Ramos MD",Pediatrics,D002,MED007,Ibuprofen,"400 mg tablet",V002393,2023-08-14,"5 mL every 8 hrs","10 days",Unknown
RX002485,P00679,"Mark Torres",DR0073,"Dr. Catherine Torres",Pediatrics,D002,MED002,Amoxicillin,"500 mg capsule",V002989,2024-09-15,"2 tablets daily","10 days",Active
RX002486,P00330,"Mark Aquino",DR0039,"Samantha Santos MD","General Surgery",D008,MED007,Ibuprofen,"400 mg tablet",V002945,2023-04-11,PRN,N/a,Completed
RX002487,P00058,"Carlos Castillo",DR0084,"Anthony Santos MD",Neurology,D006,MED005,Omeprazole,"20 mg capsule",V002519,2023-10-28,PRN,"30 days",Discontinued
RX002488,P00951,"Maria Reyes",DR0085,"Dr. Anthony Flores",Neurology,D006,MED002,Amoxicillin,"500 mg capsule",V000443,2025-04-05,"5 mL every 8 hrs","5 days",Active
RX002489,P00628,"Kevin Ramos",DR0099,"Dr. Maria Torres",Neurology,D006,MED005,Omeprazole,"20 mg capsule",V002271,2025-06-16,"1 tablet twice daily","5 days",Discontinued
RX002490,P00041,"Liza Dela Cruz",DR0020,"Dr. Patrick Cruz",Orthopedics,D005,MED009,Salbutamol,"2 mg inhaler",V000133,2023-07-07,"1 tablet twice daily","10 days",Active
RX002491,P00473,"Liza Castillo",DR0041,"Dr. Nicole Torres",Emergency,D004,MED008,Atorvastatin,"20 mg tablet",V000761,2025-06-03,"5 mL every 8 hrs","7 days",Active
RX002492,P00263,"Juan Dela Cruz",DR0094,"Anthony Aquino MD","General Surgery",D008,MED011,Paracetemol,"500 mg tablet",V001148,2023-11-19,"2 tablets daily","5 days",Discontinued
RX002493,P00314,"Liza Aquino",DR0059,"Dr. Nicole Ramos",Neurology,D006,MED006,Losartan,"50 mg tablet",V002163,2025-06-08,PRN,"5 days",Active
RX002494,P00247,"Sofia Cruz",DR0080,"Nicole Flores MD","Obstetrics & Gynecology",D007,MED010,Azithromycin,"500 mg tablet",V002193,2025-01-30,"5 mL every 8 hrs","30 days",Active
RX002495,P00137,"Miguel Navarro",DR0041,"Dr. Nicole Torres",Emergency,D004,MED005,Omeprazole,"20 mg capsule",V002940,2023-08-29,"1 tablet twice daily","30 days",Active
RX002496,P00117,"Carlos Reyes",DR0021,"Elena Santos MD",Cardiology,D001,MED003,Metformin,"500 mg tablet",V000006,2023-10-25,"5 mL every 8 hrs",N/a,Completed
RX002497,P00012,"Kevin Dela Cruz",DR0014,"Samantha Ramos MD",Pediatrics,D002,MED001,Paracetamol,"500 mg tablet",V001237,2025-04-26,"1 tab BID","7 days",Completed
RX002498,P00780,"Ana Bautista",DR0080,"Nicole Flores MD","Obstetrics & Gynecology",D007,MED003,Metformin,"500 mg tablet",V000448,2024-05-15,"1 tab BID",N/a,Active
RX002499,P00500,"Sofia Rivera",DR0076,"Maria Torres MD",Orthopedics,D005,MED002,Amoxicillin,"500 mg capsule",V000870,2024-06-24,"2 tablets daily","7 days",Unknown
RX002500,P00016,"Ana Torres",DR0062,"Dr. Catherine Cruz",Pediatrics,D002,MED004,Amlodipine,"5 mg tablet",V000290,2024-08-20,"2 tablets daily","30 days",Discontinued
