patient_id,patient_name,gender,date_of_birth,phone,address,city,country,status
P00001,"Ana Dela Cruz",Female,1964-09-03,09339670711,"605 Quezon Street","Manila City",Philippines,Active
P00002,"Sofia Garcia",Male,1994-01-03,09936687537,"460 National Street","Caloocan City",Philippines,Active
P00003,"Liza Bautista",Male,1953-12-12,N/a,"100 Mabini Street","San Fernando City",Philippines,Active
P00004,"Grace Ramos",Male,1973-12-16,09949349722,"722 Main Street","Manila City",Philippines,Inactive
P00005,"Jose Flores",Female,2017-09-25,09947308985,"380 Mabini Street","Pasig City",Philippines,Active
P00006,"Thomas Torres",Female,1987-12-02,09972043515,"702 Mabini Street","Manila City",Philippines,Active
P00007,"John Gonzales",Male,1945-12-08,N/a,"906 Quezon Street","Makati City",Philippines,Active
P00008,"Daniel Navarro",Male,1988-05-09,09560077008,"225 Rizal Street","Meycauayan City",Philippines,Active
P00009,"Maria Flores",Male,1953-09-17,N/a,"391 National Street","Malolos City",Philippines,Active
P00010,"Ana Torres",Male,2007-05-13,09465228715,"446 Rizal Street","Malolos City",Philippines,Inactive
P00011,"Andrea Castillo",Female,1985-07-18,09950056581,"157 Mabini Street","Makati City",Philippines,Inactive
P00012,"Kevin Dela Cruz",Male,1972-07-25,09357109965,"750 Quezon Street","Quezon  City",Philippines,Active
P00013,"Kevin Ramos",Female,1963-10-12,09327443747,"409 Mabini Street","Malolos City",Philippines,Active
P00014,"Daniel Garcia",Male,1970-05-01,09731691672,"73 Main Street","Pasig City",Philippines,Active
P00015,"John Santos",Male,1961-05-08,N/a,"249 Quezon Street","Angeles City",Philippines,Active
P00016,"Ana Torres",Female,1971-10-14,09541417711,"63 Quezon Street","San Fernando City",Philippines,Active
P00017,"Sofia Garcia",Male,1980-03-31,09934627347,"896 Main Street","Malolos City",Philippines,Active
P00018,"Luis Flores",Male,1948-05-14,09964547971,"886 Quezon Street","Manila City",Philippines,Unknown
P00019,"Juan Gonzales",Male,2010-05-05,09966775103,"195 Mabini Street","Pasig City",Philippines,Active
P00020,"John Dela Cruz",Male,1992-05-29,09639931481,"872 Rizal Street","Quezon  City",Philippines,Active
P00021,"Ramon Santos",Male,1962-02-01,N/a,"674 National Street","Malolos City",Philippines,Inactive
P00022,"Sofia Torres",Female,1968-03-09,N/a,"324 Main Street","Manila City",Philippines,Active
P00023,"Jose Ramos",Female,1985-05-20,09173850984,"292 Rizal Street","Malolos City",Philippines,Active
P00024,"Luis Mendoza",Female,1949-04-17,09214936079,"289 National Street","Pasig City",Philippines,Active
P00025,"Angela Ramos",Female,1962-07-12,09199104722,"4 Mabini Street","Makati City",Philippines,Active
P00026,"Grace Ramos",Female,1978-05-15,09110382761,"855 Mabini Street","Malolos City",Philippines,Unknown
P00027,"Carlos Dela Cruz",Male,1972-09-17,09484194737,"363 National Street","Angeles City",Philippines,Active
P00028,"Miguel Castillo",Unknown,1955-11-19,N/a,"822 Rizal Street","Caloocan City",Philippines,Active
P00029,"Ramon Flores",Male,2017-01-10,09976887226,"313 Rizal Street","Pasig City",Philippines,Active
P00030,"Ramon Bautista",Male,2017-07-18,N/a,"696 National Street","San Fernando City",Philippines,Active
P00031,"Angela Reyes",Male,1963-10-25,09566667996,"447 National Street","Meycauayan City",Philippines,Unknown
P00032,"Bea Garcia",Male,1943-12-25,09965943057,"442 Main Street","San Fernando City",Philippines,Active
P00033,"Mark Ramos",Male,1999-10-30,09964009265,"197 Quezon Street","Angeles City",Philippines,Inactive
P00034,"Ramon Ramos",Unknown,1940-01-14,N/a,"453 Quezon Street","Pasig City",Philippines,Active
P00035,"Jose Mendoza",Male,1999-07-23,09978749404,"231 Rizal Street","Makati City",Philippines,Active
P00036,"Daniel Cruz",Male,2016-03-26,N/a,"507 Quezon Street","Pasig City",Philippines,Active
P00037,"Ana Castillo",Female,1959-08-19,09979519112,"940 Main Street","Malolos City",Philippines,Unknown
P00038,"Andrea Ramos",Male,1968-06-19,09977750178,"762 Quezon Street","Malolos City",Philippines,Active
P00039,"Angela Castillo",Unknown,1986-10-07,09772966010,"731 Mabini Street","Pasig City",Philippines,Inactive
P00040,"John Rivera",Male,1947-03-25,09941039390,"66 Quezon Street","Angeles City",Philippines,Unknown
P00041,"Liza Dela Cruz",Female,2014-09-21,N/a,"489 Main Street","San Fernando City",Philippines,Unknown
P00042,"Liza Ramos",Female,2005-11-27,09990967191,"280 Quezon Street","Malolos City",Philippines,Unknown
P00043,"John Torres",Female,2011-08-09,09877583839,"929 Quezon Street","Malolos City",Philippines,Active
P00044,"Liza Reyes",Unknown,1981-06-02,09944917589,"466 Mabini Street","San Fernando City",Philippines,Inactive
P00045,"Liza Mendoza",Unknown,1947-05-07,09982399599,"666 Main Street","Manila City",Philippines,Active
P00046,"Sofia Flores",Male,1995-09-28,09926941092,"477 Mabini Street","San Fernando City",Philippines,Active
P00047,"Miguel Mendoza",Male,1991-12-01,N/a,"965 Rizal Street","Quezon  City",Philippines,Active
P00048,"Mark Flores",Female,1993-11-12,09940316890,"546 Quezon Street","San Fernando City",Philippines,Inactive
P00049,"Juan Flores",Female,2013-10-10,09968186525,"446 Rizal Street","Meycauayan City",Philippines,Unknown
P00050,"Grace Gonzales",Unknown,2005-08-01,09363524539,"903 Quezon Street","Pasig City",Philippines,Unknown
P00051,"John Dela Cruz",Female,2016-05-05,09327769529,"349 Mabini Street","Malolos City",Philippines,Active
P00052,"Andrea Garcia",Male,1961-08-26,N/a,"662 Quezon Street","Malolos City",Philippines,Active
P00053,"Mark Garcia",Female,2002-01-23,N/a,"567 National Street","San Fernando City",Philippines,Inactive
P00054,"Patricia Navarro",Female,1964-04-21,09229542310,"123 National Street","Makati City",Philippines,Active
P00055,"Kevin Mendoza",Female,1992-11-22,09207942567,"233 Mabini Street","Makati City",Philippines,Active
P00056,"Luis Reyes",Male,1944-01-31,N/a,"106 Main Street","Malolos City",Philippines,Unknown
P00057,"Kevin Cruz",Male,1956-07-16,N/a,"504 Main Street","Malolos City",Philippines,Active
P00058,"Carlos Castillo",Male,1967-04-05,09925898299,"795 National Street","Angeles City",Philippines,Unknown
P00059,"Mark Flores",Male,1978-06-21,09993352876,"641 Rizal Street","Caloocan City",Philippines,Active
P00060,"Daniel Reyes",Male,1946-09-25,09583788838,"34 Rizal Street","Caloocan City",Philippines,Unknown
P00061,"Jose Torres",Female,1963-09-25,09936550845,"664 Rizal Street","Caloocan City",Philippines,Active
P00062,"Maria Reyes",Unknown,1967-08-06,09904187231,"480 Mabini Street","Angeles City",Philippines,Unknown
P00063,"Grace Santos",Male,1943-07-30,09888699799,"94 Rizal Street","Malolos City",Philippines,Inactive
P00064,"Bea Dela Cruz",Unknown,2007-11-06,09799584193,"186 National Street","Angeles City",Philippines,Active
P00065,"Kevin Bautista",Female,1969-11-25,N/a,"711 Quezon Street","Caloocan City",Philippines,Active
P00066,"Grace Santos",Male,1962-08-23,N/a,"424 Main Street","Pasig City",Philippines,Unknown
P00067,"Grace Castillo",Male,1958-04-06,N/a,"125 Main Street","Malolos City",Philippines,Active
P00068,"Mark Ramos",Male,1989-07-18,09200082623,"664 Rizal Street","Malolos City",Philippines,Inactive
P00069,"Liza Flores",Female,1982-05-13,09983989546,"944 National Street","Meycauayan City",Philippines,Active
P00070,"Angela Castillo",Unknown,2016-08-26,09386810430,"744 Mabini Street","Malolos City",Philippines,Active
P00071,"Grace Ramos",Female,1970-12-18,09505086394,"891 Rizal Street","Pasig City",Philippines,Active
P00072,"Liza Dela Cruz",Male,2006-10-23,N/a,"988 Main Street","Makati City",Philippines,Active
P00073,"Grace Santos",Male,2021-09-05,09116479358,"481 Mabini Street","San Fernando City",Philippines,Active
P00074,"John Flores",Female,2017-02-03,09508031980,"633 Main Street","Pasig City",Philippines,Active
P00075,"Jose Gonzales",Male,2008-03-19,09576396216,"48 Mabini Street","Manila City",Philippines,Inactive
P00076,"Patricia Gonzales",Female,1961-11-27,09985957578,"180 Main Street","Malolos City",Philippines,Active
P00077,"Kevin Rivera",Male,1952-11-02,09372787103,"683 Main Street","Malolos City",Philippines,Active
P00078,"Jose Cruz",Male,1992-09-17,N/a,"866 Mabini Street","Pasig City",Philippines,Unknown
P00079,"Ana Garcia",Female,1991-04-23,09717199615,"850 Quezon Street","Caloocan City",Philippines,Active
P00080,"Thomas Navarro",Female,2014-09-19,09940885967,"652 Rizal Street","Malolos City",Philippines,Active
P00081,"Ana Rivera",Female,1997-12-26,09969166287,"93 Mabini Street","San Fernando City",Philippines,Active
P00082,"Sofia Reyes",Unknown,1988-05-23,09392637605,"936 Quezon Street","Caloocan City",Philippines,Active
P00083,"Grace Santos",Female,2007-08-29,09826197069,"810 Quezon Street","Manila City",Philippines,Active
P00084,"Grace Bautista",Female,2007-03-13,09727666622,"692 Rizal Street","Malolos City",Philippines,Inactive
P00085,"Thomas Garcia",Female,1945-09-02,09852775879,"144 Main Street","Manila City",Philippines,Unknown
P00086,"Ana Santos",Female,2019-08-07,N/a,"602 Rizal Street","Angeles City",Philippines,Unknown
P00087,"Thomas Gonzales",Male,1942-12-08,09577449613,"102 Mabini Street","Meycauayan City",Philippines,Active
P00088,"Ramon Mendoza",Female,1950-12-16,09198433586,"806 Mabini Street","Pasig City",Philippines,Active
P00089,"Jose Flores",Unknown,1989-09-20,09973049090,"793 Rizal Street","Malolos City",Philippines,Inactive
P00090,"Carlos Reyes",Male,1962-06-27,09218032515,"367 Rizal Street","Malolos City",Philippines,Active
P00091,"Miguel Mendoza",Male,1951-05-16,N/a,"460 Mabini Street","Meycauayan City",Philippines,Unknown
P00092,"Andrea Garcia",Male,1943-11-21,09423873102,"491 Quezon Street","Angeles City",Philippines,Unknown
P00093,"Grace Santos",Male,1968-11-23,09235456140,"391 National Street","Meycauayan City",Philippines,Unknown
P00094,"Andrea Aquino",Female,1948-11-23,N/a,"463 Rizal Street","Angeles City",Philippines,Unknown
P00095,"Ramon Gonzales",Female,1948-07-12,09814152763,"977 Rizal Street","Malolos City",Philippines,Active
P00096,"Jose Santos",Female,1948-08-30,09697320063,"687 Main Street","Angeles City",Philippines,Unknown
P00097,"Maria Mendoza",Male,1968-01-12,09987566910,"673 Quezon Street","Pasig City",Philippines,Inactive
P00098,"Luis Bautista",Male,2008-06-01,09716435189,"624 Mabini Street","Manila City",Philippines,Inactive
P00099,"Mark Rivera",Male,1971-06-29,09294782734,"146 Main Street","Quezon  City",Philippines,Unknown
P00100,"Liza Cruz",Male,1954-02-13,09434618074,"160 Rizal Street","Malolos City",Philippines,Active
P00101,"Angela Cruz",Female,1978-01-15,09969330166,"774 National Street","Quezon  City",Philippines,Unknown
P00102,"Ana Mendoza",Female,2000-11-13,09622517939,"226 Quezon Street","Malolos City",Philippines,Active
P00103,"Sofia Mendoza",Female,2008-11-03,09920511515,"8 Quezon Street","Angeles City",Philippines,Active
P00104,"Ramon Ramos",Female,1960-08-23,09699924859,"407 Main Street","Angeles City",Philippines,Unknown
P00105,"Jose Flores",Male,1991-08-27,09861880077,"118 Quezon Street","Manila City",Philippines,Active
P00106,"Thomas Cruz",Unknown,2001-11-13,N/a,"604 Quezon Street","Meycauayan City",Philippines,Unknown
P00107,"Mark Navarro",Male,1959-11-17,09936571442,"544 National Street","Pasig City",Philippines,Inactive
P00108,"Carlos Garcia",Male,1953-02-19,09311818984,"182 Quezon Street","Malolos City",Philippines,Inactive
P00109,"John Reyes",Female,1946-02-15,09574817290,"361 National Street","Quezon  City",Philippines,Unknown
P00110,"Grace Dela Cruz",Male,1973-01-29,N/a,"474 National Street","Meycauayan City",Philippines,Unknown
P00111,"Bea Torres",Female,1968-11-04,N/a,"106 Mabini Street","Quezon  City",Philippines,Active
P00112,"Daniel Navarro",Female,1979-06-03,09270471051,"940 Mabini Street","Angeles City",Philippines,Inactive
P00113,"Thomas Dela Cruz",Unknown,1996-08-06,09201474854,"259 National Street","Makati City",Philippines,Active
P00114,"Bea Torres",Female,1971-05-20,09804433388,"318 National Street","Angeles City",Philippines,Active
P00115,"Andrea Santos",Female,2000-02-24,09119570833,"185 Rizal Street","San Fernando City",Philippines,Active
P00116,"Daniel Reyes",Female,1946-12-03,09946237594,"678 Mabini Street","Malolos City",Philippines,Unknown
P00117,"Carlos Reyes",Female,2014-08-01,09968704078,"421 Mabini Street","Pasig City",Philippines,Inactive
P00118,"Grace Garcia",Male,1961-06-16,09996642550,"695 National Street","Malolos City",Philippines,Inactive
P00119,"Ramon Ramos",Male,1977-07-23,09960333219,"54 Quezon Street","San Fernando City",Philippines,Active
P00120,"Mark Santos",Unknown,1954-05-20,09582452834,"970 Rizal Street","Malolos City",Philippines,Active
P00121,"Liza Dela Cruz",Female,1985-01-13,09961830338,"29 Mabini Street","Quezon  City",Philippines,Active
P00122,"Carlos Dela Cruz",Male,2014-06-10,N/a,"631 Main Street","Quezon  City",Philippines,Inactive
P00123,"Sofia Flores",Female,1989-03-27,09966808292,"309 Main Street","Manila City",Philippines,Unknown
P00124,"Thomas Cruz",Male,1949-12-11,09981947921,"736 Rizal Street","Caloocan City",Philippines,Active
P00125,"Thomas Bautista",Female,1991-03-13,09817424363,"70 National Street","Meycauayan City",Philippines,Unknown
P00126,"Kevin Dela Cruz",Female,1974-09-16,09483421334,"247 Main Street","Malolos City",Philippines,Active
P00127,"Maria Bautista",Male,1970-05-16,09972360629,"831 Rizal Street","Quezon  City",Philippines,Active
P00128,"Mark Garcia",Male,2010-12-22,N/a,"835 National Street","Malolos City",Philippines,Active
P00129,"Sofia Mendoza",Male,2017-05-06,09393330883,"448 Quezon Street","Malolos City",Philippines,Inactive
P00130,"Miguel Cruz",Female,1984-08-19,N/a,"81 Quezon Street","Malolos City",Philippines,Inactive
P00131,"John Santos",Male,1969-06-02,09969849800,"707 Quezon Street","San Fernando City",Philippines,Active
P00132,"Patricia Aquino",Female,1964-08-18,09995565484,"976 Main Street","Makati City",Philippines,Active
P00133,"Carlos Santos",Female,2009-11-04,09961385847,"696 Quezon Street","San Fernando City",Philippines,Unknown
P00134,"Jose Aquino",Female,1987-07-02,09952196099,"984 Main Street","Manila City",Philippines,Unknown
P00135,"Andrea Gonzales",Male,1950-07-25,09944935501,"627 Mabini Street","Malolos City",Philippines,Active
P00136,"Carlos Flores",Male,1980-07-21,09194263617,"727 Main Street","Meycauayan City",Philippines,Inactive
P00137,"Miguel Navarro",Female,2002-10-26,09952225000,"206 Rizal Street","Pasig City",Philippines,Active
P00138,"Patricia Ramos",Male,1973-02-04,09962925204,"317 Quezon Street","Malolos City",Philippines,Unknown
P00139,"Bea Santos",Female,1968-06-10,09830296798,"132 National Street","Malolos City",Philippines,Active
P00140,"Liza Ramos",Unknown,1944-12-20,09930537388,"331 Rizal Street","San Fernando City",Philippines,Active
P00141,"Angela Garcia",Female,1989-06-01,09234400576,"515 Rizal Street","Malolos City",Philippines,Active
P00142,"Thomas Navarro",Male,1970-04-16,09187217627,"667 Rizal Street","Malolos City",Philippines,Active
P00143,"Kevin Rivera",Female,1988-12-11,N/a,"305 Quezon Street","Quezon  City",Philippines,Active
P00144,"Grace Gonzales",Female,1981-08-31,09254262442,"752 Mabini Street","Angeles City",Philippines,Inactive
P00145,"Andrea Ramos",Male,1968-08-17,09926444612,"145 Main Street","Manila City",Philippines,Unknown
P00146,"Thomas Gonzales",Female,2017-08-18,09953947691,"782 Rizal Street","Malolos City",Philippines,Unknown
P00147,"Mark Cruz",Male,1948-01-29,09358446095,"50 Main Street","Caloocan City",Philippines,Unknown
P00148,"Mark Ramos",Male,2016-01-02,N/a,"375 Main Street","Angeles City",Philippines,Active
P00149,"Patricia Ramos",Male,1946-08-06,09641440255,"132 Main Street","Angeles City",Philippines,Inactive
P00150,"Luis Bautista",Unknown,1952-12-10,09746889670,"47 Main Street","Makati City",Philippines,Unknown
P00151,"Andrea Cruz",Female,1994-05-22,09954018830,"403 National Street","Caloocan City",Philippines,Unknown
P00152,"Bea Mendoza",Female,2013-03-08,N/a,"598 Mabini Street","Manila City",Philippines,Inactive
P00153,"Bea Aquino",Female,2004-09-19,N/a,"152 Rizal Street","Manila City",Philippines,Active
P00154,"Juan Cruz",Male,1977-07-27,N/a,"894 Main Street","Makati City",Philippines,Inactive
P00155,"Kevin Ramos",Female,1968-02-24,09467569439,"625 Quezon Street","Pasig City",Philippines,Inactive
P00156,"Luis Mendoza",Female,1966-09-13,09841192041,"492 Mabini Street","Meycauayan City",Philippines,Inactive
P00157,"Ana Aquino",Female,1988-09-24,09930034574,"44 Mabini Street","Quezon  City",Philippines,Unknown
P00158,"Angela Navarro",Female,1959-03-13,09982286705,"112 National Street","Malolos City",Philippines,Active
P00159,"Maria Torres",Male,1960-03-30,N/a,"103 Rizal Street","Manila City",Philippines,Unknown
P00160,"Kevin Cruz",Female,1957-11-22,09444851196,"668 National Street","Pasig City",Philippines,Active
P00161,"Liza Rivera",Unknown,1955-10-09,09963283709,"960 Mabini Street","Manila City",Philippines,Inactive
P00162,"Bea Aquino",Male,1970-01-21,N/a,"911 Rizal Street","Meycauayan City",Philippines,Inactive
P00163,"Sofia Castillo",Male,1969-08-31,09971594457,"15 Mabini Street","Caloocan City",Philippines,Active
P00164,"Thomas Flores",Female,2020-06-23,09987973565,"411 Main Street","Makati City",Philippines,Unknown
P00165,"John Rivera",Female,1940-08-11,09579654794,"310 National Street","Malolos City",Philippines,Inactive
P00166,"Patricia Navarro",Female,1945-07-28,09271478017,"707 Main Street","Caloocan City",Philippines,Active
P00167,"Daniel Reyes",Female,1953-09-28,N/a,"776 National Street","Pasig City",Philippines,Active
P00168,"Andrea Cruz",Male,2003-02-20,09985721444,"587 National Street","Makati City",Philippines,Inactive
P00169,"Andrea Cruz",Male,2001-01-11,N/a,"829 Main Street","Malolos City",Philippines,Unknown
P00170,"Grace Aquino",Male,1990-02-17,N/a,"261 Main Street","Pasig City",Philippines,Active
P00171,"Liza Bautista",Female,1945-09-20,09606815324,"419 Rizal Street","Makati City",Philippines,Inactive
P00172,"Ramon Cruz",Unknown,2021-05-07,09833032311,"122 Rizal Street","Meycauayan City",Philippines,Active
P00173,"Daniel Flores",Male,2007-11-03,N/a,"844 Rizal Street","Pasig City",Philippines,Inactive
P00174,"Carlos Mendoza",Female,2018-07-08,09998610233,"212 Main Street","Quezon  City",Philippines,Unknown
P00175,"Thomas Torres",Female,2018-04-01,09915937353,"553 Rizal Street","Manila City",Philippines,Inactive
P00176,"Daniel Flores",Female,1991-09-07,09990251151,"310 Rizal Street","Meycauayan City",Philippines,Unknown
P00177,"Mark Mendoza",Male,1989-12-11,N/a,"49 Mabini Street","Angeles City",Philippines,Unknown
P00178,"Liza Reyes",Male,1973-10-09,09982199509,"308 Rizal Street","Malolos City",Philippines,Unknown
P00179,"Liza Ramos",Male,1952-01-11,09360767346,"945 Quezon Street","San Fernando City",Philippines,Active
P00180,"Maria Mendoza",Female,2000-06-08,09915307982,"491 Rizal Street","San Fernando City",Philippines,Active
P00181,"Sofia Rivera",Female,2006-07-09,N/a,"938 Rizal Street","Meycauayan City",Philippines,Inactive
P00182,"Ramon Cruz",Male,1998-03-14,N/a,"478 Main Street","Malolos City",Philippines,Active
P00183,"Patricia Bautista",Female,1944-02-07,N/a,"303 Rizal Street","Pasig City",Philippines,Active
P00184,"Ramon Aquino",Unknown,1962-01-17,09835366633,"782 Quezon Street","Malolos City",Philippines,Active
P00185,"Patricia Reyes",Female,2004-08-15,09624325659,"860 Main Street","Manila City",Philippines,Unknown
P00186,"Carlos Flores",Female,1960-10-05,N/a,"383 Main Street","Malolos City",Philippines,Unknown
P00187,"Juan Dela Cruz",Male,1989-06-28,09668456093,"18 National Street","Angeles City",Philippines,Active
P00188,"Ana Ramos",Female,1961-08-14,09371069465,"815 Quezon Street","Quezon  City",Philippines,Unknown
P00189,"Grace Aquino",Female,2002-07-21,09422095317,"416 Quezon Street","Angeles City",Philippines,Active
P00190,"Juan Navarro",Female,1947-06-02,09565906941,"917 National Street","Manila City",Philippines,Active
P00191,"Bea Cruz",Male,1944-03-05,09947631028,"952 Mabini Street","Manila City",Philippines,Active
P00192,"Ramon Rivera",Male,1966-11-06,09708475289,"394 Rizal Street","Quezon  City",Philippines,Active
P00193,"Ana Gonzales",Female,2015-03-29,09925776555,"31 Mabini Street","Malolos City",Philippines,Active
P00194,"Patricia Ramos",Female,1978-09-28,09829816799,"791 National Street","Caloocan City",Philippines,Active
P00195,"Jose Mendoza",Female,1974-02-02,09894198823,"94 Main Street","Caloocan City",Philippines,Inactive
P00196,"Angela Santos",Female,1947-10-31,N/a,"106 Main Street","Quezon  City",Philippines,Active
P00197,"Thomas Aquino",Unknown,1969-02-07,09113250637,"743 National Street","Pasig City",Philippines,Unknown
P00198,"Miguel Reyes",Male,1967-01-06,N/a,"283 Quezon Street","Caloocan City",Philippines,Active
P00199,"Patricia Mendoza",Female,2004-09-03,09737594763,"139 Mabini Street","Manila City",Philippines,Inactive
P00200,"Thomas Gonzales",Unknown,2017-05-08,09562332837,"329 National Street","Pasig City",Philippines,Inactive
P00201,"Miguel Gonzales",Male,1966-02-23,09449973091,"837 Quezon Street","San Fernando City",Philippines,Active
P00202,"Bea Ramos",Female,2001-02-27,N/a,"817 Mabini Street","Quezon  City",Philippines,Unknown
P00203,"Carlos Torres",Male,1961-09-17,N/a,"76 Quezon Street","Malolos City",Philippines,Unknown
P00204,"Luis Ramos",Unknown,2002-01-20,09683734594,"112 Rizal Street","San Fernando City",Philippines,Active
P00205,"Bea Torres",Female,1998-01-08,09908186980,"11 Main Street","Caloocan City",Philippines,Active
P00206,"Grace Bautista",Female,1981-07-17,09841351411,"495 Main Street","Caloocan City",Philippines,Active
P00207,"Ana Flores",Female,1952-09-16,N/a,"357 Quezon Street","Quezon  City",Philippines,Unknown
P00208,"John Santos",Male,1944-01-04,09956047142,"953 Rizal Street","Meycauayan City",Philippines,Active
P00209,"John Ramos",Female,1981-06-14,09964364546,"656 Quezon Street","Angeles City",Philippines,Active
P00210,"Grace Aquino",Female,1974-11-19,09856704108,"592 Main Street","Meycauayan City",Philippines,Inactive
P00211,"John Garcia",Female,1950-03-23,N/a,"626 Quezon Street","Malolos City",Philippines,Inactive
P00212,"Patricia Flores",Female,1995-05-21,09949922369,"321 Main Street","Pasig City",Philippines,Active
P00213,"Miguel Bautista",Female,1952-09-06,N/a,"434 Rizal Street","Malolos City",Philippines,Active
P00214,"Kevin Mendoza",Female,1956-10-13,09584258607,"497 Rizal Street","Pasig City",Philippines,Unknown
P00215,"Liza Torres",Female,1977-04-15,09932448383,"300 Main Street","Caloocan City",Philippines,Inactive
P00216,"Miguel Castillo",Female,1990-09-30,09221529160,"794 National Street","San Fernando City",Philippines,Unknown
P00217,"Luis Garcia",Female,1949-03-09,09582854093,"883 Main Street","Malolos City",Philippines,Active
P00218,"Sofia Castillo",Female,1992-09-29,09991907952,"631 Rizal Street","Pasig City",Philippines,Active
P00219,"Bea Bautista",Male,1965-03-20,09447559095,"587 Mabini Street","Meycauayan City",Philippines,Active
P00220,"Liza Rivera",Male,1964-11-17,09368034535,"849 Rizal Street","Angeles City",Philippines,Active
P00221,"Bea Torres",Male,1996-04-28,N/a,"528 Mabini Street","San Fernando City",Philippines,Unknown
P00222,"John Aquino",Male,2017-12-14,09884832186,"815 National Street","Angeles City",Philippines,Unknown
P00223,"Sofia Cruz",Male,1968-12-18,N/a,"808 Mabini Street","Manila City",Philippines,Active
P00224,"Grace Dela Cruz",Male,2016-12-10,09971272827,"706 Rizal Street","Caloocan City",Philippines,Inactive
P00225,"Jose Torres",Male,1962-06-18,09499264207,"406 Mabini Street","Pasig City",Philippines,Active
P00226,"Ana Dela Cruz",Female,1982-10-11,N/a,"10 Main Street","San Fernando City",Philippines,Unknown
P00227,"Carlos Cruz",Male,1960-07-16,09210862571,"903 Mabini Street","Makati City",Philippines,Active
P00228,"Carlos Santos",Male,1990-07-14,09276283836,"740 Rizal Street","Makati City",Philippines,Unknown
P00229,"Sofia Santos",Male,1952-07-23,09477482039,"811 Rizal Street","Pasig City",Philippines,Active
P00230,"Daniel Ramos",Male,1993-10-30,09913600310,"531 National Street","Meycauayan City",Philippines,Unknown
P00231,"Mark Torres",Male,2010-04-26,N/a,"654 National Street","Quezon  City",Philippines,Inactive
P00232,"John Reyes",Female,2017-03-24,N/a,"978 Main Street","Manila City",Philippines,Active
P00233,"Angela Garcia",Male,1945-06-04,N/a,"434 Quezon Street","Quezon  City",Philippines,Inactive
P00234,"Jose Mendoza",Male,1985-11-14,N/a,"601 Main Street","Caloocan City",Philippines,Active
P00235,"Maria Garcia",Male,1978-12-24,09753719232,"683 Rizal Street","Quezon  City",Philippines,Active
P00236,"Juan Reyes",Female,1971-02-07,09944795538,"768 Mabini Street","Quezon  City",Philippines,Inactive
P00237,"Liza Mendoza",Male,1945-09-23,N/a,"467 National Street","San Fernando City",Philippines,Unknown
P00238,"Bea Reyes",Male,1954-02-10,09923811663,"759 National Street","Manila City",Philippines,Active
P00239,"Daniel Dela Cruz",Female,1972-08-26,09934019729,"330 Rizal Street","Angeles City",Philippines,Inactive
P00240,"Jose Aquino",Male,1950-09-17,09822977979,"977 Quezon Street","Quezon  City",Philippines,Inactive
P00241,"Mark Bautista",Male,1989-08-14,09315458921,"758 National Street","Pasig City",Philippines,Inactive
P00242,"Bea Cruz",Unknown,2009-08-10,09983357939,"7 Quezon Street","Manila City",Philippines,Inactive
P00243,"Juan Bautista",Male,2008-02-01,09951273379,"430 Quezon Street","Manila City",Philippines,Inactive
P00244,"Jose Dela Cruz",Female,2020-07-01,09543516366,"518 Rizal Street","Angeles City",Philippines,Active
P00245,"Liza Torres",Female,1961-03-29,09959875926,"326 Quezon Street","Caloocan City",Philippines,Active
P00246,"Sofia Reyes",Unknown,2009-02-03,N/a,"478 Mabini Street","Angeles City",Philippines,Inactive
P00247,"Sofia Cruz",Male,1981-07-26,09228756206,"221 Mabini Street","Makati City",Philippines,Active
P00248,"Patricia Gonzales",Male,1944-05-23,N/a,"570 National Street","Pasig City",Philippines,Unknown
P00249,"Ana Castillo",Unknown,1952-07-16,09918277097,"203 Quezon Street","San Fernando City",Philippines,Inactive
P00250,"Jose Dela Cruz",Male,1957-09-27,09968977829,"44 Quezon Street","Manila City",Philippines,Unknown
P00251,"Ramon Cruz",Male,1974-05-03,09330541398,"287 Quezon Street","Makati City",Philippines,Active
P00252,"Mark Cruz",Female,2019-03-13,N/a,"141 Quezon Street","Pasig City",Philippines,Active
P00253,"Ramon Castillo",Female,1972-03-20,09469494287,"398 Mabini Street","Makati City",Philippines,Inactive
P00254,"Thomas Garcia",Male,2020-05-12,09973308406,"998 Rizal Street","Quezon  City",Philippines,Active
P00255,"Angela Ramos",Unknown,2010-12-26,09718175166,"958 Rizal Street","Makati City",Philippines,Inactive
P00256,"Patricia Rivera",Male,1942-07-13,N/a,"556 Mabini Street","Makati City",Philippines,Active
P00257,"Jose Dela Cruz",Female,1993-12-23,09613210114,"940 National Street","Pasig City",Philippines,Inactive
P00258,"Miguel Rivera",Unknown,2015-09-29,09163947730,"867 National Street","San Fernando City",Philippines,Inactive
P00259,"Ramon Aquino",Male,1970-03-12,N/a,"665 Mabini Street","Makati City",Philippines,Active
P00260,"Bea Flores",Female,1973-12-11,09888121101,"972 National Street","Angeles City",Philippines,Active
P00261,"Thomas Bautista",Unknown,1994-11-06,09985906869,"340 Main Street","Pasig City",Philippines,Inactive
P00262,"Miguel Torres",Male,2013-09-18,09911529494,"710 Main Street","San Fernando City",Philippines,Active
P00263,"Juan Dela Cruz",Female,1979-04-25,09629473537,"560 Quezon Street","Quezon  City",Philippines,Active
P00264,"Miguel Cruz",Male,2011-09-13,09416655712,"76 Mabini Street","Makati City",Philippines,Active
P00265,"Jose Ramos",Male,1970-04-26,N/a,"966 Rizal Street","Malolos City",Philippines,Active
P00266,"Maria Santos",Male,1958-06-10,09875254504,"305 Rizal Street","Quezon  City",Philippines,Unknown
P00267,"Bea Ramos",Unknown,1984-01-17,09158524142,"302 National Street","Malolos City",Philippines,Active
P00268,"Juan Garcia",Female,1997-04-03,N/a,"483 Quezon Street","Caloocan City",Philippines,Unknown
P00269,"Miguel Bautista",Female,1973-02-20,N/a,"270 Rizal Street","Caloocan City",Philippines,Active
P00270,"Ana Santos",Female,1970-11-04,N/a,"839 National Street","Angeles City",Philippines,Active
P00271,"Kevin Mendoza",Male,1975-06-02,09639127345,"973 Quezon Street","Makati City",Philippines,Active
P00272,"Sofia Reyes",Male,1977-12-25,09316834809,"328 Main Street","Quezon  City",Philippines,Unknown
P00273,"Luis Bautista",Unknown,1964-10-11,N/a,"116 Quezon Street","Makati City",Philippines,Active
P00274,"Ana Aquino",Unknown,1949-01-22,N/a,"671 Quezon Street","Malolos City",Philippines,Active
P00275,"Miguel Mendoza",Female,1952-11-26,09141676403,"708 Rizal Street","Manila City",Philippines,Inactive
P00276,"Patricia Dela Cruz",Male,2013-05-01,09947627490,"138 Mabini Street","Malolos City",Philippines,Inactive
P00277,"Liza Aquino",Female,1948-01-04,N/a,"778 National Street","San Fernando City",Philippines,Active
P00278,"Jose Mendoza",Female,1985-06-19,09980368504,"198 Rizal Street","Manila City",Philippines,Active
P00279,"Grace Dela Cruz",Male,2003-03-20,N/a,"651 Main Street","Manila City",Philippines,Inactive
P00280,"Kevin Aquino",Female,1955-12-07,09983998759,"858 Mabini Street","Quezon  City",Philippines,Active
P00281,"Ramon Dela Cruz",Female,2016-08-07,09938765353,"276 Quezon Street","Meycauayan City",Philippines,Active
P00282,"Kevin Rivera",Female,1998-01-29,09340252344,"730 Mabini Street","Angeles City",Philippines,Inactive
P00283,"Grace Mendoza",Female,1981-11-13,09827133833,"8 National Street","San Fernando City",Philippines,Inactive
P00284,"Ana Cruz",Male,1970-03-03,09397353813,"193 Rizal Street","Meycauayan City",Philippines,Active
P00285,"Thomas Gonzales",Female,1968-09-02,09803793445,"266 Quezon Street","Angeles City",Philippines,Active
P00286,"Bea Navarro",Male,2013-03-17,N/a,"929 Mabini Street","Meycauayan City",Philippines,Active
P00287,"Luis Reyes",Male,1948-10-03,09878640713,"671 Main Street","Pasig City",Philippines,Active
P00288,"Mark Gonzales",Unknown,2019-07-25,N/a,"872 Main Street","Malolos City",Philippines,Active
P00289,"Kevin Rivera",Female,1984-11-24,N/a,"56 Rizal Street","Makati City",Philippines,Inactive
P00290,"Liza Aquino",Female,1952-11-06,N/a,"341 Rizal Street","San Fernando City",Philippines,Active
P00291,"Grace Mendoza",Female,2008-04-15,09931264801,"630 Quezon Street","Angeles City",Philippines,Unknown
P00292,"Kevin Gonzales",Male,1943-05-21,09960076822,"19 Main Street","Pasig City",Philippines,Inactive
P00293,"Mark Reyes",Male,1974-05-30,09732080338,"306 Mabini Street","Malolos City",Philippines,Unknown
P00294,"Carlos Bautista",Female,1972-03-24,09964142310,"745 Rizal Street","Pasig City",Philippines,Active
P00295,"Ana Bautista",Female,1998-05-12,09502859804,"609 Main Street","Quezon  City",Philippines,Active
P00296,"Ana Gonzales",Female,1974-02-11,09943921959,"712 Main Street","Caloocan City",Philippines,Active
P00297,"Andrea Mendoza",Male,1994-05-02,09649329752,"117 Main Street","Malolos City",Philippines,Active
P00298,"Angela Flores",Male,1958-02-03,09855309458,"562 Quezon Street","Pasig City",Philippines,Inactive
P00299,"Daniel Dela Cruz",Male,2000-04-03,09987061479,"973 Main Street","Meycauayan City",Philippines,Active
P00300,"Angela Torres",Female,1980-12-22,09972314252,"896 Main Street","Caloocan City",Philippines,Inactive
P00301,"Liza Navarro",Male,1948-07-09,09812238607,"367 Quezon Street","Malolos City",Philippines,Active
P00302,"Patricia Flores",Male,1956-05-28,N/a,"707 Quezon Street","Angeles City",Philippines,Active
P00303,"Carlos Navarro",Female,1945-04-05,N/a,"186 National Street","Angeles City",Philippines,Active
P00304,"Carlos Cruz",Female,1950-02-17,09168053891,"13 National Street","Malolos City",Philippines,Inactive
P00305,"Andrea Ramos",Female,2002-11-07,N/a,"355 Quezon Street","Makati City",Philippines,Active
P00306,"Miguel Ramos",Unknown,1982-02-06,09906892484,"247 Mabini Street","Caloocan City",Philippines,Active
P00307,"Luis Torres",Female,1976-03-06,09184643708,"878 Quezon Street","Malolos City",Philippines,Active
P00308,"Kevin Navarro",Female,1941-08-05,09533190034,"811 National Street","Malolos City",Philippines,Active
P00309,"Grace Bautista",Male,2014-01-15,N/a,"734 Mabini Street","Malolos City",Philippines,Active
P00310,"Daniel Dela Cruz",Male,1971-11-11,09688078280,"919 Rizal Street","Malolos City",Philippines,Unknown
P00311,"Ana Mendoza",Male,1957-07-29,09962733674,"734 Mabini Street","Quezon  City",Philippines,Active
P00312,"Bea Santos",Unknown,2020-01-02,09998376561,"987 Quezon Street","Manila City",Philippines,Unknown
P00313,"Bea Cruz",Male,2010-01-27,09842833609,"397 National Street","Malolos City",Philippines,Unknown
P00314,"Liza Aquino",Female,2008-05-24,N/a,"825 Rizal Street","Makati City",Philippines,Inactive
P00315,"Luis Flores",Male,2003-11-12,09315745183,"704 Mabini Street","Makati City",Philippines,Inactive
P00316,"Ana Castillo",Male,1990-06-11,09816380041,"899 Quezon Street","Manila City",Philippines,Active
P00317,"Ramon Reyes",Male,2000-02-17,09905537000,"700 Mabini Street","Makati City",Philippines,Inactive
P00318,"Sofia Castillo",Male,1942-11-24,N/a,"244 National Street","Caloocan City",Philippines,Unknown
P00319,"Ramon Gonzales",Unknown,2001-06-19,09917221208,"636 Quezon Street","Pasig City",Philippines,Active
P00320,"Sofia Mendoza",Female,1955-12-01,09300764570,"387 Main Street","Angeles City",Philippines,Inactive
P00321,"Carlos Reyes",Male,2015-11-25,09106061417,"158 Mabini Street","Malolos City",Philippines,Inactive
P00322,"Kevin Castillo",Male,1989-05-10,09952662313,"534 Main Street","Meycauayan City",Philippines,Unknown
P00323,"Luis Ramos",Female,1948-03-31,09812265680,"370 Mabini Street","Pasig City",Philippines,Active
P00324,"Ana Torres",Male,1979-12-25,09789626099,"699 Mabini Street","Angeles City",Philippines,Unknown
P00325,"Angela Ramos",Female,1965-05-16,N/a,"499 Main Street","Caloocan City",Philippines,Inactive
P00326,"Andrea Santos",Male,1955-01-07,09910983894,"687 Rizal Street","Angeles City",Philippines,Active
P00327,"Luis Flores",Female,2018-10-29,09794239754,"471 Mabini Street","Manila City",Philippines,Active
P00328,"Maria Reyes",Unknown,1962-08-07,09982248192,"418 Quezon Street","Malolos City",Philippines,Unknown
P00329,"John Dela Cruz",Female,2000-05-27,09674274037,"718 Main Street","San Fernando City",Philippines,Inactive
P00330,"Mark Aquino",Male,1965-04-03,N/a,"161 National Street","Pasig City",Philippines,Unknown
P00331,"Luis Mendoza",Female,1952-12-04,09996965116,"127 Main Street","Manila City",Philippines,Active
P00332,"Mark Garcia",Female,2006-07-08,09965385548,"165 Rizal Street","Pasig City",Philippines,Active
P00333,"Ana Reyes",Female,2011-09-28,09595222271,"688 Main Street","Caloocan City",Philippines,Active
P00334,"Bea Cruz",Male,1972-01-15,09351826784,"635 Main Street","Pasig City",Philippines,Unknown
P00335,"Grace Bautista",Male,1999-02-27,09263671151,"982 Quezon Street","Makati City",Philippines,Inactive
P00336,"Daniel Castillo",Female,2003-11-23,N/a,"474 Quezon Street","San Fernando City",Philippines,Unknown
P00337,"Luis Santos",Female,1997-11-30,09947663633,"270 Main Street","Quezon  City",Philippines,Active
P00338,"Bea Aquino",Female,2009-01-03,N/a,"670 Rizal Street","San Fernando City",Philippines,Active
P00339,"Bea Navarro",Unknown,1966-02-08,N/a,"373 National Street","Manila City",Philippines,Active
P00340,"Andrea Reyes",Female,1954-04-14,N/a,"962 Mabini Street","Manila City",Philippines,Unknown
P00341,"Daniel Santos",Male,1973-02-21,09322096886,"398 Quezon Street","Malolos City",Philippines,Active
P00342,"John Santos",Female,1986-10-10,N/a,"670 Quezon Street","San Fernando City",Philippines,Inactive
P00343,"Ramon Rivera",Female,1986-04-29,09478921345,"514 Rizal Street","Malolos City",Philippines,Active
P00344,"Jose Ramos",Female,1965-03-11,09261319410,"677 Rizal Street","Angeles City",Philippines,Active
P00345,"Kevin Torres",Female,1982-12-22,09734356903,"250 Main Street","Makati City",Philippines,Active
P00346,"Andrea Dela Cruz",Male,1953-03-05,N/a,"614 National Street","Manila City",Philippines,Active
P00347,"Sofia Cruz",Male,1982-04-17,09939442512,"814 National Street","Makati City",Philippines,Active
P00348,"John Rivera",Female,1993-07-08,09940845084,"112 Main Street","Pasig City",Philippines,Active
P00349,"Thomas Santos",Female,1982-09-10,09744045166,"96 Quezon Street","Makati City",Philippines,Unknown
P00350,"Andrea Gonzales",Male,2018-06-26,N/a,"809 Quezon Street","San Fernando City",Philippines,Unknown
P00351,"Carlos Mendoza",Female,2008-09-15,09742478559,"194 Main Street","Manila City",Philippines,Active
P00352,"Ramon Torres",Female,2001-09-13,N/a,"668 National Street","Caloocan City",Philippines,Unknown
P00353,"Bea Bautista",Male,1964-09-20,09937339300,"380 National Street","Meycauayan City",Philippines,Inactive
P00354,"Mark Aquino",Male,2009-06-15,09928531242,"458 Rizal Street","Quezon  City",Philippines,Unknown
P00355,"John Castillo",Male,1995-02-01,09272591127,"844 Rizal Street","Malolos City",Philippines,Active
P00356,"Jose Mendoza",Female,1973-04-08,N/a,"629 National Street","Caloocan City",Philippines,Active
P00357,"Kevin Cruz",Male,1958-02-04,09936138432,"630 Rizal Street","Manila City",Philippines,Active
P00358,"Juan Reyes",Male,1964-10-02,09999880518,"531 Main Street","Quezon  City",Philippines,Inactive
P00359,"Luis Rivera",Male,1971-03-25,N/a,"953 Quezon Street","Malolos City",Philippines,Inactive
P00360,"Miguel Gonzales",Male,1949-07-20,09177723844,"823 National Street","Caloocan City",Philippines,Unknown
P00361,"Ramon Aquino",Female,2009-01-28,N/a,"919 National Street","Manila City",Philippines,Active
P00362,"Angela Santos",Female,1996-11-05,N/a,"979 Mabini Street","Meycauayan City",Philippines,Inactive
P00363,"Daniel Mendoza",Male,1975-10-16,09291689952,"363 Rizal Street","Malolos City",Philippines,Active
P00364,"Sofia Cruz",Female,1957-11-29,09942488275,"208 Rizal Street","Malolos City",Philippines,Active
P00365,"Ana Santos",Male,2000-08-18,N/a,"381 National Street","San Fernando City",Philippines,Inactive
P00366,"Kevin Reyes",Unknown,1985-11-08,09527219856,"539 Quezon Street","Malolos City",Philippines,Inactive
P00367,"Ramon Flores",Female,2009-08-10,N/a,"324 Main Street","Manila City",Philippines,Unknown
P00368,"Bea Santos",Male,1972-06-09,09935119175,"276 Quezon Street","Malolos City",Philippines,Inactive
P00369,"Miguel Cruz",Female,1958-11-20,09491977208,"462 Rizal Street","Malolos City",Philippines,Active
P00370,"Ana Navarro",Male,2012-02-20,09968011418,"820 Rizal Street","Malolos City",Philippines,Active
P00371,"Liza Cruz",Female,2020-02-20,09943291641,"257 National Street","Malolos City",Philippines,Unknown
P00372,"Ana Navarro",Female,1945-05-21,N/a,"763 Mabini Street","Caloocan City",Philippines,Inactive
P00373,"Luis Ramos",Unknown,1963-02-13,09965265613,"591 National Street","Meycauayan City",Philippines,Inactive
P00374,"Patricia Bautista",Female,1985-10-17,09184173933,"475 Rizal Street","Makati City",Philippines,Unknown
P00375,"Thomas Aquino",Female,2016-02-27,09468948288,"325 Mabini Street","Caloocan City",Philippines,Inactive
P00376,"Grace Castillo",Unknown,1972-07-31,09970436720,"875 Main Street","Makati City",Philippines,Inactive
P00377,"Jose Garcia",Female,1975-08-15,09202600029,"790 Quezon Street","Meycauayan City",Philippines,Active
P00378,"Angela Aquino",Female,1947-07-25,N/a,"642 Rizal Street","Makati City",Philippines,Active
P00379,"Maria Torres",Male,2017-03-09,N/a,"139 National Street","Makati City",Philippines,Unknown
P00380,"Andrea Torres",Female,1987-11-21,09472769123,"453 Mabini Street","San Fernando City",Philippines,Inactive
P00381,"Carlos Mendoza",Male,1940-01-04,N/a,"548 Main Street","Malolos City",Philippines,Inactive
P00382,"Juan Castillo",Female,2011-08-03,09955511210,"194 Quezon Street","Meycauayan City",Philippines,Unknown
P00383,"Daniel Reyes",Female,2006-02-16,09989516564,"433 Rizal Street","Meycauayan City",Philippines,Inactive
P00384,"Luis Castillo",Male,1977-01-16,09173512612,"653 Quezon Street","Malolos City",Philippines,Inactive
P00385,"Thomas Cruz",Female,1968-10-06,09916661503,"996 Main Street","Caloocan City",Philippines,Active
P00386,"Grace Navarro",Male,1960-11-19,09629946438,"431 Mabini Street","Malolos City",Philippines,Unknown
P00387,"Maria Bautista",Male,2015-09-05,09160170716,"557 Quezon Street","Makati City",Philippines,Inactive
P00388,"Ramon Flores",Male,1950-12-10,09969453211,"472 Main Street","Meycauayan City",Philippines,Unknown
P00389,"Ramon Torres",Male,1968-12-25,09775559969,"260 Quezon Street","Caloocan City",Philippines,Inactive
P00390,"Maria Flores",Female,1959-07-16,09353366389,"172 Mabini Street","Malolos City",Philippines,Unknown
P00391,"Daniel Dela Cruz",Male,1992-02-17,09839170893,"255 Rizal Street","Malolos City",Philippines,Inactive
P00392,"Maria Dela Cruz",Male,1997-10-29,09981988124,"500 Rizal Street","San Fernando City",Philippines,Unknown
P00393,"Sofia Dela Cruz",Female,1973-11-21,N/a,"724 Quezon Street","Meycauayan City",Philippines,Unknown
P00394,"Sofia Aquino",Female,1988-10-08,09447549695,"544 Rizal Street","Malolos City",Philippines,Inactive
P00395,"Luis Bautista",Female,1940-01-24,09934901990,"329 Main Street","Meycauayan City",Philippines,Active
P00396,"Andrea Torres",Female,2008-09-11,N/a,"657 Mabini Street","Quezon  City",Philippines,Active
P00397,"Maria Flores",Female,1956-01-10,09316980704,"33 National Street","Angeles City",Philippines,Inactive
P00398,"Maria Bautista",Female,1994-05-12,09114051099,"480 Main Street","San Fernando City",Philippines,Inactive
P00399,"Maria Flores",Male,1963-11-06,09143650990,"968 Rizal Street","Meycauayan City",Philippines,Active
P00400,"Daniel Ramos",Female,1956-12-30,N/a,"765 Main Street","Malolos City",Philippines,Unknown
P00401,"Liza Rivera",Male,1954-12-19,09963896091,"547 National Street","Malolos City",Philippines,Inactive
P00402,"Luis Bautista",Unknown,1973-05-07,09994992144,"577 National Street","Pasig City",Philippines,Inactive
P00403,"Patricia Cruz",Female,1975-08-16,09914652375,"912 Mabini Street","Manila City",Philippines,Active
P00404,"Sofia Flores",Male,1941-12-12,09694491286,"39 Quezon Street","San Fernando City",Philippines,Active
P00405,"Angela Bautista",Male,1962-06-01,09950305910,"752 Main Street","San Fernando City",Philippines,Active
P00406,"Kevin Flores",Female,2003-01-20,09979947812,"749 National Street","Angeles City",Philippines,Active
P00407,"John Bautista",Unknown,1978-12-18,N/a,"56 Mabini Street","Meycauayan City",Philippines,Inactive
P00408,"Luis Aquino",Female,1969-04-27,N/a,"995 Quezon Street","Malolos City",Philippines,Active
P00409,"Liza Mendoza",Unknown,1975-05-18,09241936908,"562 Quezon Street","Caloocan City",Philippines,Unknown
P00410,"Andrea Gonzales",Unknown,2002-08-10,N/a,"405 National Street","Pasig City",Philippines,Active
P00411,"Jose Mendoza",Unknown,1978-08-01,N/a,"434 Mabini Street","San Fernando City",Philippines,Inactive
P00412,"Patricia Aquino",Female,1942-03-04,09956938140,"452 Main Street","Pasig City",Philippines,Inactive
P00413,"Carlos Castillo",Female,2016-07-03,09360934776,"15 Mabini Street","Quezon  City",Philippines,Unknown
P00414,"Kevin Dela Cruz",Male,1958-10-01,09686797789,"562 Quezon Street","Malolos City",Philippines,Active
P00415,"Ramon Aquino",Female,1987-04-06,09932859916,"809 National Street","Caloocan City",Philippines,Unknown
P00416,"Juan Santos",Female,1999-03-31,09811871111,"300 Quezon Street","Pasig City",Philippines,Active
P00417,"John Cruz",Unknown,1993-07-26,N/a,"575 Main Street","Manila City",Philippines,Inactive
P00418,"John Cruz",Female,2006-10-13,09834769041,"641 Mabini Street","Pasig City",Philippines,Active
P00419,"Angela Rivera",Female,2019-11-18,09342235452,"919 Quezon Street","Makati City",Philippines,Unknown
P00420,"Andrea Torres",Male,2018-04-17,N/a,"994 Mabini Street","Malolos City",Philippines,Unknown
P00421,"Luis Reyes",Female,1998-07-15,09982659280,"317 National Street","Makati City",Philippines,Active
P00422,"Bea Rivera",Female,1968-06-25,09981532887,"326 Rizal Street","Manila City",Philippines,Unknown
P00423,"Liza Mendoza",Female,2006-11-22,09935224021,"27 National Street","Malolos City",Philippines,Active
P00424,"Thomas Garcia",Female,2001-08-31,09920667011,"515 National Street","Malolos City",Philippines,Active
P00425,"Ramon Cruz",Female,1952-05-03,09307511166,"948 Mabini Street","Angeles City",Philippines,Active
P00426,"Sofia Santos",Female,1979-05-30,N/a,"415 Main Street","Malolos City",Philippines,Inactive
P00427,"Ramon Aquino",Female,1991-04-24,09675696756,"463 Quezon Street","Manila City",Philippines,Unknown
P00428,"Maria Ramos",Female,1986-04-21,09571976780,"793 Mabini Street","Malolos City",Philippines,Unknown
P00429,"Mark Aquino",Male,2001-11-24,09252728624,"740 National Street","Quezon  City",Philippines,Active
P00430,"Ramon Gonzales",Male,1980-06-13,N/a,"93 Mabini Street","San Fernando City",Philippines,Active
P00431,"Jose Santos",Female,1980-04-25,09980305568,"388 National Street","Angeles City",Philippines,Active
P00432,"John Aquino",Unknown,1999-03-03,N/a,"316 Mabini Street","Malolos City",Philippines,Active
P00433,"Ana Rivera",Female,1958-03-14,N/a,"876 Quezon Street","Meycauayan City",Philippines,Unknown
P00434,"Daniel Garcia",Male,1999-03-01,09587197988,"251 National Street","Caloocan City",Philippines,Active
P00435,"Miguel Reyes",Male,1998-08-10,09134860070,"943 Main Street","Manila City",Philippines,Unknown
P00436,"Miguel Reyes",Female,1965-07-06,N/a,"768 National Street","San Fernando City",Philippines,Active
P00437,"Mark Bautista",Male,2020-07-09,09980752567,"300 Quezon Street","Makati City",Philippines,Inactive
P00438,"John Ramos",Female,1987-01-25,09847141233,"586 National Street","Quezon  City",Philippines,Inactive
P00439,"Liza Aquino",Unknown,1968-05-23,09987194344,"630 National Street","Malolos City",Philippines,Unknown
P00440,"Miguel Rivera",Male,1960-11-16,N/a,"641 Main Street","Pasig City",Philippines,Unknown
P00441,"Maria Bautista",Male,1990-04-11,09316057249,"810 Main Street","Caloocan City",Philippines,Inactive
P00442,"Juan Santos",Female,1969-11-25,09986359356,"199 Mabini Street","San Fernando City",Philippines,Unknown
P00443,"Maria Torres",Female,1983-03-13,N/a,"803 Quezon Street","Manila City",Philippines,Inactive
P00444,"Luis Ramos",Male,1958-09-07,09836042826,"993 Rizal Street","Caloocan City",Philippines,Inactive
P00445,"Ramon Torres",Male,2015-07-29,09713086866,"886 Mabini Street","San Fernando City",Philippines,Inactive
P00446,"Liza Santos",Female,2018-09-07,09970653840,"538 Mabini Street","Makati City",Philippines,Inactive
P00447,"Maria Castillo",Female,2021-12-09,09977913458,"195 Mabini Street","Malolos City",Philippines,Inactive
P00448,"Carlos Castillo",Unknown,1948-10-24,N/a,"397 National Street","Quezon  City",Philippines,Inactive
P00449,"Maria Torres",Unknown,1993-04-25,09149527297,"24 National Street","Caloocan City",Philippines,Inactive
P00450,"Sofia Garcia",Male,1964-10-26,09820629738,"153 Rizal Street","Caloocan City",Philippines,Active
P00451,"Thomas Ramos",Male,1949-03-08,09689863432,"145 Mabini Street","Malolos City",Philippines,Active
P00452,"Jose Mendoza",Male,2020-01-18,09680440242,"483 Main Street","Quezon  City",Philippines,Active
P00453,"Jose Gonzales",Female,1956-01-21,09997884798,"320 Mabini Street","Pasig City",Philippines,Unknown
P00454,"Bea Reyes",Male,2012-12-03,N/a,"238 Rizal Street","Makati City",Philippines,Inactive
P00455,"Ramon Reyes",Female,1999-09-04,09946944681,"67 Quezon Street","Quezon  City",Philippines,Unknown
P00456,"Grace Flores",Female,1965-04-28,09749012758,"416 Main Street","San Fernando City",Philippines,Inactive
P00457,"Luis Cruz",Female,1992-12-23,N/a,"394 Main Street","San Fernando City",Philippines,Unknown
P00458,"Liza Aquino",Unknown,1970-09-13,N/a,"118 National Street","Malolos City",Philippines,Inactive
P00459,"Luis Santos",Unknown,1979-12-10,N/a,"336 Quezon Street","Manila City",Philippines,Active
P00460,"Carlos Rivera",Male,2021-01-12,N/a,"545 Mabini Street","Angeles City",Philippines,Active
P00461,"Sofia Torres",Male,1966-11-21,09952923229,"597 Main Street","Malolos City",Philippines,Active
P00462,"Mark Dela Cruz",Male,2020-11-02,09157045020,"882 Mabini Street","Manila City",Philippines,Unknown
P00463,"Bea Gonzales",Female,1968-07-16,09961212793,"487 Rizal Street","Pasig City",Philippines,Inactive
P00464,"Liza Reyes",Male,2018-04-18,09911557295,"739 Quezon Street","Angeles City",Philippines,Active
P00465,"Carlos Torres",Unknown,1977-04-22,N/a,"522 Quezon Street","Meycauayan City",Philippines,Unknown
P00466,"Patricia Garcia",Female,1978-02-08,09634849720,"421 National Street","Malolos City",Philippines,Active
P00467,"Maria Aquino",Female,2003-03-28,09987882357,"748 National Street","Caloocan City",Philippines,Active
P00468,"Andrea Rivera",Male,1947-12-08,09896323099,"628 Main Street","San Fernando City",Philippines,Unknown
P00469,"Grace Ramos",Female,1991-06-29,09957059428,"172 Main Street","Malolos City",Philippines,Inactive
P00470,"Maria Torres",Female,1991-11-13,09715103737,"294 Quezon Street","Quezon  City",Philippines,Active
P00471,"Angela Mendoza",Female,1995-03-31,09944488013,"932 National Street","Makati City",Philippines,Inactive
P00472,"Miguel Mendoza",Unknown,2002-11-13,09620677295,"352 Main Street","Makati City",Philippines,Unknown
P00473,"Liza Castillo",Female,1961-05-07,09279645375,"56 Mabini Street","Quezon  City",Philippines,Active
P00474,"Grace Gonzales",Female,1967-01-14,N/a,"486 Mabini Street","Makati City",Philippines,Active
P00475,"Mark Rivera",Unknown,1980-04-06,09828526750,"940 National Street","San Fernando City",Philippines,Inactive
P00476,"John Mendoza",Male,2011-12-24,N/a,"792 Rizal Street","Malolos City",Philippines,Inactive
P00477,"Miguel Bautista",Male,1940-12-12,09993019801,"538 Main Street","Malolos City",Philippines,Active
P00478,"Mark Mendoza",Female,1943-01-20,09765072705,"726 Main Street","Quezon  City",Philippines,Unknown
P00479,"Bea Castillo",Female,2020-05-20,N/a,"677 Main Street","Malolos City",Philippines,Unknown
P00480,"John Mendoza",Female,2010-01-16,09511075194,"62 Mabini Street","Caloocan City",Philippines,Unknown
P00481,"Jose Cruz",Female,1994-10-02,09996635285,"554 Quezon Street","Pasig City",Philippines,Unknown
P00482,"Angela Santos",Male,1946-07-17,09713476544,"919 Quezon Street","Makati City",Philippines,Active
P00483,"Ramon Mendoza",Female,2002-10-21,N/a,"490 Quezon Street","Angeles City",Philippines,Active
P00484,"Juan Gonzales",Female,2013-05-20,09674770216,"699 Mabini Street","Angeles City",Philippines,Active
P00485,"Patricia Ramos",Unknown,1970-07-05,09948917593,"568 Main Street","Angeles City",Philippines,Inactive
P00486,"Ramon Rivera",Male,1996-07-29,09921390049,"144 Main Street","Pasig City",Philippines,Active
P00487,"Kevin Gonzales",Male,2011-02-13,N/a,"990 Main Street","Manila City",Philippines,Active
P00488,"John Castillo",Female,1943-11-03,N/a,"963 National Street","Makati City",Philippines,Active
P00489,"Maria Navarro",Female,1983-11-11,09992996496,"15 Rizal Street","Manila City",Philippines,Active
P00490,"Grace Aquino",Female,2014-12-10,09924271532,"65 Rizal Street","Angeles City",Philippines,Unknown
P00491,"John Santos",Female,1991-09-03,09247456327,"608 Rizal Street","San Fernando City",Philippines,Active
P00492,"Angela Reyes",Unknown,1977-03-30,N/a,"250 National Street","Manila City",Philippines,Active
P00493,"Thomas Gonzales",Unknown,1954-02-25,09920834405,"949 Main Street","Malolos City",Philippines,Unknown
P00494,"Kevin Navarro",Female,1958-06-30,N/a,"245 Rizal Street","Malolos City",Philippines,Active
P00495,"Kevin Aquino",Male,1996-04-07,09966208488,"121 National Street","Quezon  City",Philippines,Active
P00496,"Grace Castillo",Female,1999-02-24,09917122803,"702 Quezon Street","Malolos City",Philippines,Active
P00497,"Maria Dela Cruz",Female,1972-09-02,N/a,"45 Main Street","Manila City",Philippines,Active
P00498,"Juan Cruz",Male,1950-05-31,N/a,"204 Mabini Street","Pasig City",Philippines,Inactive
P00499,"Daniel Santos",Female,2006-03-09,N/a,"600 Quezon Street","Manila City",Philippines,Active
P00500,"Sofia Rivera",Male,1980-10-26,09960128319,"648 Mabini Street","Caloocan City",Philippines,Inactive
P00501,"Carlos Dela Cruz",Female,1991-01-07,N/a,"429 Rizal Street","San Fernando City",Philippines,Inactive
P00502,"Thomas Reyes",Unknown,2011-04-14,09282466834,"422 National Street","Malolos City",Philippines,Unknown
P00503,"Grace Mendoza",Male,2005-06-29,N/a,"594 Rizal Street","Malolos City",Philippines,Active
P00504,"Liza Dela Cruz",Male,1982-03-23,N/a,"830 Main Street","Malolos City",Philippines,Active
P00505,"Jose Ramos",Unknown,1941-02-11,09927812303,"664 Main Street","Manila City",Philippines,Inactive
P00506,"Miguel Navarro",Female,2016-12-19,N/a,"791 Rizal Street","Angeles City",Philippines,Inactive
P00507,"Grace Navarro",Female,1940-02-14,09670015488,"437 Mabini Street","Malolos City",Philippines,Active
P00508,"Thomas Rivera",Male,2006-01-03,N/a,"375 Quezon Street","Malolos City",Philippines,Inactive
P00509,"Patricia Reyes",Female,1990-02-17,09937476059,"553 Main Street","Malolos City",Philippines,Active
P00510,"John Bautista",Male,1985-03-05,09168072547,"464 Quezon Street","Meycauayan City",Philippines,Unknown
P00511,"Luis Torres",Unknown,1987-10-21,09993342668,"914 Quezon Street","Quezon  City",Philippines,Unknown
P00512,"Miguel Mendoza",Male,1949-10-23,N/a,"155 Rizal Street","Meycauayan City",Philippines,Inactive
P00513,"Liza Torres",Male,1951-11-05,09576513604,"194 Main Street","Manila City",Philippines,Inactive
P00514,"Liza Aquino",Male,1998-10-30,N/a,"469 Mabini Street","Malolos City",Philippines,Inactive
P00515,"Miguel Castillo",Male,1960-05-06,09948674340,"362 Mabini Street","Malolos City",Philippines,Active
P00516,"Luis Mendoza",Female,1955-09-25,09225516904,"589 Rizal Street","Malolos City",Philippines,Inactive
P00517,"Miguel Garcia",Male,2003-06-10,09469234820,"460 National Street","Makati City",Philippines,Active
P00518,"Juan Gonzales",Female,2008-12-11,09267510720,"663 Mabini Street","Malolos City",Philippines,Active
P00519,"Bea Navarro",Female,1970-05-21,09885593029,"316 Main Street","Angeles City",Philippines,Unknown
P00520,"Patricia Santos",Male,1944-12-08,09936192555,"801 Mabini Street","Pasig City",Philippines,Active
P00521,"Luis Flores",Female,2000-09-28,09308792286,"618 National Street","Meycauayan City",Philippines,Inactive
P00522,"Ramon Reyes",Female,2016-08-06,09500312045,"354 Mabini Street","Caloocan City",Philippines,Active
P00523,"Sofia Navarro",Female,2006-07-11,N/a,"747 Quezon Street","Makati City",Philippines,Active
P00524,"Sofia Mendoza",Female,2017-10-30,09460150990,"7 Quezon Street","Caloocan City",Philippines,Active
P00525,"Luis Cruz",Female,1990-12-13,09993674050,"568 Quezon Street","Manila City",Philippines,Inactive
P00526,"Kevin Ramos",Female,1981-07-30,09265354069,"979 Quezon Street","Quezon  City",Philippines,Unknown
P00527,"Miguel Cruz",Female,1997-11-05,N/a,"994 Main Street","Malolos City",Philippines,Unknown
P00528,"Bea Gonzales",Unknown,1963-02-20,09845439994,"866 Mabini Street","Makati City",Philippines,Active
P00529,"John Cruz",Female,1952-02-26,N/a,"652 Mabini Street","Manila City",Philippines,Inactive
P00530,"Andrea Torres",Male,1986-02-06,09994292753,"557 Mabini Street","San Fernando City",Philippines,Inactive
P00531,"Patricia Santos",Male,1992-01-14,09113832976,"382 Quezon Street","Angeles City",Philippines,Active
P00532,"Ana Garcia",Female,1985-02-27,09992895309,"428 Quezon Street","Quezon  City",Philippines,Active
P00533,"Juan Cruz",Male,1967-12-14,09741797765,"177 Mabini Street","Manila City",Philippines,Active
P00534,"Carlos Flores",Female,1952-10-08,09430098648,"436 Main Street","Quezon  City",Philippines,Unknown
P00535,"Liza Dela Cruz",Female,1949-09-02,N/a,"122 Mabini Street","Manila City",Philippines,Inactive
P00536,"Juan Castillo",Male,2010-03-10,09937568480,"687 Mabini Street","Manila City",Philippines,Active
P00537,"Angela Aquino",Male,1971-08-06,09637552108,"102 National Street","Manila City",Philippines,Active
P00538,"Mark Reyes",Unknown,1988-03-09,N/a,"376 National Street","Makati City",Philippines,Active
P00539,"Miguel Flores",Male,1974-01-21,09330074958,"780 Mabini Street","Quezon  City",Philippines,Active
P00540,"Andrea Reyes",Female,2008-05-21,09856699057,"336 Quezon Street","Quezon  City",Philippines,Inactive
P00541,"Grace Aquino",Female,1967-12-28,N/a,"194 Main Street","Malolos City",Philippines,Active
P00542,"Juan Torres",Female,2000-04-18,09525598787,"147 Quezon Street","Angeles City",Philippines,Active
P00543,"Jose Bautista",Female,1970-05-19,N/a,"743 Quezon Street","Caloocan City",Philippines,Unknown
P00544,"Patricia Cruz",Female,1994-02-10,N/a,"111 Main Street","Caloocan City",Philippines,Unknown
P00545,"Daniel Torres",Female,1942-08-31,N/a,"695 Main Street","Makati City",Philippines,Inactive
P00546,"Carlos Mendoza",Male,1995-11-30,N/a,"812 Quezon Street","Pasig City",Philippines,Unknown
P00547,"Kevin Ramos",Male,1988-08-30,09969174243,"441 Main Street","Angeles City",Philippines,Inactive
P00548,"Ramon Cruz",Female,1943-03-25,09984714519,"504 Quezon Street","Makati City",Philippines,Unknown
P00549,"Kevin Castillo",Male,1991-01-13,N/a,"576 Rizal Street","Meycauayan City",Philippines,Unknown
P00550,"Angela Cruz",Male,1973-11-22,09922957720,"63 Main Street","Malolos City",Philippines,Active
P00551,"Patricia Bautista",Unknown,2006-07-28,09128883480,"439 Mabini Street","San Fernando City",Philippines,Inactive
P00552,"Maria Torres",Female,1962-03-19,09795873638,"890 Mabini Street","Quezon  City",Philippines,Active
P00553,"Juan Ramos",Male,1943-05-09,N/a,"274 Main Street","Malolos City",Philippines,Inactive
P00554,"Ramon Aquino",Female,1968-12-04,09207444545,"509 National Street","San Fernando City",Philippines,Inactive
P00555,"Patricia Gonzales",Female,1984-08-01,09675347404,"305 National Street","Angeles City",Philippines,Active
P00556,"Bea Santos",Male,1970-03-21,N/a,"438 Rizal Street","San Fernando City",Philippines,Inactive
P00557,"Andrea Castillo",Male,1978-11-02,09544877494,"640 National Street","Malolos City",Philippines,Active
P00558,"Andrea Flores",Female,1991-10-02,09984688399,"960 National Street","Malolos City",Philippines,Active
P00559,"Andrea Garcia",Male,1981-06-28,N/a,"421 Mabini Street","Quezon  City",Philippines,Unknown
P00560,"Angela Flores",Male,1997-12-16,09990696029,"117 Rizal Street","Pasig City",Philippines,Active
P00561,"Mark Cruz",Female,1990-03-23,09996828407,"280 Rizal Street","Manila City",Philippines,Inactive
P00562,"Luis Reyes",Female,2016-06-25,09875750551,"881 Main Street","San Fernando City",Philippines,Active
P00563,"Liza Rivera",Male,2000-04-04,09526162812,"535 National Street","Meycauayan City",Philippines,Unknown
P00564,"Jose Garcia",Male,1950-12-20,09988426937,"958 Quezon Street","Pasig City",Philippines,Active
P00565,"Miguel Garcia",Male,1979-06-05,09160092268,"717 Main Street","San Fernando City",Philippines,Unknown
P00566,"Daniel Mendoza",Unknown,1952-12-31,09610265498,"661 National Street","Manila City",Philippines,Active
P00567,"Angela Ramos",Female,1967-09-30,N/a,"398 Main Street","Angeles City",Philippines,Inactive
P00568,"Jose Rivera",Unknown,2007-11-19,09272083626,"901 Quezon Street","Manila City",Philippines,Active
P00569,"Kevin Cruz",Female,1977-01-17,09966689004,"716 Mabini Street","Meycauayan City",Philippines,Inactive
P00570,"Liza Aquino",Female,2012-12-22,09892191168,"657 Rizal Street","Malolos City",Philippines,Active
P00571,"Ramon Garcia",Female,1967-05-31,09921036999,"529 Rizal Street","Malolos City",Philippines,Inactive
P00572,"Grace Cruz",Unknown,2005-12-15,09838164958,"204 Main Street","Angeles City",Philippines,Active
P00573,"Ramon Rivera",Female,2014-11-18,09341041227,"998 Quezon Street","Pasig City",Philippines,Active
P00574,"Maria Gonzales",Male,1978-06-24,09930032157,"970 National Street","Quezon  City",Philippines,Unknown
P00575,"Grace Flores",Female,1984-05-01,09304554661,"765 Quezon Street","Angeles City",Philippines,Unknown
P00576,"Sofia Aquino",Female,2013-12-06,N/a,"812 Rizal Street","Manila City",Philippines,Inactive
P00577,"Daniel Aquino",Female,2021-05-26,09496895499,"11 Quezon Street","Makati City",Philippines,Unknown
P00578,"Sofia Navarro",Female,2003-07-23,09890385760,"571 Main Street","Manila City",Philippines,Active
P00579,"Kevin Rivera",Male,1994-05-26,N/a,"310 Quezon Street","San Fernando City",Philippines,Active
P00580,"Bea Reyes",Male,1955-03-29,09629182734,"325 National Street","Angeles City",Philippines,Inactive
P00581,"Ana Bautista",Male,1951-06-22,N/a,"290 Mabini Street","Malolos City",Philippines,Inactive
P00582,"Liza Rivera",Female,1968-04-22,09919990226,"194 Rizal Street","Manila City",Philippines,Active
P00583,"Maria Cruz",Male,1954-09-03,N/a,"366 National Street","Malolos City",Philippines,Unknown
P00584,"Ana Flores",Female,2017-10-08,09200444180,"185 Rizal Street","Meycauayan City",Philippines,Active
P00585,"Bea Dela Cruz",Male,2008-10-18,N/a,"694 Main Street","San Fernando City",Philippines,Inactive
P00586,"Ana Gonzales",Male,1992-12-17,09998697433,"472 Quezon Street","Malolos City",Philippines,Active
P00587,"John Dela Cruz",Female,1995-11-01,09448875327,"821 Mabini Street","San Fernando City",Philippines,Active
P00588,"Luis Aquino",Female,1948-04-20,09373980159,"22 Rizal Street","Makati City",Philippines,Unknown
P00589,"Mark Torres",Unknown,1998-09-05,09627082537,"926 National Street","Makati City",Philippines,Active
P00590,"Patricia Ramos",Female,1983-12-04,09516707955,"775 Quezon Street","San Fernando City",Philippines,Unknown
P00591,"Liza Santos",Male,1986-01-20,N/a,"540 National Street","Quezon  City",Philippines,Unknown
P00592,"Liza Santos",Unknown,1982-11-06,09927151649,"536 Quezon Street","Caloocan City",Philippines,Active
P00593,"Maria Ramos",Male,1985-10-24,09598952510,"261 National Street","Quezon  City",Philippines,Active
P00594,"Grace Reyes",Unknown,1956-05-06,09546959936,"602 Quezon Street","Malolos City",Philippines,Inactive
P00595,"Miguel Garcia",Female,1947-01-07,09378440227,"6 Quezon Street","Quezon  City",Philippines,Active
P00596,"Kevin Cruz",Female,1976-05-05,N/a,"824 Mabini Street","Quezon  City",Philippines,Active
P00597,"Juan Garcia",Male,2013-03-15,N/a,"665 Rizal Street","Pasig City",Philippines,Active
P00598,"Jose Mendoza",Unknown,1981-07-29,09966623671,"925 Rizal Street","Malolos City",Philippines,Unknown
P00599,"Juan Flores",Female,1992-07-02,09316185483,"342 Main Street","Quezon  City",Philippines,Unknown
P00600,"Kevin Navarro",Male,1993-06-15,N/a,"526 National Street","Malolos City",Philippines,Active
P00601,"Maria Ramos",Male,1977-11-10,N/a,"911 Quezon Street","Quezon  City",Philippines,Inactive
P00602,"Grace Navarro",Female,1941-11-12,N/a,"238 National Street","Pasig City",Philippines,Unknown
P00603,"Carlos Rivera",Male,2004-11-11,N/a,"819 Rizal Street","Malolos City",Philippines,Inactive
P00604,"Jose Torres",Female,1951-08-01,09314194552,"813 Quezon Street","Malolos City",Philippines,Active
P00605,"Sofia Ramos",Male,1941-08-17,09957921617,"848 National Street","Manila City",Philippines,Inactive
P00606,"Liza Santos",Male,1960-05-03,09622253255,"804 Mabini Street","Manila City",Philippines,Active
P00607,"Andrea Aquino",Female,1949-05-05,09570112847,"801 National Street","Malolos City",Philippines,Active
P00608,"Andrea Santos",Female,1996-07-06,N/a,"781 National Street","Malolos City",Philippines,Active
P00609,"Patricia Bautista",Unknown,1952-05-11,09968936139,"855 Quezon Street","San Fernando City",Philippines,Active
P00610,"Jose Mendoza",Male,2004-02-29,09994482060,"772 National Street","Angeles City",Philippines,Active
P00611,"Liza Gonzales",Female,2020-07-26,09958556533,"789 Main Street","Meycauayan City",Philippines,Active
P00612,"John Bautista",Female,2009-04-17,09918250139,"925 National Street","Manila City",Philippines,Unknown
P00613,"Ramon Rivera",Female,2002-11-14,09469511325,"922 National Street","Malolos City",Philippines,Unknown
P00614,"Grace Torres",Female,2019-08-18,09800184179,"909 Quezon Street","Pasig City",Philippines,Active
P00615,"Maria Ramos",Male,1974-12-27,09658850084,"524 National Street","Caloocan City",Philippines,Active
P00616,"Juan Dela Cruz",Unknown,1988-06-09,N/a,"518 Main Street","Manila City",Philippines,Inactive
P00617,"Andrea Bautista",Male,1944-04-13,N/a,"348 Rizal Street","Malolos City",Philippines,Inactive
P00618,"Mark Mendoza",Female,2010-05-28,09928786655,"108 Mabini Street","Meycauayan City",Philippines,Inactive
P00619,"Grace Santos",Female,2003-11-05,09989528128,"436 Rizal Street","Malolos City",Philippines,Unknown
P00620,"Jose Bautista",Female,1987-03-19,09657276233,"599 Quezon Street","Angeles City",Philippines,Unknown
P00621,"Liza Flores",Female,1952-12-12,09975063976,"992 National Street","Meycauayan City",Philippines,Active
P00622,"Grace Cruz",Male,2006-12-21,09700250339,"124 Mabini Street","Malolos City",Philippines,Active
P00623,"Andrea Reyes",Male,1973-04-29,09502073105,"811 Rizal Street","Makati City",Philippines,Active
P00624,"Mark Rivera",Male,1959-05-05,09102230523,"70 Main Street","Angeles City",Philippines,Inactive
P00625,"Bea Cruz",Male,2010-02-05,N/a,"780 Quezon Street","Malolos City",Philippines,Inactive
P00626,"Jose Castillo",Male,1999-08-13,09349976336,"554 Main Street","Malolos City",Philippines,Active
P00627,"Miguel Navarro",Male,1991-04-26,09996591866,"979 National Street","Meycauayan City",Philippines,Active
P00628,"Kevin Ramos",Male,1950-10-16,09912546591,"850 National Street","Malolos City",Philippines,Inactive
P00629,"Ramon Aquino",Male,1984-02-03,09465025573,"881 National Street","San Fernando City",Philippines,Inactive
P00630,"Jose Santos",Male,1988-08-09,09406394085,"158 Mabini Street","Angeles City",Philippines,Active
P00631,"Thomas Bautista",Female,1942-06-09,09962336822,"423 Mabini Street","Caloocan City",Philippines,Active
P00632,"Maria Garcia",Female,2007-06-23,N/a,"973 Main Street","Caloocan City",Philippines,Inactive
P00633,"Grace Ramos",Female,1945-11-14,09131038055,"276 National Street","Malolos City",Philippines,Active
P00634,"Luis Torres",Unknown,1951-04-07,09964592513,"802 Rizal Street","San Fernando City",Philippines,Active
P00635,"Luis Gonzales",Male,1980-07-11,09972364542,"1 Main Street","Malolos City",Philippines,Inactive
P00636,"Ramon Bautista",Unknown,1996-09-19,09978495121,"757 National Street","Malolos City",Philippines,Inactive
P00637,"Jose Gonzales",Female,1951-01-12,09984689357,"626 National Street","San Fernando City",Philippines,Inactive
P00638,"Grace Mendoza",Female,1999-06-01,09466822211,"936 Rizal Street","Manila City",Philippines,Active
P00639,"Juan Torres",Female,1977-01-24,09847850381,"807 Main Street","Meycauayan City",Philippines,Unknown
P00640,"Ana Bautista",Unknown,1973-10-07,09484362791,"474 Mabini Street","Pasig City",Philippines,Active
P00641,"Daniel Navarro",Male,2008-01-15,09305625093,"828 Rizal Street","Pasig City",Philippines,Inactive
P00642,"Maria Mendoza",Female,2021-02-22,09324504731,"891 Mabini Street","Malolos City",Philippines,Active
P00643,"Luis Garcia",Female,2006-04-13,09821742994,"603 Rizal Street","Quezon  City",Philippines,Inactive
P00644,"Bea Flores",Female,2019-01-14,09305913878,"698 National Street","Malolos City",Philippines,Unknown
P00645,"Maria Flores",Male,1978-10-21,N/a,"508 Mabini Street","Meycauayan City",Philippines,Active
P00646,"Maria Mendoza",Female,1987-10-07,09520742649,"84 National Street","Manila City",Philippines,Unknown
P00647,"Jose Rivera",Female,1957-08-30,09453502263,"492 Quezon Street","Manila City",Philippines,Inactive
P00648,"Daniel Santos",Female,1961-05-20,09917305854,"967 Main Street","Malolos City",Philippines,Active
P00649,"Grace Aquino",Male,1947-09-03,09960653117,"64 Quezon Street","Manila City",Philippines,Unknown
P00650,"Jose Santos",Female,1945-01-02,09156052697,"633 Quezon Street","Pasig City",Philippines,Unknown
P00651,"Ramon Cruz",Unknown,1978-05-29,N/a,"530 Mabini Street","Malolos City",Philippines,Active
P00652,"Ana Dela Cruz",Male,2003-12-29,09715431136,"364 Quezon Street","Malolos City",Philippines,Active
P00653,"Daniel Reyes",Unknown,1943-12-15,09727683123,"319 National Street","Meycauayan City",Philippines,Active
P00654,"Kevin Mendoza",Male,1970-10-06,09496028184,"244 National Street","Meycauayan City",Philippines,Unknown
P00655,"Patricia Garcia",Female,1997-06-19,N/a,"712 Quezon Street","Malolos City",Philippines,Inactive
P00656,"Thomas Mendoza",Female,1969-06-25,N/a,"225 Main Street","Pasig City",Philippines,Unknown
P00657,"Thomas Garcia",Female,1983-02-17,09960454028,"846 Main Street","San Fernando City",Philippines,Active
P00658,"Patricia Dela Cruz",Male,1950-05-02,09412003832,"999 Main Street","Pasig City",Philippines,Inactive
P00659,"Miguel Garcia",Male,2004-06-27,09984424395,"23 Rizal Street","Caloocan City",Philippines,Active
P00660,"Carlos Gonzales",Female,2010-08-22,09938217583,"379 Mabini Street","Makati City",Philippines,Active
P00661,"Ana Reyes",Female,2011-04-25,09506072789,"614 Quezon Street","Pasig City",Philippines,Active
P00662,"Luis Mendoza",Unknown,1953-04-30,09917148298,"872 National Street","Malolos City",Philippines,Active
P00663,"Jose Castillo",Female,2010-12-18,09646175115,"511 National Street","Malolos City",Philippines,Inactive
P00664,"Patricia Ramos",Female,1983-05-11,09608693948,"213 Rizal Street","Pasig City",Philippines,Active
P00665,"Ramon Garcia",Male,1978-02-17,09713504282,"138 Main Street","Caloocan City",Philippines,Inactive
P00666,"Daniel Aquino",Male,1981-09-27,N/a,"443 Quezon Street","San Fernando City",Philippines,Inactive
P00667,"Angela Gonzales",Male,1956-02-10,09792922731,"924 Main Street","Caloocan City",Philippines,Inactive
P00668,"Daniel Santos",Male,1946-05-26,09983286377,"692 Mabini Street","Caloocan City",Philippines,Inactive
P00669,"Sofia Navarro",Male,1952-05-14,09926860243,"843 Mabini Street","Angeles City",Philippines,Active
P00670,"Kevin Torres",Male,2008-04-14,N/a,"240 National Street","Malolos City",Philippines,Unknown
P00671,"John Castillo",Male,1968-02-01,N/a,"874 National Street","Manila City",Philippines,Active
P00672,"Bea Flores",Female,1967-05-31,09995869502,"231 Quezon Street","Angeles City",Philippines,Inactive
P00673,"John Aquino",Male,1990-12-02,N/a,"210 Quezon Street","Quezon  City",Philippines,Active
P00674,"Kevin Santos",Male,1991-02-03,09786124569,"692 National Street","Makati City",Philippines,Unknown
P00675,"Juan Reyes",Female,1946-03-27,09404746849,"466 Main Street","San Fernando City",Philippines,Active
P00676,"John Flores",Female,1975-02-01,N/a,"761 Main Street","Angeles City",Philippines,Active
P00677,"Sofia Mendoza",Female,2013-05-17,09991028510,"515 Quezon Street","Caloocan City",Philippines,Active
P00678,"Carlos Cruz",Male,2013-12-22,N/a,"472 Quezon Street","Malolos City",Philippines,Active
P00679,"Mark Torres",Female,1971-02-10,N/a,"256 Rizal Street","Malolos City",Philippines,Unknown
P00680,"Ramon Rivera",Female,1956-06-16,09962821563,"907 Rizal Street","Caloocan City",Philippines,Active
P00681,"Sofia Rivera",Female,1976-11-23,09182127653,"420 Quezon Street","Makati City",Philippines,Active
P00682,"Andrea Dela Cruz",Female,1942-05-25,N/a,"877 Rizal Street","Angeles City",Philippines,Active
P00683,"Angela Santos",Female,1952-03-30,09819724388,"85 National Street","Pasig City",Philippines,Active
P00684,"Kevin Flores",Male,2015-07-02,09912424794,"302 Main Street","Meycauayan City",Philippines,Active
P00685,"Jose Torres",Unknown,1941-01-02,09969144114,"732 Main Street","Meycauayan City",Philippines,Unknown
P00686,"Maria Flores",Female,2012-10-20,N/a,"707 Mabini Street","Malolos City",Philippines,Active
P00687,"Maria Castillo",Female,2008-10-26,09368113097,"17 Quezon Street","Manila City",Philippines,Inactive
P00688,"Sofia Torres",Female,1945-09-01,09203726898,"426 National Street","Quezon  City",Philippines,Inactive
P00689,"Luis Torres",Female,1996-01-16,09963024581,"219 Main Street","San Fernando City",Philippines,Active
P00690,"Juan Gonzales",Female,1968-05-15,09517885994,"674 Mabini Street","Malolos City",Philippines,Active
P00691,"Jose Rivera",Female,1976-11-17,09990378849,"258 Main Street","Malolos City",Philippines,Unknown
P00692,"Carlos Bautista",Female,1996-12-31,09815509975,"624 National Street","Malolos City",Philippines,Active
P00693,"Andrea Aquino",Female,1941-03-11,09914930813,"243 Quezon Street","Pasig City",Philippines,Active
P00694,"Carlos Bautista",Female,1966-08-11,09960432035,"946 National Street","Malolos City",Philippines,Active
P00695,"Angela Bautista",Female,2010-08-08,09659282971,"235 Mabini Street","San Fernando City",Philippines,Active
P00696,"Luis Dela Cruz",Female,1962-04-12,09961202173,"453 Main Street","Quezon  City",Philippines,Active
P00697,"Sofia Dela Cruz",Female,1952-09-11,09922315737,"520 Main Street","Angeles City",Philippines,Inactive
P00698,"Miguel Navarro",Female,1961-12-21,09367360851,"591 Quezon Street","Pasig City",Philippines,Unknown
P00699,"Jose Bautista",Female,1973-11-20,N/a,"779 Rizal Street","Malolos City",Philippines,Unknown
P00700,"Liza Flores",Male,2008-01-30,09264039477,"390 Quezon Street","Caloocan City",Philippines,Inactive
P00701,"Ramon Ramos",Male,1983-02-20,09928341704,"159 Rizal Street","Manila City",Philippines,Inactive
P00702,"Kevin Gonzales",Female,1975-05-28,N/a,"907 Main Street","Quezon  City",Philippines,Active
P00703,"Sofia Castillo",Female,1962-11-25,09647187810,"667 Quezon Street","Angeles City",Philippines,Active
P00704,"Kevin Dela Cruz",Unknown,1972-06-03,09792934810,"620 Quezon Street","Makati City",Philippines,Active
P00705,"Thomas Aquino",Female,2015-06-30,N/a,"408 National Street","Quezon  City",Philippines,Unknown
P00706,"Miguel Flores",Female,1962-09-08,09807074221,"752 Quezon Street","Quezon  City",Philippines,Inactive
P00707,"Carlos Mendoza",Female,1958-10-18,N/a,"2 Main Street","Quezon  City",Philippines,Unknown
P00708,"Mark Navarro",Female,1955-04-23,09935018189,"499 Rizal Street","Meycauayan City",Philippines,Unknown
P00709,"Bea Flores",Female,1956-08-26,09968842192,"924 Quezon Street","Malolos City",Philippines,Active
P00710,"Jose Mendoza",Male,1973-11-20,09918625158,"490 Quezon Street","Quezon  City",Philippines,Active
P00711,"Angela Castillo",Male,1999-09-09,09947404741,"385 National Street","Meycauayan City",Philippines,Unknown
P00712,"Kevin Castillo",Male,1994-03-22,09832167558,"837 Rizal Street","San Fernando City",Philippines,Unknown
P00713,"Thomas Dela Cruz",Male,2018-04-30,N/a,"743 Rizal Street","Manila City",Philippines,Inactive
P00714,"Daniel Bautista",Female,1995-06-23,09652884702,"654 Mabini Street","Manila City",Philippines,Active
P00715,"John Torres",Female,1960-12-14,09893723651,"439 Quezon Street","Quezon  City",Philippines,Inactive
P00716,"Thomas Garcia",Female,1952-11-04,N/a,"816 Main Street","Caloocan City",Philippines,Active
P00717,"Grace Santos",Female,1999-06-13,09358666136,"109 Quezon Street","Manila City",Philippines,Inactive
P00718,"Ramon Castillo",Male,1959-10-09,09973928214,"945 National Street","Malolos City",Philippines,Inactive
P00719,"Daniel Rivera",Male,2008-10-01,N/a,"670 National Street","Angeles City",Philippines,Active
P00720,"Angela Santos",Male,1947-11-13,09195712730,"587 Mabini Street","Makati City",Philippines,Unknown
P00721,"Bea Navarro",Male,1967-11-19,N/a,"328 Mabini Street","Makati City",Philippines,Active
P00722,"Ramon Dela Cruz",Male,2016-06-20,09929421410,"512 Quezon Street","Makati City",Philippines,Active
P00723,"Maria Aquino",Male,1967-09-17,09926571059,"507 Mabini Street","Angeles City",Philippines,Inactive
P00724,"Carlos Flores",Female,1958-11-23,N/a,"745 Quezon Street","Caloocan City",Philippines,Active
P00725,"Luis Gonzales",Male,1977-11-24,09519922049,"290 Rizal Street","Meycauayan City",Philippines,Active
P00726,"Carlos Bautista",Unknown,2010-12-27,N/a,"671 Rizal Street","Malolos City",Philippines,Unknown
P00727,"Kevin Mendoza",Female,1958-10-26,09889511532,"744 National Street","Quezon  City",Philippines,Unknown
P00728,"Liza Torres",Unknown,1955-02-03,09203130465,"121 National Street","San Fernando City",Philippines,Active
P00729,"Ramon Garcia",Male,1950-08-28,N/a,"795 Main Street","Malolos City",Philippines,Inactive
P00730,"Grace Bautista",Male,1950-10-07,09926381483,"24 National Street","Malolos City",Philippines,Inactive
P00731,"Ana Castillo",Male,1956-03-31,09854582755,"586 Rizal Street","Quezon  City",Philippines,Active
P00732,"Luis Reyes",Female,2012-12-04,N/a,"66 National Street","Malolos City",Philippines,Active
P00733,"Ana Reyes",Unknown,1993-09-30,09105716605,"41 Rizal Street","Malolos City",Philippines,Active
P00734,"Jose Ramos",Male,2016-05-21,09643460093,"990 National Street","Makati City",Philippines,Active
P00735,"Daniel Mendoza",Male,1986-08-08,N/a,"712 Mabini Street","Meycauayan City",Philippines,Active
P00736,"Ana Torres",Unknown,1944-01-05,09935242818,"981 Rizal Street","Malolos City",Philippines,Inactive
P00737,"Angela Reyes",Female,1995-10-30,N/a,"666 Rizal Street","Angeles City",Philippines,Active
P00738,"Angela Torres",Female,2002-04-22,09937348593,"732 Mabini Street","Malolos City",Philippines,Unknown
P00739,"Carlos Bautista",Unknown,1978-11-26,09365723006,"128 National Street","Quezon  City",Philippines,Active
P00740,"John Torres",Male,1972-07-19,09257147877,"11 Main Street","Angeles City",Philippines,Unknown
P00741,"Ana Castillo",Male,1955-10-07,09882035603,"542 Mabini Street","Malolos City",Philippines,Inactive
P00742,"Thomas Santos",Male,1955-04-27,N/a,"489 National Street","Makati City",Philippines,Active
P00743,"Andrea Navarro",Female,1998-12-29,09253190896,"941 Mabini Street","Pasig City",Philippines,Unknown
P00744,"Miguel Cruz",Male,2011-08-20,09948496283,"313 Main Street","Caloocan City",Philippines,Inactive
P00745,"Jose Torres",Male,1946-11-18,09200538326,"762 Mabini Street","Meycauayan City",Philippines,Active
P00746,"Liza Torres",Male,2005-07-24,09615026653,"416 Main Street","Malolos City",Philippines,Active
P00747,"Liza Navarro",Male,2007-04-04,09362235929,"622 Quezon Street","Makati City",Philippines,Active
P00748,"Jose Bautista",Unknown,1951-12-17,N/a,"175 Mabini Street","Quezon  City",Philippines,Active
P00749,"Luis Flores",Unknown,2016-12-15,09618759248,"219 Main Street","Malolos City",Philippines,Active
P00750,"Mark Rivera",Female,1986-04-01,09624219646,"7 National Street","Malolos City",Philippines,Inactive
P00751,"Patricia Santos",Male,1971-05-17,N/a,"504 Rizal Street","Quezon  City",Philippines,Unknown
P00752,"Ana Rivera",Female,1940-08-14,N/a,"405 Mabini Street","Caloocan City",Philippines,Unknown
P00753,"Miguel Ramos",Unknown,1964-03-05,09998084362,"363 Quezon Street","Manila City",Philippines,Active
P00754,"Ana Garcia",Male,1943-08-12,09523640548,"165 Rizal Street","Malolos City",Philippines,Active
P00755,"Liza Cruz",Male,1984-06-16,09963670451,"113 Main Street","Manila City",Philippines,Active
P00756,"Patricia Ramos",Male,2008-11-04,N/a,"492 Mabini Street","Caloocan City",Philippines,Active
P00757,"Liza Garcia",Male,1953-09-05,09401829297,"718 Rizal Street","Angeles City",Philippines,Unknown
P00758,"Ana Navarro",Female,1985-01-24,09935322723,"124 Rizal Street","Angeles City",Philippines,Inactive
P00759,"Sofia Rivera",Female,1978-03-31,N/a,"418 National Street","Caloocan City",Philippines,Active
P00760,"John Gonzales",Female,1945-07-03,09558565952,"276 Mabini Street","Caloocan City",Philippines,Unknown
P00761,"Daniel Bautista",Male,1956-04-21,09916996855,"293 Quezon Street","Caloocan City",Philippines,Unknown
P00762,"Miguel Mendoza",Female,1972-08-13,09924969117,"340 Mabini Street","San Fernando City",Philippines,Active
P00763,"Angela Garcia",Male,1974-06-15,09214209107,"601 Rizal Street","Pasig City",Philippines,Active
P00764,"Jose Ramos",Male,1970-10-06,09973645847,"45 Rizal Street","Pasig City",Philippines,Inactive
P00765,"Luis Bautista",Male,1980-03-26,09568286479,"171 National Street","Caloocan City",Philippines,Inactive
P00766,"Maria Aquino",Male,2011-04-08,09895336885,"170 Quezon Street","Meycauayan City",Philippines,Unknown
P00767,"Ramon Aquino",Male,1958-07-25,09103866057,"901 National Street","Malolos City",Philippines,Inactive
P00768,"Daniel Mendoza",Female,1964-02-02,09932965874,"299 Main Street","Makati City",Philippines,Active
P00769,"Angela Flores",Unknown,1944-08-15,09984130042,"665 Mabini Street","Malolos City",Philippines,Inactive
P00770,"Jose Navarro",Male,1963-09-09,09538454827,"641 Main Street","San Fernando City",Philippines,Inactive
P00771,"Miguel Mendoza",Male,1988-03-18,09961268618,"837 Quezon Street","Pasig City",Philippines,Inactive
P00772,"Sofia Aquino",Female,2012-06-18,09348882796,"152 Quezon Street","Quezon  City",Philippines,Active
P00773,"Grace Reyes",Unknown,2017-05-13,09626640267,"22 Mabini Street","Makati City",Philippines,Unknown
P00774,"Thomas Garcia",Male,1952-11-15,09557838178,"742 National Street","Makati City",Philippines,Active
P00775,"Ramon Gonzales",Male,1949-11-14,09996500924,"789 Main Street","Caloocan City",Philippines,Active
P00776,"Juan Castillo",Male,1988-08-28,N/a,"778 National Street","Malolos City",Philippines,Inactive
P00777,"John Cruz",Female,1961-11-15,09683607071,"845 Main Street","Quezon  City",Philippines,Active
P00778,"Andrea Rivera",Unknown,1977-04-04,N/a,"395 Rizal Street","San Fernando City",Philippines,Active
P00779,"Ramon Torres",Female,2013-10-25,09628088326,"980 Mabini Street","San Fernando City",Philippines,Inactive
P00780,"Ana Bautista",Male,2020-05-06,09291181911,"615 Rizal Street","Angeles City",Philippines,Inactive
P00781,"Thomas Flores",Male,1971-04-03,09810571926,"831 Main Street","Manila City",Philippines,Active
P00782,"John Reyes",Female,1980-01-28,09221581714,"149 Main Street","San Fernando City",Philippines,Active
P00783,"Ramon Bautista",Male,1984-05-03,09965558669,"822 Rizal Street","Angeles City",Philippines,Unknown
P00784,"Luis Ramos",Female,1987-10-09,N/a,"540 National Street","Pasig City",Philippines,Active
P00785,"Patricia Dela Cruz",Female,2016-04-23,09489122363,"62 Mabini Street","San Fernando City",Philippines,Inactive
P00786,"Grace Reyes",Unknown,2016-07-21,09552127953,"765 Rizal Street","Quezon  City",Philippines,Unknown
P00787,"Juan Navarro",Female,1973-05-06,N/a,"858 National Street","Makati City",Philippines,Active
P00788,"Patricia Reyes",Male,1961-12-25,09986394469,"784 Rizal Street","Malolos City",Philippines,Inactive
P00789,"Kevin Gonzales",Female,1970-04-06,09846512216,"114 Rizal Street","Manila City",Philippines,Active
P00790,"Andrea Reyes",Male,1975-07-24,09695053294,"727 Rizal Street","Angeles City",Philippines,Inactive
P00791,"Jose Ramos",Female,1951-03-24,N/a,"189 National Street","Malolos City",Philippines,Unknown
P00792,"Kevin Bautista",Female,1997-08-02,09276919172,"663 Quezon Street","Pasig City",Philippines,Active
P00793,"Ana Santos",Male,1994-02-11,09130117239,"67 Rizal Street","Malolos City",Philippines,Inactive
P00794,"Sofia Ramos",Female,1997-04-09,N/a,"47 Main Street","San Fernando City",Philippines,Inactive
P00795,"Juan Bautista",Unknown,1965-05-02,09437675538,"998 Rizal Street","Quezon  City",Philippines,Unknown
P00796,"Andrea Santos",Male,2012-06-10,N/a,"601 Main Street","Caloocan City",Philippines,Active
P00797,"Grace Santos",Female,1948-05-14,09251237019,"459 Rizal Street","San Fernando City",Philippines,Inactive
P00798,"Thomas Flores",Female,1943-08-04,09938027431,"581 Quezon Street","Quezon  City",Philippines,Active
P00799,"Mark Ramos",Unknown,2011-07-15,09922631766,"957 Mabini Street","Makati City",Philippines,Inactive
P00800,"Bea Bautista",Male,1948-01-02,09376989400,"782 Quezon Street","Makati City",Philippines,Unknown
P00801,"Maria Bautista",Unknown,1965-09-18,N/a,"376 National Street","Malolos City",Philippines,Inactive
P00802,"Jose Torres",Female,1985-05-22,09915727818,"717 National Street","Manila City",Philippines,Active
P00803,"Mark Gonzales",Female,1991-02-24,09178360259,"358 Quezon Street","Malolos City",Philippines,Active
P00804,"Jose Reyes",Female,1949-09-20,09314177363,"67 Mabini Street","San Fernando City",Philippines,Active
P00805,"Kevin Santos",Male,1980-10-12,09930903218,"328 National Street","Manila City",Philippines,Active
P00806,"Patricia Castillo",Female,1982-06-21,09124680954,"259 Rizal Street","Quezon  City",Philippines,Active
P00807,"Angela Gonzales",Male,1966-10-06,09980434503,"851 Main Street","Quezon  City",Philippines,Inactive
P00808,"Mark Reyes",Female,1971-05-03,N/a,"364 National Street","Angeles City",Philippines,Active
P00809,"Jose Navarro",Female,1991-11-24,09255281581,"155 Quezon Street","Makati City",Philippines,Inactive
P00810,"Ana Castillo",Female,1976-06-16,N/a,"655 National Street","Quezon  City",Philippines,Active
P00811,"Sofia Gonzales",Female,1988-12-28,09960674785,"976 Rizal Street","Malolos City",Philippines,Inactive
P00812,"Patricia Dela Cruz",Male,2020-06-10,N/a,"424 Quezon Street","San Fernando City",Philippines,Unknown
P00813,"Andrea Castillo",Male,1950-03-04,09967496675,"556 Quezon Street","Angeles City",Philippines,Unknown
P00814,"Mark Navarro",Male,2021-04-08,N/a,"107 Quezon Street","Malolos City",Philippines,Unknown
P00815,"Andrea Aquino",Unknown,1942-12-05,N/a,"118 Rizal Street","Malolos City",Philippines,Inactive
P00816,"Grace Gonzales",Unknown,1997-11-07,09939847570,"275 Mabini Street","Caloocan City",Philippines,Active
P00817,"Juan Rivera",Female,1942-12-06,09948872814,"344 Rizal Street","Malolos City",Philippines,Active
P00818,"Luis Gonzales",Female,1995-04-15,09916923083,"962 Quezon Street","Makati City",Philippines,Inactive
P00819,"Andrea Reyes",Female,1960-09-20,N/a,"864 Mabini Street","Meycauayan City",Philippines,Inactive
P00820,"Sofia Santos",Male,1942-04-20,09112388963,"633 National Street","Quezon  City",Philippines,Active
P00821,"Carlos Cruz",Female,1996-08-27,09800647204,"199 National Street","Pasig City",Philippines,Inactive
P00822,"Maria Mendoza",Male,1952-11-24,N/a,"950 National Street","Quezon  City",Philippines,Active
P00823,"Mark Mendoza",Female,1948-04-28,09630691582,"503 Main Street","Angeles City",Philippines,Unknown
P00824,"Jose Garcia",Female,1977-09-02,09995033882,"306 Main Street","Makati City",Philippines,Active
P00825,"John Bautista",Female,1995-01-31,09270097534,"949 Main Street","Pasig City",Philippines,Active
P00826,"Andrea Ramos",Unknown,1953-09-01,09332914948,"142 Rizal Street","Quezon  City",Philippines,Inactive
P00827,"Angela Cruz",Female,1948-04-01,N/a,"764 Quezon Street","Angeles City",Philippines,Active
P00828,"Angela Reyes",Female,2001-08-21,09923810279,"814 Rizal Street","Malolos City",Philippines,Unknown
P00829,"Liza Aquino",Female,1964-05-16,N/a,"205 National Street","San Fernando City",Philippines,Active
P00830,"Grace Reyes",Male,1985-11-16,09415199002,"408 Main Street","Quezon  City",Philippines,Inactive
P00831,"Liza Castillo",Female,1972-02-04,09805372354,"149 Mabini Street","Quezon  City",Philippines,Inactive
P00832,"Juan Navarro",Male,1959-03-06,N/a,"291 National Street","Pasig City",Philippines,Active
P00833,"Luis Mendoza",Female,1994-07-15,09552883015,"833 Mabini Street","Pasig City",Philippines,Active
P00834,"Kevin Cruz",Male,1964-08-14,09586138712,"606 Quezon Street","Pasig City",Philippines,Inactive
P00835,"Juan Torres",Unknown,2016-10-20,N/a,"38 National Street","Meycauayan City",Philippines,Inactive
P00836,"Juan Santos",Female,1948-07-13,09394963215,"410 Main Street","Meycauayan City",Philippines,Unknown
P00837,"Thomas Dela Cruz",Female,1966-10-10,09629716164,"30 Rizal Street","Manila City",Philippines,Active
P00838,"Ana Bautista",Unknown,2001-09-08,09194542071,"836 National Street","Manila City",Philippines,Inactive
P00839,"Maria Santos",Male,1967-04-19,09838673679,"716 Rizal Street","Makati City",Philippines,Active
P00840,"Carlos Bautista",Unknown,1953-04-11,09995483760,"592 Quezon Street","Malolos City",Philippines,Inactive
P00841,"Kevin Garcia",Male,1963-09-01,09921112459,"712 Main Street","Quezon  City",Philippines,Active
P00842,"Sofia Dela Cruz",Female,1959-05-23,09978869972,"349 Rizal Street","Malolos City",Philippines,Inactive
P00843,"Grace Torres",Female,2016-01-22,N/a,"999 Quezon Street","Malolos City",Philippines,Unknown
P00844,"Sofia Santos",Male,1977-12-15,09951224542,"473 Main Street","Quezon  City",Philippines,Active
P00845,"Grace Reyes",Male,1942-07-25,09586069048,"122 National Street","Quezon  City",Philippines,Unknown
P00846,"Sofia Reyes",Female,1985-01-19,09157084044,"379 Main Street","Manila City",Philippines,Unknown
P00847,"Sofia Mendoza",Female,1976-02-16,N/a,"112 Main Street","Pasig City",Philippines,Active
P00848,"Ana Dela Cruz",Male,1991-08-10,09671326950,"232 National Street","Angeles City",Philippines,Unknown
P00849,"Ana Garcia",Female,2013-12-06,09283644154,"653 Mabini Street","Malolos City",Philippines,Active
P00850,"Ana Reyes",Male,2021-06-10,09950979918,"323 Main Street","Makati City",Philippines,Inactive
P00851,"Grace Reyes",Male,1999-10-02,09122339782,"903 Main Street","Makati City",Philippines,Inactive
P00852,"Kevin Aquino",Male,1983-10-22,09148512917,"856 Rizal Street","Meycauayan City",Philippines,Active
P00853,"Ana Santos",Male,2012-02-13,09889068851,"680 Quezon Street","Caloocan City",Philippines,Unknown
P00854,"Juan Flores",Male,1967-01-06,09656016860,"277 National Street","Manila City",Philippines,Unknown
P00855,"Daniel Torres",Female,1972-01-17,09720182262,"212 Main Street","Pasig City",Philippines,Active
P00856,"Angela Rivera",Female,2000-11-23,09287854511,"910 Mabini Street","Angeles City",Philippines,Inactive
P00857,"Mark Garcia",Male,1991-12-28,N/a,"815 Quezon Street","Malolos City",Philippines,Inactive
P00858,"Ana Dela Cruz",Female,2001-07-02,09930163227,"311 Quezon Street","Caloocan City",Philippines,Inactive
P00859,"Juan Cruz",Male,1959-07-01,N/a,"314 Main Street","Angeles City",Philippines,Active
P00860,"Maria Mendoza",Female,1971-06-02,09943170042,"731 Mabini Street","Makati City",Philippines,Unknown
P00861,"Bea Rivera",Male,1966-02-02,N/a,"433 Quezon Street","Quezon  City",Philippines,Inactive
P00862,"Thomas Mendoza",Female,1990-08-04,09953282519,"257 Rizal Street","Angeles City",Philippines,Inactive
P00863,"Mark Santos",Male,1990-11-02,09686081231,"142 National Street","Malolos City",Philippines,Inactive
P00864,"Grace Bautista",Female,1981-11-08,N/a,"91 Rizal Street","Malolos City",Philippines,Active
P00865,"Bea Ramos",Male,1951-06-02,N/a,"129 Quezon Street","Manila City",Philippines,Unknown
P00866,"Maria Santos",Male,1964-03-28,N/a,"708 Mabini Street","Manila City",Philippines,Active
P00867,"Sofia Ramos",Female,1990-06-04,09825535967,"644 Mabini Street","Manila City",Philippines,Active
P00868,"Ana Santos",Male,1953-09-23,09979769403,"107 Quezon Street","Manila City",Philippines,Unknown
P00869,"Maria Rivera",Male,1966-11-27,09980749414,"842 National Street","Malolos City",Philippines,Unknown
P00870,"Carlos Torres",Male,1956-07-30,09998243507,"488 Quezon Street","Caloocan City",Philippines,Active
P00871,"Bea Cruz",Male,1999-11-26,N/a,"427 Quezon Street","Makati City",Philippines,Inactive
P00872,"Grace Santos",Male,1974-12-08,09723348011,"930 Mabini Street","Makati City",Philippines,Unknown
P00873,"Angela Dela Cruz",Female,1972-02-04,N/a,"526 Main Street","Makati City",Philippines,Inactive
P00874,"Bea Bautista",Female,2004-02-29,09398865449,"939 Quezon Street","Angeles City",Philippines,Active
P00875,"Bea Navarro",Male,2009-07-25,09849264371,"599 National Street","Angeles City",Philippines,Active
P00876,"Juan Flores",Female,1954-04-12,N/a,"332 Rizal Street","Pasig City",Philippines,Active
P00877,"Ramon Castillo",Female,1945-10-10,09757026515,"453 Mabini Street","Malolos City",Philippines,Active
P00878,"John Santos",Female,1980-04-29,09995549812,"259 Quezon Street","Malolos City",Philippines,Active
P00879,"Sofia Navarro",Female,1978-12-10,09968305176,"209 Main Street","Makati City",Philippines,Inactive
P00880,"Liza Aquino",Male,2017-07-22,N/a,"195 Rizal Street","Malolos City",Philippines,Inactive
P00881,"Patricia Aquino",Male,2016-07-24,N/a,"895 Main Street","Malolos City",Philippines,Active
P00882,"Andrea Mendoza",Male,1950-07-31,09347576416,"230 Mabini Street","Caloocan City",Philippines,Inactive
P00883,"Jose Flores",Unknown,1954-02-28,09717750499,"409 National Street","Manila City",Philippines,Unknown
P00884,"Angela Torres",Male,1942-11-23,09552480926,"143 Rizal Street","Meycauayan City",Philippines,Active
P00885,"Daniel Cruz",Male,2012-04-11,N/a,"613 National Street","Quezon  City",Philippines,Active
P00886,"Angela Navarro",Male,1949-05-02,N/a,"490 Mabini Street","Pasig City",Philippines,Active
P00887,"Juan Castillo",Unknown,2012-10-15,N/a,"54 Quezon Street","Angeles City",Philippines,Unknown
P00888,"Liza Ramos",Female,1950-05-15,09992631573,"352 Quezon Street","Manila City",Philippines,Active
P00889,"Jose Aquino",Male,1960-05-17,09902595907,"895 Rizal Street","Manila City",Philippines,Active
P00890,"Carlos Cruz",Female,1965-05-09,09746850977,"133 National Street","Angeles City",Philippines,Active
P00891,"Jose Santos",Male,1988-10-09,09336584413,"965 Mabini Street","Meycauayan City",Philippines,Active
P00892,"Andrea Rivera",Male,1968-08-09,N/a,"723 National Street","Malolos City",Philippines,Active
P00893,"Sofia Rivera",Female,2015-06-27,09347536065,"382 Rizal Street","Manila City",Philippines,Unknown
P00894,"Grace Santos",Male,1984-10-04,09731674454,"848 Main Street","Manila City",Philippines,Unknown
P00895,"Kevin Dela Cruz",Unknown,1974-04-28,N/a,"189 Quezon Street","Meycauayan City",Philippines,Inactive
P00896,"Maria Ramos",Unknown,1971-03-15,09955126455,"776 Main Street","San Fernando City",Philippines,Unknown
P00897,"Maria Castillo",Male,1989-08-21,N/a,"587 National Street","Meycauayan City",Philippines,Active
P00898,"Ramon Cruz",Female,1961-05-16,09116303070,"256 National Street","Caloocan City",Philippines,Unknown
P00899,"Maria Aquino",Male,1972-06-13,09807842761,"315 National Street","San Fernando City",Philippines,Active
P00900,"Grace Cruz",Male,1979-06-19,09914966560,"419 Main Street","Malolos City",Philippines,Inactive
P00901,"Thomas Ramos",Male,1945-09-29,09922456329,"890 Quezon Street","Makati City",Philippines,Active
P00902,"Carlos Flores",Male,1998-11-07,09925360757,"701 National Street","Malolos City",Philippines,Active
P00903,"Luis Navarro",Female,1945-06-15,09376429550,"615 Rizal Street","San Fernando City",Philippines,Active
P00904,"Andrea Cruz",Male,1985-11-05,N/a,"74 Quezon Street","Caloocan City",Philippines,Active
P00905,"John Aquino",Unknown,1972-04-27,09502388967,"637 Main Street","Makati City",Philippines,Active
P00906,"Mark Rivera",Female,2021-10-22,09753945480,"524 National Street","Malolos City",Philippines,Active
P00907,"Ramon Flores",Male,1942-12-04,09997135770,"579 National Street","Malolos City",Philippines,Active
P00908,"Andrea Castillo",Male,1994-06-19,09658783990,"276 Rizal Street","Malolos City",Philippines,Active
P00909,"John Garcia",Unknown,2008-11-13,09971179282,"456 Quezon Street","San Fernando City",Philippines,Inactive
P00910,"Luis Ramos",Male,2022-01-20,N/a,"806 Quezon Street","Pasig City",Philippines,Active
P00911,"Liza Torres",Male,1999-09-28,09954558131,"322 Main Street","Quezon  City",Philippines,Unknown
P00912,"Andrea Reyes",Male,1984-05-02,09293183018,"429 Mabini Street","Meycauayan City",Philippines,Active
P00913,"Carlos Flores",Male,2014-10-22,N/a,"926 Quezon Street","San Fernando City",Philippines,Unknown
P00914,"Luis Garcia",Female,1966-04-27,09461645150,"76 Mabini Street","Malolos City",Philippines,Unknown
P00915,"Liza Mendoza",Unknown,1982-10-20,09887528569,"156 Main Street","Malolos City",Philippines,Unknown
P00916,"Ramon Bautista",Female,1955-11-08,09988930879,"305 Quezon Street","San Fernando City",Philippines,Unknown
P00917,"Mark Bautista",Female,1968-07-31,N/a,"532 Mabini Street","Malolos City",Philippines,Active
P00918,"Patricia Mendoza",Female,1950-08-20,09975315141,"296 Mabini Street","Malolos City",Philippines,Active
P00919,"Angela Reyes",Male,1958-07-22,09932662988,"7 Quezon Street","Manila City",Philippines,Active
P00920,"Mark Aquino",Female,2005-09-05,09992386143,"941 Main Street","Quezon  City",Philippines,Unknown
P00921,"Kevin Mendoza",Male,2017-07-23,09398986845,"763 Rizal Street","Quezon  City",Philippines,Active
P00922,"Andrea Bautista",Male,1980-09-06,09821641990,"444 Main Street","Meycauayan City",Philippines,Active
P00923,"Luis Torres",Unknown,2018-09-24,09994192774,"601 Quezon Street","Pasig City",Philippines,Inactive
P00924,"Kevin Reyes",Female,2013-01-05,09976669489,"651 Main Street","Meycauayan City",Philippines,Active
P00925,"Liza Santos",Female,1990-01-13,09141680155,"629 Quezon Street","Malolos City",Philippines,Inactive
P00926,"Kevin Ramos",Female,1956-02-26,N/a,"816 Quezon Street","Malolos City",Philippines,Unknown
P00927,"Mark Santos",Female,1950-01-30,N/a,"119 Rizal Street","Malolos City",Philippines,Active
P00928,"Patricia Navarro",Female,2003-03-26,N/a,"704 Rizal Street","Manila City",Philippines,Inactive
P00929,"Andrea Garcia",Unknown,2010-03-25,09928764222,"692 Mabini Street","Angeles City",Philippines,Unknown
P00930,"Liza Gonzales",Male,2021-11-07,09881846733,"652 Main Street","Caloocan City",Philippines,Unknown
P00931,"Daniel Aquino",Female,1988-02-02,09993924534,"620 National Street","Manila City",Philippines,Unknown
P00932,"Jose Castillo",Female,1969-11-25,09984208202,"371 National Street","Pasig City",Philippines,Unknown
P00933,"Daniel Mendoza",Unknown,1954-06-24,09455947683,"37 Main Street","Meycauayan City",Philippines,Unknown
P00934,"Kevin Dela Cruz",Female,1965-05-25,09126032185,"279 Main Street","Angeles City",Philippines,Active
P00935,"Angela Flores",Male,1946-11-12,09965751363,"98 National Street","Angeles City",Philippines,Inactive
P00936,"John Gonzales",Male,2006-09-13,09424435363,"271 National Street","Malolos City",Philippines,Inactive
P00937,"Liza Santos",Female,1976-06-14,09974874074,"392 Main Street","Malolos City",Philippines,Inactive
P00938,"Luis Navarro",Male,1980-07-28,N/a,"379 Quezon Street","Malolos City",Philippines,Inactive
P00939,"John Reyes",Unknown,1996-07-06,N/a,"608 Rizal Street","Quezon  City",Philippines,Unknown
P00940,"Thomas Flores",Female,1986-12-15,09163292781,"422 Mabini Street","San Fernando City",Philippines,Active
P00941,"John Navarro",Male,1993-09-18,N/a,"559 Quezon Street","San Fernando City",Philippines,Inactive
P00942,"Grace Navarro",Female,1986-02-24,09894230707,"385 Rizal Street","Manila City",Philippines,Active
P00943,"Miguel Garcia",Female,2018-01-10,N/a,"144 National Street","Angeles City",Philippines,Active
P00944,"Mark Santos",Female,1966-05-25,09953269935,"145 Mabini Street","Meycauayan City",Philippines,Inactive
P00945,"Andrea Aquino",Male,1982-05-10,09954315629,"537 Quezon Street","Manila City",Philippines,Unknown
P00946,"Miguel Reyes",Female,1946-01-06,N/a,"339 Main Street","Manila City",Philippines,Active
P00947,"Jose Bautista",Female,1990-03-01,09115142319,"292 Quezon Street","Malolos City",Philippines,Inactive
P00948,"Thomas Castillo",Female,1962-11-08,09680912575,"607 Rizal Street","Quezon  City",Philippines,Inactive
P00949,"Miguel Mendoza",Male,1949-03-06,09730674247,"590 National Street","Malolos City",Philippines,Unknown
P00950,"Sofia Reyes",Male,2010-04-12,09922259214,"169 Quezon Street","Manila City",Philippines,Active
P00951,"Maria Reyes",Male,2012-06-02,09606464876,"513 Main Street","Pasig City",Philippines,Unknown
P00952,"Ramon Navarro",Female,1971-11-06,09952543251,"979 Rizal Street","Caloocan City",Philippines,Unknown
P00953,"Luis Cruz",Female,2002-05-12,09699083050,"183 Main Street","San Fernando City",Philippines,Inactive
P00954,"Liza Garcia",Male,1990-03-22,09960225060,"453 Mabini Street","Meycauayan City",Philippines,Active
P00955,"Bea Mendoza",Male,1948-06-10,09372473079,"663 Mabini Street","Malolos City",Philippines,Active
P00956,"Angela Mendoza",Female,1945-02-18,N/a,"503 Rizal Street","Malolos City",Philippines,Active
P00957,"Patricia Dela Cruz",Male,2020-03-24,N/a,"855 Main Street","Manila City",Philippines,Active
P00958,"John Santos",Unknown,1988-10-23,09759212797,"858 Mabini Street","Makati City",Philippines,Active
P00959,"Ramon Gonzales",Unknown,1999-11-26,09935895959,"747 Mabini Street","Quezon  City",Philippines,Unknown
P00960,"Maria Mendoza",Male,1957-10-28,09782110540,"281 National Street","San Fernando City",Philippines,Inactive
P00961,"Grace Aquino",Unknown,2002-06-20,09707941115,"187 Main Street","Makati City",Philippines,Active
P00962,"Miguel Castillo",Male,1959-07-07,09877651394,"858 Rizal Street","Makati City",Philippines,Active
P00963,"Ramon Navarro",Male,1955-12-20,09985838379,"856 Rizal Street","Caloocan City",Philippines,Active
P00964,"Mark Mendoza",Female,1979-06-09,09481371004,"791 National Street","Malolos City",Philippines,Active
P00965,"Bea Gonzales",Female,1988-04-05,09968230817,"351 National Street","Meycauayan City",Philippines,Active
P00966,"Andrea Castillo",Female,1963-03-02,09945010146,"487 Rizal Street","Malolos City",Philippines,Inactive
P00967,"Bea Gonzales",Female,1992-10-14,09446144349,"163 Quezon Street","Malolos City",Philippines,Inactive
P00968,"Ana Reyes",Male,1967-06-24,N/a,"829 National Street","Malolos City",Philippines,Unknown
P00969,"Kevin Flores",Female,1962-08-29,09618177302,"42 Rizal Street","Meycauayan City",Philippines,Unknown
P00970,"Liza Castillo",Male,1991-10-23,09913832610,"945 Mabini Street","Malolos City",Philippines,Active
P00971,"Carlos Torres",Male,2010-09-29,09951333733,"470 Quezon Street","Makati City",Philippines,Active
P00972,"Carlos Garcia",Female,1967-01-11,N/a,"93 Rizal Street","Makati City",Philippines,Active
P00973,"Kevin Reyes",Male,1948-12-17,N/a,"685 Quezon Street","Malolos City",Philippines,Active
P00974,"Ramon Reyes",Male,2008-06-15,N/a,"547 Main Street","San Fernando City",Philippines,Active
P00975,"Daniel Rivera",Male,1955-12-25,09496353078,"626 National Street","Angeles City",Philippines,Active
P00976,"Carlos Cruz",Female,1943-12-20,N/a,"670 Rizal Street","Angeles City",Philippines,Inactive
P00977,"Mark Gonzales",Female,2013-09-05,09945033443,"408 National Street","Quezon  City",Philippines,Active
P00978,"Patricia Torres",Female,1949-02-04,09911640743,"589 National Street","Angeles City",Philippines,Active
P00979,"Kevin Torres",Female,1976-01-15,09425281300,"760 Main Street","Malolos City",Philippines,Inactive
P00980,"Kevin Navarro",Male,2015-09-25,N/a,"545 Quezon Street","Quezon  City",Philippines,Active
P00981,"John Rivera",Female,1992-12-11,N/a,"50 Quezon Street","Caloocan City",Philippines,Active
P00982,"Kevin Cruz",Male,1944-06-28,09370981421,"692 Mabini Street","Manila City",Philippines,Active
P00983,"Mark Bautista",Female,1941-07-28,09448571549,"366 Main Street","Meycauayan City",Philippines,Active
P00984,"Miguel Santos",Male,1948-06-25,N/a,"915 Mabini Street","San Fernando City",Philippines,Active
P00985,"Andrea Aquino",Female,1943-08-24,09450671708,"392 National Street","Quezon  City",Philippines,Inactive
P00986,"Liza Gonzales",Male,1956-07-02,N/a,"989 Main Street","Pasig City",Philippines,Inactive
P00987,"Thomas Ramos",Male,2016-08-20,09916554015,"779 Quezon Street","Caloocan City",Philippines,Inactive
P00988,"Andrea Torres",Male,1994-03-30,N/a,"213 Main Street","Angeles City",Philippines,Inactive
P00989,"Angela Cruz",Male,2010-11-24,09341413032,"227 Main Street","Malolos City",Philippines,Unknown
P00990,"Bea Gonzales",Female,1993-05-26,09610612108,"349 Mabini Street","San Fernando City",Philippines,Active
P00991,"Grace Flores",Female,1984-10-06,09822675441,"413 Main Street","Malolos City",Philippines,Unknown
P00992,"Luis Bautista",Male,1958-08-15,N/a,"691 Quezon Street","Manila City",Philippines,Active
P00993,"Thomas Bautista",Male,1978-09-18,N/a,"241 Quezon Street","Meycauayan City",Philippines,Unknown
P00994,"Thomas Flores",Male,1948-09-12,09938360899,"886 Rizal Street","Angeles City",Philippines,Inactive
P00995,"Sofia Gonzales",Male,1965-01-07,09776727723,"515 National Street","Meycauayan City",Philippines,Active
P00996,"Ramon Cruz",Unknown,1981-08-14,N/a,"296 Main Street","Meycauayan City",Philippines,Unknown
P00997,"Miguel Torres",Male,1974-05-23,09966116418,"652 Main Street","Malolos City",Philippines,Active
P00998,"Thomas Aquino",Male,1947-03-23,09964864887,"171 National Street","Malolos City",Philippines,Inactive
P00999,"Juan Navarro",Male,2019-04-06,N/a,"378 Rizal Street","Makati City",Philippines,Active
P01000,"John Reyes",Male,1945-10-24,09987524461,"701 National Street","Malolos City",Philippines,Active
P01001,"Juan Dela Cruz",Male,1985-02-01,09171234567,"123 Main Street","Manila City",Philippines,Active
P01002,"Maria Santos",Female,1990-05-13,N/a,"45 Rizal Street","Quezon  City",Philippines,Active
P01003,"Maria Santos",Female,1990-05-13,09917555111,"45 Rizal Street","Quezon  City",Philippines,Active
