billing_id,patient_id,visit_id,billing_date,charge_type,amount,currency,payment_status,payment_method,amount_paid
B000001,P00339,V000451,2023-01-24,Surgery,91035.29,Php,Partial,GCash,45517.64
B000002,P00391,V000146,2023-07-18,Emergency,37143.50,Php,Paid,Cash,37143.50
B000003,P00858,V002754,2025-07-11,Room,30301.98,Php,Paid,GCash,30301.98
B000004,P00240,V000108,2025-05-25,Emergency,53898.39,Php,Pending,GCash,0.00
B000005,P00221,V002146,2024-01-22,Other,5258.20,Php,Paid,"Debit Card",5258.20
B000006,P00750,V001452,2024-03-08,Other,101238.24,Php,Pending,Insurance,0.00
B000007,P00637,V002131,2024-11-12,Laboratory,125828.55,Php,Pending,GCash,0.00
B000008,P00624,V000280,2023-11-30,Consultation,76083.82,Php,Pending,Cash,0.00
B000009,P00662,V000474,2025-12-13,Surgery,28119.25,Php,Paid,Cash,28119.25
B000010,P00837,V001626,2024-11-05,Consultation,143188.15,Php,Paid,Cash,143188.15
B000011,P00111,V001416,2024-08-02,Medication,149033.69,Php,Paid,GCash,149033.69
B000012,P00541,V000753,2024-11-18,Surgery,149184.40,Php,Paid,"Debit Card",149184.40
B000013,P00098,V000742,2023-08-27,Emergency,75910.35,Php,Partial,GCash,56932.76
B000014,P00333,V000681,2024-07-16,Medication,47597.86,Php,Paid,"Credit Card",47597.86
B000015,P00086,V000810,2024-09-15,Consultation,127609.70,Php,Partial,Insurance,63804.85
B000016,P00269,V001458,2025-10-17,Medication,46732.08,Php,Pending,GCash,0.00
B000017,P00834,V000723,2023-12-31,Medication,86290.64,Php,Paid,"Bank Transfer",86290.64
B000018,P00790,V000918,2024-01-15,Room,85982.00,Php,Pending,Insurance,0.00
B000019,P00885,V000341,2023-05-23,Other,32821.20,Php,Paid,Cash,32821.20
B000020,P00798,V000620,2025-06-06,Emergency,14916.22,Php,Paid,GCash,14916.22
B000021,P00123,V002296,2024-08-29,Surgery,139469.01,Php,Partial,GCash,69734.51
B000022,P00299,V000118,2025-09-15,Room,52664.15,Php,Paid,"Bank Transfer",52664.15
B000023,P00149,V002616,2025-01-26,Emergency,46351.86,Php,Paid,GCash,46351.86
B000024,P00896,V001288,2024-01-24,Surgery,17483.48,Php,Partial,"Bank Transfer",8741.74
B000025,P00400,V002253,2025-11-07,Consultation,38047.28,Php,Pending,Cash,0.00
B000026,P00361,V002811,2025-09-25,Other,103580.39,Php,Paid,Cash,103580.39
B000027,P00850,V002637,2024-08-03,Laboratory,24195.78,Php,Pending,Cash,0.00
B000028,P00922,V000435,2023-03-26,Room,20783.64,Php,Partial,Cash,15587.73
B000029,P00821,V001923,2025-10-13,Room,81667.68,Php,Partial,Insurance,40833.84
B000030,P00004,V000526,2023-08-30,Room,108856.92,Php,Paid,Cash,108856.92
B000031,P00128,V001733,2023-06-13,Surgery,62494.25,Php,Paid,Cash,62494.25
B000032,P00939,V002031,2025-09-07,Room,16869.97,Php,Paid,Cash,16869.97
B000033,P00895,V002251,2023-04-15,Surgery,60827.27,Php,Paid,"Bank Transfer",60827.27
B000034,P00280,V002526,2023-10-06,Surgery,43102.48,Php,Partial,Insurance,21551.24
B000035,P00766,V001200,2025-10-25,Consultation,63487.76,Php,Partial,Insurance,31743.88
B000036,P00987,V001822,2025-10-07,Consultation,133775.00,Php,Partial,"Debit Card",100331.25
B000037,P00553,V000872,2024-07-06,Consultation,13864.77,Php,Paid,Cash,13864.77
B000038,P00025,V001601,2023-08-12,Medication,82964.01,Php,Paid,Cash,82964.01
B000039,P00296,V001505,2025-10-03,Surgery,137803.83,Php,Paid,Cash,137803.83
B000040,P00188,V000844,2024-04-28,Surgery,45479.77,Php,Pending,Cash,0.00
B000041,P00215,V001616,2024-11-10,Room,20444.18,Php,Paid,GCash,20444.18
B000042,P00643,V001053,2023-08-29,Emergency,76061.76,Php,Paid,GCash,76061.76
B000043,P00648,V001277,2024-06-13,Consultation,23328.00,Php,Partial,Cash,11664.00
B000044,P00247,V002905,2025-08-25,Consultation,56188.87,Php,Pending,"Credit Card",0.00
B000045,P00957,V000637,2024-04-02,Emergency,65266.31,Php,Pending,GCash,0.00
B000046,P00651,V001470,2023-12-12,Laboratory,129743.78,Php,Paid,Insurance,129743.78
B000047,P00994,V002728,2025-06-06,Medication,35413.15,Php,Partial,Cash,26559.86
B000048,P00535,V000508,2023-05-25,Medication,59025.48,Php,Partial,"Credit Card",29512.74
B000049,P00688,V001274,2025-05-27,Emergency,112928.15,Php,Partial,Cash,84696.11
B000050,P00985,V002280,2024-01-14,Room,40386.28,Php,Partial,GCash,20193.14
B000051,P00444,V002241,2024-11-24,Laboratory,71581.67,Php,Pending,"Bank Transfer",0.00
B000052,P00464,V001904,2025-12-07,Room,110328.25,Php,Paid,"Debit Card",110328.25
B000053,P01000,V001873,2023-02-19,Medication,93170.09,Php,Paid,"Bank Transfer",93170.09
B000054,P00555,V000411,2024-06-09,Laboratory,7975.49,Php,Paid,GCash,7975.49
B000055,P00278,V001489,2024-11-21,Consultation,67558.02,Php,Paid,"Debit Card",67558.02
B000056,P00114,V002119,2023-03-12,Surgery,103932.67,Php,Paid,"Bank Transfer",103932.67
B000057,P00938,V000335,2024-10-14,Consultation,20128.37,Php,Partial,Cash,10064.18
B000058,P00942,V001938,2024-01-21,Emergency,37166.70,Php,Paid,"Debit Card",37166.70
B000059,P00104,V001913,2025-05-10,Consultation,136169.81,Php,Partial,Insurance,68084.90
B000060,P00614,V002596,2024-02-07,Room,70174.09,Php,Pending,Insurance,0.00
B000061,P00222,V001672,2024-06-15,Room,96103.91,Php,Partial,Cash,72077.93
B000062,P00604,V000165,2024-10-01,Laboratory,107738.31,Php,Partial,"Credit Card",53869.15
B000063,P00282,V000047,2024-10-15,Other,80604.23,Php,Paid,Cash,80604.23
B000064,P00253,V001351,2024-05-21,Room,121630.75,Php,Paid,Cash,121630.75
B000065,P00881,V001931,2025-07-31,Surgery,105801.12,Php,Partial,"Bank Transfer",79350.84
B000066,P00591,V000946,2023-11-08,Medication,47029.97,Php,Partial,Insurance,35272.48
B000067,P00182,V000061,2025-04-12,Room,82025.74,Php,Unpaid,Cash,61519.31
B000068,P00921,V002725,2024-02-17,Emergency,10421.85,Php,Partial,Cash,5210.93
B000069,P00238,V001231,2025-08-27,Other,39699.60,Php,Partial,"Bank Transfer",19849.80
B000070,P00192,V001608,2025-08-21,Other,3612.95,Php,Partial,Cash,2709.71
B000071,P00659,V002494,2024-04-12,Laboratory,140963.02,Php,Paid,Cash,140963.02
B000072,P00407,V000362,2024-04-17,Laboratory,35345.66,Php,Pending,GCash,0.00
B000073,P00153,V001386,2023-09-04,Laboratory,68834.95,Php,Paid,"Bank Transfer",68834.95
B000074,P00184,V001261,2023-08-31,Emergency,129159.52,Php,Paid,GCash,129159.52
B000075,P00540,V001356,2025-11-18,Medication,16256.32,Php,Pending,Cash,0.00
B000076,P00405,V000218,2024-05-26,Emergency,91573.88,Php,Partial,GCash,68680.41
B000077,P00465,V000741,2023-01-14,Surgery,60250.47,Php,Partial,Cash,45187.85
B000078,P00794,V001764,2023-05-29,Room,17058.92,Php,Pending,GCash,0.00
B000079,P00168,V001062,2023-01-25,Consultation,36617.12,Php,Paid,"Debit Card",36617.12
B000080,P00644,V001320,2023-06-19,Laboratory,47944.88,Php,Paid,"Bank Transfer",47944.88
B000081,P00005,V002532,2025-04-15,Consultation,73328.56,Php,Paid,Cash,73328.56
B000082,P00598,V001534,2023-07-26,Room,130217.87,Php,Paid,Cash,130217.87
B000083,P00827,V000326,2024-04-20,Consultation,39727.86,Php,Partial,Cash,19863.93
B000084,P00464,V002316,2024-04-22,Surgery,84848.53,Php,Pending,GCash,0.00
B000085,P00141,V002449,2025-04-17,Room,72987.34,Php,Partial,Cash,54740.50
B000086,P00302,V000530,2024-09-22,Laboratory,83407.48,Php,Partial,"Credit Card",62555.61
B000087,P00650,V000689,2025-04-10,Other,7426.67,Php,Paid,Cash,7426.67
B000088,P00506,V000351,2025-09-10,Medication,145576.98,Php,Paid,GCash,145576.98
B000089,P00827,V002381,2023-04-22,Other,31374.45,Php,Paid,GCash,31374.45
B000090,P00900,V001188,2023-02-03,Room,83868.56,Php,Paid,Cash,83868.56
B000091,P00446,V002442,2024-04-03,Surgery,92417.29,Php,Partial,Cash,46208.64
B000092,P00325,V000670,2023-03-03,Consultation,19766.33,Php,Partial,"Credit Card",14824.75
B000093,P00905,V002187,2025-05-04,Emergency,79380.96,Php,Partial,"Credit Card",39690.48
B000094,P00676,V001184,2025-12-08,Laboratory,64632.92,Php,Paid,"Debit Card",64632.92
B000095,P00824,V000458,2024-07-24,Medication,91123.58,Php,Partial,Cash,45561.79
B000096,P00108,V000027,2024-11-11,Emergency,125671.02,Php,Partial,Cash,94253.26
B000097,P00629,V002864,2023-03-27,Other,110878.33,Php,Pending,"Credit Card",0.00
B000098,P00628,V000152,2025-12-17,Laboratory,136364.93,Php,Partial,"Credit Card",102273.70
B000099,P00591,V000460,2025-11-15,Consultation,22148.25,Php,Partial,"Bank Transfer",16611.19
B000100,P00071,V002738,2023-05-11,Other,79267.81,Php,Partial,"Credit Card",59450.86
B000101,P00507,V001353,2023-02-07,Surgery,90826.18,Php,Partial,GCash,68119.63
B000102,P00189,V002463,2024-03-30,Other,11632.10,Php,Paid,GCash,11632.10
B000103,P00159,V000641,2023-10-02,Medication,134204.09,Php,Partial,GCash,100653.07
B000104,P00856,V001758,2025-09-06,Emergency,123910.62,Php,Paid,"Credit Card",123910.62
B000105,P00914,V000682,2024-04-23,Emergency,85806.37,Php,Paid,Cash,85806.37
B000106,P00899,V000042,2025-08-31,Room,105255.68,Php,Paid,Cash,105255.68
B000107,P00678,V001177,2023-12-05,Room,99719.28,Php,Paid,Cash,99719.28
B000108,P00496,V002045,2025-01-19,Other,141912.56,Php,Partial,"Credit Card",70956.28
B000109,P00341,V001784,2024-02-21,Medication,95458.72,Php,Pending,GCash,0.00
B000110,P00632,V000005,2023-03-05,Surgery,10945.88,Php,Partial,Cash,5472.94
B000111,P00690,V002078,2023-04-07,Other,87683.35,Php,Partial,Cash,65762.51
B000112,P00024,V002431,2024-09-07,Room,55488.64,Php,Pending,GCash,0.00
B000113,P00946,V001603,2024-08-10,Other,116020.50,Php,Partial,Cash,87015.38
B000114,P00679,V002366,2023-05-17,Emergency,49780.74,Php,Partial,Cash,24890.37
B000115,P00285,V002368,2025-12-12,Surgery,75558.60,Php,Partial,Insurance,56668.95
B000116,P00835,V000703,2023-03-26,Emergency,71349.08,Php,Pending,GCash,0.00
B000117,P00701,V001122,2024-02-06,Consultation,106806.30,Php,Pending,"Credit Card",0.00
B000118,P00591,V001982,2024-11-04,Surgery,65066.35,Php,Partial,Cash,48799.76
B000119,P00686,V000627,2025-02-10,Other,45646.97,Php,Paid,GCash,45646.97
B000120,P00499,V002390,2023-12-14,Other,104292.82,Php,Paid,"Bank Transfer",104292.82
B000121,P00193,V001479,2024-10-16,Laboratory,92995.16,Php,Partial,"Credit Card",69746.37
B000122,P00035,V001476,2023-09-17,Surgery,116044.66,Php,Paid,Insurance,116044.66
B000123,P00037,V000317,2024-10-15,Medication,79557.20,Php,Pending,Insurance,0.00
B000124,P00241,V001953,2024-01-03,Emergency,39241.80,Php,Pending,GCash,0.00
B000125,P00700,V000913,2023-04-27,Other,22087.71,Php,Paid,Cash,22087.71
B000126,P00732,V000278,2025-12-05,Surgery,116173.29,Php,Partial,"Debit Card",87129.97
B000127,P00378,V002950,2023-04-29,Room,89768.51,Php,Partial,"Debit Card",44884.25
B000128,P00906,V000152,2024-01-13,Room,36448.65,Php,Paid,"Debit Card",36448.65
B000129,P00172,V000248,2025-12-23,Surgery,78139.39,Php,Partial,"Bank Transfer",39069.69
B000130,P00636,V002656,2024-03-02,Emergency,46699.49,Php,Partial,GCash,35024.62
B000131,P00148,V001796,2024-11-10,Medication,60885.92,Php,Partial,Cash,30442.96
B000132,P00298,V002284,2024-03-06,Room,99210.01,Php,Paid,"Bank Transfer",99210.01
B000133,P00744,V002968,2025-08-22,Surgery,35133.63,Php,Paid,GCash,35133.63
B000134,P00847,V000641,2025-06-25,Medication,6048.93,Php,Paid,"Credit Card",6048.93
B000135,P00818,V001099,2024-08-14,Medication,95838.54,Php,Paid,Insurance,95838.54
B000136,P00782,V001521,2025-07-03,Medication,97784.89,Php,Paid,"Credit Card",97784.89
B000137,P00623,V002295,2025-04-01,Consultation,141843.43,Php,Partial,"Credit Card",106382.57
B000138,P00252,V002096,2023-06-22,Consultation,71348.52,Php,Partial,GCash,53511.39
B000139,P00229,V000253,2024-09-08,Laboratory,137978.79,Php,Partial,Insurance,103484.09
B000140,P00201,V002448,2024-11-06,Laboratory,88535.89,Php,Pending,Cash,0.00
B000141,P00984,V001204,2023-01-07,Consultation,95424.69,Php,Partial,"Debit Card",71568.52
B000142,P00425,V001900,2025-10-04,Room,121359.23,Php,Paid,Cash,121359.23
B000143,P00088,V002881,2023-02-15,Emergency,140520.60,Php,Partial,"Debit Card",70260.30
B000144,P00364,V002907,2024-03-08,Laboratory,148584.02,Php,Partial,"Bank Transfer",111438.01
B000145,P00344,V001635,2024-03-01,Other,122773.09,Php,Paid,Cash,122773.09
B000146,P00083,V001620,2024-09-30,Surgery,132350.96,Php,Paid,Insurance,132350.96
B000147,P00983,V000930,2025-02-22,Emergency,137961.83,Php,Paid,"Bank Transfer",137961.83
B000148,P00438,V002964,2026-01-05,Surgery,122526.66,Php,Paid,Cash,122526.66
B000149,P00359,V000392,2024-01-25,Emergency,87118.90,Php,Paid,"Credit Card",87118.90
B000150,P00080,V001689,2023-05-03,Laboratory,140494.58,Php,Partial,"Credit Card",105370.93
B000151,P00732,V002528,2024-02-16,Surgery,93843.06,Php,Partial,GCash,70382.29
B000152,P00340,V000037,2023-11-05,Medication,97611.38,Php,Paid,Cash,97611.38
B000153,P00419,V000501,2025-05-03,Room,39528.22,Php,Partial,"Debit Card",29646.17
B000154,P00705,V001090,2025-04-05,Other,106343.81,Php,Paid,GCash,106343.81
B000155,P00728,V001726,2025-04-23,Surgery,76391.41,Php,Pending,Cash,0.00
B000156,P00992,V000692,2024-10-17,Surgery,46765.39,Php,Paid,"Debit Card",46765.39
B000157,P00527,V000786,2024-01-01,Medication,126067.93,Php,Paid,"Debit Card",126067.93
B000158,P00609,V000269,2025-03-20,Emergency,118665.76,Php,Partial,Cash,59332.88
B000159,P00445,V002522,2025-07-28,Surgery,129389.88,Php,Partial,Cash,64694.94
B000160,P00421,V001457,2023-09-22,Consultation,87960.75,Php,Partial,Cash,65970.56
B000161,P01005,V000397,2023-01-21,Room,112457.82,Php,Partial,"Credit Card",56228.91
B000162,P00222,V002129,2025-10-20,Medication,71654.47,Php,Pending,Cash,0.00
B000163,P00677,V002227,2024-07-10,Other,123639.13,Php,Paid,Cash,123639.13
B000164,P00608,V002811,2025-12-23,Laboratory,62845.76,Php,Partial,"Debit Card",31422.88
B000165,P00250,V002696,2025-03-04,Medication,90699.67,Php,Paid,GCash,90699.67
B000166,P00771,V000165,2023-01-27,Surgery,96974.83,Php,Paid,"Credit Card",96974.83
B000167,P00887,V000910,2023-10-12,Other,108531.18,Php,Paid,Cash,108531.18
B000168,P00017,V002657,2025-12-02,Medication,125920.11,Php,Partial,GCash,62960.06
B000169,P00902,V000994,2024-06-26,Medication,133229.62,Php,Partial,"Bank Transfer",99922.21
B000170,P00202,V000864,2023-02-22,Laboratory,21118.10,Php,Partial,Cash,10559.05
B000171,P00949,V001683,2024-01-05,Surgery,119375.87,Php,Partial,"Bank Transfer",59687.93
B000172,P00065,V000569,2025-11-14,Surgery,55761.02,Php,Paid,Cash,55761.02
B000173,P00031,V001323,2024-04-28,Laboratory,128233.85,Php,Paid,Cash,128233.85
B000174,P00385,V000820,2023-03-01,Consultation,117856.74,Php,Paid,GCash,117856.74
B000175,P00910,V002545,2023-08-12,Other,82176.89,Php,Partial,Insurance,41088.44
B000176,P00264,V002610,2024-03-22,Surgery,52767.03,Php,Partial,GCash,26383.51
B000177,P00202,V002948,2024-06-28,Other,101937.49,Php,Partial,GCash,76453.12
B000178,P00635,V000083,2024-09-14,Medication,36561.55,Php,Paid,"Credit Card",36561.55
B000179,P00848,V001613,2023-12-27,Medication,71053.36,Php,Paid,Cash,71053.36
B000180,P00767,V002050,2025-02-10,Emergency,77324.30,Php,Paid,"Debit Card",77324.30
B000181,P00733,V000835,2023-04-19,Consultation,111021.37,Php,Pending,Cash,0.00
B000182,P00728,V001380,2024-10-18,Medication,50588.02,Php,Partial,"Bank Transfer",25294.01
B000183,P00078,V001254,2024-03-27,Consultation,104782.85,Php,Partial,"Credit Card",52391.43
B000184,P00528,V000264,2023-12-15,Emergency,23397.82,Php,Pending,Cash,0.00
B000185,P00680,V001240,2023-09-06,Emergency,86609.74,Php,Partial,Cash,64957.31
B000186,P00036,V002658,2024-10-11,Consultation,75654.86,Php,Partial,GCash,56741.15
B000187,P00147,V001634,2024-12-31,Medication,15248.08,Php,Paid,Insurance,15248.08
B000188,P00506,V001711,2025-01-31,Laboratory,125909.25,Php,Paid,Insurance,125909.25
B000189,P00045,V000496,2025-10-18,Room,20036.02,Php,Paid,"Debit Card",20036.02
B000190,P00488,V001878,2025-11-27,Room,45332.91,Php,Partial,Cash,22666.46
B000191,P00350,V001423,2025-08-12,Emergency,60325.34,Php,Pending,GCash,0.00
B000192,P00456,V000378,2024-01-23,Room,127741.45,Php,Partial,GCash,95806.09
B000193,P00233,V002289,2024-01-02,Laboratory,20369.23,Php,Paid,GCash,20369.23
B000194,P00702,V001913,2024-02-16,Surgery,132510.76,Php,Paid,"Debit Card",132510.76
B000195,P00799,V001340,2024-12-26,Emergency,144744.22,Php,Paid,Cash,144744.22
B000196,P00586,V001032,2023-05-29,Emergency,146282.83,Php,Paid,"Bank Transfer",146282.83
B000197,P00354,V001009,2023-04-17,Laboratory,66652.05,Php,Partial,"Credit Card",33326.03
B000198,P00417,V002839,2024-03-23,Emergency,131957.56,Php,Paid,Cash,131957.56
B000199,P00886,V000026,2025-03-28,Other,68494.50,Php,Pending,"Bank Transfer",0.00
B000200,P00488,V001293,2024-11-28,Consultation,55646.61,Php,Paid,Insurance,41734.96
B000201,P00492,V002083,2025-09-29,Emergency,111955.01,Php,Paid,GCash,111955.01
B000202,P00371,V002003,2023-12-28,Other,83428.25,Php,Partial,Cash,62571.19
B000203,P00776,V002534,2023-11-07,Emergency,93580.33,Php,Partial,Insurance,70185.25
B000204,P00821,V001040,2025-08-23,Room,12335.09,Php,Partial,Cash,9251.32
B000205,P00122,V002825,2024-07-22,Other,78869.86,Php,Pending,Cash,0.00
B000206,P00373,V002195,2023-01-25,Other,38280.46,Php,Pending,Cash,0.00
B000207,P00810,V002958,2025-05-03,Emergency,100420.41,Php,Paid,GCash,100420.41
B000208,P00020,V000130,2024-06-27,Emergency,113827.05,Php,Partial,"Credit Card",85370.29
B000209,P00158,V000349,2023-11-14,Surgery,72033.47,Php,Pending,GCash,0.00
B000210,P00057,V000491,2024-08-29,Other,36228.35,Php,Partial,Insurance,18114.17
B000211,P00995,V000713,2025-07-18,Consultation,145943.38,Php,Paid,Cash,145943.38
B000212,P00526,V001581,2025-06-18,Other,40046.49,Php,Pending,"Debit Card",0.00
B000213,P00549,V002191,2025-02-23,Surgery,22659.35,Php,Paid,"Debit Card",22659.35
B000214,P00769,V001760,2023-10-21,Other,52369.57,Php,Pending,"Debit Card",0.00
B000215,P00867,V002146,2024-10-04,Laboratory,28494.52,Php,Pending,Insurance,0.00
B000216,P00849,V000258,2024-12-05,Medication,69961.78,Php,Partial,Cash,34980.89
B000217,P00903,V001183,2024-01-24,Consultation,89664.85,Php,Paid,Cash,89664.85
B000218,P00515,V000819,2023-05-24,Consultation,124342.05,Php,Partial,GCash,93256.54
B000219,P00549,V001136,2024-08-18,Emergency,149679.39,Php,Paid,"Bank Transfer",149679.39
B000220,P00994,V002324,2025-07-27,Emergency,61419.84,Php,partial,Cash,30709.92
B000221,P00112,V002896,2025-07-22,Room,2646.39,Php,Partial,Cash,1984.79
B000222,P00738,V000343,2024-02-15,Laboratory,20851.96,Php,Pending,Insurance,0.00
B000223,P00521,V001345,2024-08-22,Consultation,52505.69,Php,Paid,Cash,52505.69
B000224,P00175,V001551,2023-07-10,Other,1584.19,Php,Paid,Cash,1584.19
B000225,P00737,V000955,2023-07-29,Medication,90325.24,Php,Pending,"Bank Transfer",0.00
B000226,P00001,V001854,2024-03-11,Other,90153.98,Php,Paid,"Debit Card",90153.98
B000227,P00057,V002770,2025-09-22,Surgery,7248.00,Php,Partial,Cash,3624.00
B000228,P00785,V002415,2024-05-27,Emergency,37898.24,Php,Partial,"Bank Transfer",18949.12
B000229,P00746,V002092,2023-11-01,Consultation,48724.14,Php,Partial,"Credit Card",36543.10
B000230,P00823,V000807,2024-10-19,Laboratory,30812.54,Php,Pending,Cash,0.00
B000231,P00997,V002608,2024-03-23,Other,82406.90,Php,Paid,Cash,82406.90
B000232,P00066,V002447,2023-12-21,Laboratory,37112.05,Php,Paid,"Bank Transfer",37112.05
B000233,P00572,V002225,2024-11-01,Laboratory,58275.26,Php,Pending,GCash,0.00
B000234,P00650,V001054,2025-12-25,Other,140197.35,Php,Partial,Cash,105148.01
B000235,P00205,V001167,2025-11-19,Consultation,78875.62,Php,Paid,"Credit Card",78875.62
B000236,P00755,V001770,2025-07-26,Room,13004.11,Php,Paid,Cash,13004.11
B000237,P00203,V001516,2025-01-11,Emergency,139007.71,Php,Pending,"Bank Transfer",0.00
B000238,P00877,V000587,2025-08-23,Emergency,68079.12,Php,Partial,"Bank Transfer",34039.56
B000239,P00196,V001813,2024-11-08,Surgery,111511.36,Php,Paid,Cash,111511.36
B000240,P00061,V002944,2023-11-02,Other,118169.06,Php,Paid,Cash,118169.06
B000241,P00796,V001326,2025-01-30,Other,133498.18,Php,Paid,"Debit Card",133498.18
B000242,P00445,V002407,2023-11-02,Other,17753.56,Php,Partial,GCash,8876.78
B000243,P00441,V000611,2024-06-19,Medication,73700.55,Php,Pending,Cash,0.00
B000244,P00545,V001686,2024-11-10,Medication,97810.91,Php,Pending,Insurance,0.00
B000245,P00795,V001664,2023-01-27,Other,143457.62,Php,Paid,Cash,143457.62
B000246,P00309,V002689,2025-08-08,Consultation,64680.20,Php,Partial,Cash,32340.10
B000247,P00810,V001158,2025-09-16,Laboratory,141507.35,Php,Paid,Cash,141507.35
B000248,P00096,V002309,2025-07-05,Other,39138.40,Php,Paid,GCash,39138.40
B000249,P00236,V000056,2024-03-19,Room,111591.35,Php,Pending,Cash,0.00
B000250,P00371,V001980,2025-06-23,Consultation,10000.83,Php,Partial,"Credit Card",7500.62
B000251,P00197,V001170,2024-08-28,Surgery,128566.94,Php,Paid,Cash,128566.94
B000252,P00109,V000194,2024-02-17,Room,135836.52,Php,Partial,Cash,67918.26
B000253,P00425,V000310,2025-06-20,Medication,91865.43,Php,Paid,Cash,91865.43
B000254,P00207,V001222,2023-06-19,Consultation,852.79,Php,Partial,GCash,426.39
B000255,P00588,V000774,2024-10-01,Emergency,95935.28,Php,Partial,"Debit Card",47967.64
B000256,P00514,V000396,2023-07-10,Medication,65063.60,Php,Paid,GCash,65063.60
B000257,P00614,V001400,2025-06-27,Other,99934.05,Php,Pending,GCash,0.00
B000258,P00392,V002743,2025-03-10,Laboratory,133301.78,Php,Paid,Cash,133301.78
B000259,P00070,V000379,2024-01-17,Emergency,92009.05,Php,Pending,Insurance,0.00
B000260,P00189,V000384,2024-08-20,Laboratory,119868.44,Php,Paid,GCash,119868.44
B000261,P00319,V001918,2023-12-11,Emergency,88125.46,Php,Partial,GCash,44062.73
B000262,P00720,V001469,2023-12-30,Laboratory,14096.97,Php,Paid,"Bank Transfer",14096.97
B000263,P00062,V001911,2024-03-16,Emergency,110981.89,Php,Paid,Insurance,110981.89
B000264,P00710,V002713,2023-03-02,Emergency,125800.71,Php,Paid,GCash,125800.71
B000265,P00165,V001000,2023-06-19,Room,60858.92,Php,Pending,Insurance,0.00
B000266,P00065,V001300,2023-03-31,Medication,69661.99,Php,Paid,Cash,69661.99
B000267,P00688,V000025,2024-08-07,Medication,10802.44,Php,Partial,Cash,8101.83
B000268,P00501,V002276,2025-01-22,Consultation,47939.86,Php,Paid,"Credit Card",47939.86
B000269,P00009,V000022,2024-10-29,Laboratory,13532.34,Php,Pending,Cash,0.00
B000270,P00971,V002349,2023-12-25,Room,131831.64,Php,Pending,Cash,0.00
B000271,P00454,V001666,2023-08-16,Laboratory,54933.31,Php,Paid,GCash,54933.31
B000272,P00577,V002893,2025-10-24,Emergency,47519.14,Php,Partial,Insurance,35639.35
B000273,P00800,V000997,2023-11-17,Emergency,29641.13,Php,Partial,"Credit Card",14820.57
B000274,P00052,V000424,2024-04-11,Emergency,25159.19,Php,Unpaid,GCash,18869.39
B000275,P00519,V000619,2023-08-06,Consultation,94530.87,Php,Pending,Insurance,0.00
B000276,P00838,V000002,2023-07-31,Surgery,6648.33,Php,Paid,Cash,6648.33
B000277,P00722,V000928,2025-04-13,Room,120292.73,Php,Pending,Cash,0.00
B000278,P00913,V002632,2023-07-20,Room,45264.30,Php,Paid,GCash,45264.30
B000279,P00315,V001074,2023-11-16,Emergency,121099.87,Php,Paid,"Bank Transfer",121099.87
B000280,P00956,V002535,2024-11-11,Emergency,26031.88,Php,Partial,Cash,13015.94
B000281,P00405,V002330,2023-09-05,Consultation,56813.58,Php,Paid,GCash,56813.58
B000282,P00130,V002542,2023-02-24,Consultation,112292.16,Php,Partial,Insurance,84219.12
B000283,P00846,V002910,2023-08-14,Room,95245.58,Php,Pending,GCash,0.00
B000284,P00797,V001413,2024-07-20,Surgery,45725.05,Php,Partial,GCash,22862.53
B000285,P00204,V001306,2024-09-07,Surgery,113595.01,Php,Partial,"Credit Card",56797.50
B000286,P00667,V002915,2025-08-09,Room,39052.24,Php,Partial,GCash,29289.18
B000287,P00438,V002728,2023-12-22,Consultation,136932.63,Php,Paid,"Debit Card",136932.63
B000288,P00412,V001535,2023-05-12,Laboratory,86484.09,Php,Paid,Insurance,86484.09
B000289,P00654,V001612,2023-04-05,Other,23697.69,Php,Paid,Cash,23697.69
B000290,P00886,V000478,2023-07-11,Laboratory,33263.85,Php,Pending,"Bank Transfer",0.00
B000291,P00239,V001719,2023-12-25,Emergency,142741.29,Php,Pending,GCash,0.00
B000292,P00925,V002278,2023-02-13,Medication,79846.87,Php,Partial,"Debit Card",39923.43
B000293,P00365,V000517,2023-02-08,Room,76904.75,Php,Paid,GCash,76904.75
B000294,P00916,V000952,2023-04-09,Other,27045.85,Php,Paid,"Credit Card",27045.85
B000295,P00623,V001794,2025-03-05,Other,149595.75,Php,Paid,"Debit Card",149595.75
B000296,P00505,V001892,2025-10-21,Room,55687.15,Php,Paid,Cash,55687.15
B000297,P00537,V001708,2025-01-08,Surgery,24814.67,Php,Partial,Cash,12407.33
B000298,P00387,V001389,2025-04-16,Room,117285.99,Php,Paid,Cash,117285.99
B000299,P00315,V000429,2023-10-28,Room,78540.41,Php,Pending,GCash,0.00
B000300,P00524,V002794,2024-06-22,Laboratory,25358.59,Php,Paid,Cash,25358.59
B000301,P00621,V001465,2023-11-13,Consultation,104065.58,Php,Paid,"Credit Card",104065.58
B000302,P00474,V000720,2025-06-12,Surgery,25628.40,Php,Paid,Cash,25628.40
B000303,P00068,V001079,2024-12-13,Medication,49907.25,Php,Partial,"Credit Card",37430.44
B000304,P00609,V001415,2024-02-14,Laboratory,148325.74,Php,Paid,"Credit Card",148325.74
B000305,P00335,V002723,2025-01-13,Emergency,149793.63,Php,Paid,"Bank Transfer",149793.63
B000306,P00576,V000183,2024-03-03,Room,121929.13,Php,Partial,Cash,91446.85
B000307,P00879,V002700,2023-12-22,Surgery,54616.21,Php,Paid,Cash,54616.21
B000308,P00463,V002687,2025-08-29,Other,15270.02,Php,Paid,Cash,15270.02
B000309,P00111,V001010,2025-07-24,Laboratory,104957.16,Php,Paid,"Bank Transfer",104957.16
B000310,P00050,V001217,2025-01-15,Other,122931.77,Php,Pending,Cash,0.00
B000311,P00511,V002688,2025-05-28,Surgery,5542.48,Php,PAID,Cash,2771.24
B000312,P00738,V001755,2024-07-20,Surgery,78979.13,Php,Partial,GCash,59234.35
B000313,P00403,V002477,2023-03-05,Surgery,135020.06,Php,Paid,GCash,135020.06
B000314,P00235,V002698,2023-02-03,Other,66422.83,Php,Pending,"Bank Transfer",0.00
B000315,P00647,V000232,2023-08-18,Emergency,76001.90,Php,Partial,GCash,38000.95
B000316,P00430,V001120,2023-06-15,Room,71122.84,Php,Partial,Cash,53342.13
B000317,P00063,V002184,2023-12-12,Consultation,123.49,Php,Paid,GCash,123.49
B000318,P00409,V000759,2023-11-08,Consultation,62811.15,Php,Paid,Cash,62811.15
B000319,P00622,V000165,2025-09-10,Consultation,132448.42,Php,Partial,GCash,66224.21
B000320,P00229,V002884,2025-04-17,Medication,110394.89,Php,Pending,Insurance,0.00
B000321,P00607,V002787,2024-06-27,Other,116168.03,Php,Partial,"Debit Card",58084.01
B000322,P00640,V002634,2023-02-01,Other,25061.74,Php,Paid,Cash,25061.74
B000323,P00352,V002326,2024-06-20,Laboratory,142771.77,Php,Paid,"Credit Card",142771.77
B000324,P00706,V001925,2025-11-09,Consultation,117227.45,Php,Partial,Cash,87920.59
B000325,P00906,V001736,2024-09-28,Consultation,12879.75,Php,Partial,GCash,9659.81
B000326,P00919,V001103,2025-11-25,Emergency,123093.78,Php,Paid,GCash,123093.78
B000327,P00567,V000700,2023-07-20,Surgery,74120.72,Php,Partial,"Credit Card",55590.54
B000328,P00651,V001211,2024-11-03,Other,98832.15,Php,Partial,Cash,74124.11
B000329,P00195,V002626,2023-02-03,Room,129072.51,Php,Paid,"Credit Card",129072.51
B000330,P00080,V000937,2023-12-15,Other,79128.49,Php,Partial,Insurance,59346.37
B000331,P00100,V001750,2025-07-05,Emergency,5472.51,Php,Partial,"Bank Transfer",2736.26
B000332,P00141,V001480,2024-12-12,Room,104030.79,Php,Pending,"Debit Card",0.00
B000333,P00601,V001328,2025-03-05,Medication,53689.05,Php,Paid,Insurance,53689.05
B000334,P00838,V000473,2023-11-15,Other,98220.78,Php,Pending,GCash,0.00
B000335,P00491,V001959,2025-10-30,Emergency,35373.64,Php,Paid,GCash,35373.64
B000336,P00605,V001375,2024-04-13,Medication,29093.67,Php,Partial,Cash,14546.83
B000337,P00428,V001179,2025-03-06,Laboratory,33796.04,Php,Paid,"Bank Transfer",33796.04
B000338,P00327,V001190,2025-09-21,Laboratory,1924.93,Php,Partial,"Debit Card",962.47
B000339,P00035,V002058,2024-07-10,Medication,4625.24,Php,Paid,GCash,4625.24
B000340,P00573,V000652,2023-10-23,Medication,64261.45,Php,Paid,Cash,64261.45
B000341,P00071,V000186,2023-04-01,Consultation,69918.51,Php,Paid,"Bank Transfer",69918.51
B000342,P00209,V002569,2023-11-20,Room,87221.22,Php,Paid,Insurance,87221.22
B000343,P00255,V002678,2025-09-21,Laboratory,25548.84,Php,Partial,GCash,19161.63
B000344,P00864,V001526,2023-06-01,Medication,15955.17,Php,Paid,GCash,15955.17
B000345,P00376,V000199,2025-04-16,Medication,140863.24,Php,Partial,"Credit Card",105647.43
B000346,P00995,V002160,2023-12-31,Emergency,44069.30,Php,Pending,Cash,0.00
B000347,P00350,V002703,2024-02-11,Other,272.63,Php,Paid,"Credit Card",272.63
B000348,P00287,V002558,2023-12-20,Other,79537.01,Php,Partial,GCash,39768.50
B000349,P00735,V002758,2025-05-18,Laboratory,137027.87,Php,Paid,Insurance,137027.87
B000350,P00517,V000290,2025-01-04,Other,109969.92,Php,Paid,Cash,109969.92
B000351,P00086,V002276,2023-12-10,Consultation,125933.23,Php,Pending,"Debit Card",0.00
B000352,P00252,V001650,2025-09-19,Room,101206.26,Php,Paid,Cash,101206.26
B000353,P00258,V002235,2025-10-31,Surgery,112729.34,Php,Paid,"Credit Card",112729.34
B000354,P00030,V001671,2024-02-01,Medication,29735.82,Php,Partial,Cash,14867.91
B000355,P00523,V002780,2025-07-23,Room,42713.70,Php,Paid,"Debit Card",42713.70
B000356,P00979,V002878,2025-09-28,Other,111542.22,Php,Partial,Cash,83656.67
B000357,P00598,V000022,2023-02-04,Consultation,24510.40,Php,Partial,"Bank Transfer",18382.80
B000358,P00831,V000955,2023-04-27,Consultation,29477.09,Php,Paid,Cash,29477.09
B000359,P00741,V002648,2023-12-20,Room,51511.86,Php,Pending,Insurance,0.00
B000360,P00950,V002229,2025-01-20,Emergency,127257.82,Php,Pending,Cash,0.00
B000361,P00769,V002668,2023-10-20,Laboratory,10265.40,Php,Partial,GCash,5132.70
B000362,P00455,V002933,2024-03-19,Emergency,88029.89,Php,Partial,"Credit Card",44014.94
B000363,P00676,V000011,2023-10-27,Other,70122.74,Php,Pending,Cash,0.00
B000364,P00296,V002657,2025-07-04,Other,139333.21,Php,Paid,Cash,139333.21
B000365,P00380,V002764,2025-09-28,Surgery,15528.98,Php,Pending,GCash,0.00
B000366,P00324,V000479,2023-12-25,Surgery,82121.72,Php,Partial,Insurance,61591.29
B000367,P00104,V002683,2023-09-18,Room,30008.12,Php,Partial,Cash,22506.09
B000368,P00288,V001620,2025-11-16,Emergency,145483.04,Php,Paid,Cash,145483.04
B000369,P00321,V002691,2024-10-28,Surgery,51380.88,Php,Partial,"Bank Transfer",25690.44
B000370,P00327,V002726,2024-11-19,Surgery,41594.85,Php,Partial,"Credit Card",31196.14
B000371,P00462,V002831,2024-09-19,Other,119034.82,Php,Partial,Cash,89276.12
B000372,P00308,V002680,2024-03-17,Laboratory,38456.91,Php,Paid,GCash,38456.91
B000373,P00492,V002652,2023-11-10,Other,63247.54,Php,Paid,Insurance,63247.54
B000374,P00568,V001842,2025-05-18,Laboratory,103778.86,Php,Pending,Cash,0.00
B000375,P00886,V000369,2025-11-30,Consultation,82639.93,Php,Partial,Cash,41319.96
B000376,P00968,V001732,2023-03-21,Other,24613.32,Php,Paid,Insurance,24613.32
B000377,P00848,V002252,2023-06-06,Other,82559.52,Php,Partial,Cash,41279.76
B000378,P00549,V000675,2023-06-14,Surgery,39916.96,Php,Paid,"Credit Card",39916.96
B000379,P00899,V002393,2024-12-07,Medication,15356.28,Php,Partial,Cash,7678.14
B000380,P00007,V001065,2023-04-11,Emergency,75985.74,Php,Paid,"Debit Card",75985.74
B000381,P00505,V002852,2025-09-19,Room,115735.12,Php,Pending,"Credit Card",0.00
B000382,P00862,V001702,2023-07-02,Emergency,54909.81,Php,Paid,Cash,54909.81
B000383,P00468,V002878,2025-11-09,Emergency,40204.06,Php,Pending,GCash,0.00
B000384,P00293,V002012,2023-10-31,Room,37581.07,Php,Paid,"Bank Transfer",37581.07
B000385,P00630,V000436,2024-06-25,Consultation,64741.22,Php,Paid,"Debit Card",64741.22
B000386,P00680,V000831,2025-06-26,Medication,98458.16,Php,Partial,"Credit Card",49229.08
B000387,P00008,V002311,2025-10-29,Consultation,128299.10,Php,Paid,"Credit Card",128299.10
B000388,P00935,V002534,2024-04-07,Room,51191.33,Php,Paid,Cash,51191.33
B000389,P01001,V001184,2023-11-17,Other,129478.85,Php,Partial,"Debit Card",97109.14
B000390,P00276,V001863,2024-12-01,Other,29461.91,Php,Paid,GCash,29461.91
B000391,P00956,V000797,2023-03-05,Laboratory,75331.22,Php,Pending,Cash,0.00
B000392,P00848,V002303,2025-03-13,Other,108224.33,Php,Pending,Cash,0.00
B000393,P00690,V000189,2024-09-18,Room,83095.51,Php,Partial,Cash,62321.63
B000394,P00408,V000277,2025-04-10,Medication,52933.78,Php,Partial,"Debit Card",26466.89
B000395,P00202,V001330,2025-10-18,Room,122369.40,Php,Partial,"Credit Card",91777.05
B000396,P00502,V001216,2023-12-19,Room,64716.02,Php,Paid,Insurance,64716.02
B000397,P00566,V001089,2025-12-05,Surgery,28248.64,Php,Partial,Cash,21186.48
B000398,P00018,V000928,2023-06-15,Emergency,42571.18,Php,Partial,"Debit Card",31928.39
B000399,P00580,V000462,2025-11-10,Other,149865.43,Php,Partial,"Bank Transfer",74932.71
B000400,P00805,V002464,2024-11-03,Medication,75858.54,Php,Partial,GCash,37929.27
B000401,P00189,V000096,2025-09-14,Consultation,141573.96,Php,Partial,"Bank Transfer",70786.98
B000402,P00956,V000074,2024-06-29,Surgery,17959.33,Php,Paid,Cash,17959.33
B000403,P00539,V002898,2023-02-10,Room,59243.51,Php,Paid,Cash,59243.51
B000404,P00221,V002592,2023-09-19,Consultation,83977.66,Php,Partial,Cash,41988.83
B000405,P00915,V002462,2024-04-18,Other,78125.08,Php,Partial,Cash,39062.54
B000406,P00555,V000688,2025-03-30,Room,101677.72,Php,Paid,Cash,101677.72
B000407,P00337,V000986,2024-04-20,Laboratory,108536.65,Php,Paid,GCash,108536.65
B000408,P00877,V002157,2023-03-29,Laboratory,33169.41,Php,Partial,GCash,16584.71
B000409,P00193,V000851,2023-11-24,Surgery,120580.95,Php,Pending,Cash,0.00
B000410,P00011,V000210,2025-09-01,Consultation,82222.96,Php,Partial,"Bank Transfer",61667.22
B000411,P00562,V002375,2023-06-16,Other,48309.81,Php,Paid,GCash,48309.81
B000412,P00214,V002801,2024-10-11,Other,135786.42,Php,Paid,Cash,135786.42
B000413,P00724,V002016,2023-09-23,Other,135984.59,Php,Partial,GCash,67992.29
B000414,P00387,V002879,2025-04-20,Laboratory,137617.47,Php,Paid,"Bank Transfer",137617.47
B000415,P00880,V000064,2024-04-22,Surgery,146578.12,Php,Paid,"Bank Transfer",146578.12
B000416,P00256,V001758,2023-08-17,Surgery,61022.79,Php,Paid,Cash,61022.79
B000417,P00904,V002477,2023-05-08,Room,15559.43,Php,Partial,Insurance,7779.72
B000418,P00010,V000679,2025-06-05,Room,98016.96,Php,Partial,GCash,49008.48
B000419,P00577,V002315,2025-06-26,Room,108015.88,Php,Paid,Cash,108015.88
B000420,P00069,V000651,2023-05-20,Other,30582.00,Php,Partial,Cash,22936.50
B000421,P00348,V000190,2025-02-13,Laboratory,72884.05,Php,Paid,"Bank Transfer",72884.05
B000422,P00270,V002359,2024-03-27,Other,3409.41,Php,Paid,GCash,3409.41
B000423,P01003,V000874,2023-12-28,Medication,41819.40,Php,Pending,"Debit Card",0.00
B000424,P00825,V002644,2025-08-28,Consultation,101928.43,Php,Partial,Cash,50964.21
B000425,P00178,V000710,2024-07-20,Surgery,111270.78,Php,Paid,GCash,111270.78
B000426,P00370,V000307,2023-01-22,Other,92279.67,Php,Partial,"Debit Card",46139.83
B000427,P00430,V001969,2023-02-09,Room,149242.00,Php,Paid,GCash,149242.00
B000428,P00255,V001466,2024-06-28,Surgery,9662.54,Php,Paid,"Debit Card",9662.54
B000429,P00783,V001641,2023-03-27,Consultation,10607.64,Php,Partial,Cash,7955.73
B000430,P00775,V000654,2025-10-04,Emergency,66210.07,Php,Paid,Cash,66210.07
B000431,P00673,V002693,2025-05-07,Emergency,42441.75,Php,Partial,Cash,21220.88
B000432,P00518,V002852,2024-05-07,Emergency,53788.34,Php,Paid,"Debit Card",53788.34
B000433,P00403,V000138,2025-04-11,Consultation,52463.22,Php,Partial,GCash,39347.42
B000434,P00207,V002853,2025-04-16,Emergency,91283.72,Php,Partial,"Debit Card",45641.86
B000435,P00650,V001378,2023-09-09,Room,91249.60,Php,Partial,GCash,45624.80
B000436,P00226,V000153,2025-10-16,Consultation,10500.04,Php,Paid,Cash,10500.04
B000437,P00123,V002514,2025-08-14,Other,96843.51,Php,Paid,"Credit Card",96843.51
B000438,P00902,V001576,2025-08-11,Surgery,120423.45,Php,Pending,"Credit Card",0.00
B000439,P00500,V002774,2024-11-06,Medication,127885.93,Php,Partial,"Bank Transfer",63942.96
B000440,P00899,V002100,2023-03-13,Laboratory,140468.55,Php,Paid,Cash,140468.55
B000441,P00902,V001638,2023-05-10,Surgery,28901.13,Php,Partial,"Credit Card",21675.85
B000442,P00589,V000947,2024-03-29,Consultation,61988.75,Php,Paid,Cash,61988.75
B000443,P00994,V000054,2025-11-16,Other,94074.84,Php,Paid,"Credit Card",94074.84
B000444,P00404,V000186,2023-12-17,Other,83733.07,Php,Partial,GCash,62799.80
B000445,P00792,V000469,2024-08-19,Laboratory,10456.69,Php,Partial,"Credit Card",5228.35
B000446,P00903,V002350,2023-10-03,Laboratory,10805.64,Php,Pending,Cash,0.00
B000447,P00251,V000987,2025-09-24,Surgery,139007.83,Php,Pending,Cash,0.00
B000448,P00712,V001323,2023-11-10,Consultation,121544.21,Php,Pending,Cash,0.00
B000449,P00097,V001980,2025-03-08,Emergency,125917.81,Php,Pending,Cash,0.00
B000450,P00701,V002098,2025-04-01,Emergency,40400.83,Php,Paid,Cash,40400.83
B000451,P00989,V000695,2025-06-08,Consultation,91408.84,Php,Paid,Cash,91408.84
B000452,P00920,V001292,2023-02-14,Emergency,124126.75,Php,Paid,Cash,124126.75
B000453,P00740,V002546,2023-12-14,Room,116085.37,Php,Partial,Cash,58042.68
B000454,P00715,V002007,2024-11-09,Medication,32157.43,Php,Pending,"Bank Transfer",0.00
B000455,P00274,V002512,2023-06-03,Other,112063.45,Php,Partial,Cash,84047.59
B000456,P00809,V001359,2024-02-11,Laboratory,21474.57,Php,Paid,"Bank Transfer",21474.57
B000457,P00959,V000725,2024-05-04,Surgery,114148.80,Php,Partial,Insurance,85611.60
B000458,P00572,V001347,2024-11-21,Consultation,67740.77,Php,Paid,GCash,67740.77
B000459,P00188,V001507,2025-02-19,Laboratory,140507.82,Php,Partial,Cash,70253.91
B000460,P00630,V001226,2024-01-29,Laboratory,146038.93,Php,Partial,Insurance,73019.46
B000461,P00363,V000682,2024-07-27,Emergency,21924.08,Php,Paid,GCash,21924.08
B000462,P00463,V001551,2025-11-11,Laboratory,91707.23,Php,CANCELLED,Cash,45853.61
B000463,P00832,V000702,2024-11-23,Consultation,43626.20,Php,Paid,Cash,43626.20
B000464,P00489,V000008,2025-05-07,Room,87786.51,Php,Partial,Cash,43893.25
B000465,P00532,V000752,2023-02-12,Consultation,115625.07,Php,Paid,GCash,115625.07
B000466,P00573,V000201,2023-01-25,Surgery,126236.77,Php,Pending,"Credit Card",0.00
B000467,P00944,V002171,2024-02-09,Surgery,127834.82,Php,Partial,"Credit Card",95876.12
B000468,P00165,V001743,2023-08-04,Medication,69875.78,Php,Partial,Cash,34937.89
B000469,P00945,V002769,2024-07-30,Medication,129805.59,Php,Paid,Cash,129805.59
B000470,P00679,V001240,2025-09-06,Laboratory,142667.66,Php,Paid,GCash,142667.66
B000471,P00233,V001924,2024-02-13,Emergency,141871.36,Php,Partial,Insurance,106403.52
B000472,P00186,V001088,2024-06-05,Medication,118579.48,Php,Partial,Cash,88934.61
B000473,P00274,V000630,2025-09-20,Consultation,27287.87,Php,Pending,Cash,0.00
B000474,P00978,V000163,2024-08-20,Room,33649.92,Php,Paid,Cash,33649.92
B000475,P00737,V001001,2025-06-01,Laboratory,68927.81,Php,Partial,GCash,51695.86
B000476,P00380,V001093,2023-03-06,Laboratory,75576.76,Php,Partial,Cash,56682.57
B000477,P00777,V000504,2023-06-03,Other,53469.14,Php,Paid,GCash,53469.14
B000478,P00287,V001809,2025-11-18,Surgery,16942.56,Php,Partial,Insurance,8471.28
B000479,P00651,V002371,2025-08-08,Consultation,87045.68,Php,Partial,Cash,43522.84
B000480,P00856,V000408,2025-09-16,Other,58096.19,Php,Paid,"Debit Card",58096.19
B000481,P00204,V001614,2024-01-19,Medication,58244.01,Php,Paid,"Credit Card",58244.01
B000482,P00641,V000816,2023-06-23,Medication,69524.80,Php,Paid,"Debit Card",69524.80
B000483,P00947,V000116,2025-01-08,Emergency,131577.67,Php,Partial,Cash,65788.84
B000484,P00022,V000041,2023-10-14,Other,13107.13,Php,Paid,GCash,13107.13
B000485,P00798,V001226,2023-07-14,Other,125880.41,Php,Paid,Cash,125880.41
B000486,P00859,V002392,2025-09-27,Surgery,145407.12,Php,Paid,GCash,145407.12
B000487,P00203,V002926,2025-10-17,Emergency,140970.34,Php,Partial,"Debit Card",105727.76
B000488,P00408,V002833,2025-11-14,Medication,8863.33,Php,Paid,Insurance,8863.33
B000489,P00804,V001341,2023-03-02,Surgery,130996.02,Php,Paid,"Credit Card",130996.02
B000490,P00133,V000274,2024-02-03,Emergency,11165.12,Php,Partial,Cash,8373.84
B000491,P00831,V000261,2023-06-05,Other,67564.01,Php,Pending,"Debit Card",0.00
B000492,P00108,V001223,2025-07-05,Room,116108.35,Php,Partial,Insurance,87081.26
B000493,P00435,V001609,2024-01-17,Other,48607.38,Php,Paid,Cash,48607.38
B000494,P00118,V000076,2023-07-30,Medication,18204.13,Php,Pending,Insurance,13653.10
B000495,P00779,V001352,2025-04-07,Surgery,17748.55,Php,Pending,"Credit Card",0.00
B000496,P00551,V000073,2023-04-11,Consultation,129168.93,Php,Partial,Insurance,96876.70
B000497,P00475,V002201,2025-09-06,Consultation,14120.86,Php,Partial,"Credit Card",7060.43
B000498,P00317,V002619,2023-08-16,Emergency,13346.70,Php,Pending,Cash,0.00
B000499,P00442,V000038,2024-02-10,Laboratory,62875.39,Php,Paid,GCash,62875.39
B000500,P00730,V002750,2023-05-14,Room,114195.08,Php,Partial,Insurance,85646.31
B000501,P00273,V000739,2023-08-09,Emergency,49621.79,Php,Pending,Cash,0.00
B000502,P00202,V002564,2025-02-09,Medication,120704.11,Php,Paid,"Credit Card",120704.11
B000503,P00860,V001017,2023-12-03,Consultation,33247.00,Php,Pending,"Debit Card",0.00
B000504,P00004,V002535,2025-12-14,Surgery,113080.87,Php,Pending,"Credit Card",0.00
B000505,P00522,V001687,2024-08-15,Room,88894.13,Php,Partial,"Bank Transfer",66670.60
B000506,P00116,V002439,2023-05-15,Room,98731.75,Php,Partial,"Debit Card",49365.88
B000507,P00316,V000518,2023-08-16,Emergency,75000.34,Php,Pending,"Debit Card",0.00
B000508,P00679,V002338,2023-01-15,Laboratory,113249.62,Php,Partial,Insurance,84937.21
B000509,P00157,V002077,2023-10-07,Other,52830.79,Php,Partial,"Credit Card",26415.40
B000510,P00895,V000055,2023-08-24,Laboratory,5067.26,Php,Paid,"Debit Card",5067.26
B000511,P00327,V001701,2024-02-09,Laboratory,59555.88,Php,Paid,"Credit Card",59555.88
B000512,P00054,V002450,2023-07-31,Other,24702.06,Php,Paid,Cash,24702.06
B000513,P00734,V002092,2024-02-04,Room,42019.13,Php,Paid,"Bank Transfer",42019.13
B000514,P00420,V001525,2023-04-24,Emergency,32316.53,Php,Paid,Cash,32316.53
B000515,P00254,V002082,2023-02-25,Medication,108686.17,Php,Paid,Cash,108686.17
B000516,P00134,V000947,2023-06-14,Medication,35216.55,Php,Paid,Cash,35216.55
B000517,P00497,V000546,2024-05-29,Medication,71257.71,Php,Partial,Insurance,53443.28
B000518,P00776,V001742,2023-07-20,Emergency,43679.19,Php,Paid,"Debit Card",43679.19
B000519,P00819,V001686,2024-06-07,Surgery,22165.23,Php,Partial,GCash,11082.61
B000520,P00377,V000367,2025-04-04,Room,111679.70,Php,Paid,Cash,111679.70
B000521,P00012,V002102,2023-01-09,Emergency,53349.55,Php,Pending,"Credit Card",0.00
B000522,P00610,V001093,2024-03-19,Consultation,128480.41,Php,Paid,GCash,128480.41
B000523,P00486,V002646,2023-12-23,Surgery,7181.70,Php,Paid,Cash,7181.70
B000524,P00001,V000278,2025-10-23,Laboratory,77499.81,Php,Paid,"Credit Card",77499.81
B000525,P00621,V001247,2023-04-15,Laboratory,126763.98,Php,Pending,"Debit Card",0.00
B000526,P00903,V001993,2024-02-16,Other,5703.22,Php,Paid,Insurance,5703.22
B000527,P00296,V002073,2024-02-29,Emergency,32887.22,Php,Partial,"Credit Card",16443.61
B000528,P00316,V002308,2025-06-14,Room,120040.36,Php,Partial,"Credit Card",90030.27
B000529,P00839,V002197,2023-12-28,Room,50541.06,Php,Partial,"Bank Transfer",37905.79
B000530,P00174,V002315,2025-07-27,Laboratory,117834.57,Php,Paid,Cash,117834.57
B000531,P00482,V001751,2023-02-08,Emergency,72214.53,Php,Partial,Cash,54160.90
B000532,P00228,V000355,2024-04-07,Room,6954.51,Php,Partial,Cash,3477.26
B000533,P00002,V000172,2025-01-08,Room,93175.82,Php,Partial,Cash,46587.91
B000534,P00335,V000471,2024-05-05,Other,85326.49,Php,Paid,GCash,85326.49
B000535,P00709,V002104,2024-03-06,Emergency,148268.58,Php,Partial,"Credit Card",111201.43
B000536,P00386,V002951,2025-02-24,Laboratory,92876.07,Php,Paid,GCash,92876.07
B000537,P00717,V000003,2023-04-13,Laboratory,6419.07,Php,Paid,GCash,6419.07
B000538,P00066,V002514,2024-12-28,Emergency,18682.62,Php,Paid,GCash,18682.62
B000539,P00466,V001994,2023-03-07,Medication,67835.19,Php,Paid,Cash,67835.19
B000540,P00674,V001750,2025-01-13,Consultation,139800.27,Php,Paid,Cash,139800.27
B000541,P00830,V002581,2023-04-20,Surgery,117163.63,Php,Paid,Cash,117163.63
B000542,P00877,V000371,2025-08-01,Surgery,139836.98,Php,Paid,"Credit Card",139836.98
B000543,P00301,V001595,2023-04-23,Surgery,111258.36,Php,Paid,"Bank Transfer",111258.36
B000544,P00580,V000815,2025-08-29,Surgery,86897.28,Php,Paid,"Bank Transfer",86897.28
B000545,P00383,V000528,2023-07-09,Emergency,33979.46,Php,Paid,Cash,33979.46
B000546,P00238,V000114,2023-03-02,Laboratory,52499.41,Php,Pending,GCash,0.00
B000547,P00572,V002432,2025-05-07,Other,112197.89,Php,Partial,Cash,56098.94
B000548,P00748,V001070,2025-03-25,Laboratory,99287.37,Php,Paid,Cash,99287.37
B000549,P00654,V000893,2025-09-25,Laboratory,136453.92,Php,Pending,"Credit Card",0.00
B000550,P00345,V002082,2023-02-17,Medication,33850.85,Php,Partial,"Credit Card",25388.14
B000551,P00108,V002411,2025-01-29,Other,15174.04,Php,Partial,"Debit Card",7587.02
B000552,P00474,V000579,2023-02-26,Consultation,80408.86,Php,Partial,"Credit Card",40204.43
B000553,P00265,V000312,2024-07-19,Room,19400.51,Php,Paid,Cash,19400.51
B000554,P00583,V002551,2023-11-13,Medication,72643.46,Php,Pending,Cash,0.00
B000555,P00873,V000714,2025-11-22,Room,92759.74,Php,Paid,Cash,92759.74
B000556,P00377,V001679,2024-05-30,Consultation,8522.48,Php,Paid,Insurance,8522.48
B000557,P00916,V000786,2025-10-02,Emergency,3829.64,Php,Pending,"Bank Transfer",0.00
B000558,P00910,V002824,2025-08-30,Room,58385.64,Php,Paid,GCash,58385.64
B000559,P00046,V002401,2023-09-11,Medication,138997.31,Php,Paid,"Bank Transfer",138997.31
B000560,P00874,V001228,2025-06-30,Other,70212.16,Php,Paid,"Bank Transfer",70212.16
B000561,P00038,V000360,2024-09-01,Surgery,140003.52,Php,Partial,"Credit Card",105002.64
B000562,P00150,V000222,2024-02-16,Medication,124294.57,Php,Partial,"Credit Card",93220.93
B000563,P00356,V001577,2025-01-06,Laboratory,90281.34,Php,Paid,"Credit Card",90281.34
B000564,P00019,V001901,2023-10-11,Consultation,112345.85,Php,Pending,Cash,0.00
B000565,P00534,V002161,2025-11-16,Consultation,35478.05,Php,Partial,GCash,17739.03
B000566,P00521,V002815,2025-12-20,Emergency,19380.79,Php,Partial,Cash,9690.40
B000567,P00993,V000746,2024-02-08,Emergency,141176.68,Php,Pending,Insurance,0.00
B000568,P00174,V002072,2024-01-25,Consultation,64993.74,Php,Partial,"Debit Card",32496.87
B000569,P00276,V000906,2025-08-22,Laboratory,128392.99,Php,Pending,Insurance,0.00
B000570,P00839,V002068,2025-04-14,Laboratory,30965.66,Php,Pending,"Credit Card",0.00
B000571,P00629,V002236,2025-01-28,Consultation,69583.12,Php,Pending,GCash,0.00
B000572,P00010,V002966,2025-04-18,Surgery,65530.35,Php,Partial,"Credit Card",32765.17
B000573,P00101,V001091,2025-11-07,Surgery,16794.97,Php,Pending,"Credit Card",0.00
B000574,P00930,V002810,2024-11-25,Laboratory,122377.18,Php,Pending,Cash,0.00
B000575,P00018,V002541,2025-07-29,Laboratory,5975.28,Php,Paid,"Credit Card",5975.28
B000576,P00900,V000816,2025-05-08,Consultation,87795.03,Php,Partial,Cash,43897.51
B000577,P00752,V002552,2025-04-10,Emergency,8094.35,Php,Partial,Insurance,4047.18
B000578,P00412,V002532,2025-08-20,Surgery,90008.83,Php,Paid,Cash,90008.83
B000579,P00791,V000078,2025-04-04,Consultation,90603.69,Php,Paid,GCash,90603.69
B000580,P00053,V000112,2024-03-23,Room,6360.37,Php,Pending,Cash,0.00
B000581,P00336,V000248,2024-01-04,Surgery,123999.68,Php,Pending,"Credit Card",0.00
B000582,P00636,V002022,2025-05-09,Other,77467.60,Php,Paid,GCash,77467.60
B000583,P00153,V001021,2025-07-06,Consultation,125115.90,Php,Partial,"Bank Transfer",93836.92
B000584,P00032,V000447,2025-08-09,Consultation,53310.20,Php,Paid,Cash,53310.20
B000585,P00513,V000469,2023-06-09,Consultation,56416.40,Php,Paid,"Debit Card",56416.40
B000586,P00339,V002651,2023-12-09,Other,142675.87,Php,Pending,Cash,0.00
B000587,P00249,V001586,2024-10-13,Emergency,79776.61,Php,Partial,GCash,59832.46
B000588,P00298,V000798,2025-01-03,Surgery,119889.27,Php,Pending,GCash,0.00
B000589,P00960,V000691,2025-11-09,Room,49847.69,Php,Paid,"Credit Card",49847.69
B000590,P00348,V000009,2023-08-04,Medication,117308.02,Php,Partial,Insurance,58654.01
B000591,P00457,V002833,2024-11-20,Surgery,148031.79,Php,Paid,Cash,148031.79
B000592,P00492,V000583,2024-02-28,Surgery,52556.12,Php,Partial,Cash,39417.09
B000593,P00880,V000705,2024-09-16,Laboratory,14113.43,Php,Paid,"Debit Card",14113.43
B000594,P00114,V002572,2023-06-21,Surgery,59985.21,Php,Paid,Cash,59985.21
B000595,P00079,V001751,2025-12-05,Other,39826.19,Php,Partial,"Credit Card",19913.10
B000596,P00364,V002210,2023-10-24,Other,130380.64,Php,Paid,GCash,130380.64
B000597,P00910,V001169,2025-08-01,Surgery,121838.99,Php,Pending,GCash,0.00
B000598,P00577,V000432,2023-09-21,Medication,25123.77,Php,Paid,GCash,25123.77
B000599,P00312,V000322,2024-07-01,Other,27327.14,Php,Partial,Insurance,13663.57
B000600,P00818,V000020,2023-09-08,Surgery,9228.75,Php,Pending,Cash,0.00
B000601,P00298,V002986,2023-08-15,Emergency,3758.68,Php,Paid,"Bank Transfer",3758.68
B000602,P00064,V000325,2024-06-28,Other,30018.96,Php,Paid,"Bank Transfer",30018.96
B000603,P00264,V002880,2025-01-29,Laboratory,68223.93,Php,Paid,Insurance,68223.93
B000604,P00374,V000013,2025-08-14,Other,18921.96,Php,Pending,"Bank Transfer",0.00
B000605,P00887,V000359,2023-07-23,Medication,580.32,Php,Paid,"Debit Card",580.32
B000606,P00612,V001846,2024-02-04,Medication,43479.50,Php,Partial,Insurance,32609.62
B000607,P00466,V000766,2025-01-29,Laboratory,107447.41,Php,Paid,Insurance,107447.41
B000608,P00805,V000125,2023-01-17,Emergency,7293.30,Php,Paid,Cash,7293.30
B000609,P00555,V001625,2025-07-24,Consultation,116318.91,Php,Partial,GCash,87239.18
B000610,P00055,V002332,2023-02-20,Other,40416.25,Php,Pending,"Credit Card",0.00
B000611,P00783,V000071,2023-11-07,Other,124046.07,Php,Pending,"Credit Card",0.00
B000612,P00253,V002449,2024-05-15,Surgery,20889.75,Php,Paid,Cash,20889.75
B000613,P00990,V001130,2025-05-03,Consultation,79634.22,Php,Partial,"Credit Card",39817.11
B000614,P00015,V001041,2023-12-11,Emergency,134339.84,Php,Paid,Insurance,134339.84
B000615,P00808,V002874,2023-04-24,Emergency,40230.75,Php,Paid,Cash,40230.75
B000616,P00733,V000312,2024-06-17,Room,45443.22,Php,Partial,Cash,34082.42
B000617,P00176,V001679,2024-03-03,Other,95021.31,Php,Paid,GCash,95021.31
B000618,P00851,V001252,2023-07-30,Room,5049.82,Php,Paid,GCash,5049.82
B000619,P00068,V001261,2023-11-07,Emergency,21217.12,Php,Paid,Cash,21217.12
B000620,P00225,V001336,2024-11-24,Consultation,95145.01,Php,Paid,"Credit Card",95145.01
B000621,P00164,V001817,2024-05-13,Consultation,15776.02,Php,Pending,"Debit Card",0.00
B000622,P00699,V000061,2024-11-16,Consultation,28520.73,Php,Paid,"Bank Transfer",28520.73
B000623,P00629,V002201,2023-09-11,Consultation,116189.58,Php,Partial,Cash,58094.79
B000624,P00682,V002093,2024-04-26,Other,72445.14,Php,Partial,"Credit Card",36222.57
B000625,P00722,V001166,2023-07-03,Surgery,68962.22,Php,Paid,"Credit Card",68962.22
B000626,P00189,V002441,2023-05-14,Room,31076.02,Php,Paid,"Credit Card",31076.02
B000627,P00059,V001698,2024-11-12,Consultation,32001.04,Php,Paid,Cash,32001.04
B000628,P00637,V000504,2023-01-14,Room,27850.45,Php,Partial,Cash,13925.23
B000629,P00731,V002636,2023-11-20,Surgery,59743.48,Php,Paid,Insurance,59743.48
B000630,P00420,V002710,2023-09-21,Other,75427.24,Php,Paid,"Credit Card",75427.24
B000631,P00426,V001877,2024-12-29,Emergency,55788.74,Php,Partial,Cash,41841.56
B000632,P00083,V001735,2024-09-07,Surgery,138364.79,Php,Partial,Insurance,69182.40
B000633,P00934,V001298,2024-08-13,Other,3215.85,Php,Paid,Cash,3215.85
B000634,P00442,V002336,2025-04-22,Room,99289.86,Php,Pending,Cash,0.00
B000635,P00950,V000488,2025-08-15,Other,83690.33,Php,Partial,"Credit Card",41845.17
B000636,P00435,V001110,2025-10-12,Medication,88575.62,Php,Partial,Cash,44287.81
B000637,P00072,V000414,2024-04-26,Medication,45816.41,Php,Pending,Cash,0.00
B000638,P00704,V002697,2023-05-23,Surgery,80844.82,Php,Paid,GCash,40422.41
B000639,P00701,V002890,2024-05-28,Medication,148834.80,Php,Pending,Cash,0.00
B000640,P00844,V000526,2024-02-08,Surgery,147002.90,Php,Pending,"Bank Transfer",0.00
B000641,P00877,V000813,2024-05-20,Medication,56099.52,Php,Paid,"Debit Card",56099.52
B000642,P00114,V002441,2025-08-14,Emergency,82853.03,Php,Partial,GCash,62139.77
B000643,P00581,V001557,2023-06-24,Emergency,48377.19,Php,Paid,Cash,48377.19
B000644,P00151,V001116,2025-06-09,Medication,61572.39,Php,Paid,"Bank Transfer",61572.39
B000645,P00110,V002811,2024-10-31,Other,44477.28,Php,Partial,Cash,33357.96
B000646,P00599,V001931,2025-11-09,Room,34877.44,Php,Paid,GCash,34877.44
B000647,P00622,V002130,2023-05-01,Other,10658.14,Php,Paid,Insurance,10658.14
B000648,P00909,V002935,2023-12-30,Laboratory,74963.35,Php,Paid,Cash,74963.35
B000649,P00078,V001749,2024-04-15,Emergency,134019.91,Php,Pending,Insurance,0.00
B000650,P00154,V000701,2024-10-04,Room,98143.67,Php,Partial,Cash,73607.75
B000651,P00737,V002521,2025-11-12,Room,82244.55,Php,Pending,"Debit Card",0.00
B000652,P00325,V000596,2024-09-11,Other,82069.92,Php,Paid,GCash,82069.92
B000653,P00411,V002363,2025-10-23,Consultation,56182.96,Php,Paid,GCash,56182.96
B000654,P00610,V002503,2023-06-08,Emergency,79330.56,Php,Paid,Cash,79330.56
B000655,P00367,V002883,2025-05-08,Emergency,14928.34,Php,Paid,"Credit Card",14928.34
B000656,P01004,V000881,2025-06-22,Medication,7987.02,Php,Pending,"Debit Card",0.00
B000657,P00404,V002471,2023-05-10,Laboratory,63233.90,Php,Partial,Cash,31616.95
B000658,P00392,V002227,2024-11-10,Laboratory,89000.09,Php,Paid,"Debit Card",89000.09
B000659,P00836,V001030,2025-12-20,Medication,47619.68,Php,Paid,"Credit Card",47619.68
B000660,P00473,V000953,2024-05-27,Laboratory,26881.89,Php,Partial,"Credit Card",20161.42
B000661,P00270,V002651,2024-05-02,Consultation,13762.30,Php,Partial,"Bank Transfer",10321.72
B000662,P00175,V001328,2024-03-29,Consultation,13504.80,Php,Partial,Insurance,10128.60
B000663,P00112,V000901,2025-09-11,Surgery,65491.12,Php,Partial,GCash,49118.34
B000664,P00485,V000615,2025-04-25,Medication,123746.92,Php,Paid,"Debit Card",123746.92
B000665,P00501,V000701,2023-08-17,Consultation,91478.92,Php,Partial,GCash,45739.46
B000666,P00373,V001416,2024-05-05,Other,35162.74,Php,Partial,"Credit Card",17581.37
B000667,P00005,V002859,2024-12-29,Laboratory,51490.08,Php,Paid,"Credit Card",51490.08
B000668,P00035,V000358,2025-09-30,Surgery,68602.19,Php,Paid,Insurance,68602.19
B000669,P00278,V002237,2023-05-20,Emergency,67978.07,Php,Paid,GCash,67978.07
B000670,P00444,V002256,2023-08-24,Medication,13863.50,Php,Partial,Insurance,6931.75
B000671,P00022,V001583,2024-10-25,Emergency,96403.61,Php,Partial,"Bank Transfer",48201.81
B000672,P00524,V002251,2023-10-08,Medication,131688.77,Php,Paid,Insurance,131688.77
B000673,P00784,V001765,2024-01-01,Emergency,74903.04,Php,Paid,"Debit Card",74903.04
B000674,P00166,V001347,2026-01-04,Medication,135240.71,Php,Partial,Insurance,67620.35
B000675,P00273,V002126,2023-07-11,Laboratory,19480.23,Php,Paid,"Credit Card",19480.23
B000676,P00729,V000642,2024-07-12,Medication,44396.42,Php,Paid,Insurance,44396.42
B000677,P00192,V001835,2025-10-20,Other,95331.01,Php,Paid,"Debit Card",95331.01
B000678,P00523,V002640,2023-06-30,Emergency,16238.67,Php,Pending,GCash,0.00
B000679,P00352,V002643,2025-07-26,Other,41318.50,Php,Partial,GCash,20659.25
B000680,P00998,V000502,2023-06-22,Medication,98860.27,Php,Paid,GCash,98860.27
B000681,P00466,V000565,2024-01-24,Room,65884.02,Php,Paid,Cash,65884.02
B000682,P01002,V002003,2024-11-06,Laboratory,144371.25,Php,Partial,Cash,108278.44
B000683,P00358,V000072,2025-09-02,Emergency,112748.57,Php,Partial,"Debit Card",84561.43
B000684,P00848,V002711,2023-01-22,Room,108006.46,Php,Pending,Insurance,0.00
B000685,P00287,V002664,2025-07-28,Emergency,115537.74,Php,Paid,Cash,115537.74
B000686,P00872,V000968,2024-06-07,Medication,65348.73,Php,Partial,"Debit Card",32674.37
B000687,P00077,V000805,2024-01-29,Laboratory,66865.85,Php,Partial,"Debit Card",33432.93
B000688,P00010,V002632,2023-03-04,Consultation,45227.83,Php,Partial,GCash,33920.87
B000689,P00190,V000694,2024-08-14,Emergency,41223.10,Php,Pending,GCash,0.00
B000690,P00792,V000993,2025-10-07,Medication,23113.65,Php,Paid,"Debit Card",23113.65
B000691,P00812,V002888,2023-02-13,Medication,39915.01,Php,Partial,Cash,19957.51
B000692,P00619,V001259,2023-11-05,Medication,50537.71,Php,Partial,Cash,37903.28
B000693,P00505,V001777,2025-03-03,Medication,54739.13,Php,Pending,Cash,0.00
B000694,P00837,V001797,2025-11-03,Consultation,120111.76,Php,Partial,GCash,90083.82
B000695,P00111,V002069,2023-08-13,Emergency,59200.43,Php,Paid,Cash,59200.43
B000696,P00409,V002870,2024-08-11,Emergency,87128.75,Php,Pending,Cash,0.00
B000697,P00663,V000580,2024-01-12,Other,99672.93,Php,Paid,GCash,99672.93
B000698,P00772,V000577,2023-05-03,Emergency,87299.20,Php,Partial,GCash,65474.40
B000699,P00317,V002560,2025-09-11,Consultation,120816.40,Php,Partial,"Bank Transfer",60408.20
B000700,P00653,V001310,2025-06-11,Room,48117.51,Php,Partial,Cash,36088.13
B000701,P00525,V001891,2024-07-10,Medication,92845.37,Php,Paid,Insurance,92845.37
B000702,P00611,V001349,2023-01-25,Emergency,26049.99,Php,Paid,GCash,26049.99
B000703,P00077,V001557,2025-06-17,Medication,140676.52,Php,Paid,"Bank Transfer",140676.52
B000704,P00620,V002312,2023-05-07,Other,126884.80,Php,Paid,"Bank Transfer",126884.80
B000705,P00688,V001745,2023-03-03,Consultation,9077.26,Php,Paid,"Debit Card",9077.26
B000706,P00262,V002348,2025-10-16,Emergency,109292.78,Php,Partial,"Bank Transfer",54646.39
B000707,P01002,V002065,2025-10-20,Room,40429.53,Php,Paid,"Debit Card",40429.53
B000708,P00416,V000761,2023-05-11,Surgery,55655.07,Php,Partial,Cash,27827.53
B000709,P00956,V002826,2024-10-08,Consultation,120523.12,Php,Pending,Cash,0.00
B000710,P00425,V000944,2025-04-09,Medication,8706.66,Php,Paid,"Debit Card",8706.66
B000711,P00931,V001485,2025-11-03,Other,45966.08,Php,Pending,Cash,0.00
B000712,P00809,V001320,2025-01-29,Medication,2699.25,Php,Paid,Insurance,2699.25
B000713,P00837,V002331,2024-02-08,Surgery,110352.49,Php,Pending,"Bank Transfer",0.00
B000714,P00258,V001695,2024-12-05,Laboratory,42132.09,Php,Paid,GCash,42132.09
B000715,P00560,V000809,2024-02-04,Room,54192.29,Php,Partial,Cash,40644.22
B000716,P00145,V001141,2024-05-29,Laboratory,129360.04,Php,Paid,Cash,129360.04
B000717,P00630,V001578,2024-04-12,Emergency,112614.47,Php,Paid,GCash,112614.47
B000718,P00316,V002219,2025-04-22,Consultation,83989.52,Php,Partial,"Credit Card",41994.76
B000719,P00333,V002973,2024-09-11,Emergency,20944.06,Php,Paid,"Bank Transfer",20944.06
B000720,P00114,V000216,2023-02-21,Laboratory,55784.51,Php,Pending,"Debit Card",0.00
B000721,P00263,V000362,2023-08-21,Medication,97499.22,Php,Partial,Cash,73124.42
B000722,P00321,V000182,2025-03-15,Laboratory,137.45,Php,Paid,"Credit Card",137.45
B000723,P00088,V002007,2025-10-25,Surgery,48843.05,Php,Partial,Cash,24421.53
B000724,P00578,V000521,2025-02-10,Surgery,141469.03,Php,Partial,Cash,106101.77
B000725,P00887,V002832,2023-04-04,Other,27430.95,Php,Pending,Cash,0.00
B000726,P00598,V001433,2025-11-21,Medication,100428.79,Php,Paid,Cash,100428.79
B000727,P00978,V000460,2024-03-08,Surgery,54729.98,Php,Paid,"Bank Transfer",54729.98
B000728,P00291,V002311,2024-10-09,Room,73961.38,Php,Paid,"Debit Card",73961.38
B000729,P00708,V002996,2023-05-25,Room,12584.58,Php,Paid,Cash,12584.58
B000730,P00683,V002895,2024-03-19,Surgery,27714.94,Php,Paid,Cash,27714.94
B000731,P00154,V001200,2025-07-30,Surgery,57383.42,Php,Paid,"Credit Card",57383.42
B000732,P00437,V000914,2025-05-31,Room,133216.72,Php,Partial,GCash,99912.54
B000733,P00355,V001089,2024-11-06,Room,26031.71,Php,Pending,GCash,0.00
B000734,P00788,V001262,2024-06-27,Laboratory,26747.78,Php,Partial,GCash,13373.89
B000735,P00307,V001142,2025-07-11,Laboratory,7518.86,Php,Partial,"Credit Card",3759.43
B000736,P00982,V001360,2024-05-27,Surgery,33645.74,Php,Paid,Cash,33645.74
B000737,P00395,V002771,2023-02-01,Consultation,96845.72,Php,Paid,Cash,96845.72
B000738,P00371,V000543,2024-02-01,Medication,46090.63,Php,Pending,GCash,0.00
B000739,P00154,V000106,2024-03-01,Laboratory,104498.88,Php,Paid,Cash,104498.88
B000740,P00415,V001320,2024-11-23,Consultation,55347.06,Php,Paid,Cash,55347.06
B000741,P00887,V000225,2023-02-04,Surgery,1786.74,Php,Pending,GCash,0.00
B000742,P00386,V002046,2025-02-12,Laboratory,46842.61,Php,Paid,"Debit Card",46842.61
B000743,P00193,V001130,2023-04-23,Consultation,119493.39,Php,Paid,Cash,119493.39
B000744,P00125,V000186,2023-09-30,Surgery,52656.03,Php,Paid,Cash,52656.03
B000745,P00279,V000807,2025-05-30,Emergency,103244.73,Php,Partial,GCash,77433.55
B000746,P00279,V000369,2024-01-27,Surgery,117506.19,Php,Partial,Cash,88129.64
B000747,P00237,V000339,2023-12-23,Medication,149253.56,Php,Paid,GCash,149253.56
B000748,P00607,V001560,2024-02-10,Other,128325.81,Php,Paid,"Bank Transfer",128325.81
B000749,P00062,V002239,2023-06-04,Medication,110192.48,Php,Partial,Cash,55096.24
B000750,P00189,V001529,2024-06-20,Consultation,18669.42,Php,Paid,Cash,18669.42
B000751,P00588,V000891,2023-12-20,Emergency,104750.02,Php,Partial,Cash,78562.51
B000752,P00823,V002277,2023-07-18,Consultation,100919.35,Php,Paid,Cash,100919.35
B000753,P00327,V000898,2023-02-27,Room,128280.85,Php,Paid,Cash,128280.85
B000754,P00848,V002579,2025-09-20,Emergency,147465.26,Php,Paid,"Debit Card",147465.26
B000755,P00398,V001394,2025-07-18,Consultation,76312.60,Php,Partial,"Debit Card",38156.30
B000756,P00766,V000945,2025-02-03,Room,130582.74,Php,Paid,GCash,130582.74
B000757,P00216,V000603,2025-02-09,Surgery,73607.28,Php,Partial,Cash,36803.64
B000758,P00191,V000640,2023-05-25,Other,51307.00,Php,Partial,"Credit Card",38480.25
B000759,P00096,V002230,2023-06-12,Consultation,144283.63,Php,Partial,"Debit Card",72141.82
B000760,P00572,V002372,2025-11-06,Surgery,141488.22,Php,Paid,Cash,141488.22
B000761,P00226,V002161,2024-11-13,Other,7380.64,Php,Paid,"Credit Card",7380.64
B000762,P00409,V000090,2024-03-29,Room,19368.26,Php,Paid,GCash,19368.26
B000763,P00074,V000691,2024-07-19,Surgery,84546.83,Php,Paid,"Debit Card",84546.83
B000764,P00256,V002846,2025-10-25,Other,9141.30,Php,Paid,Cash,9141.30
B000765,P00161,V000886,2023-01-05,Surgery,95838.73,Php,Pending,GCash,0.00
B000766,P00006,V002023,2024-07-08,Consultation,40283.25,Php,Partial,"Debit Card",20141.62
B000767,P00164,V000247,2024-11-07,Room,92920.26,Php,Paid,"Bank Transfer",92920.26
B000768,P00331,V000192,2025-09-30,Medication,79488.59,Php,Pending,Cash,0.00
B000769,P00440,V001994,2023-08-02,Other,134796.41,Php,Paid,"Debit Card",134796.41
B000770,P00968,V001318,2023-05-31,Medication,8672.94,Php,Paid,GCash,8672.94
B000771,P00491,V001425,2025-01-28,Surgery,100447.17,Php,Paid,"Debit Card",100447.17
B000772,P00188,V001251,2024-01-03,Consultation,57644.94,Php,Pending,Cash,0.00
B000773,P00331,V002681,2025-11-04,Medication,92359.03,Php,Paid,GCash,92359.03
B000774,P00437,V000488,2024-05-10,Room,97342.45,Php,Partial,"Bank Transfer",48671.22
B000775,P00082,V000271,2025-02-13,Other,19516.70,Php,Paid,"Credit Card",19516.70
B000776,P00212,V000594,2025-12-24,Room,85089.37,Php,Paid,"Bank Transfer",85089.37
B000777,P00034,V000374,2025-08-09,Other,146634.09,Php,Partial,Insurance,109975.57
B000778,P00282,V001004,2025-07-06,Laboratory,110570.94,Php,Paid,Cash,110570.94
B000779,P00787,V001125,2023-09-13,Medication,100684.75,Php,Partial,"Debit Card",75513.56
B000780,P00339,V001090,2023-12-13,Consultation,147938.84,Php,Paid,"Debit Card",147938.84
B000781,P00402,V001214,2025-08-16,Room,90872.16,Php,Pending,GCash,0.00
B000782,P00186,V000349,2024-02-19,Emergency,23756.55,Php,Paid,"Credit Card",23756.55
B000783,P00104,V001778,2024-09-28,Emergency,2134.00,Php,Partial,Cash,1067.00
B000784,P00954,V001724,2023-05-21,Laboratory,60769.14,Php,Paid,"Credit Card",60769.14
B000785,P00641,V002925,2024-09-24,Laboratory,59459.75,Php,Paid,Insurance,59459.75
B000786,P00484,V000077,2023-11-03,Other,146620.75,Php,Paid,GCash,146620.75
B000787,P00873,V001893,2024-02-18,Medication,132501.71,Php,Paid,GCash,132501.71
B000788,P00997,V001139,2025-05-05,Consultation,28618.93,Php,Partial,"Bank Transfer",14309.47
B000789,P00125,V002218,2023-07-31,Room,118916.55,Php,Paid,Cash,118916.55
B000790,P00325,V000782,2024-04-01,Room,145932.27,Php,Paid,"Credit Card",145932.27
B000791,P00756,V001542,2024-05-27,Other,69246.40,Php,Paid,Insurance,69246.40
B000792,P00466,V002518,2025-01-22,Consultation,41550.88,Php,Partial,GCash,20775.44
B000793,P00174,V000245,2024-04-17,Room,41320.41,Php,Partial,"Debit Card",20660.21
B000794,P00876,V001136,2024-05-24,Laboratory,101110.40,Php,Paid,"Debit Card",101110.40
B000795,P00600,V002702,2025-05-08,Laboratory,138429.67,Php,Paid,GCash,138429.67
B000796,P00726,V000996,2025-03-05,Medication,7850.15,Php,Partial,GCash,5887.61
B000797,P00267,V000978,2025-11-03,Emergency,144432.59,Php,Paid,"Credit Card",144432.59
B000798,P00375,V000302,2024-06-08,Room,101174.07,Php,Paid,"Credit Card",101174.07
B000799,P00515,V002398,2023-06-02,Surgery,52128.69,Php,Partial,Insurance,26064.35
B000800,P00687,V000057,2025-02-27,Other,19024.97,Php,Partial,Cash,9512.49
B000801,P00391,V002058,2025-06-30,Surgery,42605.01,Php,Partial,Cash,31953.76
B000802,P00887,V001983,2023-10-10,Medication,121841.62,Php,Paid,Cash,121841.62
B000803,P00289,V000880,2025-03-16,Surgery,48859.29,Php,Pending,GCash,0.00
B000804,P00288,V001628,2025-06-22,Room,138773.70,Php,Partial,"Debit Card",69386.85
B000805,P00807,V000560,2025-04-20,Room,110198.89,Php,Partial,Cash,82649.17
B000806,P00027,V002956,2023-11-26,Consultation,668.13,Php,Paid,Cash,668.13
B000807,P00326,V001216,2023-01-29,Surgery,59813.37,Php,Paid,"Debit Card",59813.37
B000808,P00030,V002416,2023-06-28,Medication,127409.66,Php,Paid,Cash,127409.66
B000809,P00706,V002398,2024-02-02,Consultation,78505.36,Php,Paid,Insurance,78505.36
B000810,P00220,V001662,2024-04-30,Other,27732.67,Php,Paid,"Debit Card",27732.67
B000811,P00505,V001399,2025-11-01,Medication,121005.90,Php,Paid,GCash,121005.90
B000812,P00273,V001024,2024-12-13,Surgery,139707.86,Php,Partial,Insurance,69853.93
B000813,P00472,V000371,2024-11-19,Other,45670.30,Php,Partial,GCash,34252.73
B000814,P00876,V001549,2024-11-12,Other,85363.53,Php,Paid,Insurance,85363.53
B000815,P00476,V001496,2023-03-28,Surgery,48935.19,Php,Paid,"Bank Transfer",48935.19
B000816,P00728,V001046,2024-11-19,Consultation,105666.78,Php,Paid,GCash,105666.78
B000817,P00172,V001540,2025-12-30,Emergency,138761.96,Php,Paid,"Bank Transfer",138761.96
B000818,P00130,V001541,2023-07-18,Room,30137.14,Php,Pending,GCash,0.00
B000819,P00005,V000782,2025-12-21,Medication,30126.76,Php,Partial,"Credit Card",15063.38
B000820,P00508,V000188,2024-11-05,Medication,124021.57,Php,Paid,Cash,124021.57
B000821,P00157,V002184,2025-10-11,Room,46536.14,Php,Pending,Cash,0.00
B000822,P00946,V002143,2025-07-17,Consultation,35949.44,Php,Paid,GCash,35949.44
B000823,P00704,V001723,2023-10-15,Laboratory,127606.52,Php,Pending,"Bank Transfer",0.00
B000824,P00463,V002998,2025-12-01,Room,22404.43,Php,Partial,Cash,16803.32
B000825,P00539,V001825,2025-10-18,Medication,121556.36,Php,Paid,Cash,121556.36
B000826,P00018,V000617,2023-02-17,Emergency,72354.79,Php,Partial,"Bank Transfer",36177.39
B000827,P00032,V000160,2023-10-20,Other,111330.59,Php,Partial,Cash,83497.94
B000828,P00501,V001382,2025-05-27,Other,111667.33,Php,Partial,"Debit Card",55833.67
B000829,P00427,V002865,2024-03-09,Medication,31875.93,Php,Partial,Cash,15937.97
B000830,P00162,V000425,2025-05-24,Laboratory,86951.74,Php,Pending,Cash,0.00
B000831,P00537,V001469,2025-07-13,Surgery,93976.73,Php,Partial,Cash,70482.55
B000832,P00087,V002880,2023-01-30,Medication,138537.43,Php,Partial,"Debit Card",103903.07
B000833,P00202,V001240,2025-05-20,Surgery,30688.51,Php,Partial,"Bank Transfer",15344.25
B000834,P00253,V002621,2023-03-27,Other,76002.31,Php,Paid,"Bank Transfer",76002.31
B000835,P00100,V002375,2023-03-21,Room,49977.29,Php,Paid,Cash,49977.29
B000836,P00127,V000913,2025-01-08,Emergency,72176.25,Php,Paid,"Debit Card",72176.25
B000837,P00506,V002843,2025-11-07,Emergency,71853.70,Php,Paid,Cash,71853.70
B000838,P00728,V000301,2024-11-22,Consultation,28827.37,Php,Paid,"Credit Card",28827.37
B000839,P00254,V000492,2025-11-09,Laboratory,19226.71,Php,Partial,"Credit Card",9613.35
B000840,P00774,V002231,2023-09-15,Consultation,133286.17,Php,Paid,Insurance,133286.17
B000841,P00708,V001941,2024-09-04,Surgery,138861.29,Php,Partial,GCash,69430.65
B000842,P00470,V001839,2024-06-04,Room,61967.06,Php,Pending,"Bank Transfer",0.00
B000843,P00435,V000720,2023-12-25,Surgery,27563.92,Php,Pending,Cash,0.00
B000844,P00819,V000891,2023-04-25,Surgery,22367.94,Php,Paid,GCash,22367.94
B000845,P00076,V002095,2025-08-19,Emergency,128608.57,Php,Paid,"Credit Card",128608.57
B000846,P00994,V002545,2025-09-13,Laboratory,47050.89,Php,Paid,GCash,47050.89
B000847,P00101,V002245,2025-04-09,Consultation,118374.34,Php,Paid,"Debit Card",118374.34
B000848,P00870,V002403,2023-10-12,Emergency,49602.26,Php,Partial,"Credit Card",37201.69
B000849,P00430,V002583,2024-07-18,Emergency,54862.18,Php,Partial,"Credit Card",41146.64
B000850,P00786,V000026,2025-04-18,Emergency,142725.52,Php,Pending,Insurance,0.00
B000851,P00322,V000816,2025-05-08,Laboratory,105925.41,Php,Paid,"Credit Card",105925.41
B000852,P00257,V002692,2023-10-04,Emergency,144908.87,Php,Paid,Cash,144908.87
B000853,P00055,V001903,2026-01-05,Laboratory,89984.79,Php,Partial,"Debit Card",44992.39
B000854,P00980,V000027,2024-01-05,Consultation,79018.38,Php,Partial,GCash,59263.79
B000855,P00728,V002882,2025-12-13,Surgery,45776.62,Php,Partial,"Debit Card",34332.47
B000856,P00615,V000381,2025-07-05,Medication,149500.07,Php,Pending,"Bank Transfer",0.00
B000857,P00025,V000889,2025-07-20,Consultation,104412.67,Php,Paid,"Bank Transfer",104412.67
B000858,P00464,V002169,2025-12-06,Other,68135.58,Php,Paid,Cash,68135.58
B000859,P00445,V002774,2025-04-12,Consultation,99703.58,Php,Paid,GCash,99703.58
B000860,P00633,V002478,2023-07-25,Laboratory,106915.47,Php,Paid,"Bank Transfer",106915.47
B000861,P00844,V000169,2025-10-05,Medication,116906.13,Php,Pending,Cash,0.00
B000862,P00216,V001576,2025-01-09,Emergency,124695.31,Php,Paid,GCash,124695.31
B000863,P00647,V002484,2023-05-07,Room,119017.18,Php,Paid,GCash,119017.18
B000864,P00370,V000044,2024-01-16,Room,92945.72,Php,Paid,Cash,92945.72
B000865,P00156,V002806,2025-03-22,Emergency,29855.13,Php,Partial,"Debit Card",14927.57
B000866,P00097,V001104,2024-02-22,Laboratory,71611.79,Php,Paid,Insurance,71611.79
B000867,P00439,V000030,2024-03-08,Surgery,14097.83,Php,Partial,"Credit Card",7048.91
B000868,P00474,V000702,2024-02-23,Emergency,1356.25,Php,Paid,GCash,1356.25
B000869,P00239,V002887,2024-12-14,Emergency,8288.25,Php,Paid,"Bank Transfer",8288.25
B000870,P00942,V000253,2025-01-29,Emergency,121212.89,Php,Paid,Cash,121212.89
B000871,P00990,V001953,2025-02-06,Medication,76945.49,Php,Paid,GCash,76945.49
B000872,P00174,V002238,2025-05-12,Medication,65668.17,Php,Paid,GCash,65668.17
B000873,P00843,V001149,2025-01-22,Laboratory,98051.72,Php,Partial,"Debit Card",49025.86
B000874,P00301,V001683,2025-12-10,Consultation,111110.42,Php,Partial,Insurance,83332.82
B000875,P00288,V000757,2025-08-04,Emergency,110460.48,Php,Partial,"Credit Card",55230.24
B000876,P00932,V000673,2023-10-26,Surgery,45983.26,Php,Partial,Cash,34487.44
B000877,P00734,V001136,2023-08-24,Emergency,92323.69,Php,Partial,GCash,69242.77
B000878,P00198,V002359,2025-04-07,Room,57367.14,Php,Paid,Cash,57367.14
B000879,P00460,V002435,2024-11-24,Surgery,70169.34,Php,Pending,Cash,0.00
B000880,P00670,V001559,2024-01-25,Laboratory,19576.48,Php,Pending,"Debit Card",0.00
B000881,P00488,V000113,2025-04-23,Consultation,115395.39,Php,Paid,Cash,115395.39
B000882,P00223,V002268,2025-08-05,Laboratory,16543.44,Php,Pending,Cash,0.00
B000883,P00944,V000654,2024-03-13,Consultation,130860.08,Php,Partial,GCash,65430.04
B000884,P00557,V002004,2023-10-26,Other,64829.09,Php,Paid,Cash,64829.09
B000885,P00049,V002211,2024-01-02,Consultation,72317.85,Php,Paid,"Credit Card",72317.85
B000886,P00845,V000318,2023-08-15,Emergency,137502.17,Php,Paid,Cash,137502.17
B000887,P00263,V002234,2025-04-16,Laboratory,129809.85,Php,Paid,"Credit Card",129809.85
B000888,P00700,V002068,2024-06-17,Emergency,125492.93,Php,Partial,Insurance,62746.46
B000889,P00307,V001904,2023-01-27,Medication,116848.32,Php,Pending,Cash,0.00
B000890,P00245,V001617,2025-08-22,Surgery,45726.06,Php,Paid,"Credit Card",45726.06
B000891,P00627,V002170,2024-03-04,Room,135947.64,Php,Partial,"Debit Card",101960.73
B000892,P00435,V001295,2025-01-21,Medication,37024.61,Php,Paid,Insurance,37024.61
B000893,P00595,V000567,2023-12-30,Consultation,28504.92,Php,Paid,GCash,28504.92
B000894,P00232,V000422,2023-02-21,Surgery,62491.72,Php,Partial,Cash,31245.86
B000895,P00337,V002520,2024-06-07,Room,122398.72,Php,Pending,Cash,0.00
B000896,P00374,V002882,2024-12-30,Emergency,13193.79,Php,Paid,"Credit Card",13193.79
B000897,P00790,V002077,2023-03-21,Laboratory,2325.61,Php,Pending,"Credit Card",0.00
B000898,P00183,V002629,2023-08-20,Surgery,116697.38,Php,Partial,Cash,87523.04
B000899,P00780,V001504,2025-10-23,Surgery,21074.46,Php,Paid,Insurance,21074.46
B000900,P00598,V000729,2025-12-29,Surgery,112036.72,Php,Partial,"Bank Transfer",84027.54
B000901,P00193,V002566,2024-11-11,Room,136207.21,Php,Paid,Cash,136207.21
B000902,P00602,V002211,2024-04-30,Room,31207.24,Php,Paid,"Debit Card",31207.24
B000903,P00208,V002025,2023-12-28,Emergency,108040.89,Php,Partial,GCash,54020.44
B000904,P00861,V000254,2023-10-25,Other,100828.92,Php,Pending,Cash,0.00
B000905,P00355,V001716,2023-03-22,Laboratory,13259.51,Php,Paid,GCash,13259.51
B000906,P00718,V002565,2023-03-26,Room,94772.23,Php,Paid,GCash,94772.23
B000907,P00201,V000771,2023-12-20,Emergency,22005.50,Php,Partial,"Debit Card",11002.75
B000908,P00792,V002858,2023-11-02,Medication,82449.24,Php,Paid,Cash,82449.24
B000909,P00207,V001889,2024-09-03,Consultation,40651.83,Php,Paid,Cash,40651.83
B000910,P00753,V002304,2023-08-29,Laboratory,110758.42,Php,Paid,GCash,110758.42
B000911,P00452,V000390,2023-11-28,Surgery,55081.80,Php,Partial,Cash,41311.35
B000912,P00249,V000887,2025-01-22,Surgery,100557.01,Php,Pending,"Credit Card",0.00
B000913,P00948,V001364,2024-04-11,Emergency,4727.47,Php,Partial,"Credit Card",3545.60
B000914,P00812,V002623,2024-06-07,Medication,118476.99,Php,Partial,"Credit Card",88857.74
B000915,P00884,V001264,2025-03-03,Room,18599.12,Php,Partial,Cash,9299.56
B000916,P00693,V001716,2025-11-07,Other,69059.08,Php,Partial,"Credit Card",34529.54
B000917,P00006,V001214,2024-08-26,Consultation,97242.05,Php,Partial,"Debit Card",72931.54
B000918,P00797,V002024,2023-08-18,Consultation,92046.78,Php,Partial,GCash,46023.39
B000919,P00632,V002198,2023-05-15,Room,66721.80,Php,Paid,Insurance,66721.80
B000920,P00567,V000806,2025-08-29,Consultation,145658.66,Php,Partial,Cash,72829.33
B000921,P00324,V001770,2024-02-24,Laboratory,105970.42,Php,Pending,Cash,0.00
B000922,P00795,V001513,2024-08-14,Other,47260.04,Php,Pending,Insurance,0.00
B000923,P00739,V000598,2025-08-18,Laboratory,142045.96,Php,Partial,Cash,71022.98
B000924,P00138,V000359,2023-08-21,Surgery,46002.87,Php,Paid,GCash,46002.87
B000925,P00524,V000583,2025-06-25,Medication,20617.46,Php,Paid,Cash,20617.46
B000926,P00748,V000977,2023-09-05,Laboratory,26231.35,Php,Pending,Cash,0.00
B000927,P00151,V001167,2025-08-19,Emergency,146240.44,Php,Partial,"Bank Transfer",109680.33
B000928,P00679,V001835,2023-05-04,Emergency,136453.11,Php,Partial,Cash,102339.83
B000929,P00013,V000187,2024-11-22,Room,38318.48,Php,Paid,"Debit Card",38318.48
B000930,P00974,V002342,2024-06-03,Surgery,46021.23,Php,Paid,GCash,46021.23
B000931,P00929,V002728,2023-10-15,Surgery,133512.61,Php,Partial,GCash,66756.30
B000932,P00111,V001537,2023-04-10,Room,12756.59,Php,Pending,Cash,0.00
B000933,P00130,V002668,2025-11-19,Consultation,6474.30,Php,Paid,Cash,6474.30
B000934,P00818,V000687,2023-05-06,Medication,46137.31,Php,Paid,Cash,46137.31
B000935,P00526,V002722,2023-04-19,Other,125260.98,Php,Partial,Insurance,62630.49
B000936,P00976,V002965,2025-02-20,Emergency,97646.61,Php,Partial,Cash,48823.31
B000937,P00672,V001705,2026-01-01,Other,50892.09,Php,Paid,GCash,50892.09
B000938,P00578,V002570,2023-02-25,Surgery,63495.70,Php,Paid,Cash,63495.70
B000939,P00901,V001874,2023-01-30,Consultation,20579.25,Php,Partial,Cash,15434.44
B000940,P00445,V000728,2024-05-15,Surgery,49635.02,Php,Partial,"Debit Card",24817.51
B000941,P00541,V002965,2023-08-01,Medication,119006.84,Php,Partial,"Credit Card",59503.42
B000942,P00164,V002457,2024-04-12,Emergency,41728.16,Php,Paid,Cash,41728.16
B000943,P00428,V002986,2024-01-06,Other,48846.13,Php,Partial,GCash,36634.60
B000944,P00389,V002046,2025-11-18,Room,67964.14,Php,Paid,Cash,67964.14
B000945,P00204,V002675,2023-04-02,Consultation,102101.15,Php,Partial,"Debit Card",76575.86
B000946,P00380,V001761,2025-09-13,Surgery,32014.83,Php,Paid,Cash,32014.83
B000947,P00808,V000110,2023-05-22,Consultation,53837.00,Php,Paid,GCash,53837.00
B000948,P00550,V000167,2025-06-03,Laboratory,70199.22,Php,Paid,GCash,70199.22
B000949,P00462,V002805,2025-07-21,Other,89343.01,Php,Paid,Insurance,89343.01
B000950,P00658,V002118,2024-01-24,Surgery,60943.67,Php,Paid,GCash,60943.67
B000951,P00303,V001271,2024-04-12,Laboratory,98274.55,Php,Partial,"Debit Card",49137.28
B000952,P00151,V002432,2024-05-30,Surgery,113238.86,Php,Paid,"Credit Card",113238.86
B000953,P00995,V002055,2025-05-12,Laboratory,109556.73,Php,Paid,GCash,109556.73
B000954,P00553,V001852,2025-01-15,Consultation,90638.78,Php,Paid,Cash,90638.78
B000955,P00525,V000333,2023-12-10,Laboratory,30022.89,Php,Paid,"Bank Transfer",30022.89
B000956,P00030,V000924,2023-02-09,Consultation,9193.79,Php,Paid,"Credit Card",9193.79
B000957,P00297,V001653,2023-10-04,Laboratory,134407.45,Php,Partial,Cash,67203.73
B000958,P00158,V002007,2024-11-29,Consultation,88001.85,Php,Pending,"Debit Card",0.00
B000959,P00623,V002761,2024-04-22,Room,22813.42,Php,Pending,Cash,0.00
B000960,P00585,V000899,2024-10-14,Consultation,13806.64,Php,Paid,GCash,13806.64
B000961,P00044,V002869,2024-09-19,Laboratory,124161.38,Php,Partial,GCash,93121.04
B000962,P00343,V002873,2023-11-03,Surgery,25543.57,Php,Partial,GCash,12771.78
B000963,P00348,V000063,2025-01-27,Medication,139098.76,Php,Paid,Cash,139098.76
B000964,P00773,V001475,2024-08-24,Room,119146.01,Php,Partial,GCash,59573.00
B000965,P00252,V000511,2025-03-27,Room,127704.51,Php,Paid,"Bank Transfer",127704.51
B000966,P00252,V000634,2025-09-09,Laboratory,55644.31,Php,Pending,Cash,0.00
B000967,P00664,V001736,2024-07-22,Other,128736.78,Php,Paid,"Credit Card",128736.78
B000968,P00588,V001725,2023-01-19,Consultation,40674.26,Php,Partial,GCash,20337.13
B000969,P00110,V002661,2025-08-04,Medication,140470.58,Php,Paid,Cash,140470.58
B000970,P00102,V001970,2023-11-30,Emergency,72695.50,Php,Pending,"Debit Card",0.00
B000971,P00480,V001293,2025-09-21,Emergency,37977.26,Php,Paid,Cash,37977.26
B000972,P00121,V000182,2024-09-19,Consultation,142248.11,Php,Paid,GCash,142248.11
B000973,P00585,V001614,2025-09-16,Medication,83916.75,Php,Partial,Insurance,41958.38
B000974,P00801,V001915,2023-06-11,Room,57494.16,Php,Paid,Cash,57494.16
B000975,P00293,V000245,2025-01-27,Other,52721.65,Php,Partial,Cash,26360.83
B000976,P00417,V001682,2024-08-19,Surgery,68123.96,Php,Paid,GCash,68123.96
B000977,P00832,V001502,2024-09-20,Medication,61497.86,Php,Paid,"Credit Card",61497.86
B000978,P00596,V001508,2025-09-23,Laboratory,115182.54,Php,Partial,"Credit Card",86386.90
B000979,P00654,V001725,2025-06-20,Room,2489.33,Php,Paid,Cash,2489.33
B000980,P00336,V001317,2024-01-13,Emergency,32267.85,Php,PAID,Cash,24200.89
B000981,P00781,V001984,2024-07-28,Consultation,87516.05,Php,Paid,Cash,87516.05
B000982,P00964,V002959,2024-02-21,Other,77074.88,Php,Paid,Cash,77074.88
B000983,P00720,V001626,2025-09-21,Surgery,18201.70,Php,Pending,GCash,0.00
B000984,P00345,V002978,2025-03-26,Other,113554.00,Php,Paid,"Debit Card",113554.00
B000985,P00502,V002294,2025-04-08,Consultation,117735.79,Php,Paid,Cash,117735.79
B000986,P00179,V000249,2025-02-21,Laboratory,62749.94,Php,Paid,GCash,62749.94
B000987,P00094,V001141,2023-04-03,Consultation,24237.47,Php,Partial,"Debit Card",18178.10
B000988,P00818,V000110,2024-08-31,Consultation,127196.67,Php,Partial,"Debit Card",63598.33
B000989,P00834,V001244,2024-09-13,Consultation,68809.08,Php,Paid,Cash,68809.08
B000990,P00575,V000584,2023-02-10,Consultation,47883.56,Php,Paid,Cash,47883.56
B000991,P00206,V002374,2023-12-20,Medication,102284.37,Php,Partial,"Bank Transfer",51142.18
B000992,P00685,V002181,2023-10-24,Other,58729.26,Php,Paid,Cash,58729.26
B000993,P00825,V000378,2023-01-08,Consultation,144676.48,Php,Paid,"Bank Transfer",144676.48
B000994,P00364,V000358,2024-09-04,Surgery,87136.49,Php,Paid,Insurance,87136.49
B000995,P00059,V002667,2023-05-22,Room,133277.94,Php,Pending,GCash,0.00
B000996,P00580,V001393,2023-05-29,Other,41541.34,Php,Partial,Cash,20770.67
B000997,P00091,V001348,2023-08-09,Laboratory,34512.67,Php,Paid,"Bank Transfer",34512.67
B000998,P00480,V000479,2023-09-27,Other,78103.45,Php,Partial,GCash,39051.72
B000999,P00717,V001829,2025-02-14,Emergency,84115.82,Php,Paid,Cash,84115.82
B001000,P00352,V000545,2024-09-25,Consultation,73748.67,Php,Paid,Insurance,73748.67
B001001,P00635,V000590,2023-03-11,Room,80925.79,Php,Pending,GCash,0.00
B001002,P00627,V002691,2023-08-11,Emergency,24931.85,Php,Partial,"Bank Transfer",12465.92
B001003,P00332,V002022,2025-03-28,Medication,62456.58,Php,Partial,GCash,46842.43
B001004,P00234,V000297,2024-04-10,Other,49032.60,Php,Paid,"Credit Card",49032.60
B001005,P00699,V000324,2025-06-11,Emergency,36471.25,Php,Paid,Insurance,36471.25
B001006,P00802,V001707,2025-12-03,Surgery,59224.64,Php,Pending,"Bank Transfer",0.00
B001007,P00689,V002399,2024-10-18,Other,72045.22,Php,Paid,"Bank Transfer",72045.22
B001008,P00408,V000214,2024-04-30,Emergency,70916.77,Php,Paid,Cash,70916.77
B001009,P00602,V002799,2024-03-10,Room,129163.08,Php,Paid,Cash,129163.08
B001010,P00373,V000544,2025-08-28,Surgery,43952.35,Php,Partial,GCash,21976.17
B001011,P00018,V001642,2023-06-24,Medication,12241.30,Php,Paid,"Bank Transfer",12241.30
B001012,P00968,V001131,2024-11-02,Consultation,61201.52,Php,Paid,GCash,61201.52
B001013,P00294,V002134,2024-06-22,Emergency,63093.71,Php,Partial,"Debit Card",31546.85
B001014,P00652,V000777,2023-12-06,Laboratory,45262.70,Php,Paid,GCash,45262.70
B001015,P00661,V001348,2023-12-05,Consultation,47069.29,Php,Paid,Cash,47069.29
B001016,P00779,V002783,2024-07-12,Room,112850.04,Php,Paid,Cash,112850.04
B001017,P00996,V000618,2023-07-15,Other,85989.94,Php,Paid,"Credit Card",85989.94
B001018,P00708,V000193,2023-10-27,Medication,124354.83,Php,Paid,"Credit Card",124354.83
B001019,P00596,V002685,2023-01-11,Consultation,97806.58,Php,Partial,Cash,73354.93
B001020,P00893,V001347,2023-10-17,Consultation,26123.47,Php,Paid,Cash,26123.47
B001021,P00257,V001985,2024-12-15,Room,137308.05,Php,Paid,Insurance,137308.05
B001022,P00382,V000404,2024-08-16,Emergency,40898.81,Php,Paid,Cash,40898.81
B001023,P00900,V001313,2025-04-12,Surgery,94188.08,Php,Pending,Cash,0.00
B001024,P00377,V002574,2023-08-02,Medication,92516.68,Php,Partial,Cash,46258.34
B001025,P00866,V000943,2024-07-22,Other,38830.81,Php,Pending,"Bank Transfer",0.00
B001026,P00127,V000765,2024-02-19,Emergency,63859.13,Php,Pending,Cash,0.00
B001027,P00940,V002802,2023-07-30,Consultation,73685.58,Php,Paid,GCash,73685.58
B001028,P00557,V001883,2024-10-23,Other,115427.61,Php,Paid,"Debit Card",115427.61
B001029,P00140,V002448,2023-07-13,Room,5044.08,Php,Pending,Cash,0.00
B001030,P00556,V001875,2025-12-24,Laboratory,29201.68,Php,Partial,GCash,14600.84
B001031,P00087,V001921,2024-08-29,Medication,5024.90,Php,Pending,"Bank Transfer",0.00
B001032,P00096,V001539,2023-01-25,Room,37441.02,Php,Paid,"Debit Card",37441.02
B001033,P00200,V000917,2023-07-07,Medication,128952.33,Php,Paid,Cash,128952.33
B001034,P00519,V000677,2025-11-20,Other,120130.58,Php,Pending,Cash,0.00
B001035,P00444,V000748,2025-06-27,Surgery,20981.31,Php,Paid,GCash,20981.31
B001036,P00876,V000243,2025-05-24,Other,79113.24,Php,Paid,Cash,79113.24
B001037,P00009,V002141,2023-10-14,Medication,76596.19,Php,Paid,GCash,76596.19
B001038,P00973,V002116,2023-06-17,Laboratory,89189.31,Php,Partial,Cash,44594.65
B001039,P00562,V002398,2025-10-11,Surgery,38272.15,Php,Partial,"Credit Card",19136.08
B001040,P00930,V001880,2023-06-12,Surgery,148070.08,Php,Pending,GCash,0.00
B001041,P00883,V000789,2025-06-09,Medication,94530.39,Php,Paid,"Bank Transfer",94530.39
B001042,P00555,V001267,2025-02-11,Room,104382.37,Php,Pending,Cash,0.00
B001043,P00677,V002499,2024-09-14,Consultation,139885.52,Php,Partial,Cash,69942.76
B001044,P00591,V001032,2024-06-29,Room,115720.79,Php,Partial,"Credit Card",57860.39
B001045,P00385,V000405,2024-04-09,Laboratory,142095.80,Php,Partial,Cash,106571.85
B001046,P00079,V002651,2025-12-26,Medication,110585.05,Php,Partial,Cash,55292.53
B001047,P00918,V000265,2023-01-30,Consultation,144804.62,Php,Paid,"Debit Card",144804.62
B001048,P00350,V000156,2023-04-14,Other,94624.18,Php,Partial,Cash,70968.13
B001049,P00175,V001657,2025-01-15,Medication,96298.92,Php,Paid,Insurance,96298.92
B001050,P00779,V001018,2023-03-01,Laboratory,12400.23,Php,Paid,GCash,12400.23
B001051,P00474,V000355,2024-07-12,Surgery,105268.61,Php,Partial,"Credit Card",78951.46
B001052,P00082,V001642,2023-09-28,Room,51303.40,Php,Paid,"Debit Card",51303.40
B001053,P00907,V002014,2023-08-20,Consultation,136956.75,Php,Partial,Cash,68478.38
B001054,P00418,V002762,2023-01-31,Emergency,62956.38,Php,Partial,"Credit Card",31478.19
B001055,P00570,V002121,2023-08-23,Medication,120567.08,Php,Partial,GCash,60283.54
B001056,P00137,V002979,2024-10-22,Medication,15420.89,Php,Paid,"Credit Card",15420.89
B001057,P00778,V000787,2023-10-07,Surgery,58976.19,Php,Paid,Insurance,58976.19
B001058,P00808,V000018,2023-10-17,Surgery,22857.08,Php,Partial,GCash,17142.81
B001059,P00597,V001471,2025-12-23,Surgery,12336.34,Php,Paid,Cash,12336.34
B001060,P00044,V002840,2023-06-15,Surgery,39992.02,Php,Partial,"Credit Card",19996.01
B001061,P00568,V002887,2023-02-25,Emergency,30284.70,Php,Partial,Cash,15142.35
B001062,P00383,V001650,2025-02-20,Room,50801.75,Php,Pending,"Debit Card",0.00
B001063,P00167,V001843,2024-10-31,Consultation,83155.28,Php,Partial,Cash,62366.46
B001064,P00428,V000592,2025-02-19,Other,67543.81,Php,Partial,GCash,50657.86
B001065,P00536,V001220,2023-05-28,Consultation,60872.58,Php,Paid,"Credit Card",60872.58
B001066,P00355,V000743,2025-12-14,Other,126413.44,Php,Paid,"Bank Transfer",126413.44
B001067,P00221,V000168,2025-11-10,Laboratory,142344.01,Php,Partial,"Bank Transfer",106758.01
B001068,P00956,V001303,2023-05-02,Laboratory,1350.32,Php,Partial,GCash,1012.74
B001069,P00164,V000864,2024-02-09,Room,103952.58,Php,Paid,"Bank Transfer",103952.58
B001070,P00877,V002610,2024-12-20,Consultation,28235.10,Php,Paid,"Bank Transfer",28235.10
B001071,P00928,V002020,2023-04-07,Emergency,22142.79,Php,Paid,"Debit Card",22142.79
B001072,P00455,V001208,2023-05-02,Other,45391.95,Php,Partial,"Debit Card",34043.96
B001073,P00628,V002095,2023-08-11,Medication,56541.86,Php,Pending,Cash,0.00
B001074,P00830,V000917,2025-11-15,Other,92505.11,Php,Paid,GCash,92505.11
B001075,P00420,V001464,2025-11-21,Laboratory,7490.12,Php,Pending,GCash,0.00
B001076,P00438,V002821,2024-05-19,Laboratory,42573.45,Php,Paid,Cash,42573.45
B001077,P00385,V001426,2023-01-16,Room,7891.75,Php,Paid,"Debit Card",7891.75
B001078,P00504,V001578,2024-01-09,Emergency,62045.92,Php,Pending,"Bank Transfer",0.00
B001079,P00237,V001721,2024-09-29,Laboratory,19142.60,Php,Paid,Cash,19142.60
B001080,P00848,V002028,2025-11-13,Room,74734.71,Php,Partial,"Bank Transfer",56051.03
B001081,P00179,V002055,2025-04-21,Laboratory,121975.61,Php,Paid,"Bank Transfer",121975.61
B001082,P00915,V001671,2023-11-16,Laboratory,140874.23,Php,Paid,Insurance,140874.23
B001083,P00579,V002088,2025-02-17,Other,48586.29,Php,Paid,Cash,48586.29
B001084,P00970,V001613,2025-03-31,Emergency,87316.97,Php,Paid,Insurance,87316.97
B001085,P00450,V001496,2024-02-13,Laboratory,133569.07,Php,Paid,Cash,133569.07
B001086,P00793,V000139,2025-02-23,Laboratory,57165.46,Php,Partial,"Credit Card",28582.73
B001087,P00340,V000289,2025-08-10,Medication,20775.74,Php,Paid,Cash,20775.74
B001088,P00253,V001082,2023-10-12,Laboratory,131753.33,Php,Paid,Cash,131753.33
B001089,P00640,V001800,2024-08-09,Emergency,31640.55,Php,Paid,"Bank Transfer",31640.55
B001090,P00683,V000180,2025-08-11,Consultation,43074.06,Php,Partial,GCash,21537.03
B001091,P00774,V002709,2025-09-15,Consultation,129957.19,Php,Paid,Cash,129957.19
B001092,P00085,V000122,2025-09-08,Room,107020.14,Php,Paid,Cash,107020.14
B001093,P00057,V000523,2024-05-21,Laboratory,138057.19,Php,Paid,Cash,138057.19
B001094,P00819,V001456,2023-07-30,Room,106906.55,Php,Paid,Cash,106906.55
B001095,P00354,V000395,2024-02-05,Surgery,4669.62,Php,Paid,Cash,4669.62
B001096,P00493,V000158,2025-07-28,Surgery,14033.04,Php,Paid,Cash,14033.04
B001097,P00884,V000696,2025-06-28,Surgery,30309.33,Php,Partial,"Credit Card",15154.67
B001098,P00380,V002699,2025-06-26,Emergency,109785.11,Php,Paid,"Bank Transfer",109785.11
B001099,P00667,V002491,2025-07-02,Consultation,144840.75,Php,Paid,Cash,144840.75
B001100,P00023,V002074,2025-06-27,Surgery,102316.88,Php,Partial,Cash,51158.44
B001101,P00412,V001844,2024-11-26,Other,104467.33,Php,Paid,"Bank Transfer",104467.33
B001102,P00100,V002013,2023-05-30,Consultation,103943.33,Php,Partial,Cash,51971.67
B001103,P00955,V000509,2025-09-21,Surgery,80202.98,Php,Paid,"Bank Transfer",80202.98
B001104,P00540,V002173,2023-06-09,Surgery,68712.60,Php,Paid,GCash,68712.60
B001105,P00611,V002240,2024-05-22,Consultation,83550.12,Php,Pending,Insurance,0.00
B001106,P00697,V001922,2024-04-03,Consultation,12849.96,Php,Pending,GCash,0.00
B001107,P00858,V000785,2025-01-03,Emergency,91174.47,Php,Paid,"Credit Card",91174.47
B001108,P00217,V002475,2024-10-29,Medication,104277.43,Php,Partial,GCash,78208.07
B001109,P00779,V000019,2025-11-26,Surgery,84597.25,Php,Paid,Cash,84597.25
B001110,P00719,V001337,2023-07-26,Emergency,117765.45,Php,Partial,"Debit Card",88324.09
B001111,P00978,V000219,2025-12-16,Room,111253.00,Php,Paid,Cash,111253.00
B001112,P00562,V002505,2023-08-25,Laboratory,19015.03,Php,Paid,Cash,19015.03
B001113,P00508,V000726,2025-12-25,Laboratory,72304.16,Php,Paid,"Bank Transfer",72304.16
B001114,P00345,V000519,2024-03-09,Emergency,65182.71,Php,Paid,GCash,65182.71
B001115,P00957,V002095,2023-07-25,Room,2477.66,Php,Paid,Insurance,2477.66
B001116,P00651,V002725,2025-05-04,Surgery,142479.29,Php,Paid,"Bank Transfer",142479.29
B001117,P00359,V000861,2023-06-07,Emergency,86427.70,Php,Pending,"Debit Card",0.00
B001118,P00201,V001197,2025-11-18,Other,70040.97,Php,Partial,GCash,35020.49
B001119,P00239,V000501,2025-08-23,Laboratory,43571.74,Php,Paid,"Debit Card",43571.74
B001120,P00232,V001814,2025-10-01,Consultation,131225.68,Php,Pending,Cash,0.00
B001121,P00049,V000920,2023-05-03,Laboratory,125743.25,Php,Pending,"Credit Card",0.00
B001122,P00622,V001917,2023-11-18,Other,88425.91,Php,Paid,"Debit Card",88425.91
B001123,P00392,V002807,2025-05-26,Emergency,100091.22,Php,Partial,GCash,50045.61
B001124,P00460,V002095,2024-02-19,Emergency,73302.66,Php,Pending,GCash,0.00
B001125,P00649,V000835,2025-05-28,Surgery,63221.74,Php,Partial,GCash,31610.87
B001126,P00725,V001074,2024-01-28,Emergency,114202.61,Php,Partial,Cash,57101.31
B001127,P00667,V000405,2025-01-10,Room,38848.07,Php,Paid,GCash,38848.07
B001128,P00799,V000667,2023-07-18,Room,4182.26,Php,Partial,"Debit Card",3136.70
B001129,P00481,V000609,2024-12-13,Medication,89621.80,Php,Partial,GCash,44810.90
B001130,P00731,V002801,2024-11-22,Surgery,22248.80,Php,Partial,"Credit Card",11124.40
B001131,P00514,V000470,2024-08-14,Consultation,9013.44,Php,Paid,GCash,9013.44
B001132,P00680,V000632,2024-04-25,Room,13024.02,Php,Partial,Cash,6512.01
B001133,P00349,V002360,2024-06-04,Medication,75412.64,Php,Pending,Cash,0.00
B001134,P00362,V000868,2025-08-03,Emergency,24984.23,Php,Paid,"Bank Transfer",24984.23
B001135,P00863,V001766,2024-11-22,Consultation,104072.15,Php,Paid,GCash,104072.15
B001136,P00911,V000331,2024-07-30,Consultation,99168.39,Php,Partial,Cash,49584.19
B001137,P00669,V000999,2023-06-19,Room,4267.49,Php,Pending,"Debit Card",0.00
B001138,P00616,V002586,2024-11-16,Laboratory,14366.76,Php,Partial,"Credit Card",7183.38
B001139,P00186,V000108,2024-12-28,Other,20108.83,Php,Partial,GCash,15081.62
B001140,P00532,V002175,2023-09-30,Surgery,82968.01,Php,Paid,Cash,82968.01
B001141,P00206,V002988,2025-05-10,Laboratory,71713.42,Php,Paid,GCash,71713.42
B001142,P00020,V001148,2025-03-24,Surgery,335.28,Php,Paid,"Debit Card",335.28
B001143,P00348,V000225,2024-09-14,Room,130143.05,Php,Paid,GCash,130143.05
B001144,P00115,V002376,2024-02-17,Room,47541.65,Php,Paid,"Debit Card",47541.65
B001145,P00854,V002849,2025-12-02,Consultation,131918.38,Php,Pending,Cash,0.00
B001146,P00283,V000005,2023-07-12,Laboratory,98387.55,Php,Paid,Cash,98387.55
B001147,P00756,V001298,2024-06-28,Room,20229.89,Php,Paid,"Credit Card",20229.89
B001148,P00307,V001860,2023-11-06,Other,121563.63,Php,Paid,"Credit Card",121563.63
B001149,P00535,V000103,2024-04-26,Room,102912.71,Php,Paid,"Debit Card",102912.71
B001150,P00937,V000922,2023-01-02,Room,64496.05,Php,Pending,"Credit Card",0.00
B001151,P00928,V002453,2023-10-08,Surgery,32502.86,Php,Pending,GCash,0.00
B001152,P00526,V000807,2023-11-14,Emergency,24716.36,Php,Paid,"Bank Transfer",24716.36
B001153,P00131,V001187,2024-08-31,Medication,113842.09,Php,Paid,"Debit Card",113842.09
B001154,P00528,V000961,2025-12-16,Other,143034.32,Php,Partial,"Credit Card",107275.74
B001155,P00262,V002580,2023-12-17,Laboratory,71382.55,Php,Partial,"Debit Card",35691.28
B001156,P00725,V000876,2024-08-15,Consultation,42537.11,Php,Paid,"Bank Transfer",42537.11
B001157,P00507,V000607,2023-03-09,Surgery,10220.45,Php,Paid,"Credit Card",10220.45
B001158,P00712,V002845,2023-02-04,Room,135879.15,Php,Paid,GCash,135879.15
B001159,P00113,V000701,2025-11-01,Emergency,56169.97,Php,Paid,Cash,56169.97
B001160,P00035,V000628,2024-09-20,Other,140210.17,Php,Paid,Cash,140210.17
B001161,P00928,V000958,2024-04-26,Medication,25614.66,Php,Partial,GCash,12807.33
B001162,P00708,V001687,2023-11-12,Consultation,78065.18,Php,Partial,Cash,39032.59
B001163,P00660,V000901,2023-02-27,Surgery,50713.00,Php,Pending,GCash,0.00
B001164,P00443,V001209,2025-09-10,Emergency,70886.83,Php,Paid,Insurance,70886.83
B001165,P00659,V002955,2024-06-16,Other,59267.28,Php,Paid,Insurance,59267.28
B001166,P00387,V002075,2025-10-18,Room,97494.37,Php,Paid,GCash,97494.37
B001167,P00380,V001593,2024-12-25,Laboratory,132807.36,Php,Partial,"Debit Card",66403.68
B001168,P00789,V000186,2024-02-04,Room,80175.23,Php,Pending,GCash,0.00
B001169,P00426,V002730,2024-07-14,Consultation,90872.93,Php,Paid,Cash,90872.93
B001170,P00026,V000631,2024-01-06,Other,133424.97,Php,Paid,Cash,133424.97
B001171,P00414,V000792,2023-06-26,Emergency,72427.49,Php,Partial,"Credit Card",54320.62
B001172,P00057,V002672,2025-04-19,Laboratory,68541.90,Php,Paid,Cash,68541.90
B001173,P00257,V000753,2023-08-09,Medication,93043.25,Php,Paid,"Bank Transfer",93043.25
B001174,P00511,V001114,2023-07-05,Room,63939.18,Php,Partial,GCash,31969.59
B001175,P00520,V000828,2025-02-27,Surgery,6649.59,Php,Paid,"Credit Card",6649.59
B001176,P00033,V001735,2023-09-07,Other,44813.90,Php,Partial,Cash,22406.95
B001177,P00288,V000096,2024-06-02,Emergency,98882.99,Php,Paid,"Bank Transfer",98882.99
B001178,P00908,V002032,2023-09-28,Other,98032.66,Php,Paid,"Credit Card",98032.66
B001179,P00836,V000828,2023-12-25,Surgery,102033.44,Php,Partial,GCash,76525.08
B001180,P00509,V002788,2024-12-11,Room,128108.23,Php,Paid,Insurance,128108.23
B001181,P00942,V001905,2023-04-13,Surgery,137279.36,Php,Partial,"Debit Card",102959.52
B001182,P00725,V002417,2025-08-26,Medication,64193.76,Php,Partial,Cash,48145.32
B001183,P00057,V000442,2025-06-17,Surgery,37803.48,Php,Partial,Insurance,28352.61
B001184,P00425,V000558,2024-12-14,Laboratory,37782.01,Php,Partial,"Credit Card",28336.51
B001185,P00395,V001054,2023-01-27,Emergency,15635.95,Php,Paid,"Credit Card",15635.95
B001186,P00615,V001933,2023-06-05,Room,74788.79,Php,Paid,"Debit Card",74788.79
B001187,P00296,V001780,2024-06-11,Emergency,53933.65,Php,Pending,Cash,0.00
B001188,P00217,V002531,2024-06-25,Consultation,21464.72,Php,Partial,Cash,10732.36
B001189,P00069,V002796,2024-03-18,Emergency,7656.04,Php,Paid,"Bank Transfer",7656.04
B001190,P00477,V000887,2024-12-14,Laboratory,138810.21,Php,Paid,"Debit Card",138810.21
B001191,P00559,V002506,2024-04-21,Medication,149478.20,Php,Partial,GCash,112108.65
B001192,P00814,V000812,2025-06-03,Emergency,57156.83,Php,Paid,GCash,57156.83
B001193,P00158,V002623,2024-07-14,Surgery,134012.82,Php,Partial,Cash,67006.41
B001194,P00883,V002180,2025-01-27,Medication,85261.10,Php,Partial,GCash,63945.83
B001195,P00643,V000663,2024-07-17,Laboratory,73697.42,Php,Partial,"Debit Card",55273.07
B001196,P00604,V000606,2025-04-12,Consultation,28667.72,Php,Paid,GCash,28667.72
B001197,P00876,V000771,2025-01-06,Consultation,99737.81,Php,Paid,"Debit Card",99737.81
B001198,P00525,V002212,2025-01-29,Medication,32763.61,Php,Paid,"Bank Transfer",32763.61
B001199,P00597,V001321,2023-08-28,Room,148113.56,Php,Paid,"Bank Transfer",148113.56
B001200,P00602,V000759,2024-01-29,Emergency,149945.64,Php,Paid,GCash,149945.64
B001201,P00258,V001170,2025-10-29,Medication,24228.70,Php,Partial,Cash,12114.35
B001202,P00113,V002347,2023-09-14,Consultation,111040.68,Php,Paid,"Debit Card",111040.68
B001203,P00614,V000758,2023-03-05,Consultation,9057.51,Php,Paid,"Debit Card",9057.51
B001204,P00391,V002013,2023-01-30,Consultation,87073.66,Php,Partial,Cash,65305.25
B001205,P00955,V002763,2025-04-06,Medication,123962.49,Php,Pending,"Bank Transfer",0.00
B001206,P00910,V002509,2023-06-09,Emergency,60118.66,Php,Paid,Cash,60118.66
B001207,P00315,V001661,2025-10-19,Consultation,125498.99,Php,Paid,Cash,125498.99
B001208,P00116,V000122,2025-02-14,Surgery,87600.60,Php,Paid,Cash,87600.60
B001209,P00223,V001679,2024-01-27,Medication,85155.34,Php,Paid,Cash,85155.34
B001210,P00268,V001864,2024-07-07,Emergency,115285.90,Php,Pending,"Bank Transfer",57642.95
B001211,P00840,V000977,2025-12-10,Consultation,34244.00,Php,Paid,"Credit Card",34244.00
B001212,P00816,V002781,2024-03-05,Consultation,62730.27,Php,Paid,"Credit Card",62730.27
B001213,P00620,V001787,2024-02-23,Emergency,49895.43,Php,Pending,Cash,0.00
B001214,P00724,V002700,2023-01-07,Other,70931.32,Php,Partial,Insurance,53198.49
B001215,P00728,V001044,2023-09-01,Room,7784.27,Php,Paid,Cash,7784.27
B001216,P00985,V000463,2024-01-12,Room,103170.92,Php,Paid,"Debit Card",103170.92
B001217,P00705,V001151,2025-12-02,Surgery,85588.55,Php,Paid,"Credit Card",85588.55
B001218,P00990,V002099,2023-03-31,Other,149790.64,Php,Partial,Cash,112342.98
B001219,P00583,V002407,2023-12-31,Surgery,62750.73,Php,Paid,GCash,62750.73
B001220,P00602,V001613,2023-10-09,Room,82053.06,Php,Paid,"Credit Card",82053.06
B001221,P00932,V002062,2024-10-29,Medication,121602.92,Php,Paid,Insurance,121602.92
B001222,P00653,V001957,2023-04-24,Consultation,82206.26,Php,Paid,GCash,82206.26
B001223,P00169,V002508,2024-01-04,Consultation,96276.01,Php,Partial,"Debit Card",72207.01
B001224,P00787,V000391,2024-03-03,Emergency,79799.00,Php,Paid,GCash,79799.00
B001225,P00209,V000148,2025-12-16,Emergency,99470.16,Php,Paid,Insurance,99470.16
B001226,P00568,V001061,2024-11-30,Laboratory,119957.51,Php,Paid,"Bank Transfer",119957.51
B001227,P00424,V000992,2023-02-17,Laboratory,2191.15,Php,Pending,Cash,0.00
B001228,P00489,V002912,2023-09-21,Surgery,141710.59,Php,Pending,Insurance,0.00
B001229,P00852,V002416,2025-01-13,Laboratory,121097.67,Php,Paid,"Bank Transfer",121097.67
B001230,P00666,V001274,2025-03-05,Laboratory,144738.33,Php,Partial,GCash,108553.75
B001231,P00818,V001429,2023-12-12,Laboratory,117892.71,Php,Partial,Cash,58946.36
B001232,P00812,V000682,2023-11-08,Other,148394.13,Php,Partial,Cash,74197.07
B001233,P00553,V000496,2023-11-03,Other,65567.97,Php,Partial,Insurance,49175.98
B001234,P00440,V001742,2023-02-05,Medication,132503.43,Php,Partial,"Credit Card",66251.71
B001235,P00482,V002572,2025-08-03,Consultation,142578.00,Php,Paid,Cash,142578.00
B001236,P00435,V001686,2023-12-08,Emergency,131108.66,Php,Partial,GCash,65554.33
B001237,P00753,V001555,2024-01-15,Medication,110728.79,Php,Partial,Cash,83046.59
B001238,P00201,V000815,2024-10-27,Consultation,23460.10,Php,Paid,GCash,23460.10
B001239,P00849,V001147,2023-08-05,Laboratory,138971.40,Php,Partial,"Credit Card",69485.70
B001240,P00119,V002548,2025-09-11,Consultation,125133.85,Php,Paid,"Bank Transfer",125133.85
B001241,P00999,V002696,2025-03-10,Laboratory,6468.92,Php,Partial,Cash,3234.46
B001242,P00344,V001489,2025-03-12,Surgery,52991.69,Php,Paid,Cash,52991.69
B001243,P00041,V000672,2025-10-08,Surgery,35764.74,Php,Partial,GCash,26823.56
B001244,P00092,V000330,2024-11-26,Consultation,113173.74,Php,Pending,"Debit Card",0.00
B001245,P00181,V000080,2025-06-07,Room,43641.70,Php,Paid,GCash,43641.70
B001246,P00312,V002197,2024-03-28,Laboratory,28185.03,Php,Paid,"Debit Card",28185.03
B001247,P00359,V002643,2023-09-28,Room,143167.52,Php,Pending,"Debit Card",0.00
B001248,P00315,V001253,2023-06-05,Room,27324.89,Php,Partial,"Bank Transfer",20493.67
B001249,P00548,V002426,2024-01-21,Room,128148.95,Php,Partial,"Credit Card",96111.71
B001250,P00851,V000802,2023-11-14,Emergency,35830.27,Php,Pending,Insurance,0.00
B001251,P00961,V000060,2023-09-06,Surgery,133291.76,Php,Partial,Cash,99968.82
B001252,P00537,V000734,2025-12-23,Room,54659.92,Php,Paid,GCash,54659.92
B001253,P00005,V002462,2024-01-27,Medication,61227.77,Php,Pending,Cash,0.00
B001254,P00467,V000934,2023-03-30,Emergency,92917.86,Php,Pending,"Credit Card",0.00
B001255,P00807,V002843,2024-11-06,Laboratory,60884.96,Php,Paid,Cash,60884.96
B001256,P00483,V000075,2024-11-10,Emergency,18848.50,Php,Partial,"Bank Transfer",9424.25
B001257,P00062,V000571,2024-10-04,Room,36673.28,Php,Paid,GCash,36673.28
B001258,P00805,V002992,2024-07-17,Consultation,108783.00,Php,Paid,"Debit Card",108783.00
B001259,P00807,V000804,2023-06-20,Surgery,10179.74,Php,Pending,GCash,0.00
B001260,P00532,V001680,2024-06-22,Room,147817.48,Php,Partial,GCash,110863.11
B001261,P00682,V002130,2025-05-31,Consultation,126431.79,Php,Partial,"Debit Card",94823.84
B001262,P00351,V000893,2024-05-10,Other,91841.07,Php,Partial,Cash,45920.54
B001263,P00710,V002923,2025-05-01,Medication,4410.44,Php,Pending,Cash,0.00
B001264,P00326,V000539,2024-08-31,Laboratory,85476.78,Php,Partial,GCash,42738.39
B001265,P01002,V002743,2025-10-25,Medication,89216.66,Php,Paid,"Debit Card",89216.66
B001266,P00708,V001332,2024-10-23,Emergency,30176.12,Php,Paid,Cash,30176.12
B001267,P00316,V002616,2024-09-24,Room,107272.85,Php,Partial,"Debit Card",80454.64
B001268,P00297,V001625,2023-02-14,Room,33751.30,Php,Paid,Cash,33751.30
B001269,P00408,V001508,2024-04-05,Consultation,106041.42,Php,Paid,"Credit Card",106041.42
B001270,P00870,V002820,2025-09-18,Room,31299.73,Php,Paid,"Debit Card",31299.73
B001271,P00892,V001268,2024-10-06,Room,87063.62,Php,Paid,"Credit Card",87063.62
B001272,P00897,V001051,2023-07-20,Laboratory,100970.10,Php,Partial,GCash,50485.05
B001273,P00787,V001557,2025-07-11,Emergency,21898.35,Php,Partial,Cash,10949.17
B001274,P00186,V001015,2023-09-11,Other,68011.90,Php,Partial,Cash,34005.95
B001275,P00126,V002963,2025-06-10,Surgery,86927.44,Php,Pending,Cash,0.00
B001276,P00551,V002929,2025-07-25,Laboratory,109696.23,Php,Paid,"Credit Card",109696.23
B001277,P00522,V000598,2025-08-28,Consultation,128708.33,Php,Pending,GCash,0.00
B001278,P00061,V000320,2024-03-27,Consultation,52800.27,Php,Partial,Cash,26400.13
B001279,P00187,V001313,2023-09-12,Surgery,94520.55,Php,Partial,Cash,70890.41
B001280,P00831,V002468,2024-08-08,Other,62575.76,Php,Paid,Cash,62575.76
B001281,P00331,V000685,2025-03-21,Other,50465.87,Php,Paid,GCash,50465.87
B001282,P00841,V001088,2024-10-05,Room,133268.18,Php,Paid,GCash,133268.18
B001283,P00341,V000143,2023-05-10,Emergency,76939.57,Php,Paid,Cash,76939.57
B001284,P00334,V000721,2025-10-23,Room,46751.40,Php,Partial,"Debit Card",35063.55
B001285,P00281,V000322,2023-11-14,Other,137469.60,Php,Partial,"Bank Transfer",68734.80
B001286,P00525,V000455,2024-10-26,Surgery,108251.44,Php,Paid,Cash,108251.44
B001287,P00174,V001146,2024-02-10,Emergency,12399.74,Php,Partial,Cash,6199.87
B001288,P00461,V001819,2025-09-24,Consultation,19771.23,Php,Partial,GCash,14828.42
B001289,P00688,V002407,2025-01-13,Surgery,95535.45,Php,Paid,GCash,95535.45
B001290,P00486,V002479,2024-09-19,Room,24232.95,Php,Partial,"Debit Card",18174.71
B001291,P00940,V002047,2025-09-30,Laboratory,62404.89,Php,Partial,GCash,31202.44
B001292,P00372,V000931,2024-09-06,Laboratory,48537.37,Php,Pending,Cash,0.00
B001293,P00614,V001694,2023-12-03,Medication,143727.51,Php,Pending,Cash,0.00
B001294,P00071,V002133,2025-09-15,Consultation,109078.15,Php,Paid,GCash,109078.15
B001295,P00716,V000844,2023-12-03,Room,22245.10,Php,Paid,Insurance,22245.10
B001296,P00197,V001075,2023-07-11,Emergency,63250.66,Php,Paid,Cash,63250.66
B001297,P00648,V002350,2025-10-02,Emergency,34460.24,Php,Pending,GCash,0.00
B001298,P00033,V000355,2023-08-01,Other,3009.49,Php,Paid,Insurance,3009.49
B001299,P00508,V000566,2023-10-19,Laboratory,2440.39,Php,Partial,Cash,1830.29
B001300,P00092,V001844,2026-01-04,Laboratory,84425.40,Php,Partial,"Bank Transfer",63319.05
B001301,P00984,V000574,2025-09-15,Room,19658.03,Php,Pending,"Credit Card",0.00
B001302,P00786,V001827,2025-08-25,Consultation,27150.69,Php,Paid,GCash,27150.69
B001303,P00336,V002449,2023-01-17,Surgery,115870.06,Php,Paid,GCash,115870.06
B001304,P00385,V000431,2023-11-06,Other,137663.33,Php,Paid,"Credit Card",137663.33
B001305,P00509,V001409,2025-03-29,Other,79332.41,Php,Partial,GCash,59499.31
B001306,P00672,V001062,2025-10-18,Other,59513.43,Php,Paid,"Credit Card",59513.43
B001307,P00820,V000001,2023-08-28,Emergency,72501.81,Php,Pending,GCash,0.00
B001308,P00645,V001470,2023-04-14,Laboratory,16788.32,Php,Partial,Insurance,8394.16
B001309,P00206,V001050,2024-01-20,Emergency,136200.13,Php,Partial,Cash,102150.10
B001310,P00389,V001307,2025-04-18,Laboratory,127044.73,Php,Paid,Cash,127044.73
B001311,P00450,V000149,2024-08-06,Laboratory,51683.50,Php,Partial,"Bank Transfer",38762.62
B001312,P00001,V002412,2023-11-30,Emergency,10834.63,Php,Partial,Cash,8125.97
B001313,P00634,V000923,2024-09-19,Laboratory,31531.88,Php,Partial,GCash,15765.94
B001314,P00569,V002301,2024-08-28,Emergency,2033.89,Php,Partial,GCash,1525.42
B001315,P00189,V002828,2023-10-14,Room,121422.79,Php,Paid,"Credit Card",121422.79
B001316,P00132,V001358,2025-09-12,Surgery,122958.37,Php,Paid,Cash,122958.37
B001317,P00618,V000740,2023-07-24,Other,127188.45,Php,Paid,Insurance,127188.45
B001318,P00484,V002884,2023-11-28,Surgery,130066.05,Php,Partial,Insurance,97549.54
B001319,P00427,V000039,2023-12-13,Surgery,53629.84,Php,Partial,Insurance,26814.92
B001320,P00503,V001799,2024-03-30,Laboratory,108598.05,Php,Partial,"Bank Transfer",81448.54
B001321,P00947,V001023,2023-06-19,Surgery,22344.02,Php,Partial,"Bank Transfer",11172.01
B001322,P00383,V002475,2024-01-30,Surgery,17249.56,Php,Paid,Cash,17249.56
B001323,P00374,V002688,2023-05-07,Consultation,79165.34,Php,Pending,Insurance,0.00
B001324,P00319,V000374,2025-02-07,Medication,4445.41,Php,Paid,Cash,4445.41
B001325,P00434,V001330,2024-02-08,Consultation,81041.31,Php,Pending,"Debit Card",0.00
B001326,P00416,V002027,2025-12-16,Emergency,40859.52,Php,Paid,"Bank Transfer",40859.52
B001327,P00182,V001251,2023-01-28,Laboratory,67209.27,Php,Pending,Cash,0.00
B001328,P00064,V000716,2025-05-20,Surgery,127774.77,Php,Paid,Cash,127774.77
B001329,P00966,V000860,2023-11-03,Emergency,100930.87,Php,Paid,Cash,100930.87
B001330,P00639,V001480,2023-05-16,Surgery,16224.76,Php,Paid,Cash,16224.76
B001331,P00462,V002583,2025-12-07,Medication,143531.25,Php,Pending,GCash,0.00
B001332,P00384,V001559,2023-12-07,Surgery,47081.06,Php,Paid,Cash,47081.06
B001333,P00186,V001163,2024-04-04,Medication,102084.95,Php,Partial,Cash,51042.47
B001334,P00805,V001313,2024-10-05,Room,2648.38,Php,Pending,Insurance,0.00
B001335,P00741,V002787,2024-01-09,Other,115229.96,Php,Paid,Cash,115229.96
B001336,P00793,V002002,2023-08-04,Room,38284.90,Php,Partial,GCash,19142.45
B001337,P00869,V001937,2025-03-24,Emergency,46162.76,Php,Paid,GCash,46162.76
B001338,P00385,V001507,2023-05-13,Other,126645.97,Php,Partial,"Debit Card",94984.48
B001339,P00419,V002318,2023-07-14,Laboratory,143596.26,Php,Pending,GCash,0.00
B001340,P00083,V001995,2025-06-08,Surgery,63908.20,Php,Pending,Cash,0.00
B001341,P00573,V001984,2024-03-24,Laboratory,3673.13,Php,Paid,Cash,3673.13
B001342,P00437,V002827,2025-06-17,Emergency,105634.26,Php,Partial,"Credit Card",52817.13
B001343,P00087,V002813,2025-11-12,Emergency,61653.60,Php,Paid,"Bank Transfer",61653.60
B001344,P00186,V002843,2024-12-01,Medication,127915.86,Php,Partial,GCash,63957.93
B001345,P00991,V001974,2023-10-20,Emergency,136231.47,Php,Partial,Cash,102173.60
B001346,P00495,V002310,2025-08-01,Medication,109626.37,Php,Pending,Cash,82219.78
B001347,P00581,V001852,2023-09-19,Medication,83577.24,Php,Paid,Cash,83577.24
B001348,P00113,V001698,2025-02-27,Emergency,62239.05,Php,Pending,GCash,0.00
B001349,P00142,V000555,2024-07-01,Consultation,70259.24,Php,Pending,"Credit Card",0.00
B001350,P00357,V000769,2025-01-03,Consultation,19468.68,Php,Partial,Cash,9734.34
B001351,P00763,V001361,2024-10-23,Room,135466.02,Php,Partial,Insurance,101599.51
B001352,P00890,V000511,2023-11-19,Other,70316.71,Php,Paid,"Credit Card",70316.71
B001353,P00042,V000066,2025-12-27,Other,100675.62,Php,Partial,GCash,75506.71
B001354,P00529,V002839,2025-01-02,Laboratory,64601.36,Php,Paid,Cash,64601.36
B001355,P00292,V000228,2025-05-19,Surgery,17435.52,Php,Partial,"Bank Transfer",8717.76
B001356,P00194,V002193,2023-11-29,Consultation,104165.45,Php,Partial,Cash,52082.72
B001357,P00635,V000144,2023-09-07,Consultation,37814.60,Php,Partial,GCash,18907.30
B001358,P00532,V002556,2025-05-26,Other,90529.85,Php,Partial,Cash,45264.93
B001359,P00047,V002842,2025-09-29,Other,103731.02,Php,Partial,GCash,51865.51
B001360,P00706,V001090,2024-06-10,Consultation,999.74,Php,Pending,GCash,0.00
B001361,P00485,V002343,2023-05-27,Emergency,96340.09,Php,Paid,"Credit Card",96340.09
B001362,P00885,V001696,2024-06-05,Medication,27482.66,Php,Pending,"Credit Card",0.00
B001363,P00770,V002665,2023-08-07,Other,259.68,Php,Pending,"Bank Transfer",0.00
B001364,P00184,V001760,2025-07-11,Laboratory,75903.30,Php,Paid,Insurance,75903.30
B001365,P00486,V001313,2024-01-20,Emergency,133583.52,Php,Paid,Insurance,133583.52
B001366,P00710,V002990,2025-10-12,Surgery,80964.09,Php,Partial,"Debit Card",40482.04
B001367,P00308,V000705,2025-12-04,Room,126042.34,Php,Partial,"Debit Card",94531.76
B001368,P00455,V001435,2024-09-28,Emergency,13534.16,Php,Paid,Cash,13534.16
B001369,P00142,V000489,2025-01-11,Laboratory,33010.14,Php,Paid,Insurance,33010.14
B001370,P00607,V000248,2023-05-10,Medication,9151.32,Php,Paid,Cash,9151.32
B001371,P00680,V001982,2023-01-12,Laboratory,137979.09,Php,Partial,Cash,103484.32
B001372,P00928,V000329,2025-01-08,Emergency,127559.98,Php,Partial,GCash,95669.99
B001373,P00126,V002186,2025-07-03,Medication,114684.51,Php,Partial,"Bank Transfer",57342.25
B001374,P00508,V002277,2023-06-28,Room,67284.37,Php,Paid,Cash,67284.37
B001375,P01003,V001865,2025-03-13,Surgery,85820.87,Php,Paid,GCash,85820.87
B001376,P00850,V000908,2023-04-15,Other,80187.26,Php,Partial,Insurance,60140.44
B001377,P00666,V001823,2024-03-28,Medication,9604.20,Php,Partial,"Debit Card",4802.10
B001378,P00674,V001786,2023-12-03,Emergency,37976.78,Php,Partial,Cash,28482.58
B001379,P00165,V001909,2023-04-02,Surgery,142791.77,Php,Paid,GCash,142791.77
B001380,P00198,V001932,2023-01-23,Surgery,766.97,Php,Paid,Cash,766.97
B001381,P00553,V000987,2025-03-04,Laboratory,66740.23,Php,Paid,Cash,66740.23
B001382,P00438,V001084,2025-01-10,Emergency,142989.54,Php,Paid,GCash,142989.54
B001383,P00117,V000839,2025-04-15,Medication,148438.33,Php,Partial,GCash,111328.75
B001384,P00690,V000323,2023-04-27,Other,48785.62,Php,Paid,Insurance,48785.62
B001385,P00951,V000294,2023-04-25,Other,118213.58,Php,Paid,Cash,118213.58
B001386,P00969,V001869,2023-11-02,Room,113335.42,Php,Pending,"Credit Card",0.00
B001387,P00217,V001461,2023-01-04,Laboratory,101242.45,Php,Partial,"Debit Card",75931.84
B001388,P00843,V002322,2025-10-24,Laboratory,9262.38,Php,Paid,Cash,9262.38
B001389,P00203,V002987,2025-12-24,Room,108549.97,Php,Paid,GCash,108549.97
B001390,P00094,V000134,2024-03-22,Surgery,119899.09,Php,Pending,Cash,0.00
B001391,P00205,V000030,2024-11-17,Surgery,75165.49,Php,Pending,"Bank Transfer",0.00
B001392,P00156,V000709,2023-11-17,Room,35866.22,Php,Paid,Insurance,35866.22
B001393,P00649,V000651,2023-09-02,Other,47878.18,Php,Paid,GCash,47878.18
B001394,P00096,V000365,2024-12-27,Room,92605.04,Php,Pending,"Debit Card",0.00
B001395,P00825,V000287,2024-03-24,Emergency,78397.34,Php,Paid,"Bank Transfer",78397.34
B001396,P00503,V002770,2025-10-20,Laboratory,117032.31,Php,Partial,"Bank Transfer",58516.15
B001397,P00510,V001167,2024-08-10,Consultation,2627.79,Php,Partial,Cash,1970.84
B001398,P00207,V000100,2024-09-01,Consultation,35165.18,Php,Partial,Cash,17582.59
B001399,P00049,V001063,2023-06-20,Consultation,129193.27,Php,Partial,Cash,64596.64
B001400,P00404,V002036,2024-03-20,Consultation,17054.00,Php,Partial,Cash,12790.50
B001401,P00782,V000306,2025-02-22,Surgery,11278.40,Php,Paid,Cash,11278.40
B001402,P00258,V001603,2025-05-07,Consultation,130891.83,Php,Partial,Insurance,65445.92
B001403,P00108,V002489,2024-02-13,Laboratory,108985.06,Php,Partial,Cash,81738.79
B001404,P00124,V002650,2024-07-04,Room,33734.77,Php,Partial,Cash,16867.38
B001405,P00763,V001708,2024-04-17,Medication,71811.97,Php,Paid,"Debit Card",71811.97
B001406,P00726,V002790,2024-02-23,Medication,134120.39,Php,Paid,Cash,134120.39
B001407,P00039,V001986,2025-07-27,Room,39340.89,Php,Partial,Cash,29505.67
B001408,P00942,V002575,2024-09-19,Laboratory,53307.72,Php,Paid,"Bank Transfer",53307.72
B001409,P00442,V001217,2024-11-22,Medication,110748.81,Php,Paid,"Debit Card",110748.81
B001410,P00957,V002233,2024-05-06,Room,83027.07,Php,Paid,Cash,83027.07
B001411,P00854,V000582,2024-10-09,Consultation,93481.26,Php,Paid,GCash,93481.26
B001412,P00630,V001891,2023-08-17,Surgery,143828.92,Php,Pending,"Debit Card",0.00
B001413,P00710,V002701,2025-11-30,Medication,23858.03,Php,Paid,"Debit Card",23858.03
B001414,P00530,V001478,2025-11-28,Surgery,102090.23,Php,Partial,"Credit Card",76567.67
B001415,P00221,V002499,2025-12-07,Surgery,1305.10,Php,Paid,Cash,1305.10
B001416,P00432,V001106,2024-11-14,Emergency,123040.31,Php,Partial,Cash,61520.15
B001417,P00049,V000768,2023-04-07,Laboratory,141643.22,Php,Pending,GCash,0.00
B001418,P00784,V002744,2025-12-31,Medication,149982.54,Php,Partial,Cash,112486.90
B001419,P00213,V000105,2025-07-03,Other,106934.62,Php,Paid,Cash,106934.62
B001420,P00499,V002255,2025-01-12,Surgery,80443.16,Php,Pending,Cash,0.00
B001421,P00369,V000292,2025-02-06,Surgery,131208.56,Php,Partial,Insurance,98406.42
B001422,P00269,V000931,2023-02-05,Surgery,73802.44,Php,Paid,"Credit Card",73802.44
B001423,P00791,V002165,2023-06-13,Medication,43477.29,Php,Partial,Cash,32607.97
B001424,P00586,V000145,2023-11-13,Surgery,132333.32,Php,Paid,Cash,132333.32
B001425,P00573,V000451,2025-07-05,Surgery,112394.86,Php,Pending,GCash,0.00
B001426,P00277,V000412,2025-01-30,Consultation,65864.70,Php,Paid,Cash,65864.70
B001427,P00747,V002974,2025-03-09,Surgery,149352.48,Php,Pending,GCash,0.00
B001428,P00136,V002586,2025-04-03,Laboratory,54310.35,Php,Paid,"Debit Card",54310.35
B001429,P00997,V000038,2023-11-09,Medication,78557.14,Php,Paid,GCash,78557.14
B001430,P00307,V001841,2024-09-18,Other,148499.69,Php,Paid,"Credit Card",148499.69
B001431,P00111,V002198,2025-08-08,Other,30411.10,Php,Partial,GCash,15205.55
B001432,P00814,V000420,2023-10-12,Medication,30396.48,Php,Paid,"Credit Card",30396.48
B001433,P00978,V002603,2024-11-06,Room,40501.86,Php,Paid,Cash,40501.86
B001434,P00500,V001079,2025-06-29,Other,46792.87,Php,Pending,Cash,0.00
B001435,P00389,V002770,2024-07-03,Other,32547.05,Php,Partial,GCash,16273.52
B001436,P00113,V000499,2024-04-27,Consultation,27458.13,Php,Paid,"Bank Transfer",27458.13
B001437,P00101,V001217,2025-11-11,Room,62999.23,Php,Partial,Insurance,47249.42
B001438,P00090,V001156,2025-09-18,Other,75615.72,Php,Partial,Cash,37807.86
B001439,P00542,V002640,2024-12-05,Room,51737.85,Php,Paid,"Credit Card",51737.85
B001440,P00512,V001882,2024-04-06,Surgery,45570.37,Php,Pending,GCash,0.00
B001441,P00993,V001838,2023-06-19,Laboratory,86144.83,Php,Partial,Insurance,43072.42
B001442,P00278,V002750,2025-08-13,Other,124605.71,Php,Partial,"Credit Card",93454.28
B001443,P00155,V001681,2024-03-20,Surgery,139781.31,Php,Paid,Cash,139781.31
B001444,P00047,V001071,2024-04-20,Medication,5748.44,Php,Partial,Cash,4311.33
B001445,P00316,V001330,2023-09-09,Consultation,39477.27,Php,Paid,Insurance,39477.27
B001446,P00495,V002842,2024-05-22,Surgery,10874.56,Php,Paid,"Credit Card",10874.56
B001447,P00545,V001337,2024-06-30,Surgery,37921.56,Php,Paid,GCash,37921.56
B001448,P00883,V000342,2025-08-04,Surgery,113542.82,Php,Paid,"Bank Transfer",113542.82
B001449,P00318,V000686,2024-12-28,Surgery,149075.39,Php,Paid,GCash,149075.39
B001450,P00288,V002010,2024-11-14,Consultation,16368.92,Php,Partial,Cash,8184.46
B001451,P00643,V001583,2023-01-10,Room,78305.70,Php,Partial,"Debit Card",58729.27
B001452,P00829,V001161,2023-06-27,Consultation,141503.83,Php,Pending,Cash,0.00
B001453,P00080,V000526,2024-02-23,Emergency,95706.20,Php,Paid,GCash,95706.20
B001454,P00696,V002926,2024-11-30,Medication,2808.37,Php,Partial,Cash,1404.18
B001455,P00322,V000418,2025-09-01,Surgery,95615.04,Php,Partial,"Debit Card",71711.28
B001456,P00703,V001856,2023-10-22,Medication,102086.51,Php,Pending,Cash,0.00
B001457,P00653,V001807,2025-07-25,Emergency,33813.54,Php,Paid,Cash,33813.54
B001458,P00003,V001602,2025-06-25,Other,26817.21,Php,Pending,"Debit Card",0.00
B001459,P00213,V001534,2024-01-24,Other,75875.80,Php,Paid,Insurance,75875.80
B001460,P00947,V002035,2025-09-19,Emergency,135951.67,Php,Partial,"Credit Card",67975.84
B001461,P00869,V001276,2024-06-26,Emergency,119694.13,Php,Paid,Cash,119694.13
B001462,P00214,V002974,2024-07-02,Room,50763.04,Php,Paid,GCash,50763.04
B001463,P00266,V002849,2023-08-29,Laboratory,103585.77,Php,Partial,"Bank Transfer",51792.89
B001464,P00606,V001741,2024-06-10,Consultation,72659.41,Php,Paid,GCash,72659.41
B001465,P00894,V002119,2025-03-11,Laboratory,6636.64,Php,Paid,Cash,6636.64
B001466,P00133,V002932,2023-11-13,Consultation,106263.12,Php,Paid,Cash,106263.12
B001467,P00700,V001758,2024-02-10,Emergency,142950.44,Php,Pending,Cash,0.00
B001468,P00472,V002807,2023-01-17,Room,143127.13,Php,Partial,"Debit Card",71563.57
B001469,P00783,V001010,2024-04-02,Laboratory,116534.01,Php,Paid,Cash,116534.01
B001470,P00199,V001795,2025-10-18,Other,142156.40,Php,Paid,Cash,142156.40
B001471,P00526,V001141,2025-10-28,Medication,45755.61,Php,Paid,Cash,45755.61
B001472,P00685,V000264,2023-07-30,Medication,31603.05,Php,Partial,"Bank Transfer",15801.52
B001473,P00157,V001369,2023-12-06,Room,87559.44,Php,Partial,"Bank Transfer",43779.72
B001474,P00927,V001318,2025-12-07,Surgery,100419.59,Php,Paid,Cash,100419.59
B001475,P00779,V001197,2025-11-23,Other,117452.56,Php,Partial,Cash,88089.42
B001476,P00970,V002687,2023-04-26,Surgery,43022.37,Php,Partial,GCash,21511.19
B001477,P00388,V001604,2025-04-25,Emergency,62425.76,Php,Paid,"Debit Card",62425.76
B001478,P00423,V001860,2025-09-22,Room,14796.61,Php,Partial,Cash,7398.31
B001479,P00579,V001082,2024-11-19,Room,61630.31,Php,Paid,GCash,61630.31
B001480,P00262,V001950,2025-01-27,Room,120085.78,Php,Partial,"Debit Card",90064.33
B001481,P00499,V001667,2025-07-07,Emergency,79262.26,Php,Paid,Cash,79262.26
B001482,P00145,V002230,2023-06-07,Consultation,143289.60,Php,Paid,"Credit Card",143289.60
B001483,P00119,V001431,2025-03-23,Other,98734.75,Php,Pending,GCash,0.00
B001484,P00287,V001938,2023-11-18,Medication,25799.09,Php,Paid,GCash,25799.09
B001485,P00443,V000740,2024-05-11,Consultation,12042.27,Php,Paid,Insurance,12042.27
B001486,P00470,V000066,2024-07-19,Room,143918.48,Php,Partial,"Bank Transfer",107938.86
B001487,P00369,V002286,2023-01-18,Medication,129558.98,Php,Partial,Cash,97169.24
B001488,P00713,V001791,2025-01-22,Room,47760.58,Php,Partial,Insurance,35820.43
B001489,P00637,V000286,2025-07-26,Consultation,2330.60,Php,Paid,Insurance,2330.60
B001490,P01001,V000858,2023-06-08,Surgery,69368.41,Php,Paid,"Bank Transfer",69368.41
B001491,P00410,V000841,2023-04-01,Medication,117880.30,Php,Partial,GCash,58940.15
B001492,P00858,V002711,2023-11-19,Medication,121714.28,Php,Paid,"Credit Card",121714.28
B001493,P00773,V002001,2025-04-04,Surgery,61791.44,Php,Paid,"Credit Card",61791.44
B001494,P00712,V002691,2024-02-26,Room,61436.79,Php,Paid,Cash,61436.79
B001495,P00958,V000945,2024-06-22,Room,7998.20,Php,Pending,Insurance,0.00
B001496,P00867,V001043,2024-08-04,Medication,108071.98,Php,Paid,Cash,108071.98
B001497,P00041,V002202,2025-04-02,Laboratory,102300.58,Php,Paid,Cash,102300.58
B001498,P00031,V000047,2024-07-05,Consultation,20240.55,Php,Paid,Cash,20240.55
B001499,P00167,V000259,2024-12-08,Other,67600.87,Php,Partial,Cash,33800.43
B001500,P00737,V001677,2025-03-15,Surgery,5713.91,Php,partial,Cash,4285.43
B001501,P00865,V002466,2024-07-14,Surgery,660.08,Php,Pending,Cash,0.00
B001502,P00384,V000396,2025-06-06,Surgery,17609.14,Php,Pending,"Debit Card",0.00
B001503,P00527,V002112,2024-09-22,Other,31951.71,Php,Pending,"Bank Transfer",0.00
B001504,P00974,V001592,2023-02-09,Laboratory,80878.39,Php,Paid,Insurance,80878.39
B001505,P00690,V000700,2025-05-16,Surgery,89574.15,Php,Paid,GCash,89574.15
B001506,P00544,V001963,2023-04-08,Medication,95178.58,Php,Pending,Cash,0.00
B001507,P00350,V001864,2025-08-10,Emergency,92435.38,Php,Partial,Cash,46217.69
B001508,P00011,V002248,2024-08-10,Medication,29436.81,Php,Paid,"Debit Card",29436.81
B001509,P00972,V000688,2023-10-15,Consultation,49734.34,Php,Paid,"Debit Card",49734.34
B001510,P00409,V001128,2025-06-30,Other,92975.40,Php,Partial,"Credit Card",46487.70
B001511,P00956,V002533,2025-11-03,Consultation,35065.37,Php,Pending,"Credit Card",0.00
B001512,P00021,V002184,2025-11-08,Other,32679.45,Php,Paid,GCash,32679.45
B001513,P00547,V001311,2025-10-07,Surgery,93553.17,Php,Paid,"Debit Card",93553.17
B001514,P00063,V001567,2024-08-26,Emergency,46583.59,Php,Paid,Cash,46583.59
B001515,P00585,V000240,2025-08-20,Laboratory,146985.40,Php,Pending,GCash,0.00
B001516,P00102,V001503,2024-10-27,Emergency,130692.28,Php,PAID,Insurance,98019.21
B001517,P00180,V000172,2023-06-20,Surgery,88059.43,Php,Partial,Cash,66044.57
B001518,P00432,V000705,2024-11-01,Emergency,47438.94,Php,Paid,Cash,47438.94
B001519,P00325,V001868,2025-07-16,Surgery,127060.13,Php,Paid,Cash,127060.13
B001520,P00144,V001602,2023-04-05,Emergency,29327.01,Php,Paid,GCash,29327.01
B001521,P00973,V000307,2023-12-09,Medication,90749.31,Php,Paid,"Bank Transfer",90749.31
B001522,P00865,V000577,2025-03-10,Emergency,90049.05,Php,Pending,Cash,0.00
B001523,P00850,V000126,2024-08-02,Laboratory,134481.01,Php,Paid,"Debit Card",134481.01
B001524,P00036,V002326,2023-03-25,Surgery,34455.87,Php,Paid,Insurance,34455.87
B001525,P00316,V002265,2024-04-26,Room,137463.85,Php,Partial,"Bank Transfer",103097.89
B001526,P00816,V000724,2025-09-16,Surgery,72505.19,Php,Partial,Insurance,54378.89
B001527,P00532,V001146,2023-01-30,Consultation,141840.51,Php,Paid,GCash,141840.51
B001528,P00771,V001474,2024-09-10,Laboratory,22596.61,Php,Paid,"Bank Transfer",22596.61
B001529,P00255,V002998,2023-03-27,Consultation,143777.96,Php,Partial,"Bank Transfer",71888.98
B001530,P00654,V001741,2025-10-01,Medication,80434.40,Php,Paid,Insurance,80434.40
B001531,P00662,V001366,2024-01-24,Consultation,80802.20,Php,Paid,Cash,80802.20
B001532,P00409,V000100,2024-11-14,Other,71595.03,Php,Pending,Cash,0.00
B001533,P00184,V000198,2023-08-08,Emergency,135506.23,Php,Paid,GCash,135506.23
B001534,P00820,V002273,2023-12-03,Other,142792.13,Php,Pending,"Bank Transfer",0.00
B001535,P00412,V002285,2024-12-19,Surgery,122990.75,Php,Partial,Cash,92243.06
B001536,P00523,V001539,2025-12-29,Other,49855.75,Php,Partial,"Bank Transfer",24927.88
B001537,P00581,V000699,2023-11-22,Room,103495.66,Php,Pending,GCash,0.00
B001538,P00684,V001432,2025-08-15,Medication,23849.80,Php,Partial,"Bank Transfer",11924.90
B001539,P00235,V001831,2024-12-04,Consultation,85659.07,Php,Pending,"Debit Card",0.00
B001540,P00120,V000447,2024-05-21,Room,85054.31,Php,Paid,"Bank Transfer",85054.31
B001541,P00870,V002577,2025-10-12,Consultation,64707.48,Php,Partial,Insurance,48530.61
B001542,P00623,V000960,2024-09-17,Emergency,19447.17,Php,Partial,GCash,14585.38
B001543,P00657,V001998,2024-02-26,Other,69899.11,Php,Paid,"Debit Card",69899.11
B001544,P00452,V001380,2023-02-13,Medication,90124.07,Php,Partial,Insurance,45062.04
B001545,P00672,V000448,2024-03-23,Laboratory,8150.63,Php,Partial,Cash,4075.32
B001546,P00600,V002498,2025-09-09,Medication,14506.20,Php,Paid,"Bank Transfer",14506.20
B001547,P00703,V000303,2025-01-17,Consultation,58348.45,Php,Paid,"Debit Card",58348.45
B001548,P00273,V000595,2023-06-08,Surgery,88693.85,Php,Pending,"Credit Card",0.00
B001549,P00260,V002684,2025-07-14,Room,103147.32,Php,Pending,GCash,0.00
B001550,P00507,V000434,2023-02-28,Room,18438.87,Php,Paid,GCash,18438.87
B001551,P00272,V001840,2024-03-03,Laboratory,120868.28,Php,Paid,GCash,120868.28
B001552,P00799,V002590,2023-10-25,Room,112118.80,Php,Pending,Cash,0.00
B001553,P00282,V002181,2025-02-17,Emergency,140481.16,Php,Paid,Insurance,140481.16
B001554,P00031,V002867,2024-04-21,Emergency,27632.11,Php,Paid,Insurance,27632.11
B001555,P00833,V000100,2024-02-05,Laboratory,130983.10,Php,Paid,GCash,130983.10
B001556,P00038,V001032,2023-08-19,Room,61970.78,Php,Paid,Insurance,61970.78
B001557,P00513,V000645,2023-02-17,Consultation,81100.61,Php,Paid,"Credit Card",81100.61
B001558,P00064,V002380,2025-05-13,Room,1466.68,Php,Partial,Cash,1100.01
B001559,P00902,V000584,2023-04-24,Medication,126345.68,Php,Paid,GCash,126345.68
B001560,P00274,V000629,2023-06-29,Surgery,102321.63,Php,Paid,Insurance,102321.63
B001561,P00485,V002523,2025-01-07,Other,14259.60,Php,Partial,Insurance,10694.70
B001562,P00236,V000026,2024-12-27,Laboratory,78722.68,Php,Paid,"Debit Card",78722.68
B001563,P00875,V001732,2024-07-12,Emergency,115487.77,Php,Paid,Cash,115487.77
B001564,P00458,V001711,2024-10-11,Medication,148984.82,Php,Paid,GCash,148984.82
B001565,P00621,V000035,2023-08-25,Surgery,67999.27,Php,Paid,Cash,67999.27
B001566,P00587,V001514,2023-09-16,Other,14288.88,Php,Partial,"Bank Transfer",10716.66
B001567,P00996,V002149,2025-05-26,Emergency,34842.76,Php,Paid,GCash,34842.76
B001568,P00603,V001790,2023-12-31,Other,28691.83,Php,Paid,GCash,28691.83
B001569,P00342,V001452,2023-05-05,Consultation,49997.81,Php,Partial,"Credit Card",24998.90
B001570,P00349,V000891,2024-01-12,Consultation,55474.57,Php,Paid,Insurance,55474.57
B001571,P00136,V002161,2025-11-19,Consultation,40508.65,Php,Paid,"Credit Card",40508.65
B001572,P00614,V001905,2023-08-12,Emergency,144783.64,Php,Partial,Cash,72391.82
B001573,P00987,V000132,2024-10-16,Consultation,84011.40,Php,Paid,GCash,84011.40
B001574,P00393,V000138,2024-02-25,Other,146117.37,Php,Paid,GCash,146117.37
B001575,P00378,V001649,2024-01-06,Room,115491.08,Php,Paid,"Bank Transfer",115491.08
B001576,P00133,V002841,2025-12-22,Laboratory,63683.80,Php,Pending,GCash,0.00
B001577,P00564,V002709,2023-01-25,Other,1898.55,Php,Partial,GCash,1423.91
B001578,P00999,V002669,2024-09-25,Consultation,9472.67,Php,Pending,GCash,0.00
B001579,P00050,V002698,2025-08-08,Room,36880.33,Php,Paid,Cash,36880.33
B001580,P00192,V001434,2025-06-24,Surgery,103911.25,Php,Paid,"Debit Card",103911.25
B001581,P00622,V001495,2023-04-19,Surgery,35757.12,Php,Partial,Cash,26817.84
B001582,P00543,V002014,2023-08-21,Room,46938.56,Php,Paid,Insurance,46938.56
B001583,P00299,V001380,2024-12-12,Laboratory,120064.99,Php,Partial,"Credit Card",60032.50
B001584,P00178,V001149,2024-08-23,Laboratory,131554.87,Php,Paid,"Debit Card",131554.87
B001585,P00699,V000870,2023-04-30,Laboratory,27589.77,Php,Pending,"Credit Card",0.00
B001586,P00076,V001890,2025-06-24,Medication,35376.95,Php,Paid,Insurance,35376.95
B001587,P00570,V001343,2025-02-24,Medication,97514.32,Php,Pending,"Credit Card",0.00
B001588,P00409,V000277,2025-04-29,Medication,42030.07,Php,Paid,Cash,42030.07
B001589,P00244,V002366,2025-09-28,Surgery,42668.02,Php,Paid,Cash,42668.02
B001590,P00746,V000913,2024-12-07,Medication,7372.86,Php,Partial,Cash,5529.64
B001591,P00338,V002472,2025-04-11,Laboratory,19222.62,Php,Pending,Cash,0.00
B001592,P00421,V000031,2023-08-10,Medication,148416.37,Php,Paid,Cash,148416.37
B001593,P00745,V002966,2023-06-16,Emergency,99517.81,Php,Pending,"Credit Card",0.00
B001594,P00981,V000491,2025-06-20,Laboratory,117987.70,Php,Paid,Cash,117987.70
B001595,P00248,V001416,2026-01-04,Surgery,69962.18,Php,Paid,GCash,69962.18
B001596,P00467,V001892,2024-11-24,Other,141125.30,Php,Pending,Insurance,0.00
B001597,P00526,V002296,2024-03-20,Consultation,48156.32,Php,Partial,GCash,24078.16
B001598,P00985,V001966,2024-10-14,Other,50114.16,Php,Paid,Cash,50114.16
B001599,P00184,V000164,2025-06-27,Medication,133665.03,Php,Paid,GCash,133665.03
B001600,P00966,V002012,2023-04-22,Emergency,25786.02,Php,Partial,Cash,12893.01
B001601,P00879,V002081,2024-06-15,Surgery,146723.19,Php,Partial,GCash,110042.39
B001602,P00716,V002988,2023-11-08,Surgery,135561.58,Php,Partial,"Credit Card",101671.18
B001603,P00571,V002860,2023-06-10,Consultation,132635.59,Php,Pending,"Credit Card",0.00
B001604,P00769,V001112,2023-05-25,Medication,95317.62,Php,Pending,"Bank Transfer",0.00
B001605,P00341,V002123,2024-10-06,Laboratory,126542.48,Php,Partial,Cash,94906.86
B001606,P00935,V001605,2025-01-03,Other,22343.05,Php,Paid,Insurance,22343.05
B001607,P00858,V001952,2023-07-29,Other,134446.52,Php,Pending,Cash,0.00
B001608,P00172,V002886,2025-06-28,Medication,19607.08,Php,Partial,Cash,9803.54
B001609,P00631,V001991,2025-12-25,Laboratory,23601.16,Php,Paid,Cash,23601.16
B001610,P00541,V001615,2024-12-23,Consultation,55811.02,Php,Pending,Insurance,0.00
B001611,P00709,V002372,2024-08-18,Consultation,19796.89,Php,Paid,Cash,19796.89
B001612,P00337,V002468,2025-06-20,Consultation,73652.36,Php,Paid,"Credit Card",73652.36
B001613,P00857,V001151,2025-07-22,Medication,74685.83,Php,Pending,Cash,0.00
B001614,P00736,V002090,2024-03-25,Laboratory,9266.94,Php,Partial,"Credit Card",6950.20
B001615,P00117,V000946,2024-06-01,Laboratory,30581.83,Php,Partial,"Bank Transfer",15290.92
B001616,P00598,V002491,2023-09-25,Medication,145284.40,Php,Partial,"Credit Card",108963.30
B001617,P00020,V000477,2024-04-11,Medication,88433.34,Php,Partial,Cash,66325.01
B001618,P00627,V000735,2024-07-04,Room,79564.02,Php,Paid,GCash,79564.02
B001619,P01005,V000641,2023-12-20,Consultation,133505.69,Php,Partial,"Debit Card",100129.27
B001620,P00848,V002389,2023-05-23,Surgery,45928.14,Php,Partial,"Bank Transfer",22964.07
B001621,P00032,V001670,2023-01-16,Other,116883.47,Php,Partial,GCash,87662.60
B001622,P00525,V001614,2025-06-22,Other,48164.54,Php,Pending,"Bank Transfer",0.00
B001623,P00270,V000103,2024-01-22,Other,115778.90,Php,Partial,Insurance,57889.45
B001624,P00920,V002423,2024-01-12,Other,53534.10,Php,Pending,Cash,0.00
B001625,P00926,V002999,2023-11-28,Other,11025.21,Php,Paid,Cash,11025.21
B001626,P00569,V000863,2024-05-16,Consultation,88242.61,Php,Paid,Cash,88242.61
B001627,P00218,V000030,2024-05-11,Consultation,43947.50,Php,Partial,"Debit Card",32960.62
B001628,P00461,V002748,2023-10-24,Surgery,100946.47,Php,Partial,GCash,75709.85
B001629,P00701,V000638,2023-05-29,Medication,119522.07,Php,Partial,Cash,89641.55
B001630,P00840,V001551,2025-06-25,Other,81996.64,Php,Pending,GCash,0.00
B001631,P00235,V002991,2023-10-05,Room,105247.32,Php,Partial,Cash,52623.66
B001632,P00548,V001505,2024-04-08,Laboratory,134174.92,Php,Partial,"Debit Card",67087.46
B001633,P00854,V002686,2024-05-14,Surgery,52492.15,Php,Paid,Cash,52492.15
B001634,P00121,V002486,2025-02-17,Laboratory,69610.10,Php,Paid,GCash,69610.10
B001635,P00115,V001332,2025-05-31,Laboratory,55603.11,Php,Paid,GCash,55603.11
B001636,P00942,V000318,2024-10-18,Emergency,65676.85,Php,Pending,Cash,0.00
B001637,P00104,V000781,2024-07-18,Other,111533.55,Php,Paid,GCash,111533.55
B001638,P00078,V000797,2025-04-17,Emergency,57155.21,Php,Paid,Insurance,57155.21
B001639,P00975,V000678,2025-08-12,Room,98884.07,Php,Pending,Cash,0.00
B001640,P00343,V000119,2023-08-21,Laboratory,11103.20,Php,Paid,GCash,11103.20
B001641,P00160,V000415,2024-04-13,Room,108306.80,Php,Paid,Cash,108306.80
B001642,P00854,V002266,2025-09-06,Surgery,147516.17,Php,Paid,Insurance,147516.17
B001643,P00867,V000977,2024-05-13,Laboratory,41301.60,Php,Pending,Cash,0.00
B001644,P00236,V002285,2024-03-06,Emergency,113147.58,Php,Partial,Cash,56573.79
B001645,P00683,V000632,2023-11-12,Room,22069.02,Php,Paid,Cash,22069.02
B001646,P00712,V000107,2023-05-30,Emergency,126241.99,Php,Partial,"Debit Card",94681.49
B001647,P00736,V002780,2024-10-09,Laboratory,13681.79,Php,Paid,GCash,13681.79
B001648,P00148,V000708,2024-02-02,Other,32281.11,Php,Pending,"Bank Transfer",0.00
B001649,P00496,V001144,2023-03-11,Medication,113589.68,Php,Paid,"Bank Transfer",113589.68
B001650,P00206,V000911,2024-06-20,Room,145819.52,Php,Paid,Cash,145819.52
B001651,P00019,V002794,2023-11-29,Emergency,110130.95,Php,Pending,Cash,0.00
B001652,P00988,V002598,2024-11-30,Consultation,20597.57,Php,Paid,Cash,20597.57
B001653,P00349,V002029,2023-08-11,Surgery,2758.35,Php,Paid,GCash,2758.35
B001654,P00124,V001777,2025-10-14,Surgery,81815.46,Php,Paid,"Bank Transfer",81815.46
B001655,P00447,V001554,2024-01-31,Laboratory,111417.11,Php,Partial,Cash,55708.56
B001656,P00464,V000530,2023-04-12,Other,67017.17,Php,Pending,GCash,0.00
B001657,P00882,V000813,2023-12-31,Other,101292.28,Php,Paid,GCash,101292.28
B001658,P00907,V001999,2023-05-03,Room,67419.75,Php,Partial,"Debit Card",33709.88
B001659,P00823,V002664,2024-11-01,Surgery,40544.90,Php,Paid,"Debit Card",40544.90
B001660,P00397,V002330,2025-04-22,Laboratory,84825.19,Php,Partial,"Debit Card",63618.89
B001661,P00575,V001060,2023-07-08,Surgery,47175.18,Php,Paid,"Bank Transfer",47175.18
B001662,P00869,V001647,2024-09-29,Medication,67901.63,Php,Partial,GCash,50926.22
B001663,P00256,V002984,2025-05-22,Surgery,45993.49,Php,Pending,GCash,0.00
B001664,P00763,V001203,2024-10-30,Other,47948.56,Php,Paid,Insurance,47948.56
B001665,P00959,V001155,2025-02-24,Surgery,102297.65,Php,Pending,Insurance,0.00
B001666,P00466,V000567,2024-09-04,Surgery,113042.22,Php,Paid,Cash,113042.22
B001667,P00333,V000572,2024-10-26,Room,93153.82,Php,Paid,Cash,93153.82
B001668,P00746,V002791,2023-05-25,Consultation,89462.03,Php,Partial,"Debit Card",67096.52
B001669,P00382,V001745,2025-09-28,Medication,139391.95,Php,Paid,Cash,139391.95
B001670,P00143,V000103,2024-11-19,Medication,9562.87,Php,Partial,Insurance,4781.44
B001671,P00807,V001593,2025-02-12,Surgery,22681.41,Php,Partial,Cash,17011.06
B001672,P00699,V001628,2024-03-08,Medication,56709.12,Php,Pending,Cash,0.00
B001673,P00485,V002179,2023-08-10,Emergency,71879.65,Php,Paid,Cash,71879.65
B001674,P00712,V002411,2024-07-13,Room,36138.42,Php,Partial,Cash,27103.81
B001675,P00371,V000085,2023-10-13,Other,39687.06,Php,Paid,Cash,39687.06
B001676,P00488,V000439,2023-12-09,Laboratory,53191.51,Php,Partial,Insurance,39893.63
B001677,P00028,V000094,2023-11-05,Room,97807.69,Php,Paid,"Credit Card",97807.69
B001678,P00212,V000161,2023-10-20,Consultation,97099.99,Php,Partial,GCash,48550.00
B001679,P00756,V000183,2023-05-14,Surgery,70730.96,Php,Paid,Cash,70730.96
B001680,P00287,V000397,2025-08-08,Room,86637.49,Php,Partial,"Bank Transfer",43318.75
B001681,P00855,V002487,2023-10-30,Room,11488.50,Php,Paid,"Debit Card",11488.50
B001682,P00495,V001021,2024-03-09,Other,7772.86,Php,Paid,Cash,7772.86
B001683,P00782,V001713,2024-03-06,Medication,42396.23,Php,Paid,Cash,42396.23
B001684,P00263,V002421,2023-04-26,Laboratory,106556.57,Php,Paid,Cash,106556.57
B001685,P00518,V001532,2023-11-16,Laboratory,73834.28,Php,Partial,Cash,55375.71
B001686,P00306,V001108,2023-04-26,Medication,43727.56,Php,Paid,"Credit Card",43727.56
B001687,P00092,V001669,2023-08-08,Laboratory,146963.19,Php,Paid,"Bank Transfer",146963.19
B001688,P00515,V000381,2023-11-14,Emergency,135734.61,Php,Paid,"Debit Card",135734.61
B001689,P00739,V001464,2025-10-08,Medication,22118.97,Php,Partial,Cash,11059.49
B001690,P00122,V001297,2024-10-02,Emergency,47573.19,Php,Pending,Cash,0.00
B001691,P00789,V001483,2023-07-16,Other,73339.17,Php,Paid,Cash,73339.17
B001692,P00144,V001188,2025-01-01,Room,39711.64,Php,Pending,Cash,0.00
B001693,P00274,V000868,2024-11-26,Room,136059.25,Php,Partial,"Bank Transfer",68029.62
B001694,P00015,V002945,2025-11-16,Other,148014.70,Php,Partial,GCash,111011.03
B001695,P00888,V000368,2026-01-02,Consultation,50054.36,Php,Paid,Cash,50054.36
B001696,P00490,V002978,2025-09-07,Surgery,5872.58,Php,Partial,GCash,2936.29
B001697,P00374,V001849,2024-03-16,Other,120121.79,Php,Pending,Cash,0.00
B001698,P00526,V002192,2023-09-06,Medication,147761.67,Php,Partial,GCash,73880.84
B001699,P00185,V001748,2025-10-22,Other,92075.19,Php,Paid,Cash,92075.19
B001700,P00011,V002237,2024-01-08,Laboratory,116777.76,Php,Paid,GCash,116777.76
B001701,P00695,V001464,2023-06-21,Room,107202.15,Php,Paid,GCash,107202.15
B001702,P00357,V002295,2025-05-06,Surgery,128228.03,Php,Partial,Insurance,96171.02
B001703,P00935,V000605,2025-03-26,Surgery,106006.16,Php,Partial,Insurance,53003.08
B001704,P00414,V002299,2024-05-22,Room,91831.43,Php,Partial,Cash,45915.71
B001705,P00608,V002156,2024-11-26,Surgery,59774.54,Php,Paid,Cash,59774.54
B001706,P00530,V002352,2025-06-27,Surgery,116196.50,Php,Paid,"Debit Card",116196.50
B001707,P00017,V001345,2025-08-05,Medication,50639.48,Php,Paid,"Bank Transfer",50639.48
B001708,P00131,V002268,2024-07-18,Surgery,525.07,Php,Partial,"Bank Transfer",393.80
B001709,P00545,V002968,2024-06-16,Room,72435.89,Php,Paid,Cash,72435.89
B001710,P00093,V000411,2025-12-19,Medication,141538.61,Php,Partial,GCash,70769.30
B001711,P00704,V002217,2023-12-01,Other,126530.42,Php,Paid,Insurance,126530.42
B001712,P00218,V000247,2023-09-26,Consultation,47952.84,Php,Partial,Cash,23976.42
B001713,P00280,V000451,2023-08-13,Room,3901.94,Php,Pending,"Credit Card",0.00
B001714,P00457,V002735,2024-04-02,Surgery,11146.88,Php,Paid,"Bank Transfer",11146.88
B001715,P01004,V000727,2024-06-05,Other,57389.40,Php,Pending,"Bank Transfer",0.00
B001716,P00399,V000914,2025-10-17,Surgery,57912.61,Php,Partial,"Bank Transfer",43434.46
B001717,P00483,V000050,2025-01-15,Consultation,47195.91,Php,Partial,Insurance,35396.93
B001718,P00606,V002142,2023-01-10,Surgery,66360.28,Php,Pending,"Credit Card",0.00
B001719,P00922,V001375,2025-10-02,Surgery,106824.32,Php,Partial,"Credit Card",80118.24
B001720,P00238,V001019,2024-10-18,Medication,100898.96,Php,Partial,Insurance,50449.48
B001721,P00036,V002270,2024-10-25,Laboratory,29562.02,Php,Paid,GCash,29562.02
B001722,P00008,V000397,2023-06-10,Laboratory,119024.40,Php,Pending,Cash,0.00
B001723,P00721,V001067,2025-10-11,Emergency,21128.45,Php,Partial,Insurance,10564.23
B001724,P00603,V000177,2025-03-25,Other,82511.72,Php,Pending,GCash,0.00
B001725,P00185,V002386,2024-10-12,Surgery,39523.95,Php,Paid,"Bank Transfer",39523.95
B001726,P00069,V001982,2023-05-26,Emergency,89408.52,Php,Paid,Insurance,89408.52
B001727,P00459,V000036,2023-08-22,Medication,139730.21,Php,Paid,"Bank Transfer",139730.21
B001728,P00840,V001911,2025-11-04,Surgery,137335.92,Php,Partial,"Bank Transfer",103001.94
B001729,P00726,V001270,2025-01-19,Consultation,1547.46,Php,Paid,"Bank Transfer",1547.46
B001730,P00765,V001404,2024-09-15,Other,137764.65,Php,Partial,Insurance,68882.32
B001731,P00140,V002845,2024-01-17,Other,142730.96,Php,Partial,"Bank Transfer",71365.48
B001732,P00299,V000955,2024-12-13,Emergency,79858.89,Php,Paid,GCash,79858.89
B001733,P00507,V000552,2025-09-06,Medication,129642.52,Php,Paid,"Bank Transfer",129642.52
B001734,P00532,V002269,2024-03-29,Medication,28298.10,Php,Partial,Cash,21223.57
B001735,P00568,V001997,2023-01-17,Surgery,65578.01,Php,Paid,Insurance,65578.01
B001736,P00792,V001523,2023-12-09,Surgery,40973.70,Php,Pending,"Bank Transfer",0.00
B001737,P00436,V001050,2023-03-30,Surgery,113264.80,Php,Partial,Cash,84948.60
B001738,P00869,V002953,2024-07-19,Consultation,99819.03,Php,Partial,"Credit Card",74864.27
B001739,P00357,V000453,2025-01-18,Room,9974.05,Php,Paid,GCash,9974.05
B001740,P00382,V002640,2023-06-20,Other,97362.87,Php,Partial,Cash,48681.43
B001741,P00088,V000344,2025-03-17,Room,91926.20,Php,Paid,GCash,91926.20
B001742,P00445,V000871,2023-11-21,Room,56103.81,Php,Paid,GCash,56103.81
B001743,P00402,V002283,2023-09-11,Surgery,101184.32,Php,Partial,GCash,50592.16
B001744,P00586,V001378,2023-10-02,Room,34708.35,Php,Pending,Cash,0.00
B001745,P00904,V000227,2024-10-21,Other,82375.63,Php,Pending,Cash,0.00
B001746,P00527,V001940,2023-08-19,Medication,5549.35,Php,Paid,"Credit Card",5549.35
B001747,P00495,V002945,2023-06-12,Consultation,114483.79,Php,Partial,Cash,85862.84
B001748,P00547,V000344,2023-07-18,Emergency,117901.11,Php,Paid,Cash,117901.11
B001749,P00912,V000606,2025-02-23,Other,39530.07,Php,Partial,"Bank Transfer",19765.03
B001750,P00649,V000609,2024-06-19,Emergency,33055.60,Php,Pending,Insurance,0.00
B001751,P00043,V000724,2025-02-06,Consultation,36125.39,Php,Partial,Insurance,18062.69
B001752,P00993,V001511,2025-03-19,Emergency,4003.75,Php,Partial,"Credit Card",2001.88
B001753,P00452,V001965,2023-01-05,Consultation,93434.53,Php,Partial,"Debit Card",46717.26
B001754,P00319,V000823,2025-11-06,Emergency,53784.45,Php,Partial,Cash,26892.22
B001755,P00936,V001104,2024-04-19,Surgery,9057.92,Php,Partial,Cash,4528.96
B001756,P00978,V000823,2024-09-20,Room,111207.79,Php,Paid,Cash,111207.79
B001757,P00249,V001386,2024-10-01,Surgery,92895.60,Php,Paid,Cash,92895.60
B001758,P00015,V001756,2024-05-20,Medication,70062.42,Php,Paid,Cash,70062.42
B001759,P00289,V001084,2023-11-24,Other,42991.61,Php,Paid,Cash,42991.61
B001760,P00804,V001254,2023-03-09,Surgery,79086.66,Php,Paid,Cash,79086.66
B001761,P00914,V001204,2023-06-06,Room,83951.85,Php,Paid,GCash,83951.85
B001762,P00621,V002739,2024-08-30,Emergency,47558.49,Php,Paid,GCash,47558.49
B001763,P00378,V001327,2023-07-09,Emergency,108503.00,Php,Paid,Cash,108503.00
B001764,P00188,V002533,2024-02-13,Room,79455.34,Php,Partial,Cash,39727.67
B001765,P00583,V002735,2025-03-28,Surgery,113229.21,Php,Partial,Cash,56614.61
B001766,P01002,V000422,2023-12-20,Emergency,30585.61,Php,Partial,GCash,22939.21
B001767,P00648,V001203,2023-01-22,Other,41139.40,Php,Pending,"Credit Card",0.00
B001768,P00388,V001628,2023-09-10,Other,144013.71,Php,Pending,Cash,0.00
B001769,P00360,V000983,2023-09-11,Consultation,31819.67,Php,Partial,Cash,15909.83
B001770,P00962,V001491,2024-03-14,Room,86934.37,Php,Paid,Cash,86934.37
B001771,P00909,V001718,2025-03-02,Consultation,15355.82,Php,Paid,"Bank Transfer",15355.82
B001772,P00420,V002475,2023-08-10,Consultation,1197.43,Php,Pending,GCash,0.00
B001773,P00037,V001678,2024-05-08,Other,62006.61,Php,Partial,Cash,31003.31
B001774,P00280,V001500,2023-03-22,Emergency,12196.88,Php,Paid,"Bank Transfer",12196.88
B001775,P00081,V002986,2025-07-27,Room,33290.72,Php,Pending,GCash,0.00
B001776,P00495,V000180,2025-12-23,Consultation,50090.58,Php,Partial,Insurance,37567.93
B001777,P00066,V000911,2024-12-23,Laboratory,17519.74,Php,Partial,Cash,13139.81
B001778,P00125,V001960,2023-03-29,Other,90346.92,Php,Paid,"Bank Transfer",90346.92
B001779,P00560,V002258,2023-03-17,Room,42220.69,Php,Partial,GCash,31665.52
B001780,P00881,V002924,2023-05-30,Emergency,26381.36,Php,Partial,GCash,13190.68
B001781,P00445,V002076,2024-09-25,Emergency,33291.51,Php,Paid,Cash,33291.51
B001782,P00154,V001849,2024-06-09,Surgery,39771.98,Php,Paid,Cash,39771.98
B001783,P00642,V002123,2024-09-22,Consultation,49935.24,Php,Partial,Insurance,37451.43
B001784,P00320,V001434,2023-03-18,Room,40298.11,Php,Partial,Insurance,30223.58
B001785,P00925,V002904,2023-05-19,Consultation,33617.80,Php,Paid,Cash,33617.80
B001786,P00901,V002297,2025-08-31,Laboratory,84398.03,Php,Paid,Insurance,84398.03
B001787,P00266,V001812,2025-06-21,Other,110169.82,Php,Partial,Insurance,82627.37
B001788,P00274,V002672,2025-10-20,Laboratory,56427.11,Php,Paid,GCash,56427.11
B001789,P00183,V002796,2025-09-09,Emergency,78098.48,Php,Paid,"Debit Card",78098.48
B001790,P00041,V001283,2024-02-20,Room,123190.05,Php,Paid,Insurance,123190.05
B001791,P00444,V000451,2024-04-21,Surgery,23544.93,Php,Pending,"Debit Card",0.00
B001792,P00975,V000996,2023-04-20,Emergency,19737.14,Php,Partial,Cash,9868.57
B001793,P00593,V001416,2025-09-17,Laboratory,94133.07,Php,Partial,GCash,47066.54
B001794,P00819,V000626,2025-05-29,Surgery,68914.05,Php,Paid,Cash,68914.05
B001795,P00527,V000434,2024-12-13,Other,89164.96,Php,Paid,"Credit Card",89164.96
B001796,P00131,V001180,2023-02-22,Other,132938.55,Php,Partial,Cash,66469.27
B001797,P00530,V000456,2025-05-09,Other,1296.15,Php,Partial,GCash,972.11
B001798,P00831,V002592,2025-08-31,Surgery,53620.49,Php,Pending,GCash,0.00
B001799,P00373,V001524,2024-04-07,Laboratory,76887.14,Php,Partial,GCash,57665.35
B001800,P00520,V001420,2025-11-24,Laboratory,108153.65,Php,Partial,Cash,81115.24
B001801,P00391,V002676,2024-07-05,Consultation,121055.11,Php,Paid,Cash,121055.11
B001802,P00050,V001276,2024-02-25,Consultation,22258.22,Php,Paid,Cash,22258.22
B001803,P00188,V001507,2023-03-23,Emergency,73599.84,Php,Partial,"Bank Transfer",36799.92
B001804,P00788,V000148,2023-03-30,Medication,57699.86,Php,Paid,"Bank Transfer",57699.86
B001805,P00871,V000466,2023-09-15,Medication,15954.99,Php,Pending,GCash,0.00
B001806,P00301,V000370,2024-01-11,Emergency,80723.78,Php,Paid,Cash,80723.78
B001807,P00584,V000743,2024-12-31,Laboratory,108582.02,Php,Partial,"Debit Card",81436.51
B001808,P00585,V001325,2024-07-01,Room,104258.99,Php,Paid,"Debit Card",104258.99
B001809,P00469,V001344,2025-05-12,Surgery,98818.34,Php,Pending,GCash,0.00
B001810,P00136,V001101,2025-06-30,Surgery,6077.13,Php,Partial,"Debit Card",4557.85
B001811,P00135,V000214,2024-04-08,Laboratory,12179.87,Php,Pending,Cash,0.00
B001812,P00188,V001666,2023-02-11,Surgery,78158.91,Php,Paid,Cash,78158.91
B001813,P00264,V000557,2025-05-01,Consultation,134002.08,Php,Paid,Cash,134002.08
B001814,P00381,V002409,2023-11-08,Laboratory,86940.19,Php,Paid,"Credit Card",86940.19
B001815,P00524,V001417,2025-06-10,Medication,24959.51,Php,Paid,GCash,24959.51
B001816,P00463,V001430,2024-08-13,Surgery,114713.29,Php,Paid,GCash,114713.29
B001817,P00754,V001763,2024-11-29,Consultation,85446.18,Php,Paid,"Credit Card",85446.18
B001818,P00858,V001350,2025-09-07,Emergency,57982.91,Php,Partial,Cash,43487.18
B001819,P00915,V002280,2025-10-30,Laboratory,137998.36,Php,Pending,Cash,0.00
B001820,P00721,V001606,2023-01-25,Other,149204.46,Php,Partial,Cash,111903.35
B001821,P00880,V000239,2025-05-21,Surgery,6736.01,Php,Paid,"Debit Card",6736.01
B001822,P00571,V002561,2024-11-13,Emergency,111932.74,Php,Paid,Insurance,111932.74
B001823,P00228,V001103,2024-04-29,Medication,76963.59,Php,Partial,"Debit Card",57722.69
B001824,P00027,V001945,2023-02-18,Emergency,127876.32,Php,Paid,GCash,127876.32
B001825,P00190,V000955,2024-11-23,Other,96497.29,Php,Paid,Cash,96497.29
B001826,P00603,V001346,2025-04-25,Consultation,114055.27,Php,Paid,GCash,114055.27
B001827,P00452,V001027,2025-03-24,Emergency,51128.36,Php,Paid,"Credit Card",51128.36
B001828,P00640,V002898,2023-03-09,Consultation,83965.95,Php,Partial,GCash,62974.46
B001829,P00405,V000083,2025-11-27,Laboratory,74659.46,Php,Pending,Cash,0.00
B001830,P00659,V001161,2025-01-09,Laboratory,126267.01,Php,Paid,"Credit Card",126267.01
B001831,P00264,V000014,2025-01-16,Room,109296.67,Php,Pending,Insurance,0.00
B001832,P00626,V002836,2024-01-28,Medication,142200.24,Php,Paid,Insurance,142200.24
B001833,P00936,V000737,2023-07-11,Other,28630.61,Php,Paid,Cash,28630.61
B001834,P00360,V001319,2024-02-18,Other,83422.72,Php,Pending,GCash,0.00
B001835,P00283,V000806,2025-03-15,Room,102121.27,Php,Paid,GCash,102121.27
B001836,P00920,V002238,2024-10-04,Emergency,6136.73,Php,Pending,"Debit Card",0.00
B001837,P00924,V001054,2024-08-28,Medication,76530.42,Php,Paid,GCash,76530.42
B001838,P00496,V000987,2023-09-01,Emergency,12415.08,Php,Partial,"Debit Card",6207.54
B001839,P00202,V000402,2023-05-31,Other,87046.94,Php,Paid,Cash,87046.94
B001840,P00654,V000162,2023-08-09,Emergency,95496.49,Php,Partial,"Debit Card",71622.37
B001841,P00085,V002249,2023-03-25,Other,91802.34,Php,Paid,GCash,91802.34
B001842,P00872,V002300,2023-12-22,Emergency,82343.37,Php,Paid,"Debit Card",82343.37
B001843,P00838,V001897,2024-06-09,Other,127995.41,Php,Pending,GCash,0.00
B001844,P00265,V000429,2024-03-19,Other,25645.19,Php,Paid,Cash,25645.19
B001845,P00709,V000399,2023-12-30,Laboratory,19316.14,Php,Partial,Insurance,9658.07
B001846,P00383,V001513,2024-09-03,Emergency,27547.52,Php,Paid,"Credit Card",27547.52
B001847,P00960,V000932,2025-12-25,Emergency,35151.17,Php,Pending,Cash,0.00
B001848,P00548,V002614,2024-02-19,Medication,37939.55,Php,Paid,GCash,37939.55
B001849,P00364,V001471,2023-01-15,Emergency,74553.66,Php,Paid,Insurance,74553.66
B001850,P00272,V001296,2024-10-13,Room,83555.05,Php,Pending,Insurance,0.00
B001851,P00094,V002739,2025-08-30,Medication,24771.52,Php,Partial,Cash,12385.76
B001852,P00381,V002003,2025-11-20,Laboratory,44760.44,Php,Pending,GCash,0.00
B001853,P00809,V001644,2025-12-12,Laboratory,14802.47,Php,Paid,"Debit Card",14802.47
B001854,P00250,V000084,2025-04-16,Laboratory,148994.36,Php,Paid,Cash,148994.36
B001855,P00752,V001305,2024-08-23,Consultation,66903.52,Php,Partial,Cash,50177.64
B001856,P00043,V001912,2024-09-16,Emergency,10703.90,Php,Paid,GCash,10703.90
B001857,P00636,V002103,2024-08-27,Surgery,60498.51,Php,Paid,GCash,60498.51
B001858,P00282,V000785,2024-01-23,Emergency,51945.45,Php,Partial,Cash,38959.09
B001859,P00615,V000329,2023-05-08,Laboratory,36891.71,Php,Partial,"Credit Card",18445.85
B001860,P00062,V002398,2025-08-11,Other,9786.83,Php,Partial,Cash,7340.12
B001861,P00574,V000541,2023-10-04,Medication,45667.73,Php,Partial,"Bank Transfer",22833.87
B001862,P00225,V000522,2023-04-29,Emergency,46044.37,Php,Paid,Cash,46044.37
B001863,P00293,V002960,2023-06-25,Medication,2240.72,Php,Paid,Cash,2240.72
B001864,P00556,V001304,2024-11-14,Consultation,122547.30,Php,Partial,GCash,61273.65
B001865,P00969,V000280,2025-11-19,Laboratory,86531.80,Php,Pending,Cash,0.00
B001866,P00258,V000493,2025-03-27,Laboratory,116004.17,Php,Paid,"Debit Card",116004.17
B001867,P00097,V001943,2024-03-09,Emergency,94098.45,Php,Pending,GCash,0.00
B001868,P00098,V000186,2023-08-17,Medication,45782.34,Php,Paid,Insurance,45782.34
B001869,P00562,V001376,2025-08-26,Room,90495.76,Php,Paid,Cash,90495.76
B001870,P00745,V000215,2025-03-10,Laboratory,17837.18,Php,Paid,Cash,17837.18
B001871,P00126,V001766,2024-03-05,Laboratory,32746.29,Php,Paid,GCash,32746.29
B001872,P00412,V000312,2024-03-03,Surgery,33118.51,Php,Paid,"Bank Transfer",33118.51
B001873,P00832,V000831,2025-12-27,Surgery,87193.25,Php,Paid,"Bank Transfer",87193.25
B001874,P00275,V000259,2024-11-27,Other,30249.61,Php,Partial,Cash,22687.21
B001875,P00716,V001246,2025-08-06,Other,95859.17,Php,Paid,"Bank Transfer",95859.17
B001876,P00582,V002605,2023-06-10,Room,30020.71,Php,Pending,"Debit Card",0.00
B001877,P00480,V001892,2025-03-04,Consultation,123899.35,Php,Partial,"Bank Transfer",61949.68
B001878,P00230,V001564,2024-12-17,Other,49171.78,Php,Pending,Cash,0.00
B001879,P00768,V001523,2025-02-25,Surgery,120177.39,Php,Partial,"Debit Card",90133.04
B001880,P00888,V000129,2024-04-30,Medication,43521.77,Php,Paid,Cash,43521.77
B001881,P00167,V001542,2023-07-23,Other,143546.19,Php,Paid,"Debit Card",143546.19
B001882,P00034,V001114,2023-02-17,Laboratory,58613.46,Php,Pending,GCash,0.00
B001883,P00479,V002492,2024-06-11,Emergency,41011.55,Php,Paid,Cash,41011.55
B001884,P00396,V000187,2023-07-12,Room,132334.98,Php,Partial,"Credit Card",66167.49
B001885,P00071,V002279,2023-02-12,Consultation,3371.87,Php,Paid,Insurance,3371.87
B001886,P00347,V002510,2024-03-19,Room,32131.41,Php,Pending,GCash,0.00
B001887,P00340,V002328,2025-04-12,Room,27686.29,Php,Partial,"Credit Card",20764.72
B001888,P00381,V001841,2025-06-10,Other,76949.29,Php,Partial,Insurance,38474.64
B001889,P00163,V001309,2025-11-27,Surgery,81679.40,Php,Paid,Cash,81679.40
B001890,P00159,V000678,2025-11-26,Laboratory,6367.07,Php,Paid,GCash,6367.07
B001891,P00528,V002527,2025-08-22,Room,67076.60,Php,Paid,Cash,67076.60
B001892,P00311,V001695,2024-01-23,Emergency,121113.07,Php,Partial,GCash,90834.80
B001893,P00185,V002064,2023-03-16,Surgery,54550.59,Php,Partial,"Credit Card",27275.29
B001894,P00954,V001632,2024-09-16,Room,121262.16,Php,Pending,Cash,0.00
B001895,P00249,V002656,2024-12-01,Consultation,138590.93,Php,Pending,Cash,0.00
B001896,P00002,V002020,2024-01-10,Laboratory,142714.95,Php,Partial,Cash,107036.21
B001897,P00757,V000362,2023-04-10,Consultation,43702.53,Php,Partial,Cash,32776.90
B001898,P00628,V000796,2023-12-01,Other,80991.38,Php,Paid,Insurance,80991.38
B001899,P00379,V002210,2025-07-07,Medication,136633.43,Php,Partial,"Debit Card",68316.71
B001900,P00267,V000961,2025-10-12,Laboratory,118721.83,Php,Pending,GCash,0.00
B001901,P00592,V001140,2024-04-05,Surgery,92268.39,Php,Partial,"Credit Card",46134.19
B001902,P00900,V002777,2024-12-18,Medication,140096.97,Php,Paid,GCash,140096.97
B001903,P00996,V002619,2025-03-16,Surgery,53207.52,Php,Paid,Cash,53207.52
B001904,P00185,V000407,2025-03-09,Laboratory,64934.34,Php,Partial,GCash,48700.75
B001905,P00306,V001874,2025-07-04,Surgery,80626.94,Php,Pending,GCash,0.00
B001906,P00321,V002752,2025-11-08,Laboratory,98347.47,Php,Paid,"Debit Card",98347.47
B001907,P00597,V001621,2024-06-09,Medication,59326.60,Php,Partial,Cash,44494.95
B001908,P00887,V002655,2023-06-18,Surgery,467.63,Php,Paid,GCash,467.63
B001909,P00935,V002743,2023-10-10,Surgery,25200.78,Php,Pending,GCash,0.00
B001910,P00253,V000495,2023-10-01,Laboratory,91939.74,Php,Partial,Cash,68954.81
B001911,P00363,V000591,2023-06-21,Medication,63750.89,Php,Paid,"Bank Transfer",63750.89
B001912,P00923,V002546,2024-11-26,Other,111431.02,Php,Partial,Cash,83573.26
B001913,P00405,V000764,2025-11-06,Emergency,45666.31,Php,Partial,"Bank Transfer",22833.15
B001914,P00077,V000287,2024-11-10,Room,65297.08,Php,Partial,Insurance,48972.81
B001915,P00691,V002469,2023-07-28,Other,22397.28,Php,Partial,Cash,16797.96
B001916,P00666,V000123,2024-10-16,Medication,31925.80,Php,Paid,"Bank Transfer",31925.80
B001917,P00311,V001305,2023-02-02,Medication,139574.98,Php,Paid,Insurance,139574.98
B001918,P00793,V001753,2023-05-13,Room,53660.21,Php,Partial,GCash,26830.10
B001919,P00851,V002682,2023-07-10,Laboratory,27841.61,Php,Paid,"Debit Card",27841.61
B001920,P00372,V001375,2023-12-24,Consultation,88015.27,Php,Paid,"Debit Card",88015.27
B001921,P00595,V001815,2024-04-22,Medication,14923.93,Php,Partial,GCash,11192.95
B001922,P00133,V002157,2023-08-30,Surgery,28409.62,Php,Paid,Cash,28409.62
B001923,P00935,V001285,2023-01-31,Surgery,135758.91,Php,Paid,"Debit Card",135758.91
B001924,P00462,V001545,2024-02-02,Other,51490.28,Php,Paid,Cash,51490.28
B001925,P00826,V002226,2024-03-19,Consultation,97255.62,Php,Paid,"Bank Transfer",97255.62
B001926,P00613,V002998,2025-02-19,Consultation,143939.13,Php,Pending,Insurance,0.00
B001927,P00878,V000870,2025-02-05,Consultation,141273.43,Php,Paid,Cash,141273.43
B001928,P00899,V002160,2025-04-18,Medication,4402.61,Php,Pending,"Bank Transfer",0.00
B001929,P00898,V002176,2023-09-09,Laboratory,121632.94,Php,Paid,Cash,121632.94
B001930,P00089,V002457,2025-02-17,Surgery,89516.86,Php,Partial,"Bank Transfer",67137.65
B001931,P00545,V001654,2023-03-04,Medication,66003.12,Php,Paid,Insurance,66003.12
B001932,P00494,V001105,2024-11-30,Medication,14821.17,Php,Paid,"Credit Card",14821.17
B001933,P00019,V001700,2025-10-05,Medication,120597.88,Php,Partial,"Debit Card",60298.94
B001934,P00200,V001086,2024-09-18,Medication,129513.25,Php,Paid,GCash,129513.25
B001935,P00658,V001803,2025-05-12,Medication,72042.78,Php,Paid,Cash,72042.78
B001936,P00342,V001612,2023-05-17,Medication,36714.36,Php,Paid,"Credit Card",36714.36
B001937,P00281,V000899,2023-11-24,Surgery,138582.55,Php,Paid,GCash,138582.55
B001938,P00258,V001169,2023-03-26,Emergency,97769.24,Php,Paid,GCash,97769.24
B001939,P00860,V000581,2024-10-14,Emergency,125341.78,Php,Partial,Cash,62670.89
B001940,P00540,V001712,2025-08-04,Emergency,89949.24,Php,Paid,"Bank Transfer",89949.24
B001941,P00751,V002795,2023-03-15,Laboratory,32877.51,Php,Paid,Insurance,32877.51
B001942,P00449,V001741,2023-07-31,Surgery,116884.67,Php,Paid,Cash,116884.67
B001943,P00020,V002266,2023-09-04,Medication,139108.19,Php,Partial,"Bank Transfer",69554.10
B001944,P00794,V002069,2024-07-19,Room,6513.62,Php,Partial,Insurance,4885.22
B001945,P00528,V002178,2023-11-02,Consultation,13211.47,Php,Pending,Cash,0.00
B001946,P00274,V002963,2024-01-06,Laboratory,100825.97,Php,Paid,"Bank Transfer",100825.97
B001947,P00303,V002200,2023-08-28,Emergency,82892.38,Php,Paid,Cash,82892.38
B001948,P00515,V001530,2025-11-26,Medication,50508.97,Php,Partial,Insurance,37881.73
B001949,P00229,V001830,2023-09-13,Consultation,3449.39,Php,Partial,"Debit Card",2587.04
B001950,P00657,V001137,2025-07-04,Surgery,39898.10,Php,Paid,GCash,39898.10
B001951,P00526,V000165,2024-06-22,Laboratory,125872.31,Php,Pending,Cash,0.00
B001952,P00663,V001795,2024-01-05,Other,61722.02,Php,Paid,"Credit Card",61722.02
B001953,P00537,V000478,2025-12-30,Medication,114099.11,Php,Pending,Cash,0.00
B001954,P00765,V002259,2025-07-31,Medication,94456.69,Php,Pending,"Bank Transfer",0.00
B001955,P00269,V002315,2023-05-30,Medication,17806.41,Php,Paid,GCash,17806.41
B001956,P00427,V002943,2025-08-18,Surgery,142541.31,Php,Partial,"Bank Transfer",106905.98
B001957,P00685,V002076,2023-04-21,Room,8351.20,Php,Pending,Cash,0.00
B001958,P00541,V001164,2024-11-07,Surgery,98323.74,Php,Paid,"Bank Transfer",98323.74
B001959,P00027,V002514,2025-10-13,Surgery,78830.81,Php,Paid,"Credit Card",78830.81
B001960,P00746,V002987,2023-03-10,Consultation,19046.18,Php,Partial,GCash,9523.09
B001961,P00090,V002325,2025-09-03,Other,78214.02,Php,Paid,Cash,78214.02
B001962,P00875,V001740,2024-02-22,Consultation,121599.68,Php,Partial,Insurance,91199.76
B001963,P00764,V000004,2025-04-13,Surgery,82481.03,Php,Partial,Cash,41240.51
B001964,P00372,V002337,2025-10-10,Room,148415.02,Php,Partial,Insurance,111311.26
B001965,P00628,V001460,2025-03-04,Other,66909.73,Php,Paid,Cash,66909.73
B001966,P00295,V000150,2023-09-24,Room,110590.97,Php,Paid,Cash,110590.97
B001967,P00383,V001506,2023-01-11,Surgery,119833.18,Php,Partial,Cash,59916.59
B001968,P00078,V000600,2024-06-07,Other,121013.71,Php,Paid,"Bank Transfer",121013.71
B001969,P00369,V000466,2025-11-06,Consultation,134468.23,Php,Paid,Cash,134468.23
B001970,P00265,V000319,2023-10-01,Medication,105180.77,Php,Paid,GCash,105180.77
B001971,P00110,V001587,2025-04-10,Laboratory,108539.56,Php,Partial,Cash,81404.67
B001972,P00907,V001035,2025-10-01,Medication,116802.62,Php,Paid,Cash,116802.62
B001973,P00612,V001363,2024-07-31,Medication,39217.05,Php,Paid,Cash,39217.05
B001974,P00354,V000221,2025-04-17,Surgery,42317.07,Php,Partial,GCash,21158.53
B001975,P00133,V001432,2025-06-11,Other,145239.07,Php,Paid,"Credit Card",145239.07
B001976,P00666,V002594,2024-08-15,Surgery,38823.48,Php,Partial,Cash,19411.74
B001977,P00066,V000417,2024-11-09,Surgery,72727.14,Php,Paid,"Credit Card",72727.14
B001978,P00006,V000546,2024-01-23,Emergency,133203.79,Php,Pending,GCash,0.00
B001979,P00684,V001955,2024-02-23,Consultation,111759.25,Php,Partial,Cash,55879.62
B001980,P00510,V001500,2024-12-12,Consultation,121640.73,Php,Partial,"Bank Transfer",60820.36
B001981,P00437,V001144,2023-05-09,Room,7191.75,Php,Paid,Cash,7191.75
B001982,P00789,V000068,2023-03-13,Emergency,137769.94,Php,Pending,"Debit Card",0.00
B001983,P00188,V002665,2023-09-30,Other,22922.20,Php,Paid,"Debit Card",22922.20
B001984,P00386,V002911,2024-04-18,Surgery,147416.62,Php,Paid,Cash,147416.62
B001985,P00496,V001675,2024-06-09,Consultation,4365.43,Php,Pending,"Credit Card",0.00
B001986,P00270,V002455,2024-04-23,Emergency,49055.44,Php,Paid,GCash,49055.44
B001987,P00436,V001884,2023-08-29,Other,18265.72,Php,Partial,Cash,9132.86
B001988,P00735,V000385,2023-05-25,Room,33442.29,Php,Partial,Cash,16721.15
B001989,P00485,V000994,2024-05-26,Other,49970.09,Php,Paid,GCash,49970.09
B001990,P00780,V000235,2023-05-13,Other,70932.17,Php,Partial,"Credit Card",35466.08
B001991,P00694,V001383,2023-03-18,Surgery,124400.70,Php,Partial,GCash,62200.35
B001992,P00364,V000742,2025-07-17,Laboratory,110005.81,Php,Partial,Insurance,82504.36
B001993,P00126,V002316,2023-06-16,Room,110095.49,Php,Pending,"Credit Card",0.00
B001994,P00531,V002175,2025-05-13,Medication,72740.72,Php,Paid,Insurance,72740.72
B001995,P00785,V000294,2025-12-26,Consultation,7779.72,Php,Paid,"Debit Card",7779.72
B001996,P00275,V000699,2023-08-28,Consultation,26454.51,Php,Partial,"Bank Transfer",19840.88
B001997,P00280,V002024,2023-10-03,Emergency,63726.50,Php,Pending,GCash,0.00
B001998,P00467,V002407,2024-06-09,Laboratory,127209.18,Php,Pending,GCash,0.00
B001999,P00284,V001389,2025-02-10,Other,59075.55,Php,Partial,"Debit Card",29537.78
B002000,P00880,V001523,2025-12-26,Laboratory,24310.25,Php,Paid,"Debit Card",24310.25
B002001,P00991,V000798,2024-06-20,Other,64283.25,Php,Paid,Cash,64283.25
B002002,P00857,V001731,2024-09-26,Surgery,125303.73,Php,Paid,"Bank Transfer",125303.73
B002003,P00801,V001144,2025-12-06,Room,120169.00,Php,Partial,Insurance,60084.50
B002004,P00103,V000668,2024-05-23,Emergency,78412.04,Php,Pending,Cash,0.00
B002005,P00662,V002615,2023-08-29,Other,143194.99,Php,Paid,GCash,143194.99
B002006,P00380,V002787,2024-03-07,Consultation,89580.34,Php,Paid,"Debit Card",89580.34
B002007,P00766,V001932,2023-07-14,Laboratory,138710.85,Php,Partial,Insurance,69355.43
B002008,P00992,V002425,2025-10-09,Laboratory,17762.18,Php,Paid,GCash,17762.18
B002009,P00911,V002021,2024-02-01,Laboratory,141050.95,Php,Partial,GCash,105788.21
B002010,P00227,V000339,2025-07-04,Emergency,110380.08,Php,Paid,Cash,110380.08
B002011,P00861,V001386,2024-06-10,Emergency,103033.28,Php,Pending,"Debit Card",0.00
B002012,P00233,V000113,2025-09-04,Medication,77564.93,Php,Partial,"Debit Card",58173.70
B002013,P00196,V001557,2025-10-13,Surgery,55219.32,Php,Paid,Cash,55219.32
B002014,P00235,V000034,2023-06-09,Room,1315.71,Php,Partial,GCash,657.86
B002015,P00848,V001375,2025-03-19,Surgery,103466.49,Php,Pending,GCash,0.00
B002016,P00419,V001174,2023-02-27,Surgery,81587.97,Php,Pending,"Debit Card",0.00
B002017,P01002,V002973,2024-06-24,Medication,69803.63,Php,Pending,"Credit Card",0.00
B002018,P00481,V002988,2025-10-12,Emergency,111419.20,Php,Pending,Cash,0.00
B002019,P00635,V000838,2025-07-04,Medication,134049.42,Php,Partial,Cash,67024.71
B002020,P00649,V001921,2024-03-08,Room,12596.11,Php,Paid,GCash,12596.11
B002021,P00874,V001760,2023-03-13,Surgery,100328.35,Php,Partial,Cash,50164.18
B002022,P00595,V000508,2023-03-17,Other,37471.05,Php,Partial,"Credit Card",28103.29
B002023,P00118,V001582,2024-01-21,Medication,4719.63,Php,Partial,Cash,2359.82
B002024,P00842,V000833,2024-11-11,Emergency,13974.72,Php,Paid,"Bank Transfer",13974.72
B002025,P00773,V002279,2023-02-06,Laboratory,2930.80,Php,Paid,"Debit Card",2930.80
B002026,P00395,V001232,2023-02-01,Medication,1747.05,Php,Partial,Cash,873.52
B002027,P00150,V001191,2024-04-28,Emergency,84656.30,Php,Pending,Cash,0.00
B002028,P00786,V001684,2025-03-29,Medication,65761.66,Php,Partial,"Bank Transfer",49321.25
B002029,P00670,V000070,2023-12-07,Other,145951.08,Php,Partial,GCash,72975.54
B002030,P00377,V001901,2024-02-22,Medication,67507.69,Php,Paid,Insurance,67507.69
B002031,P00641,V000445,2025-01-17,Emergency,90653.59,Php,Paid,"Bank Transfer",90653.59
B002032,P00091,V002344,2024-05-07,Laboratory,57292.73,Php,Partial,Insurance,28646.37
B002033,P00416,V000360,2023-01-03,Surgery,35999.10,Php,Partial,"Bank Transfer",17999.55
B002034,P00891,V000552,2023-07-25,Medication,141013.11,Php,Pending,Cash,0.00
B002035,P00350,V001255,2023-07-28,Surgery,8946.26,Php,Partial,"Bank Transfer",4473.13
B002036,P00145,V002756,2025-08-03,Laboratory,39113.21,Php,Paid,GCash,39113.21
B002037,P00970,V000274,2023-07-19,Other,83714.08,Php,Paid,Insurance,83714.08
B002038,P00006,V001137,2023-05-31,Consultation,21464.27,Php,Partial,Cash,10732.14
B002039,P00100,V002943,2023-05-30,Other,42890.02,Php,Partial,"Credit Card",32167.51
B002040,P00726,V000325,2023-07-08,Consultation,128893.98,Php,Partial,Cash,64446.99
B002041,P00748,V000250,2023-11-09,Medication,115914.66,Php,Paid,"Bank Transfer",115914.66
B002042,P00021,V002776,2025-05-22,Emergency,29299.36,Php,Partial,GCash,14649.68
B002043,P00195,V001102,2025-08-04,Medication,130951.12,Php,Pending,Cash,0.00
B002044,P00090,V000350,2024-05-13,Consultation,133740.90,Php,Partial,Cash,100305.67
B002045,P00199,V002501,2025-02-17,Consultation,111353.99,Php,Paid,Cash,111353.99
B002046,P00644,V000984,2024-06-22,Consultation,68198.80,Php,Paid,Cash,68198.80
B002047,P00729,V002853,2023-07-13,Emergency,41479.93,Php,Pending,Cash,0.00
B002048,P00946,V000281,2023-04-14,Medication,77043.99,Php,Partial,Cash,38522.00
B002049,P00769,V001850,2023-09-23,Emergency,142588.77,Php,Partial,"Credit Card",106941.58
B002050,P00235,V002780,2025-06-02,Consultation,125105.33,Php,Paid,Cash,125105.33
B002051,P00802,V002225,2024-07-27,Laboratory,114227.27,Php,Paid,GCash,114227.27
B002052,P00304,V001277,2023-02-27,Other,10873.99,Php,Partial,Insurance,5436.99
B002053,P00871,V002315,2024-07-03,Medication,33302.09,Php,Paid,GCash,33302.09
B002054,P00793,V002429,2023-03-19,Room,141011.10,Php,Pending,Cash,0.00
B002055,P01001,V002755,2025-02-07,Medication,149007.28,Php,Partial,"Bank Transfer",74503.64
B002056,P00094,V002663,2024-02-27,Laboratory,36009.17,Php,Partial,Cash,18004.58
B002057,P00446,V002968,2024-07-21,Room,20991.35,Php,Paid,Cash,20991.35
B002058,P00144,V000123,2024-06-30,Surgery,54774.19,Php,Partial,Insurance,41080.64
B002059,P00225,V000016,2024-09-14,Surgery,24367.48,Php,Paid,GCash,24367.48
B002060,P00534,V000936,2023-01-19,Surgery,75944.95,Php,Paid,Insurance,75944.95
B002061,P00682,V002117,2023-12-31,Other,64803.74,Php,Pending,Cash,0.00
B002062,P00661,V001850,2024-11-29,Other,90687.48,Php,Paid,GCash,90687.48
B002063,P00914,V001757,2023-10-23,Medication,38154.74,Php,Partial,GCash,19077.37
B002064,P00979,V001438,2023-05-27,Medication,8922.55,Php,Pending,GCash,0.00
B002065,P00840,V002450,2023-08-25,Room,74628.01,Php,Partial,"Credit Card",55971.01
B002066,P00341,V001797,2024-12-08,Consultation,94758.31,Php,Partial,Cash,47379.15
B002067,P00272,V000504,2024-02-03,Laboratory,17504.01,Php,Pending,GCash,0.00
B002068,P00932,V002106,2024-01-20,Emergency,70521.29,Php,Partial,Cash,52890.97
B002069,P00354,V001846,2023-12-08,Medication,7651.82,Php,Paid,"Bank Transfer",7651.82
B002070,P00488,V000265,2024-12-03,Consultation,102054.12,Php,Paid,"Bank Transfer",102054.12
B002071,P00566,V001831,2024-12-20,Surgery,68343.35,Php,Partial,GCash,51257.51
B002072,P00682,V000194,2025-08-14,Medication,92934.53,Php,Pending,"Credit Card",0.00
B002073,P00433,V000016,2025-05-09,Other,127266.16,Php,Partial,Cash,63633.08
B002074,P00383,V002925,2023-08-13,Emergency,101264.01,Php,Partial,"Debit Card",75948.01
B002075,P00028,V001078,2023-01-26,Room,76105.73,Php,Paid,Cash,76105.73
B002076,P00306,V002426,2025-04-30,Other,58243.61,Php,Paid,Cash,58243.61
B002077,P00581,V000526,2024-01-12,Room,49064.34,Php,Partial,Cash,24532.17
B002078,P00920,V000699,2024-11-10,Medication,21445.78,Php,Partial,GCash,16084.33
B002079,P00029,V000946,2024-06-30,Other,36156.10,Php,Partial,"Credit Card",18078.05
B002080,P00035,V002246,2023-04-28,Room,125985.71,Php,Partial,Cash,62992.86
B002081,P00807,V002446,2023-05-25,Medication,50586.05,Php,Partial,GCash,25293.03
B002082,P00838,V001863,2024-03-09,Surgery,17916.37,Php,Paid,GCash,17916.37
B002083,P00761,V000989,2024-04-29,Consultation,5476.47,Php,Paid,Cash,5476.47
B002084,P00065,V001133,2025-09-23,Surgery,2860.57,Php,Paid,GCash,2860.57
B002085,P00438,V002182,2024-05-09,Emergency,13211.00,Php,Pending,Cash,0.00
B002086,P00961,V002441,2023-01-25,Consultation,98837.61,Php,Paid,Insurance,98837.61
B002087,P00481,V002331,2025-02-05,Emergency,33701.67,Php,Pending,Insurance,0.00
B002088,P00221,V000387,2024-03-16,Laboratory,91435.44,Php,Paid,Cash,91435.44
B002089,P00175,V001157,2023-01-26,Laboratory,110886.13,Php,Paid,"Debit Card",110886.13
B002090,P00809,V000939,2023-09-20,Other,140138.02,Php,Paid,"Credit Card",140138.02
B002091,P00638,V000926,2024-08-24,Consultation,84849.53,Php,Pending,Cash,0.00
B002092,P00449,V000889,2024-06-19,Laboratory,65427.57,Php,Paid,Cash,65427.57
B002093,P00187,V001940,2025-04-30,Other,9634.18,Php,Pending,"Credit Card",0.00
B002094,P00263,V002154,2025-07-13,Medication,103225.09,Php,Pending,Cash,0.00
B002095,P00480,V001362,2023-08-04,Medication,4021.52,Php,Paid,Insurance,4021.52
B002096,P00215,V002277,2024-07-15,Laboratory,60164.32,Php,Paid,Cash,60164.32
B002097,P00840,V002284,2025-03-31,Room,121459.36,Php,Partial,Cash,91094.52
B002098,P00938,V000637,2024-11-15,Room,69460.61,Php,Paid,Cash,69460.61
B002099,P00071,V002581,2025-11-02,Medication,131858.37,Php,Paid,Insurance,131858.37
B002100,P00495,V002968,2024-08-15,Consultation,142355.12,Php,Partial,GCash,106766.34
B002101,P00726,V000015,2024-04-04,Consultation,10973.08,Php,Paid,Cash,10973.08
B002102,P00088,V001821,2025-09-03,Laboratory,32045.17,Php,Partial,"Bank Transfer",24033.88
B002103,P00580,V002471,2023-12-31,Emergency,36571.84,Php,Partial,"Credit Card",18285.92
B002104,P00169,V001404,2024-09-01,Surgery,60462.13,Php,Partial,"Debit Card",30231.06
B002105,P00116,V002927,2023-05-19,Other,78194.30,Php,Pending,Cash,0.00
B002106,P00222,V001934,2024-01-28,Laboratory,54031.40,Php,Partial,GCash,40523.55
B002107,P00070,V002784,2025-12-15,Emergency,62240.23,Php,Partial,GCash,46680.17
B002108,P00214,V002415,2024-09-21,Consultation,76995.30,Php,Paid,GCash,76995.30
B002109,P00428,V001141,2023-08-07,Room,38927.81,Php,Paid,"Bank Transfer",38927.81
B002110,P00874,V001952,2024-08-03,Other,149397.19,Php,Paid,Cash,149397.19
B002111,P00313,V002047,2023-08-16,Other,45247.73,Php,Paid,"Bank Transfer",45247.73
B002112,P00930,V000891,2025-03-28,Room,111103.34,Php,Paid,Cash,111103.34
B002113,P00172,V001827,2023-05-28,Emergency,40795.71,Php,Paid,"Bank Transfer",40795.71
B002114,P00101,V000426,2025-12-10,Laboratory,99582.26,Php,Paid,GCash,99582.26
B002115,P00246,V001124,2023-09-06,Consultation,38444.30,Php,Pending,"Bank Transfer",0.00
B002116,P00159,V002370,2023-01-06,Surgery,13793.52,Php,Paid,"Bank Transfer",13793.52
B002117,P00489,V002825,2023-09-06,Consultation,119536.76,Php,Pending,"Bank Transfer",0.00
B002118,P00481,V001035,2024-06-02,Emergency,68316.34,Php,Paid,"Debit Card",68316.34
B002119,P00318,V000144,2025-04-28,Laboratory,119311.79,Php,Pending,GCash,0.00
B002120,P00390,V001039,2025-06-23,Surgery,101239.42,Php,Partial,"Bank Transfer",50619.71
B002121,P00657,V002610,2025-06-10,Emergency,61891.20,Php,Paid,Cash,61891.20
B002122,P00068,V000994,2023-01-01,Consultation,101028.27,Php,Partial,Cash,50514.14
B002123,P00061,V002913,2025-01-02,Emergency,72153.08,Php,Pending,Cash,0.00
B002124,P00968,V001632,2024-12-08,Room,46033.98,Php,Pending,Insurance,0.00
B002125,P00555,V002321,2025-09-28,Medication,49211.71,Php,Paid,Cash,49211.71
B002126,P00229,V000429,2024-07-01,Medication,13982.75,Php,Partial,GCash,10487.06
B002127,P00417,V000740,2025-10-14,Medication,115634.80,Php,Paid,GCash,115634.80
B002128,P00913,V000762,2023-09-30,Room,87932.11,Php,Partial,Cash,65949.08
B002129,P00757,V001231,2023-05-22,Laboratory,147888.16,Php,Paid,Cash,147888.16
B002130,P00685,V001494,2024-01-21,Room,17701.29,Php,Paid,Cash,17701.29
B002131,P00812,V000474,2025-05-26,Other,146775.28,Php,Paid,"Bank Transfer",146775.28
B002132,P00035,V002905,2024-05-19,Laboratory,38005.77,Php,Paid,"Bank Transfer",38005.77
B002133,P00729,V002919,2024-01-01,Consultation,30151.35,Php,Paid,Cash,30151.35
B002134,P00264,V002217,2025-11-27,Other,77233.35,Php,Partial,"Bank Transfer",38616.68
B002135,P00686,V001748,2025-03-27,Medication,44389.76,Php,Pending,Insurance,0.00
B002136,P00863,V001192,2023-05-31,Other,57121.33,Php,Paid,"Credit Card",57121.33
B002137,P00391,V000737,2024-11-06,Consultation,50114.78,Php,Pending,Cash,0.00
B002138,P00436,V001515,2024-01-28,Emergency,22292.68,Php,Pending,GCash,0.00
B002139,P00755,V001263,2025-06-30,Consultation,148940.83,Php,Paid,Cash,148940.83
B002140,P00440,V002334,2024-06-03,Laboratory,121560.91,Php,Paid,Cash,121560.91
B002141,P00589,V002307,2024-07-25,Consultation,94135.19,Php,Pending,GCash,0.00
B002142,P00129,V000987,2024-06-17,Laboratory,65941.47,Php,Paid,Cash,65941.47
B002143,P00413,V000932,2023-07-15,Medication,91824.30,Php,Partial,GCash,68868.23
B002144,P00115,V000613,2023-06-03,Laboratory,58488.86,Php,Pending,GCash,0.00
B002145,P00193,V000620,2024-12-25,Surgery,90994.46,Php,Partial,"Credit Card",68245.85
B002146,P00402,V002237,2024-06-14,Medication,139585.72,Php,Paid,"Debit Card",139585.72
B002147,P00786,V001659,2025-11-15,Room,114391.00,Php,Paid,Cash,114391.00
B002148,P00566,V001329,2025-06-25,Emergency,128683.69,Php,Paid,Cash,128683.69
B002149,P00655,V000868,2025-08-08,Surgery,17124.29,Php,Partial,GCash,8562.15
B002150,P00573,V001216,2024-06-10,Room,35963.93,Php,Paid,Cash,35963.93
B002151,P00052,V002368,2023-07-07,Other,31888.41,Php,Paid,"Debit Card",31888.41
B002152,P00345,V001675,2023-06-06,Other,59263.02,Php,Paid,Cash,59263.02
B002153,P00717,V002092,2025-02-05,Emergency,66308.11,Php,Partial,Cash,49731.08
B002154,P00944,V000145,2025-12-24,Emergency,21657.22,Php,Paid,"Bank Transfer",21657.22
B002155,P00156,V001896,2025-05-15,Emergency,119271.11,Php,Pending,Cash,0.00
B002156,P00897,V000981,2024-09-20,Emergency,99439.96,Php,Paid,Cash,99439.96
B002157,P00765,V001062,2025-03-18,Surgery,107229.49,Php,Paid,Cash,107229.49
B002158,P00455,V002803,2024-01-28,Other,70454.02,Php,Paid,GCash,70454.02
B002159,P00768,V000733,2024-12-10,Surgery,103078.59,Php,Partial,Insurance,77308.94
B002160,P00699,V001571,2023-03-10,Medication,43004.20,Php,Partial,GCash,32253.15
B002161,P00595,V001896,2025-10-04,Consultation,74602.25,Php,Pending,Cash,0.00
B002162,P00613,V002749,2025-06-04,Surgery,45534.77,Php,Paid,"Credit Card",45534.77
B002163,P00941,V002452,2023-06-23,Medication,18408.62,Php,Partial,"Bank Transfer",9204.31
B002164,P00546,V000275,2025-06-21,Surgery,97567.95,Php,Pending,Cash,0.00
B002165,P00923,V001980,2025-09-06,Other,125008.62,Php,Paid,"Debit Card",125008.62
B002166,P00249,V001790,2025-03-31,Room,89200.91,Php,Partial,GCash,44600.46
B002167,P00812,V002138,2023-09-22,Medication,148580.04,Php,Paid,"Debit Card",148580.04
B002168,P00459,V000845,2023-10-23,Emergency,72891.23,Php,Pending,Cash,0.00
B002169,P00527,V001844,2024-05-06,Medication,15485.69,Php,Paid,GCash,15485.69
B002170,P00322,V000294,2023-09-30,Emergency,96349.89,Php,Paid,GCash,96349.89
B002171,P00912,V002933,2025-07-24,Laboratory,37814.47,Php,Partial,"Credit Card",28360.85
B002172,P00997,V000993,2023-04-26,Other,97776.61,Php,Partial,Cash,73332.46
B002173,P00412,V001968,2025-04-30,Medication,111462.01,Php,Paid,GCash,111462.01
B002174,P00924,V001619,2025-05-10,Medication,31893.88,Php,Partial,"Debit Card",15946.94
B002175,P00339,V002505,2023-04-20,Surgery,28928.01,Php,Partial,Cash,21696.01
B002176,P00161,V000078,2025-05-22,Medication,72859.87,Php,Partial,GCash,36429.93
B002177,P00562,V000235,2023-07-01,Consultation,20432.82,Php,Partial,Cash,10216.41
B002178,P00955,V000162,2024-09-21,Room,41439.35,Php,Partial,"Bank Transfer",31079.51
B002179,P00324,V002425,2024-01-22,Surgery,58816.38,Php,Paid,GCash,58816.38
B002180,P00357,V000180,2024-01-30,Laboratory,81537.50,Php,Paid,Cash,81537.50
B002181,P00409,V000029,2025-02-19,Surgery,55188.85,Php,Paid,GCash,55188.85
B002182,P00755,V000121,2024-09-25,Emergency,132402.48,Php,Paid,"Bank Transfer",132402.48
B002183,P00274,V000227,2024-07-15,Consultation,134164.80,Php,Partial,GCash,67082.40
B002184,P00279,V000684,2025-08-28,Medication,99239.58,Php,Paid,"Credit Card",99239.58
B002185,P00408,V001358,2025-10-10,Surgery,131807.58,Php,Paid,"Credit Card",131807.58
B002186,P00840,V001778,2023-06-19,Room,58320.95,Php,Partial,Insurance,29160.47
B002187,P00902,V001388,2024-06-08,Room,49157.02,Php,Paid,"Bank Transfer",49157.02
B002188,P00388,V000349,2025-01-12,Medication,22731.49,Php,Paid,"Debit Card",22731.49
B002189,P00260,V000717,2024-01-07,Emergency,94960.85,Php,Paid,Cash,94960.85
B002190,P00948,V002907,2023-10-12,Room,14257.03,Php,Pending,Insurance,0.00
B002191,P00003,V001357,2024-10-16,Other,118044.11,Php,Paid,GCash,118044.11
B002192,P00307,V000741,2025-09-26,Other,61347.69,Php,Partial,"Debit Card",30673.85
B002193,P00499,V002905,2025-11-11,Room,36006.98,Php,Paid,"Credit Card",36006.98
B002194,P00994,V001644,2023-11-11,Medication,129058.85,Php,Paid,Cash,129058.85
B002195,P00181,V000839,2025-06-06,Consultation,116730.08,Php,Paid,"Bank Transfer",116730.08
B002196,P00087,V000557,2023-12-17,Emergency,63287.10,Php,Paid,"Bank Transfer",63287.10
B002197,P00489,V000411,2023-05-25,Other,96320.17,Php,Pending,Cash,0.00
B002198,P00800,V002762,2023-01-27,Other,29408.52,Php,Paid,Cash,29408.52
B002199,P00483,V000617,2025-04-04,Laboratory,49651.53,Php,Paid,"Debit Card",49651.53
B002200,P00780,V000387,2025-08-31,Laboratory,97313.69,Php,Paid,GCash,97313.69
B002201,P00284,V000631,2024-12-20,Surgery,106764.44,Php,Partial,Cash,80073.33
B002202,P00113,V001049,2024-12-29,Surgery,34122.62,Php,Paid,GCash,34122.62
B002203,P00549,V002046,2024-09-11,Consultation,148534.64,Php,Partial,"Credit Card",111400.98
B002204,P00307,V000395,2023-09-24,Surgery,25567.73,Php,Paid,Insurance,25567.73
B002205,P00150,V000101,2025-10-29,Room,50251.29,Php,Partial,"Debit Card",37688.47
B002206,P00815,V001322,2024-07-08,Laboratory,40170.26,Php,Paid,Cash,40170.26
B002207,P00521,V000789,2025-09-28,Surgery,75718.17,Php,Partial,"Bank Transfer",37859.08
B002208,P00671,V000769,2025-11-21,Laboratory,146106.06,Php,Partial,GCash,73053.03
B002209,P00554,V002989,2025-11-02,Laboratory,79657.85,Php,Pending,Insurance,0.00
B002210,P00254,V001000,2024-04-17,Emergency,52214.56,Php,Paid,GCash,52214.56
B002211,P00416,V000928,2025-06-22,Medication,79417.29,Php,Pending,"Bank Transfer",0.00
B002212,P00970,V001624,2025-10-28,Laboratory,75146.05,Php,Paid,Cash,75146.05
B002213,P00687,V002790,2024-08-21,Laboratory,61582.50,Php,Paid,Cash,61582.50
B002214,P00934,V002697,2023-03-26,Room,147758.67,Php,Paid,Cash,147758.67
B002215,P00548,V000851,2023-03-12,Other,39534.71,Php,Paid,Cash,39534.71
B002216,P00970,V001454,2023-03-04,Medication,117503.96,Php,Partial,Cash,58751.98
B002217,P00122,V000606,2023-04-16,Consultation,93341.33,Php,Paid,GCash,93341.33
B002218,P00087,V001021,2023-10-23,Surgery,65499.82,Php,Paid,"Debit Card",65499.82
B002219,P00153,V000797,2025-02-11,Surgery,95344.01,Php,Paid,"Debit Card",95344.01
B002220,P00228,V002218,2025-05-10,Room,66344.12,Php,Paid,Cash,66344.12
B002221,P00740,V000971,2025-11-05,Other,74077.20,Php,Paid,"Credit Card",74077.20
B002222,P00915,V002842,2024-11-30,Other,133897.68,Php,Paid,GCash,133897.68
B002223,P00861,V002769,2025-05-10,Other,88329.94,Php,Paid,"Bank Transfer",88329.94
B002224,P00630,V002725,2023-11-13,Other,77642.91,Php,Partial,"Credit Card",58232.18
B002225,P00387,V000492,2024-12-04,Room,112633.53,Php,Paid,"Bank Transfer",112633.53
B002226,P00760,V000043,2023-07-22,Surgery,117945.78,Php,Pending,GCash,0.00
B002227,P00261,V000147,2025-12-27,Emergency,12692.89,Php,Paid,GCash,12692.89
B002228,P00037,V002003,2024-02-24,Other,10009.67,Php,Paid,GCash,10009.67
B002229,P00776,V002684,2025-09-10,Other,37496.94,Php,Pending,"Bank Transfer",0.00
B002230,P00251,V002875,2025-03-19,Laboratory,10893.10,Php,Partial,"Debit Card",8169.83
B002231,P00124,V001024,2024-08-31,Other,42510.30,Php,Paid,Cash,42510.30
B002232,P00325,V000257,2024-05-19,Room,14979.76,Php,Paid,"Credit Card",14979.76
B002233,P00784,V000332,2024-04-29,Laboratory,3495.07,Php,Paid,GCash,3495.07
B002234,P00073,V002138,2024-08-04,Room,109055.97,Php,Partial,"Debit Card",81791.98
B002235,P00151,V002453,2023-03-09,Room,58584.90,Php,Pending,"Bank Transfer",0.00
B002236,P00947,V001972,2024-07-07,Laboratory,72935.57,Php,Partial,GCash,36467.79
B002237,P00952,V002342,2024-09-15,Room,15731.87,Php,Paid,GCash,15731.87
B002238,P00820,V001654,2024-07-02,Room,74059.15,Php,Paid,Cash,74059.15
B002239,P00084,V001980,2023-08-22,Emergency,22171.51,Php,Partial,Insurance,11085.75
B002240,P00943,V002285,2023-06-13,Consultation,49467.65,Php,Partial,"Bank Transfer",24733.83
B002241,P00394,V002657,2023-12-04,Room,57648.79,Php,Pending,GCash,0.00
B002242,P00462,V002611,2023-05-13,Laboratory,119406.79,Php,Paid,Insurance,119406.79
B002243,P00219,V002575,2025-10-05,Surgery,67377.26,Php,Partial,"Credit Card",50532.94
B002244,P00979,V001553,2023-06-25,Medication,119661.52,Php,Paid,"Debit Card",119661.52
B002245,P00973,V002484,2024-06-23,Medication,10271.59,Php,Partial,GCash,7703.69
B002246,P00816,V001458,2025-06-06,Medication,116622.01,Php,Partial,Cash,58311.00
B002247,P00205,V000438,2024-09-26,Laboratory,83301.21,Php,Paid,GCash,83301.21
B002248,P00110,V001763,2023-07-11,Room,28371.50,Php,Pending,Cash,21278.62
B002249,P00885,V002998,2023-03-03,Laboratory,64064.75,Php,Paid,Cash,64064.75
B002250,P00162,V001459,2025-04-08,Laboratory,119586.08,Php,Pending,"Debit Card",0.00
B002251,P00788,V001254,2023-03-17,Room,67638.43,Php,Paid,"Credit Card",67638.43
B002252,P00431,V001071,2023-03-20,Room,115642.17,Php,Partial,Insurance,57821.08
B002253,P00448,V002440,2024-12-15,Emergency,41625.35,Php,Paid,Insurance,41625.35
B002254,P00572,V002043,2023-05-09,Consultation,132698.13,Php,Paid,Cash,132698.13
B002255,P00965,V002960,2025-09-16,Laboratory,58977.07,Php,Partial,"Debit Card",29488.53
B002256,P00160,V000937,2024-12-16,Other,17440.31,Php,Partial,GCash,8720.16
B002257,P00250,V000562,2024-08-11,Laboratory,1755.75,Php,Partial,GCash,877.88
B002258,P00759,V000720,2025-02-22,Other,82297.26,Php,Pending,Insurance,0.00
B002259,P00433,V000199,2023-11-30,Consultation,10221.26,Php,Partial,GCash,5110.63
B002260,P00652,V002776,2023-06-10,Other,109924.69,Php,Paid,"Bank Transfer",109924.69
B002261,P00709,V002259,2023-09-01,Emergency,57254.19,Php,Paid,"Debit Card",57254.19
B002262,P00300,V000315,2024-01-08,Surgery,110223.69,Php,Partial,Cash,82667.77
B002263,P00567,V000666,2025-09-05,Other,64243.50,Php,Paid,"Bank Transfer",64243.50
B002264,P00620,V001414,2023-04-13,Medication,90763.89,Php,Partial,GCash,45381.94
B002265,P00431,V000309,2024-10-17,Surgery,23022.56,Php,Paid,Cash,23022.56
B002266,P00658,V001746,2023-07-16,Medication,103607.88,Php,Paid,Cash,103607.88
B002267,P00053,V000690,2023-03-26,Medication,29190.55,Php,Partial,GCash,21892.91
B002268,P00136,V000863,2024-02-28,Laboratory,71922.02,Php,Pending,Cash,0.00
B002269,P00986,V002520,2024-06-05,Medication,74024.68,Php,Paid,Cash,74024.68
B002270,P00861,V000940,2023-02-23,Emergency,81553.62,Php,Partial,Insurance,40776.81
B002271,P00812,V000474,2024-03-17,Medication,130220.47,Php,Partial,"Credit Card",97665.35
B002272,P00872,V001322,2024-01-05,Other,27364.40,Php,Partial,Cash,20523.30
B002273,P00274,V002965,2025-09-30,Consultation,74078.78,Php,Pending,"Credit Card",0.00
B002274,P00439,V000514,2023-02-08,Emergency,94029.62,Php,Pending,GCash,70522.21
B002275,P00751,V002232,2025-12-15,Surgery,63923.88,Php,Paid,"Credit Card",63923.88
B002276,P00616,V000248,2024-07-02,Medication,105803.92,Php,Paid,"Debit Card",105803.92
B002277,P00376,V001915,2025-02-14,Emergency,143917.10,Php,Partial,"Credit Card",107937.83
B002278,P00381,V001078,2025-11-09,Laboratory,102274.71,Php,Partial,GCash,76706.03
B002279,P00372,V001568,2025-01-21,Medication,7169.87,Php,Paid,Cash,7169.87
B002280,P00534,V002101,2023-12-20,Emergency,32035.44,Php,Paid,Cash,32035.44
B002281,P00613,V002696,2023-09-09,Room,34661.66,Php,Partial,GCash,25996.25
B002282,P00906,V002826,2025-03-14,Other,90747.30,Php,Partial,Cash,68060.48
B002283,P00463,V001883,2024-09-17,Room,34605.77,Php,Paid,"Credit Card",34605.77
B002284,P00202,V000912,2025-01-15,Emergency,27590.49,Php,Paid,"Debit Card",27590.49
B002285,P00090,V000261,2025-06-20,Medication,21464.57,Php,Paid,Cash,21464.57
B002286,P00432,V001369,2023-05-18,Room,25407.06,Php,Paid,"Credit Card",25407.06
B002287,P00620,V000033,2024-06-01,Room,132242.71,Php,Paid,"Debit Card",132242.71
B002288,P00111,V002962,2023-10-24,Laboratory,6639.21,Php,Paid,GCash,6639.21
B002289,P00352,V002299,2023-08-15,Consultation,23829.03,Php,Paid,Cash,23829.03
B002290,P00206,V001562,2024-04-30,Other,34613.69,Php,Paid,Cash,34613.69
B002291,P00716,V002207,2023-10-06,Other,99776.89,Php,Partial,"Debit Card",49888.44
B002292,P00025,V002968,2025-06-02,Room,44045.01,Php,Paid,"Credit Card",44045.01
B002293,P00326,V002678,2025-07-15,Emergency,49861.73,Php,Paid,"Bank Transfer",49861.73
B002294,P00605,V000179,2025-02-24,Emergency,115943.86,Php,Paid,"Debit Card",115943.86
B002295,P00200,V001519,2024-11-12,Consultation,134157.89,Php,Partial,"Bank Transfer",67078.95
B002296,P00900,V001613,2023-03-01,Consultation,69686.40,Php,Pending,GCash,0.00
B002297,P00326,V001578,2025-04-13,Room,97777.25,Php,Paid,GCash,97777.25
B002298,P00506,V002203,2024-07-24,Laboratory,21654.25,Php,Paid,"Debit Card",21654.25
B002299,P00384,V001204,2023-02-17,Surgery,107704.59,Php,Paid,GCash,107704.59
B002300,P00277,V000866,2025-01-01,Consultation,104411.49,Php,Pending,"Bank Transfer",0.00
B002301,P00034,V000856,2023-12-14,Medication,60768.60,Php,Partial,GCash,45576.45
B002302,P00845,V000291,2024-10-04,Laboratory,76772.08,Php,Paid,"Bank Transfer",76772.08
B002303,P00563,V001051,2024-03-17,Consultation,144677.76,Php,Paid,"Bank Transfer",144677.76
B002304,P00913,V000395,2025-04-21,Emergency,94507.67,Php,Partial,Insurance,47253.83
B002305,P00617,V000816,2025-07-09,Room,90014.46,Php,Paid,"Bank Transfer",90014.46
B002306,P00233,V000346,2023-01-11,Emergency,17440.97,Php,Partial,Cash,13080.73
B002307,P00937,V001801,2023-07-11,Other,118150.36,Php,Paid,Cash,118150.36
B002308,P00352,V002402,2025-10-21,Laboratory,9831.10,Php,Paid,"Bank Transfer",9831.10
B002309,P00744,V002439,2024-05-04,Laboratory,47586.73,Php,Pending,"Credit Card",0.00
B002310,P00261,V000362,2024-12-01,Emergency,144140.87,Php,Paid,"Debit Card",144140.87
B002311,P00222,V000104,2024-11-04,Other,81364.15,Php,Paid,Cash,81364.15
B002312,P00768,V002592,2025-01-17,Emergency,142624.56,Php,Partial,"Bank Transfer",106968.42
B002313,P00356,V001390,2024-01-26,Surgery,27735.72,Php,Partial,Insurance,13867.86
B002314,P00575,V001289,2024-02-24,Other,70881.37,Php,Paid,"Debit Card",70881.37
B002315,P00343,V002658,2025-01-18,Medication,95311.94,Php,Partial,Cash,71483.96
B002316,P00091,V000192,2025-06-05,Other,126806.53,Php,Paid,GCash,126806.53
B002317,P00270,V001718,2025-03-29,Medication,51534.17,Php,Paid,GCash,51534.17
B002318,P00132,V002800,2025-03-22,Surgery,33553.05,Php,Paid,GCash,33553.05
B002319,P00827,V002574,2025-09-15,Laboratory,18446.81,Php,Paid,"Debit Card",18446.81
B002320,P00300,V000128,2024-02-17,Medication,1836.51,Php,Paid,Cash,1836.51
B002321,P00974,V001818,2024-12-03,Emergency,118815.66,Php,Pending,"Credit Card",0.00
B002322,P00593,V002293,2023-09-19,Other,72724.10,Php,Paid,GCash,72724.10
B002323,P00818,V002106,2025-06-05,Other,13697.42,Php,Paid,GCash,13697.42
B002324,P00466,V002478,2023-10-20,Emergency,116845.05,Php,Paid,Cash,116845.05
B002325,P00017,V002553,2025-10-03,Laboratory,86117.04,Php,Paid,"Credit Card",86117.04
B002326,P00801,V002474,2023-06-22,Emergency,101274.40,Php,Paid,"Credit Card",101274.40
B002327,P00639,V001816,2024-08-04,Emergency,122625.22,Php,Partial,"Bank Transfer",61312.61
B002328,P00223,V002224,2023-07-07,Consultation,138587.81,Php,Partial,"Debit Card",69293.90
B002329,P00792,V002467,2025-05-12,Surgery,52517.04,Php,Paid,Cash,52517.04
B002330,P00982,V000758,2024-11-22,Room,65015.23,Php,Pending,"Debit Card",0.00
B002331,P00755,V000149,2025-09-14,Medication,22994.31,Php,Partial,"Credit Card",11497.16
B002332,P00735,V002440,2025-06-19,Medication,14194.57,Php,Paid,"Debit Card",14194.57
B002333,P00085,V002767,2023-05-25,Medication,65762.11,Php,Paid,Cash,65762.11
B002334,P00401,V002451,2024-12-21,Laboratory,86050.09,Php,Pending,"Bank Transfer",0.00
B002335,P00950,V001815,2024-10-25,Room,83849.89,Php,Pending,"Credit Card",0.00
B002336,P00775,V001059,2025-11-18,Emergency,96586.18,Php,Pending,"Credit Card",0.00
B002337,P00030,V000510,2025-01-10,Surgery,124557.34,Php,Paid,GCash,124557.34
B002338,P00768,V000115,2024-08-18,Consultation,134409.42,Php,Pending,Insurance,0.00
B002339,P00432,V001598,2024-12-25,Consultation,127842.95,Php,Partial,Cash,95882.21
B002340,P00636,V000803,2023-03-19,Emergency,42694.31,Php,Pending,Insurance,0.00
B002341,P00962,V002148,2024-09-11,Consultation,118948.14,Php,Paid,GCash,118948.14
B002342,P00344,V000900,2025-03-02,Room,124298.41,Php,Partial,"Bank Transfer",62149.21
B002343,P00003,V001832,2025-06-01,Medication,85009.30,Php,Partial,Insurance,42504.65
B002344,P00881,V000999,2024-05-15,Other,44691.84,Php,Paid,Insurance,44691.84
B002345,P00041,V002704,2025-03-12,Laboratory,75630.89,Php,Pending,Cash,0.00
B002346,P00633,V001326,2023-02-28,Emergency,73242.11,Php,Pending,Insurance,0.00
B002347,P00713,V002951,2023-01-19,Surgery,113817.63,Php,Partial,"Bank Transfer",85363.22
B002348,P00375,V002069,2023-01-31,Laboratory,46784.62,Php,Paid,Insurance,46784.62
B002349,P00009,V000688,2025-01-04,Surgery,69985.48,Php,Paid,"Credit Card",69985.48
B002350,P00136,V002090,2025-01-23,Emergency,63202.01,Php,Partial,Insurance,47401.51
B002351,P00249,V001708,2025-11-26,Room,11774.65,Php,Paid,Cash,11774.65
B002352,P00878,V002473,2025-07-26,Medication,23369.70,Php,Partial,"Debit Card",11684.85
B002353,P00699,V000786,2023-08-03,Emergency,128858.60,Php,Partial,Cash,96643.95
B002354,P00912,V001075,2024-10-24,Room,102332.46,Php,Paid,"Debit Card",102332.46
B002355,P00661,V002384,2023-08-28,Room,43270.75,Php,Paid,Cash,43270.75
B002356,P00750,V001378,2025-09-14,Laboratory,60951.59,Php,Paid,Cash,60951.59
B002357,P00550,V002467,2023-08-03,Other,24958.99,Php,Partial,Cash,18719.24
B002358,P00559,V001772,2024-11-15,Surgery,13764.79,Php,Paid,Cash,13764.79
B002359,P00681,V000195,2025-06-01,Surgery,138305.66,Php,Paid,Cash,138305.66
B002360,P00746,V000971,2023-08-13,Room,33942.98,Php,Partial,"Credit Card",16971.49
B002361,P00482,V000546,2024-11-25,Emergency,2124.47,Php,Paid,GCash,2124.47
B002362,P00651,V000657,2025-04-07,Laboratory,1906.74,Php,Paid,Insurance,1906.74
B002363,P00369,V000437,2023-06-28,Medication,146605.76,Php,Paid,GCash,146605.76
B002364,P00232,V002187,2023-10-15,Other,55265.54,Php,Partial,Insurance,41449.15
B002365,P00519,V001389,2025-06-08,Laboratory,82030.45,Php,Paid,Insurance,82030.45
B002366,P00919,V001285,2024-03-16,Laboratory,33533.74,Php,Paid,"Debit Card",33533.74
B002367,P00412,V001360,2024-11-26,Other,91037.45,Php,Partial,Cash,45518.72
B002368,P00566,V002228,2023-04-02,Room,8587.64,Php,Pending,"Debit Card",0.00
B002369,P00888,V000773,2023-06-28,Surgery,1683.61,Php,Pending,"Credit Card",0.00
B002370,P00474,V001200,2023-01-12,Laboratory,130818.80,Php,Paid,Cash,130818.80
B002371,P00981,V002604,2024-08-14,Room,140158.24,Php,Paid,Cash,140158.24
B002372,P00007,V000743,2023-10-21,Other,137656.84,Php,Paid,Cash,137656.84
B002373,P00673,V000442,2023-01-04,Emergency,118977.01,Php,Partial,"Credit Card",59488.50
B002374,P00178,V001308,2024-02-17,Room,4809.13,Php,Paid,"Credit Card",4809.13
B002375,P00501,V000169,2023-05-05,Other,119527.56,Php,Paid,"Debit Card",119527.56
B002376,P00295,V002999,2023-03-15,Medication,101894.84,Php,Pending,"Bank Transfer",0.00
B002377,P00188,V000928,2024-08-30,Laboratory,50544.16,Php,Paid,"Debit Card",50544.16
B002378,P00206,V000089,2025-08-12,Room,124096.53,Php,Partial,Insurance,62048.26
B002379,P00819,V001554,2024-09-26,Consultation,74967.66,Php,Partial,Cash,56225.75
B002380,P00132,V000469,2024-12-27,Medication,97133.85,Php,Paid,Insurance,97133.85
B002381,P00675,V001689,2024-06-04,Other,59108.18,Php,Partial,Cash,29554.09
B002382,P00729,V000459,2024-04-18,Laboratory,57850.60,Php,Pending,"Credit Card",0.00
B002383,P00407,V001854,2023-01-21,Emergency,95330.56,Php,Partial,Cash,47665.28
B002384,P00990,V002339,2023-03-11,Room,73727.61,Php,Partial,"Credit Card",55295.71
B002385,P00971,V001530,2024-02-17,Medication,106885.31,Php,Partial,Cash,80163.98
B002386,P00576,V000499,2024-09-15,Consultation,136578.29,Php,Partial,Cash,68289.15
B002387,P00603,V001753,2023-06-13,Room,53268.75,Php,Paid,"Bank Transfer",53268.75
B002388,P00440,V001172,2024-02-13,Other,8834.29,Php,Partial,Cash,4417.15
B002389,P00213,V002728,2025-08-24,Room,111027.00,Php,Paid,"Credit Card",111027.00
B002390,P00288,V000146,2025-09-02,Other,97695.25,Php,Paid,"Credit Card",97695.25
B002391,P00120,V000411,2023-03-25,Other,69115.40,Php,Partial,"Credit Card",34557.70
B002392,P00358,V002980,2024-03-15,Laboratory,97412.30,Php,Partial,GCash,48706.15
B002393,P00056,V001222,2025-01-15,Emergency,60712.42,Php,Pending,Cash,0.00
B002394,P00070,V001593,2024-11-15,Surgery,41302.01,Php,Pending,"Debit Card",0.00
B002395,P00680,V000837,2024-12-25,Room,8134.01,Php,Pending,"Debit Card",0.00
B002396,P00393,V001578,2023-05-06,Laboratory,114595.77,Php,Pending,GCash,0.00
B002397,P00953,V001945,2023-05-27,Emergency,139435.12,Php,Partial,Cash,69717.56
B002398,P00929,V000322,2025-05-05,Medication,74912.71,Php,Paid,"Bank Transfer",74912.71
B002399,P00942,V001662,2025-07-13,Emergency,130571.47,Php,Paid,"Credit Card",130571.47
B002400,P00313,V001839,2025-02-12,Room,10819.88,Php,Paid,GCash,10819.88
B002401,P00302,V001030,2025-04-28,Other,130443.55,Php,Paid,GCash,130443.55
B002402,P00708,V002426,2025-05-22,Other,98922.63,Php,Partial,Cash,49461.32
B002403,P00658,V000893,2023-06-18,Surgery,10448.23,Php,Pending,"Bank Transfer",0.00
B002404,P00396,V000672,2024-01-09,Laboratory,99030.84,Php,Paid,GCash,99030.84
B002405,P00117,V000059,2023-12-03,Room,68530.53,Php,Partial,Cash,51397.90
B002406,P00801,V001002,2023-12-21,Room,148485.00,Php,Paid,Cash,148485.00
B002407,P00589,V000899,2024-06-05,Other,8610.82,Php,Partial,Cash,6458.11
B002408,P00197,V000851,2024-04-21,Emergency,82426.92,Php,Partial,"Debit Card",61820.19
B002409,P00466,V000673,2025-04-03,Other,41971.61,Php,Pending,GCash,0.00
B002410,P00654,V001371,2024-07-18,Laboratory,136362.42,Php,Paid,GCash,136362.42
B002411,P00623,V001470,2024-01-23,Room,49437.75,Php,Partial,GCash,37078.31
B002412,P00648,V000691,2023-11-23,Laboratory,65916.86,Php,Paid,GCash,65916.86
B002413,P00241,V002059,2023-10-15,Emergency,59996.67,Php,Pending,GCash,0.00
B002414,P00359,V001107,2023-11-03,Laboratory,9119.04,Php,Partial,Cash,4559.52
B002415,P00095,V000072,2023-11-28,Medication,76394.95,Php,Paid,Cash,76394.95
B002416,P00401,V001375,2023-07-20,Surgery,109219.40,Php,Partial,Cash,81914.55
B002417,P00763,V000340,2023-03-18,Consultation,28289.28,Php,Paid,GCash,28289.28
B002418,P00341,V001367,2023-10-17,Other,23059.59,Php,Partial,GCash,17294.69
B002419,P00887,V000135,2025-08-08,Laboratory,146831.66,Php,Pending,Cash,0.00
B002420,P00507,V001075,2024-07-10,Room,147949.51,Php,Partial,"Bank Transfer",110962.13
B002421,P00125,V002349,2024-08-12,Consultation,17662.71,Php,Paid,"Credit Card",17662.71
B002422,P00729,V000972,2023-10-11,Room,21353.65,Php,Paid,GCash,21353.65
B002423,P00748,V000270,2025-12-30,Medication,109429.04,Php,Partial,"Debit Card",54714.52
B002424,P00139,V001226,2024-05-11,Emergency,86829.91,Php,Paid,Cash,86829.91
B002425,P00241,V001212,2025-04-22,Laboratory,141733.05,Php,Paid,Cash,141733.05
B002426,P00434,V001854,2025-10-13,Other,127482.51,Php,Partial,"Bank Transfer",63741.25
B002427,P00293,V000979,2025-10-10,Emergency,131306.27,Php,Partial,Insurance,98479.70
B002428,P00160,V002103,2023-10-06,Consultation,33717.33,Php,Partial,Cash,25288.00
B002429,P00676,V000380,2023-12-19,Medication,76775.40,Php,Paid,Cash,76775.40
B002430,P00566,V002872,2023-06-11,Emergency,99393.30,Php,Pending,GCash,0.00
B002431,P00042,V001242,2023-01-14,Emergency,109672.58,Php,Paid,GCash,109672.58
B002432,P00073,V002143,2024-11-03,Medication,8068.33,Php,Partial,Cash,6051.25
B002433,P00098,V002990,2025-01-14,Surgery,31841.98,Php,Partial,GCash,15920.99
B002434,P00073,V000509,2024-01-25,Laboratory,44788.10,Php,Paid,"Bank Transfer",44788.10
B002435,P00812,V000585,2025-03-29,Surgery,110797.47,Php,Paid,Cash,110797.47
B002436,P00755,V001240,2023-11-04,Room,141072.73,Php,Paid,"Bank Transfer",141072.73
B002437,P00195,V002826,2024-04-05,Surgery,97894.63,Php,Partial,"Credit Card",48947.32
B002438,P00082,V002943,2023-09-06,Other,136596.19,Php,Paid,"Credit Card",136596.19
B002439,P00569,V002192,2025-06-30,Other,147758.72,Php,Pending,"Bank Transfer",0.00
B002440,P00199,V001209,2025-10-06,Medication,116456.72,Php,Paid,GCash,116456.72
B002441,P00429,V001338,2023-08-29,Room,65917.42,Php,Paid,"Debit Card",65917.42
B002442,P00647,V001733,2023-11-07,Surgery,110764.71,Php,Paid,"Bank Transfer",110764.71
B002443,P00537,V001082,2025-02-06,Emergency,24735.10,Php,Paid,"Bank Transfer",24735.10
B002444,P00732,V001117,2023-05-30,Surgery,102954.00,Php,Pending,GCash,0.00
B002445,P00682,V001381,2023-02-07,Room,149848.19,Php,Partial,GCash,112386.14
B002446,P00258,V002506,2024-01-27,Surgery,26935.87,Php,Paid,Cash,26935.87
B002447,P00137,V002289,2025-02-28,Consultation,95603.59,Php,Partial,"Bank Transfer",47801.79
B002448,P00396,V000533,2023-12-09,Room,129046.85,Php,Pending,Insurance,0.00
B002449,P00418,V000932,2025-03-21,Laboratory,59013.44,Php,Pending,"Debit Card",0.00
B002450,P00751,V001142,2023-07-26,Consultation,63869.64,Php,Paid,"Credit Card",63869.64
B002451,P00935,V000032,2025-06-26,Consultation,65078.63,Php,Paid,GCash,65078.63
B002452,P00782,V000546,2025-03-20,Consultation,101951.81,Php,Paid,Insurance,101951.81
B002453,P00485,V000486,2025-11-01,Laboratory,126804.79,Php,Partial,GCash,95103.59
B002454,P00645,V002331,2025-01-02,Laboratory,31329.06,Php,Partial,Cash,23496.80
B002455,P00360,V002437,2023-01-21,Surgery,37921.57,Php,Partial,"Credit Card",18960.78
B002456,P00505,V000113,2024-12-10,Laboratory,120641.02,Php,Pending,GCash,0.00
B002457,P00431,V002120,2024-06-27,Surgery,145781.41,Php,Paid,GCash,145781.41
B002458,P00816,V000806,2025-06-03,Emergency,48917.41,Php,Paid,GCash,48917.41
B002459,P00111,V002874,2024-05-28,Medication,6492.62,Php,Paid,Cash,6492.62
B002460,P00623,V001351,2025-05-23,Laboratory,89659.97,Php,Partial,Insurance,44829.99
B002461,P00161,V001604,2024-11-28,Medication,59765.98,Php,Partial,"Credit Card",29882.99
B002462,P00322,V001205,2024-07-24,Consultation,68887.84,Php,Paid,GCash,68887.84
B002463,P00125,V002190,2023-01-06,Medication,13919.50,Php,Paid,GCash,13919.50
B002464,P00885,V000626,2023-01-02,Medication,60617.03,Php,Paid,Cash,60617.03
B002465,P00163,V000679,2024-10-08,Consultation,110058.33,Php,Paid,"Debit Card",110058.33
B002466,P00226,V001947,2024-10-04,Emergency,9618.47,Php,Partial,Cash,4809.23
B002467,P00170,V001893,2023-05-06,Emergency,23683.25,Php,Paid,Cash,23683.25
B002468,P00904,V001139,2024-04-28,Surgery,108928.23,Php,Paid,"Bank Transfer",108928.23
B002469,P00066,V001460,2024-09-25,Laboratory,135831.45,Php,Pending,GCash,0.00
B002470,P00893,V000846,2024-02-10,Room,11102.04,Php,Paid,Cash,11102.04
B002471,P00476,V002197,2024-02-25,Surgery,16541.63,Php,Partial,GCash,8270.82
B002472,P00458,V001231,2025-09-15,Emergency,25384.57,Php,Partial,Insurance,19038.43
B002473,P00441,V000604,2023-02-03,Medication,105946.71,Php,Paid,"Bank Transfer",105946.71
B002474,P00833,V000366,2025-10-01,Laboratory,61866.68,Php,Partial,"Credit Card",46400.01
B002475,P00716,V002367,2024-06-26,Medication,137180.56,Php,Paid,Cash,137180.56
B002476,P00131,V001848,2025-02-04,Surgery,66601.67,Php,Partial,"Bank Transfer",49951.25
B002477,P00534,V001506,2023-09-05,Medication,60075.96,Php,Pending,Cash,0.00
B002478,P00965,V000119,2023-06-25,Other,32894.21,Php,Paid,"Debit Card",32894.21
B002479,P00308,V000299,2025-07-09,Room,25639.32,Php,Partial,"Debit Card",12819.66
B002480,P00236,V000680,2024-01-31,Emergency,43084.50,Php,Paid,Cash,43084.50
B002481,P00396,V002250,2023-04-25,Other,104977.29,Php,Partial,GCash,78732.97
B002482,P00967,V002897,2023-09-20,Other,124129.31,Php,Partial,"Debit Card",62064.65
B002483,P00019,V001581,2025-12-11,Laboratory,132696.28,Php,Paid,GCash,132696.28
B002484,P00140,V000750,2025-09-13,Surgery,95039.34,Php,Partial,Cash,47519.67
B002485,P00157,V000688,2023-03-22,Room,71250.52,Php,Partial,"Credit Card",53437.89
B002486,P00691,V002375,2024-04-23,Medication,103200.89,Php,Partial,Cash,51600.44
B002487,P00050,V001100,2023-09-14,Room,78297.91,Php,Paid,Insurance,78297.91
B002488,P00894,V001597,2024-10-01,Surgery,81219.14,Php,Paid,GCash,81219.14
B002489,P00707,V000623,2024-08-25,Consultation,147654.31,Php,Paid,Cash,147654.31
B002490,P00435,V001745,2023-05-12,Room,94863.76,Php,Paid,GCash,94863.76
B002491,P00002,V001057,2024-04-25,Medication,121684.84,Php,Paid,Cash,121684.84
B002492,P00323,V000946,2023-12-19,Other,83725.54,Php,Partial,GCash,41862.77
B002493,P00660,V001559,2025-10-19,Other,11159.09,Php,Partial,GCash,5579.55
B002494,P00203,V000455,2024-12-27,Medication,14388.12,Php,Pending,"Bank Transfer",0.00
B002495,P00493,V000207,2024-02-01,Consultation,44737.45,Php,Paid,Insurance,44737.45
B002496,P00291,V001946,2024-03-22,Emergency,43779.89,Php,Partial,Insurance,32834.92
B002497,P00647,V001945,2024-04-02,Consultation,4084.39,Php,Paid,Cash,4084.39
B002498,P00283,V002828,2025-02-03,Surgery,61387.50,Php,Paid,Insurance,61387.50
B002499,P00814,V001420,2025-08-25,Consultation,80884.62,Php,Paid,Insurance,80884.62
B002500,P00029,V001147,2025-09-22,Other,96899.78,Php,Paid,Cash,96899.78
B002501,P00746,V000734,2025-08-16,Emergency,122436.68,Php,Partial,"Debit Card",61218.34
B002502,P00903,V002462,2023-06-28,Medication,83305.32,Php,Paid,Cash,83305.32
B002503,P00904,V000809,2024-08-25,Room,119037.45,Php,Paid,Cash,119037.45
B002504,P00888,V001741,2025-09-19,Medication,77397.31,Php,Paid,"Credit Card",77397.31
B002505,P00655,V001812,2024-08-29,Medication,5354.26,Php,Pending,Cash,0.00
B002506,P00604,V001474,2024-04-28,Emergency,115707.94,Php,Partial,Insurance,57853.97
B002507,P00441,V002007,2024-04-15,Medication,61315.75,Php,Paid,GCash,61315.75
B002508,P00771,V000713,2025-09-08,Medication,98333.74,Php,Pending,"Bank Transfer",0.00
B002509,P00743,V001635,2024-09-21,Laboratory,54060.97,Php,Paid,GCash,54060.97
B002510,P00263,V002759,2025-03-07,Other,74093.23,Php,Pending,Cash,0.00
B002511,P00448,V001223,2025-10-16,Laboratory,98325.38,Php,Partial,Insurance,49162.69
B002512,P00728,V000930,2023-01-31,Surgery,10172.74,Php,Partial,"Bank Transfer",7629.56
B002513,P00309,V000123,2024-08-08,Room,38651.94,Php,Partial,Cash,28988.96
B002514,P00315,V002366,2023-10-12,Emergency,132143.50,Php,PENDING,"Credit Card",99107.62
B002515,P00300,V001257,2023-09-19,Surgery,91200.51,Php,Paid,Cash,91200.51
B002516,P00030,V002735,2025-02-07,Consultation,122609.83,Php,Partial,Cash,91957.37
B002517,P00302,V002635,2025-10-13,Room,131834.44,Php,Paid,"Credit Card",131834.44
B002518,P00564,V001784,2024-05-08,Laboratory,123352.27,Php,Pending,"Credit Card",0.00
B002519,P00588,V002253,2023-11-18,Laboratory,90431.80,Php,Pending,"Bank Transfer",0.00
B002520,P00974,V001696,2025-04-13,Room,90592.86,Php,Partial,GCash,45296.43
B002521,P00569,V001090,2024-12-30,Laboratory,58992.45,Php,Partial,"Bank Transfer",29496.22
B002522,P01004,V000402,2025-02-24,Other,23099.66,Php,Partial,"Debit Card",11549.83
B002523,P00309,V002107,2023-11-03,Other,148482.14,Php,Paid,GCash,148482.14
B002524,P00905,V001016,2024-11-17,Emergency,31411.04,Php,Partial,Cash,15705.52
B002525,P00010,V002681,2024-05-04,Consultation,93898.17,Php,Paid,Cash,93898.17
B002526,P00880,V002694,2025-07-12,Surgery,15317.14,Php,Partial,"Debit Card",11487.85
B002527,P00186,V000753,2025-12-26,Other,149513.44,Php,Partial,"Debit Card",74756.72
B002528,P00080,V001306,2025-08-03,Laboratory,114329.19,Php,Pending,GCash,0.00
B002529,P00869,V002247,2024-08-06,Laboratory,142942.35,Php,Pending,"Bank Transfer",0.00
B002530,P00631,V002521,2024-11-18,Medication,77324.71,Php,Paid,"Credit Card",77324.71
B002531,P00414,V000979,2025-04-27,Consultation,104128.41,Php,Partial,Cash,78096.31
B002532,P00941,V000611,2025-01-14,Medication,54832.56,Php,Paid,Cash,54832.56
B002533,P00561,V002082,2025-09-29,Laboratory,90678.02,Php,Pending,GCash,0.00
B002534,P00001,V002352,2025-06-05,Emergency,107749.51,Php,Partial,Insurance,80812.13
B002535,P00959,V001643,2023-04-17,Emergency,98427.01,Php,Partial,GCash,49213.50
B002536,P00167,V002120,2023-01-31,Surgery,1207.07,Php,Partial,Cash,905.30
B002537,P00550,V000880,2023-01-09,Surgery,62503.86,Php,Paid,Cash,62503.86
B002538,P00076,V002692,2024-02-01,Surgery,133246.59,Php,Partial,Cash,99934.94
B002539,P00035,V002836,2024-05-24,Consultation,73441.43,Php,Paid,Cash,73441.43
B002540,P00837,V002676,2023-07-02,Laboratory,135631.68,Php,Partial,Cash,101723.76
B002541,P00837,V002894,2025-07-08,Emergency,89445.17,Php,Paid,"Bank Transfer",89445.17
B002542,P00501,V002861,2024-10-14,Medication,13203.78,Php,Paid,Insurance,13203.78
B002543,P00994,V000343,2023-03-08,Surgery,71983.14,Php,Partial,"Bank Transfer",35991.57
B002544,P00126,V000739,2023-02-27,Emergency,127215.67,Php,Pending,"Debit Card",0.00
B002545,P00259,V002794,2025-03-31,Room,95915.97,Php,Partial,"Credit Card",71936.98
B002546,P00296,V000093,2024-06-07,Consultation,103234.55,Php,Paid,"Credit Card",103234.55
B002547,P00739,V002054,2023-04-30,Emergency,109523.61,Php,Paid,GCash,109523.61
B002548,P00697,V002656,2025-02-01,Emergency,47718.16,Php,Paid,GCash,47718.16
B002549,P00611,V002903,2025-07-18,Medication,130199.83,Php,Paid,Insurance,130199.83
B002550,P00754,V000488,2023-12-26,Surgery,14662.06,Php,Paid,Cash,14662.06
B002551,P00949,V002629,2025-01-28,Consultation,40907.89,Php,Paid,GCash,40907.89
B002552,P00875,V002141,2025-03-19,Consultation,114889.09,Php,Partial,Cash,86166.82
B002553,P00047,V002551,2024-02-17,Other,92574.15,Php,Pending,GCash,0.00
B002554,P00607,V001416,2024-05-15,Other,61882.08,Php,Paid,Insurance,61882.08
B002555,P00707,V002264,2025-03-22,Laboratory,59407.27,Php,Paid,GCash,59407.27
B002556,P00430,V002499,2024-03-01,Room,15382.69,Php,Paid,"Bank Transfer",15382.69
B002557,P00716,V001618,2025-03-25,Medication,39433.49,Php,Paid,"Bank Transfer",39433.49
B002558,P00686,V001869,2023-12-25,Medication,113959.14,Php,Paid,Cash,113959.14
B002559,P00586,V002606,2024-01-01,Laboratory,63773.87,Php,Partial,"Debit Card",31886.94
B002560,P00810,V002324,2023-05-11,Emergency,124086.08,Php,Paid,"Debit Card",124086.08
B002561,P00212,V002852,2025-08-31,Other,89274.31,Php,Paid,"Bank Transfer",89274.31
B002562,P00796,V002316,2025-03-16,Room,97286.01,Php,Paid,Cash,97286.01
B002563,P00360,V000496,2023-08-20,Laboratory,108175.34,Php,Partial,Cash,54087.67
B002564,P00588,V001088,2025-10-11,Room,149185.35,Php,Paid,Cash,149185.35
B002565,P00196,V001738,2023-05-25,Medication,128586.27,Php,Paid,Cash,128586.27
B002566,P00796,V001584,2023-10-21,Consultation,146914.27,Php,Pending,"Credit Card",0.00
B002567,P00739,V000905,2025-05-26,Medication,75708.96,Php,PAID,Cash,56781.72
B002568,P00751,V000636,2023-10-29,Medication,64338.72,Php,Paid,Cash,64338.72
B002569,P00648,V001739,2023-12-10,Laboratory,98725.31,Php,Paid,Cash,98725.31
B002570,P00915,V000694,2025-09-15,Emergency,91687.70,Php,Pending,"Debit Card",0.00
B002571,P00642,V002121,2023-07-22,Consultation,148739.56,Php,Paid,Cash,148739.56
B002572,P00114,V002943,2024-04-23,Other,87370.97,Php,Paid,GCash,87370.97
B002573,P00847,V002588,2023-07-15,Emergency,141389.79,Php,Partial,Cash,106042.34
B002574,P00295,V002560,2025-07-24,Medication,94738.44,Php,Paid,Insurance,94738.44
B002575,P00335,V000022,2025-06-08,Other,140186.66,Php,Paid,"Bank Transfer",140186.66
B002576,P00233,V002571,2023-07-20,Room,42879.09,Php,Paid,Insurance,42879.09
B002577,P00843,V000852,2024-06-02,Consultation,18118.30,Php,Pending,"Bank Transfer",0.00
B002578,P00142,V001669,2025-09-06,Surgery,38840.12,Php,Partial,Insurance,19420.06
B002579,P00753,V000393,2025-04-14,Surgery,86092.83,Php,Pending,"Credit Card",0.00
B002580,P00400,V000763,2025-04-23,Other,88219.42,Php,Partial,Cash,66164.57
B002581,P00403,V002544,2025-12-21,Laboratory,87581.83,Php,Paid,Cash,87581.83
B002582,P00764,V001541,2023-09-08,Laboratory,78330.03,Php,Paid,Cash,78330.03
B002583,P00714,V000451,2024-05-04,Other,132154.30,Php,Pending,Cash,0.00
B002584,P00772,V002750,2024-12-07,Emergency,137914.81,Php,Partial,Insurance,68957.40
B002585,P00976,V002399,2023-07-21,Laboratory,16101.49,Php,Partial,GCash,12076.12
B002586,P00126,V002529,2023-01-13,Laboratory,120514.38,Php,Partial,Cash,60257.19
B002587,P00557,V001798,2023-09-10,Other,132141.65,Php,Partial,"Credit Card",66070.82
B002588,P00862,V002696,2024-01-15,Emergency,123297.82,Php,Pending,"Credit Card",0.00
B002589,P00881,V000525,2025-05-18,Laboratory,24020.91,Php,Paid,GCash,24020.91
B002590,P00031,V000608,2023-12-13,Emergency,102232.11,Php,Paid,GCash,102232.11
B002591,P00516,V000228,2023-10-15,Surgery,45928.45,Php,Partial,Cash,22964.22
B002592,P00693,V001386,2023-04-08,Consultation,95996.36,Php,Partial,GCash,71997.27
B002593,P00507,V000044,2023-03-05,Medication,129332.07,Php,Paid,Insurance,129332.07
B002594,P00731,V000055,2025-10-13,Medication,48403.71,Php,Paid,GCash,48403.71
B002595,P00999,V000249,2025-03-19,Room,9196.20,Php,Pending,GCash,0.00
B002596,P00431,V000746,2025-03-05,Laboratory,60474.24,Php,Paid,GCash,60474.24
B002597,P00160,V001100,2023-06-21,Room,59366.42,Php,Pending,Cash,0.00
B002598,P00476,V000286,2023-03-26,Other,121125.24,Php,Partial,Cash,90843.93
B002599,P00434,V000375,2023-07-24,Surgery,84163.43,Php,Partial,"Credit Card",63122.57
B002600,P00261,V001820,2025-05-23,Room,121875.93,Php,Partial,"Credit Card",91406.95
B002601,P00081,V001924,2024-04-28,Consultation,145578.42,Php,Paid,Insurance,145578.42
B002602,P00460,V001875,2024-01-20,Surgery,79366.40,Php,Paid,Insurance,79366.40
B002603,P00138,V002973,2025-01-22,Emergency,121065.33,Php,Paid,"Bank Transfer",121065.33
B002604,P00718,V002419,2025-11-01,Medication,73649.61,Php,Paid,"Bank Transfer",73649.61
B002605,P00736,V001786,2024-07-05,Consultation,127227.73,Php,Paid,Cash,127227.73
B002606,P00064,V001491,2024-05-14,Emergency,58073.09,Php,Paid,"Debit Card",58073.09
B002607,P00742,V000263,2025-07-14,Room,134687.77,Php,Pending,Cash,0.00
B002608,P00551,V002624,2024-02-10,Consultation,139667.28,Php,Paid,"Credit Card",139667.28
B002609,P00393,V001356,2025-06-26,Laboratory,76772.90,Php,Paid,Cash,76772.90
B002610,P00163,V000190,2023-06-28,Consultation,94765.12,Php,Partial,"Debit Card",71073.84
B002611,P00580,V001741,2023-08-22,Consultation,122535.82,Php,Paid,"Bank Transfer",122535.82
B002612,P00538,V000409,2025-01-19,Other,115789.67,Php,Paid,Cash,115789.67
B002613,P00085,V002323,2025-08-26,Other,43311.46,Php,Partial,"Debit Card",32483.60
B002614,P00484,V000247,2023-03-27,Surgery,104021.68,Php,Paid,"Credit Card",104021.68
B002615,P00490,V001348,2024-10-08,Room,29728.72,Php,Paid,Cash,29728.72
B002616,P00189,V002904,2023-08-04,Laboratory,57908.03,Php,Paid,Cash,57908.03
B002617,P00191,V002491,2025-01-23,Medication,102898.59,Php,Paid,Cash,102898.59
B002618,P00753,V000326,2023-08-15,Surgery,44785.97,Php,Pending,"Debit Card",0.00
B002619,P00803,V000969,2025-01-15,Emergency,134738.45,Php,Partial,"Credit Card",101053.84
B002620,P00662,V001595,2023-05-12,Room,109756.80,Php,Pending,Cash,0.00
B002621,P00436,V001759,2023-10-21,Consultation,28053.89,Php,Paid,Insurance,28053.89
B002622,P00393,V001811,2024-11-27,Medication,2242.44,Php,Paid,Insurance,2242.44
B002623,P00223,V001547,2023-04-18,Room,51577.79,Php,Paid,Cash,51577.79
B002624,P00433,V001971,2023-09-17,Emergency,84647.33,Php,Partial,"Debit Card",42323.67
B002625,P00800,V002896,2024-10-25,Laboratory,16050.71,Php,Paid,"Bank Transfer",16050.71
B002626,P00609,V001308,2024-09-27,Room,118533.90,Php,Partial,"Credit Card",59266.95
B002627,P00445,V001976,2023-06-04,Surgery,52170.05,Php,Partial,Insurance,39127.54
B002628,P00470,V001442,2023-06-09,Laboratory,33066.30,Php,Paid,"Credit Card",33066.30
B002629,P00626,V002933,2024-08-05,Other,6709.98,Php,Partial,GCash,5032.48
B002630,P00253,V002749,2023-05-09,Other,98727.24,Php,Paid,"Debit Card",98727.24
B002631,P00257,V002633,2024-03-17,Consultation,79398.26,Php,Paid,GCash,79398.26
B002632,P00578,V001315,2025-08-02,Medication,86473.80,Php,Partial,"Debit Card",43236.90
B002633,P00893,V000170,2024-04-11,Consultation,11234.95,Php,Partial,"Debit Card",8426.21
B002634,P00594,V002922,2025-11-22,Laboratory,8920.35,Php,Partial,Cash,4460.18
B002635,P00585,V001381,2024-03-13,Surgery,102354.33,Php,Paid,Insurance,102354.33
B002636,P00210,V001583,2025-10-30,Laboratory,38860.52,Php,Paid,Cash,38860.52
B002637,P00413,V001661,2024-03-09,Laboratory,29967.95,Php,Paid,"Bank Transfer",29967.95
B002638,P00238,V002995,2024-12-07,Emergency,39798.35,Php,Partial,Insurance,19899.17
B002639,P00562,V002694,2023-03-16,Room,138696.02,Php,Paid,Cash,138696.02
B002640,P00928,V001180,2025-07-06,Medication,22532.35,Php,Paid,Cash,22532.35
B002641,P00140,V000741,2024-12-19,Room,14620.01,Php,Paid,Cash,14620.01
B002642,P00192,V000320,2026-01-04,Consultation,13218.46,Php,Partial,Cash,9913.84
B002643,P00993,V001534,2023-10-03,Medication,131331.29,Php,Partial,"Credit Card",98498.47
B002644,P00014,V002052,2025-08-14,Room,37964.30,Php,Paid,Cash,37964.30
B002645,P00772,V002467,2024-08-09,Surgery,79436.34,Php,Paid,GCash,79436.34
B002646,P00060,V001009,2023-09-07,Room,147835.86,Php,Paid,"Credit Card",147835.86
B002647,P00694,V002516,2024-06-11,Other,44828.34,Php,Partial,Cash,33621.25
B002648,P00291,V000047,2024-03-01,Other,36751.49,Php,Paid,Insurance,36751.49
B002649,P00402,V001492,2023-05-15,Surgery,43718.20,Php,Partial,Cash,32788.65
B002650,P00597,V001834,2024-03-25,Medication,128994.31,Php,Partial,GCash,96745.73
B002651,P00457,V001844,2025-09-11,Consultation,8414.40,Php,Paid,Insurance,8414.40
B002652,P00383,V002387,2023-11-14,Laboratory,69656.81,Php,Paid,Cash,69656.81
B002653,P00833,V002619,2024-07-31,Consultation,45855.33,Php,Pending,"Bank Transfer",0.00
B002654,P00569,V001646,2023-06-23,Laboratory,77421.67,Php,Paid,Insurance,77421.67
B002655,P00711,V002748,2025-05-24,Room,4141.90,Php,Paid,GCash,4141.90
B002656,P00528,V000678,2025-10-03,Medication,149378.37,Php,Partial,"Credit Card",74689.18
B002657,P00970,V001156,2025-05-01,Other,116397.72,Php,Partial,"Debit Card",87298.29
B002658,P00032,V002089,2024-03-13,Other,71656.02,Php,Partial,Cash,35828.01
B002659,P00955,V000662,2023-07-09,Consultation,144969.41,Php,Partial,"Bank Transfer",108727.06
B002660,P00106,V001357,2023-03-03,Emergency,10524.96,Php,Pending,GCash,0.00
B002661,P00272,V001594,2023-04-13,Emergency,108945.14,Php,Pending,GCash,0.00
B002662,P00626,V001175,2024-02-15,Other,51455.62,Php,Paid,"Debit Card",51455.62
B002663,P00102,V000106,2025-02-17,Consultation,79335.00,Php,Paid,"Credit Card",79335.00
B002664,P00800,V002706,2024-09-16,Laboratory,87963.30,Php,Partial,"Credit Card",65972.48
B002665,P00853,V001245,2023-01-21,Medication,14428.31,Php,Partial,"Credit Card",7214.15
B002666,P00697,V001913,2024-10-08,Emergency,56010.95,Php,Partial,Cash,42008.21
B002667,P00455,V000938,2024-10-31,Room,33231.95,Php,Pending,GCash,0.00
B002668,P00885,V000537,2024-01-08,Room,51472.73,Php,Paid,"Debit Card",51472.73
B002669,P00560,V000421,2023-12-15,Emergency,120583.05,Php,Partial,"Debit Card",90437.29
B002670,P00270,V002368,2024-03-21,Surgery,2330.67,Php,Paid,"Bank Transfer",2330.67
B002671,P00193,V000536,2024-07-30,Emergency,100566.93,Php,Pending,"Credit Card",0.00
B002672,P00574,V002388,2024-06-02,Surgery,22260.06,Php,Paid,Insurance,22260.06
B002673,P00593,V000533,2023-05-06,Emergency,124494.77,Php,Partial,"Credit Card",93371.08
B002674,P00709,V001890,2023-12-04,Medication,59647.17,Php,Pending,GCash,0.00
B002675,P00641,V002157,2024-07-09,Surgery,14736.12,Php,Pending,Cash,0.00
B002676,P00249,V001184,2025-11-07,Other,46668.79,Php,Paid,GCash,46668.79
B002677,P01000,V000226,2025-11-10,Laboratory,836.92,Php,Pending,Cash,0.00
B002678,P00557,V001365,2023-03-20,Laboratory,119631.90,Php,Paid,Insurance,119631.90
B002679,P00702,V001656,2025-01-02,Medication,10545.03,Php,Paid,Cash,10545.03
B002680,P00201,V000431,2025-04-06,Other,97842.13,Php,Pending,Cash,0.00
B002681,P00191,V001454,2023-08-19,Medication,8102.54,Php,Paid,"Bank Transfer",8102.54
B002682,P00867,V000687,2024-08-31,Surgery,128902.21,Php,Paid,Cash,128902.21
B002683,P00378,V002104,2024-04-25,Medication,25945.31,Php,Paid,"Credit Card",25945.31
B002684,P00038,V000453,2024-11-02,Emergency,124193.29,Php,Paid,GCash,124193.29
B002685,P00936,V000520,2025-04-11,Room,136156.40,Php,Pending,GCash,0.00
B002686,P00142,V000424,2025-12-16,Laboratory,72467.25,Php,Pending,GCash,0.00
B002687,P00778,V001269,2025-01-11,Room,50525.10,Php,Partial,Insurance,25262.55
B002688,P00161,V000747,2025-03-27,Room,14071.24,Php,Partial,Cash,7035.62
B002689,P00734,V000153,2023-03-10,Consultation,69258.13,Php,Partial,"Bank Transfer",34629.07
B002690,P00440,V000934,2023-01-12,Emergency,117763.38,Php,Paid,Cash,117763.38
B002691,P00662,V001348,2023-02-16,Surgery,124743.55,Php,Pending,"Debit Card",0.00
B002692,P00231,V000501,2023-03-20,Medication,116395.78,Php,Paid,"Credit Card",116395.78
B002693,P00582,V000167,2023-08-30,Laboratory,53187.42,Php,Partial,"Debit Card",26593.71
B002694,P00619,V001678,2025-06-20,Medication,145644.97,Php,Pending,"Debit Card",0.00
B002695,P00803,V000460,2023-09-16,Other,34116.14,Php,Partial,Insurance,25587.10
B002696,P00595,V002559,2025-11-20,Laboratory,1105.70,Php,Pending,"Bank Transfer",0.00
B002697,P00695,V000164,2025-09-08,Medication,57533.20,Php,Paid,"Debit Card",57533.20
B002698,P00214,V000553,2025-05-09,Consultation,87907.11,Php,Paid,"Credit Card",87907.11
B002699,P00213,V000424,2024-01-20,Consultation,5919.84,Php,Paid,GCash,5919.84
B002700,P00803,V000741,2025-12-28,Medication,83552.02,Php,Partial,Cash,41776.01
B002701,P00218,V002804,2025-01-17,Other,87390.10,Php,Paid,Cash,87390.10
B002702,P00343,V001765,2024-01-10,Other,93415.99,Php,Paid,"Bank Transfer",93415.99
B002703,P00261,V002479,2023-05-29,Medication,95509.76,Php,Paid,GCash,95509.76
B002704,P00025,V000375,2025-03-24,Surgery,142060.03,Php,Partial,"Bank Transfer",71030.01
B002705,P00016,V001097,2024-03-07,Surgery,74215.59,Php,Paid,"Debit Card",74215.59
B002706,P00157,V002055,2024-03-04,Surgery,16252.22,Php,Partial,"Credit Card",8126.11
B002707,P00993,V002778,2023-01-12,Medication,96766.79,Php,Partial,"Bank Transfer",72575.09
B002708,P00721,V001734,2024-01-28,Consultation,117034.65,Php,Paid,Cash,117034.65
B002709,P01004,V002306,2024-02-07,Room,87197.70,Php,Paid,GCash,87197.70
B002710,P00403,V000710,2023-02-11,Surgery,2615.71,Php,Pending,"Debit Card",0.00
B002711,P00082,V002839,2024-07-27,Laboratory,90070.01,Php,Paid,"Bank Transfer",90070.01
B002712,P00902,V001567,2025-11-13,Laboratory,61853.49,Php,Partial,GCash,30926.74
B002713,P00207,V000983,2023-06-24,Laboratory,89385.03,Php,Pending,Cash,0.00
B002714,P00987,V000551,2024-01-29,Laboratory,72973.43,Php,Partial,Insurance,54730.07
B002715,P00996,V000685,2023-04-11,Other,65598.84,Php,Partial,Cash,32799.42
B002716,P00755,V001645,2023-10-22,Medication,17143.55,Php,Paid,Cash,17143.55
B002717,P00165,V000234,2025-03-12,Laboratory,51266.84,Php,Pending,"Bank Transfer",0.00
B002718,P00373,V001369,2023-11-06,Room,10033.17,Php,Paid,Insurance,10033.17
B002719,P00023,V001531,2025-07-27,Emergency,22520.46,Php,Paid,"Bank Transfer",16890.35
B002720,P00514,V001375,2026-01-02,Laboratory,93726.62,Php,Paid,GCash,93726.62
B002721,P00308,V000669,2025-12-02,Medication,29154.85,Php,Paid,GCash,29154.85
B002722,P00787,V000126,2025-03-10,Other,62904.42,Php,Paid,"Bank Transfer",62904.42
B002723,P00559,V001448,2024-12-05,Surgery,143657.55,Php,Paid,Insurance,143657.55
B002724,P00583,V001325,2025-01-03,Laboratory,60876.69,Php,Paid,GCash,60876.69
B002725,P00160,V002892,2024-06-30,Emergency,145552.04,Php,CANCELLED,Cash,109164.03
B002726,P00195,V002080,2024-07-23,Medication,33935.72,Php,Partial,"Bank Transfer",16967.86
B002727,P00517,V002271,2023-11-11,Room,56452.87,Php,Pending,Insurance,0.00
B002728,P00876,V000193,2025-12-27,Other,75222.29,Php,Paid,Cash,75222.29
B002729,P00934,V002186,2025-05-02,Emergency,53170.12,Php,Partial,Cash,26585.06
B002730,P00145,V002117,2025-02-01,Emergency,81648.12,Php,Partial,"Credit Card",61236.09
B002731,P00582,V000359,2023-03-07,Room,126802.20,Php,Partial,GCash,63401.10
B002732,P00154,V002006,2025-10-06,Emergency,91242.14,Php,Paid,Cash,91242.14
B002733,P00783,V002373,2024-03-31,Medication,51389.18,Php,Paid,GCash,51389.18
B002734,P00596,V001136,2023-11-12,Surgery,50520.09,Php,Paid,GCash,50520.09
B002735,P00342,V000130,2023-10-19,Room,114966.52,Php,Paid,Cash,114966.52
B002736,P00536,V000970,2023-03-07,Other,58910.91,Php,Paid,GCash,58910.91
B002737,P00426,V001877,2025-02-28,Laboratory,107253.79,Php,Partial,Cash,53626.89
B002738,P00653,V000227,2023-10-12,Medication,137271.86,Php,Pending,Cash,0.00
B002739,P00042,V001934,2023-10-02,Consultation,133858.25,Php,Paid,Cash,133858.25
B002740,P00683,V000328,2023-06-25,Consultation,24214.19,Php,Paid,"Credit Card",24214.19
B002741,P00345,V000215,2023-12-02,Laboratory,142646.84,Php,Paid,Insurance,142646.84
B002742,P00953,V001846,2024-02-11,Other,129102.73,Php,Paid,Insurance,129102.73
B002743,P00721,V002486,2023-08-11,Other,29138.42,Php,Paid,Cash,29138.42
B002744,P00445,V002126,2023-07-19,Other,63449.82,Php,CANCELLED,"Credit Card",47587.36
B002745,P00275,V000088,2025-09-13,Surgery,118158.18,Php,Pending,Cash,0.00
B002746,P00476,V000938,2023-08-15,Surgery,21558.78,Php,Partial,"Debit Card",16169.08
B002747,P00816,V001870,2024-08-12,Emergency,113616.87,Php,Pending,GCash,0.00
B002748,P00442,V000192,2023-04-25,Surgery,81368.13,Php,Paid,Cash,81368.13
B002749,P00310,V000282,2024-12-10,Room,44544.86,Php,Partial,GCash,22272.43
B002750,P00548,V001717,2024-04-19,Room,15302.45,Php,Pending,Cash,0.00
B002751,P00985,V001032,2023-06-22,Other,117173.15,Php,Paid,Cash,117173.15
B002752,P00574,V000248,2024-08-12,Medication,127237.67,Php,Paid,Insurance,127237.67
B002753,P00047,V001282,2024-07-14,Emergency,117463.91,Php,Paid,GCash,117463.91
B002754,P00764,V002435,2025-08-09,Emergency,24855.85,Php,Paid,"Bank Transfer",24855.85
B002755,P00863,V001650,2025-05-21,Laboratory,78861.43,Php,Paid,GCash,78861.43
B002756,P00813,V001052,2025-05-31,Emergency,88332.10,Php,Partial,Cash,66249.08
B002757,P00336,V000707,2023-03-27,Other,107054.51,Php,Partial,Cash,53527.25
B002758,P00883,V001166,2025-01-06,Room,32706.51,Php,Partial,GCash,24529.88
B002759,P00491,V000770,2023-07-11,Room,58705.16,Php,Paid,GCash,58705.16
B002760,P00734,V002887,2025-11-15,Emergency,80051.42,Php,Paid,"Credit Card",80051.42
B002761,P00190,V000049,2025-07-23,Emergency,142767.90,Php,Paid,"Debit Card",142767.90
B002762,P00178,V000663,2025-04-23,Emergency,73332.56,Php,Partial,"Debit Card",36666.28
B002763,P00587,V002601,2023-11-24,Room,32244.80,Php,Pending,GCash,0.00
B002764,P00483,V001826,2023-05-27,Other,85419.62,Php,Paid,Cash,85419.62
B002765,P00106,V001706,2025-04-26,Laboratory,15205.52,Php,Partial,GCash,7602.76
B002766,P00880,V001462,2023-05-03,Consultation,89582.05,Php,Paid,GCash,89582.05
B002767,P00706,V000407,2023-04-16,Other,78363.44,Php,Paid,"Debit Card",78363.44
B002768,P00095,V001773,2023-04-20,Surgery,6898.77,Php,Partial,"Bank Transfer",3449.39
B002769,P00399,V002696,2024-01-05,Room,93380.95,Php,Partial,"Credit Card",70035.71
B002770,P00486,V000733,2024-12-26,Surgery,17741.91,Php,Paid,Insurance,17741.91
B002771,P00905,V000918,2024-04-12,Room,7187.58,Php,Partial,Cash,5390.68
B002772,P00400,V001498,2023-02-03,Room,121042.25,Php,Partial,Cash,90781.69
B002773,P00292,V001467,2023-05-14,Laboratory,137355.98,Php,Paid,"Bank Transfer",137355.98
B002774,P00585,V000089,2023-08-26,Other,96761.15,Php,Pending,"Bank Transfer",0.00
B002775,P00267,V000432,2023-04-26,Consultation,134782.97,Php,Partial,GCash,101087.23
B002776,P00482,V002600,2023-04-28,Consultation,83191.26,Php,Paid,GCash,83191.26
B002777,P00185,V000864,2025-11-06,Other,101989.23,Php,Paid,Cash,101989.23
B002778,P00404,V002397,2024-02-15,Surgery,80723.54,Php,Pending,Cash,0.00
B002779,P00795,V002294,2025-02-07,Laboratory,40621.67,Php,Paid,GCash,40621.67
B002780,P00889,V002942,2025-05-22,Other,34900.27,Php,Partial,Cash,26175.20
B002781,P00464,V002567,2023-09-29,Medication,71759.35,Php,Paid,Cash,71759.35
B002782,P00814,V001348,2023-07-13,Laboratory,42598.12,Php,Paid,Insurance,42598.12
B002783,P00534,V001402,2023-11-12,Laboratory,118816.70,Php,Partial,Cash,89112.52
B002784,P00030,V002270,2025-09-08,Medication,56064.62,Php,Paid,GCash,56064.62
B002785,P00400,V001646,2024-12-02,Medication,84396.34,Php,Paid,Cash,84396.34
B002786,P00588,V000417,2025-11-14,Surgery,24081.97,Php,Paid,Cash,24081.97
B002787,P00799,V001525,2023-07-26,Room,63806.41,Php,Partial,Cash,47854.81
B002788,P00538,V002380,2025-09-03,Emergency,149356.07,Php,Paid,"Debit Card",149356.07
B002789,P00423,V001875,2024-11-06,Room,136171.29,Php,Paid,"Credit Card",136171.29
B002790,P00787,V002233,2023-07-26,Medication,124260.36,Php,Partial,GCash,93195.27
B002791,P00784,V002801,2023-02-04,Emergency,46906.90,Php,Partial,GCash,23453.45
B002792,P00748,V000833,2024-11-27,Other,18272.31,Php,Paid,Cash,18272.31
B002793,P00356,V001595,2025-01-11,Medication,60279.75,Php,Partial,GCash,45209.81
B002794,P00757,V000694,2024-12-27,Laboratory,97739.86,Php,Partial,GCash,48869.93
B002795,P00072,V000980,2024-02-11,Medication,144402.42,Php,Pending,"Debit Card",0.00
B002796,P00776,V000922,2024-05-27,Room,25587.07,Php,Partial,GCash,19190.30
B002797,P00015,V001540,2023-02-24,Emergency,6446.98,Php,Paid,"Debit Card",6446.98
B002798,P00793,V000471,2025-02-13,Medication,87143.12,Php,Partial,"Debit Card",65357.34
B002799,P00909,V001471,2024-01-14,Emergency,124903.06,Php,Paid,Cash,124903.06
B002800,P00629,V000773,2024-11-10,Medication,33737.57,Php,Paid,"Bank Transfer",33737.57
B002801,P00092,V001476,2025-07-14,Emergency,106465.24,Php,Partial,Cash,53232.62
B002802,P00225,V000190,2025-11-24,Consultation,47341.26,Php,Paid,GCash,47341.26
B002803,P00464,V001939,2023-01-07,Emergency,45715.78,Php,Paid,"Credit Card",45715.78
B002804,P00762,V001148,2024-03-03,Laboratory,105173.24,Php,Pending,"Credit Card",0.00
B002805,P00192,V000736,2024-02-13,Medication,93826.42,Php,Pending,Cash,0.00
B002806,P00485,V000572,2025-12-12,Laboratory,83531.05,Php,Partial,Cash,41765.53
B002807,P00251,V000703,2024-03-28,Emergency,61693.48,Php,Paid,Cash,61693.48
B002808,P00536,V000442,2023-06-17,Emergency,19703.05,Php,Paid,"Bank Transfer",19703.05
B002809,P00900,V002777,2024-01-30,Laboratory,108585.21,Php,Paid,Cash,108585.21
B002810,P00429,V002377,2024-08-19,Medication,44230.68,Php,Partial,Insurance,33173.01
B002811,P00752,V001787,2023-06-09,Surgery,9164.22,Php,Paid,Cash,9164.22
B002812,P00101,V001032,2025-05-11,Medication,17707.82,Php,Partial,Cash,13280.86
B002813,P00437,V000910,2025-05-03,Other,79713.79,Php,Paid,"Credit Card",79713.79
B002814,P00883,V002174,2024-06-26,Consultation,38273.96,Php,Paid,GCash,38273.96
B002815,P00907,V002802,2024-04-07,Consultation,125506.29,Php,Paid,"Credit Card",125506.29
B002816,P00727,V002155,2024-09-12,Other,33847.46,Php,Partial,Cash,25385.60
B002817,P00340,V002127,2024-08-01,Emergency,67366.43,Php,Paid,GCash,67366.43
B002818,P00656,V001761,2024-11-07,Room,42565.98,Php,Partial,"Debit Card",31924.49
B002819,P00508,V000505,2024-11-18,Consultation,83343.51,Php,Pending,Cash,0.00
B002820,P00128,V000858,2023-03-18,Medication,17323.23,Php,Paid,GCash,17323.23
B002821,P00213,V001016,2023-05-11,Other,53924.04,Php,Paid,"Bank Transfer",53924.04
B002822,P00937,V001783,2025-08-18,Laboratory,132526.98,Php,Pending,Cash,0.00
B002823,P00385,V001622,2023-04-09,Consultation,29280.38,Php,Paid,"Credit Card",29280.38
B002824,P00801,V002264,2023-09-29,Medication,118091.96,Php,Pending,"Bank Transfer",0.00
B002825,P00954,V000179,2025-02-19,Laboratory,63304.61,Php,Partial,Insurance,31652.31
B002826,P00543,V000926,2024-08-08,Other,49352.06,Php,Paid,"Debit Card",49352.06
B002827,P00206,V001059,2025-09-04,Medication,130356.03,Php,Partial,GCash,65178.01
B002828,P00790,V002083,2025-04-04,Consultation,21892.88,Php,Paid,"Credit Card",21892.88
B002829,P00486,V002662,2023-03-01,Emergency,86535.15,Php,Partial,Cash,43267.57
B002830,P00129,V000251,2024-03-03,Emergency,27461.62,Php,Paid,Insurance,27461.62
B002831,P00812,V001061,2024-04-08,Medication,42197.17,Php,Paid,"Credit Card",31647.88
B002832,P00498,V002717,2024-11-21,Other,30743.47,Php,Partial,"Debit Card",15371.74
B002833,P00249,V001965,2023-01-08,Medication,8287.47,Php,Partial,Cash,6215.60
B002834,P00403,V000759,2024-09-18,Other,109710.90,Php,Paid,Cash,109710.90
B002835,P00856,V002115,2024-11-16,Emergency,71142.87,Php,Paid,"Debit Card",71142.87
B002836,P00165,V000292,2023-02-14,Laboratory,19627.82,Php,Pending,Cash,0.00
B002837,P00527,V002532,2023-08-07,Room,59091.31,Php,Paid,Cash,59091.31
B002838,P00964,V001344,2023-07-11,Consultation,119529.53,Php,Paid,"Credit Card",119529.53
B002839,P00526,V002892,2024-05-24,Consultation,101904.08,Php,Paid,Cash,101904.08
B002840,P00598,V002539,2023-12-15,Room,139427.99,Php,Pending,GCash,0.00
B002841,P00372,V000582,2023-01-27,Other,122589.12,Php,Partial,Cash,61294.56
B002842,P00439,V001249,2023-03-16,Surgery,109574.55,Php,Partial,"Bank Transfer",54787.28
B002843,P00986,V002308,2024-07-21,Emergency,16663.92,Php,Partial,Insurance,12497.94
B002844,P00181,V002302,2024-12-27,Other,148542.44,Php,Paid,Cash,148542.44
B002845,P00761,V001008,2025-09-29,Consultation,20318.38,Php,Paid,Insurance,20318.38
B002846,P00655,V001869,2024-01-25,Surgery,63792.36,Php,Partial,GCash,31896.18
B002847,P00565,V002414,2024-07-07,Room,112865.23,Php,Paid,GCash,112865.23
B002848,P00842,V002320,2023-06-20,Medication,68652.74,Php,Partial,GCash,51489.56
B002849,P00470,V001225,2025-05-31,Surgery,114438.82,Php,Pending,GCash,0.00
B002850,P00707,V000948,2024-08-20,Consultation,29774.74,Php,Partial,Insurance,22331.06
B002851,P00799,V002337,2023-04-01,Laboratory,5408.76,Php,Paid,Cash,5408.76
B002852,P00917,V001088,2024-07-09,Surgery,11563.20,Php,Partial,Cash,8672.40
B002853,P00560,V000039,2023-04-06,Other,59008.04,Php,Partial,GCash,44256.03
B002854,P00364,V002116,2025-01-11,Emergency,90405.05,Php,Paid,"Bank Transfer",90405.05
B002855,P00129,V002585,2023-05-22,Room,13977.87,Php,Paid,GCash,13977.87
B002856,P00305,V002240,2023-04-14,Medication,68745.74,Php,Pending,GCash,0.00
B002857,P00089,V000727,2023-01-31,Other,59312.62,Php,Pending,"Bank Transfer",0.00
B002858,P00028,V002326,2024-03-30,Laboratory,27671.24,Php,Pending,"Debit Card",0.00
B002859,P00977,V001742,2023-10-20,Other,92684.43,Php,Paid,Insurance,92684.43
B002860,P00381,V002962,2023-12-06,Other,15243.62,Php,Partial,"Debit Card",7621.81
B002861,P00641,V001777,2023-06-17,Surgery,47132.77,Php,Paid,GCash,47132.77
B002862,P00457,V000796,2024-11-04,Emergency,83817.00,Php,Partial,GCash,41908.50
B002863,P00481,V000132,2025-03-06,Consultation,16865.34,Php,Unpaid,"Debit Card",12649.01
B002864,P00691,V000358,2023-08-14,Other,8591.81,Php,Partial,Cash,6443.86
B002865,P00823,V002704,2024-02-28,Surgery,93870.12,Php,Partial,Cash,46935.06
B002866,P00529,V000877,2024-01-02,Laboratory,136016.32,Php,Partial,Cash,102012.24
B002867,P00473,V000219,2025-05-10,Laboratory,11726.57,Php,Paid,"Credit Card",11726.57
B002868,P00528,V000884,2024-10-24,Surgery,105796.96,Php,Paid,Insurance,105796.96
B002869,P00242,V001848,2025-03-29,Other,33136.86,Php,Paid,"Bank Transfer",33136.86
B002870,P00068,V002156,2023-10-17,Consultation,114461.07,Php,Paid,Cash,114461.07
B002871,P00651,V002190,2024-11-21,Room,62421.78,Php,Partial,Insurance,46816.33
B002872,P00243,V001326,2024-01-31,Laboratory,47469.81,Php,Paid,Cash,47469.81
B002873,P00640,V002424,2025-09-24,Surgery,89124.64,Php,Partial,Cash,66843.48
B002874,P00403,V002599,2024-08-22,Laboratory,101366.02,Php,Partial,Cash,50683.01
B002875,P00880,V000337,2023-10-01,Emergency,69081.51,Php,Paid,Insurance,69081.51
B002876,P00594,V000308,2023-03-03,Medication,78763.60,Php,Paid,"Debit Card",78763.60
B002877,P00158,V000479,2025-05-07,Emergency,63036.74,Php,Paid,"Credit Card",63036.74
B002878,P00271,V000602,2023-11-08,Other,13130.69,Php,Paid,Cash,13130.69
B002879,P00816,V002456,2025-07-02,Laboratory,100825.79,Php,Paid,Insurance,100825.79
B002880,P00820,V000088,2025-12-17,Other,102726.75,Php,Partial,Insurance,51363.38
B002881,P00420,V002428,2023-05-08,Other,39381.31,Php,Paid,"Credit Card",39381.31
B002882,P00631,V000037,2024-08-20,Room,72826.14,Php,Partial,"Debit Card",36413.07
B002883,P00199,V002573,2025-01-09,Laboratory,5514.58,Php,Paid,GCash,5514.58
B002884,P00305,V002326,2023-11-25,Room,106361.24,Php,Pending,"Credit Card",0.00
B002885,P00813,V001625,2025-04-04,Consultation,3455.59,Php,Pending,GCash,0.00
B002886,P00730,V002809,2024-10-18,Consultation,77724.93,Php,Partial,Cash,38862.46
B002887,P00672,V001682,2024-02-15,Consultation,121845.88,Php,Paid,"Bank Transfer",121845.88
B002888,P00628,V000212,2025-04-06,Medication,86740.86,Php,Partial,GCash,43370.43
B002889,P00984,V002554,2023-08-18,Emergency,14898.80,Php,Paid,GCash,14898.80
B002890,P00781,V002390,2024-12-09,Emergency,73450.88,Php,Paid,"Debit Card",73450.88
B002891,P00351,V000038,2025-12-07,Room,38550.27,Php,Partial,GCash,19275.13
B002892,P00975,V001884,2025-06-01,Room,15311.87,Php,Paid,"Credit Card",15311.87
B002893,P00157,V001548,2023-10-07,Emergency,100632.98,Php,Pending,GCash,0.00
B002894,P00817,V001536,2025-03-01,Consultation,55379.94,Php,Pending,"Bank Transfer",0.00
B002895,P00085,V002426,2023-10-08,Laboratory,103124.45,Php,Paid,"Debit Card",103124.45
B002896,P00613,V000473,2025-03-12,Room,85895.00,Php,Partial,Insurance,42947.50
B002897,P00700,V002856,2023-07-17,Emergency,103506.31,Php,Partial,"Bank Transfer",51753.15
B002898,P00671,V001038,2024-11-12,Consultation,64190.94,Php,Paid,GCash,64190.94
B002899,P00787,V000944,2023-06-06,Surgery,50541.56,Php,Paid,"Credit Card",50541.56
B002900,P00302,V000842,2025-10-29,Other,119433.54,Php,Pending,GCash,0.00
B002901,P00171,V002000,2023-03-31,Consultation,129004.15,Php,Partial,Cash,64502.07
B002902,P00721,V000519,2023-04-10,Consultation,97297.78,Php,Pending,Cash,0.00
B002903,P00379,V001115,2025-06-26,Consultation,15812.11,Php,Pending,Insurance,0.00
B002904,P00769,V002926,2025-07-06,Emergency,32291.40,Php,Partial,Cash,24218.55
B002905,P00147,V001978,2023-03-02,Laboratory,98720.02,Php,Paid,Cash,98720.02
B002906,P00751,V002900,2024-11-30,Emergency,22044.65,Php,Pending,"Debit Card",0.00
B002907,P00284,V000255,2023-04-25,Room,148420.51,Php,Pending,"Debit Card",0.00
B002908,P00767,V002913,2025-11-27,Medication,137020.51,Php,Partial,Cash,68510.26
B002909,P00307,V001330,2023-02-14,Room,88401.84,Php,Paid,GCash,88401.84
B002910,P00248,V002952,2023-02-12,Consultation,114572.82,Php,Paid,Cash,114572.82
B002911,P00462,V001361,2025-06-21,Laboratory,78381.27,Php,Partial,"Credit Card",39190.64
B002912,P00621,V000673,2024-09-04,Consultation,126019.22,Php,Paid,Cash,126019.22
B002913,P00121,V001188,2024-06-15,Laboratory,121357.74,Php,Paid,Insurance,121357.74
B002914,P00654,V001784,2025-08-28,Medication,44665.25,Php,Partial,GCash,22332.62
B002915,P00057,V002457,2025-03-31,Medication,10653.06,Php,Partial,GCash,5326.53
B002916,P00577,V000387,2024-09-08,Medication,134355.46,Php,Paid,Cash,134355.46
B002917,P00797,V002638,2024-11-27,Room,25872.04,Php,Partial,"Debit Card",19404.03
B002918,P00920,V001399,2024-10-07,Laboratory,32427.47,Php,Partial,Insurance,24320.60
B002919,P00910,V002746,2025-09-09,Other,126704.32,Php,Partial,Cash,95028.24
B002920,P00701,V002235,2023-10-11,Laboratory,78846.64,Php,Paid,Cash,78846.64
B002921,P00232,V001079,2025-05-14,Surgery,13705.11,Php,Pending,Insurance,0.00
B002922,P00672,V001152,2025-04-14,Emergency,78725.07,Php,Paid,GCash,78725.07
B002923,P00008,V002518,2025-07-26,Other,18677.54,Php,Pending,GCash,0.00
B002924,P00636,V001729,2025-07-09,Laboratory,13817.30,Php,Paid,Cash,13817.30
B002925,P00803,V001937,2023-01-07,Room,88477.86,Php,Paid,"Bank Transfer",88477.86
B002926,P00526,V002515,2025-02-15,Surgery,110828.96,Php,Paid,"Bank Transfer",110828.96
B002927,P00978,V002980,2025-02-02,Consultation,80858.53,Php,Partial,Cash,60643.90
B002928,P00038,V000528,2024-03-05,Other,127919.69,Php,Partial,Insurance,63959.85
B002929,P00148,V002384,2024-12-20,Medication,9481.30,Php,Paid,Cash,9481.30
B002930,P00846,V002618,2025-01-26,Surgery,54347.19,Php,Paid,GCash,54347.19
B002931,P00046,V001437,2023-04-01,Surgery,25692.36,Php,Paid,Cash,25692.36
B002932,P00802,V000943,2024-05-11,Medication,30414.70,Php,Paid,"Debit Card",30414.70
B002933,P00472,V002254,2023-06-06,Surgery,37673.78,Php,Paid,"Debit Card",37673.78
B002934,P00797,V000762,2023-04-12,Other,11320.78,Php,Paid,"Bank Transfer",11320.78
B002935,P00872,V000539,2024-01-27,Laboratory,19276.12,Php,Partial,Cash,9638.06
B002936,P00529,V001142,2024-01-05,Room,59802.45,Php,Paid,GCash,59802.45
B002937,P00106,V002243,2023-07-29,Other,103686.20,Php,Partial,GCash,77764.65
B002938,P00028,V001698,2023-08-23,Surgery,26192.94,Php,Paid,"Credit Card",26192.94
B002939,P00603,V002772,2023-01-15,Laboratory,106366.15,Php,Paid,Cash,106366.15
B002940,P00648,V000716,2023-12-11,Other,74624.98,Php,Paid,Insurance,74624.98
B002941,P00978,V002980,2023-03-03,Room,87630.64,Php,Partial,Cash,65722.98
B002942,P00292,V000594,2025-05-01,Medication,126491.04,Php,Paid,GCash,126491.04
B002943,P00484,V000291,2025-01-25,Room,129588.88,Php,Paid,"Bank Transfer",129588.88
B002944,P00672,V000434,2024-04-11,Emergency,77644.19,Php,Paid,"Bank Transfer",77644.19
B002945,P00025,V000954,2025-08-05,Consultation,16052.81,Php,Paid,"Debit Card",16052.81
B002946,P00297,V000233,2024-06-18,Other,74174.64,Php,Paid,Cash,74174.64
B002947,P00382,V001039,2023-03-22,Room,57058.98,Php,Paid,Cash,57058.98
B002948,P00300,V000991,2023-08-05,Room,81804.68,Php,Pending,Insurance,0.00
B002949,P00781,V001323,2023-12-17,Surgery,114547.56,Php,Paid,GCash,114547.56
B002950,P00575,V002815,2023-05-18,Consultation,98060.33,Php,Pending,"Credit Card",0.00
B002951,P00543,V000653,2023-03-28,Other,90163.40,Php,Paid,Cash,90163.40
B002952,P00673,V001070,2024-10-13,Laboratory,104248.84,Php,Partial,"Credit Card",78186.63
B002953,P00654,V001776,2024-12-15,Emergency,7121.52,Php,Paid,"Credit Card",7121.52
B002954,P00465,V001041,2023-10-28,Other,11473.09,Php,Paid,"Debit Card",11473.09
B002955,P00383,V002697,2023-12-12,Room,5970.65,Php,Paid,"Debit Card",5970.65
B002956,P00857,V001517,2023-09-17,Laboratory,87905.40,Php,Partial,GCash,65929.05
B002957,P00902,V002730,2025-09-12,Emergency,132291.74,Php,Partial,Cash,66145.87
B002958,P00414,V002953,2023-02-07,Consultation,99983.94,Php,Paid,Cash,99983.94
B002959,P00472,V001642,2024-11-23,Consultation,91478.59,Php,Pending,"Debit Card",0.00
B002960,P00953,V002915,2025-06-05,Surgery,80471.11,Php,Paid,GCash,80471.11
B002961,P00740,V002673,2025-06-24,Laboratory,115737.83,Php,Paid,"Credit Card",115737.83
B002962,P00022,V002939,2023-07-10,Emergency,118955.87,Php,Paid,Cash,118955.87
B002963,P00681,V002344,2023-04-13,Other,42155.02,Php,Paid,GCash,42155.02
B002964,P00735,V000885,2023-07-18,Laboratory,97309.55,Php,Paid,GCash,97309.55
B002965,P00927,V002675,2025-03-16,Other,37506.84,Php,Partial,"Bank Transfer",28130.13
B002966,P00910,V000091,2023-04-02,Other,124763.99,Php,Partial,GCash,62382.00
B002967,P00262,V002076,2025-09-15,Room,114156.76,Php,Partial,Cash,57078.38
B002968,P00794,V000642,2025-07-12,Medication,117615.81,Php,Pending,GCash,0.00
B002969,P00933,V000271,2025-10-09,Emergency,19117.11,Php,Paid,Cash,19117.11
B002970,P00915,V002483,2023-07-14,Room,106723.59,Php,Paid,"Debit Card",106723.59
B002971,P00649,V002634,2025-03-14,Medication,121427.01,Php,Paid,"Debit Card",121427.01
B002972,P00005,V000065,2023-01-18,Surgery,31234.39,Php,Pending,Cash,0.00
B002973,P00759,V001080,2024-11-08,Surgery,72918.84,Php,Paid,"Credit Card",72918.84
B002974,P00709,V002798,2024-09-23,Surgery,131482.11,Php,Pending,Cash,0.00
B002975,P00676,V002197,2023-04-14,Consultation,131380.45,Php,Paid,"Bank Transfer",131380.45
B002976,P00696,V002487,2025-11-22,Other,98303.16,Php,Partial,Cash,49151.58
B002977,P00216,V001359,2024-01-08,Surgery,4763.97,Php,Pending,"Bank Transfer",0.00
B002978,P00422,V001349,2023-12-22,Consultation,104851.54,Php,Paid,"Credit Card",104851.54
B002979,P00078,V000942,2026-01-02,Room,130775.61,Php,Paid,"Credit Card",130775.61
B002980,P00587,V000938,2024-11-21,Emergency,55231.81,Php,Paid,Cash,55231.81
B002981,P00419,V002589,2023-01-27,Other,126755.72,Php,Paid,"Credit Card",126755.72
B002982,P00609,V000979,2024-03-10,Emergency,93657.27,Php,Partial,GCash,70242.95
B002983,P00678,V002438,2024-09-04,Emergency,36344.29,Php,Partial,Insurance,18172.15
B002984,P00313,V001306,2024-12-25,Medication,93043.71,Php,Pending,"Debit Card",0.00
B002985,P00568,V002743,2024-02-04,Other,137511.46,Php,Partial,Cash,68755.73
B002986,P00658,V002148,2023-01-23,Other,46320.67,Php,Paid,"Credit Card",46320.67
B002987,P00231,V000512,2025-04-25,Consultation,44555.47,Php,Paid,GCash,44555.47
B002988,P00862,V000203,2023-06-15,Other,145162.73,Php,Pending,Insurance,0.00
B002989,P00665,V002499,2023-10-15,Surgery,138795.08,Php,Paid,GCash,138795.08
B002990,P00069,V001004,2023-03-28,Medication,9400.36,Php,Partial,"Credit Card",4700.18
B002991,P00706,V000694,2023-04-11,Emergency,104006.48,Php,Paid,GCash,104006.48
B002992,P00076,V000787,2023-07-31,Medication,117955.18,Php,Pending,GCash,0.00
B002993,P00329,V001493,2024-03-26,Emergency,38755.63,Php,Partial,"Bank Transfer",19377.81
B002994,P00841,V000137,2025-06-10,Room,5077.46,Php,Paid,GCash,5077.46
B002995,P00303,V002605,2023-04-11,Consultation,120120.41,Php,Partial,Cash,90090.31
B002996,P00312,V002772,2025-09-10,Room,148565.41,Php,Paid,Cash,148565.41
B002997,P00293,V001526,2023-11-01,Surgery,54587.46,Php,Paid,"Bank Transfer",54587.46
B002998,P00754,V000853,2025-11-25,Other,10933.89,Php,Paid,Cash,10933.89
B002999,P00083,V000718,2023-07-26,Surgery,91935.07,Php,Paid,"Credit Card",91935.07
B003000,P00463,V002520,2025-10-03,Medication,15646.71,Php,Paid,"Credit Card",15646.71
B003001,P00808,V002423,2023-05-01,Surgery,40391.25,Php,Paid,"Credit Card",40391.25
B003002,P00115,V001960,2025-06-11,Laboratory,86831.72,Php,Paid,GCash,86831.72
B003003,P00713,V000033,2025-01-29,Other,100519.14,Php,Paid,Cash,100519.14
B003004,P00201,V001276,2024-05-03,Laboratory,99137.24,Php,Paid,"Credit Card",99137.24
B003005,P00943,V000401,2025-12-18,Room,142013.19,Php,Partial,GCash,71006.60
B003006,P00985,V002467,2024-07-25,Laboratory,5020.66,Php,Partial,Cash,2510.33
B003007,P00879,V001670,2024-04-15,Consultation,28342.11,Php,Partial,Cash,14171.06
B003008,P00463,V000168,2024-02-29,Surgery,855.47,Php,Paid,Cash,855.47
B003009,P00618,V000737,2023-01-22,Other,84021.50,Php,Partial,Cash,42010.75
B003010,P00883,V000727,2025-05-09,Emergency,73429.12,Php,Pending,"Credit Card",0.00
B003011,P00219,V000986,2023-12-10,Other,62293.88,Php,Pending,GCash,0.00
B003012,P00844,V002331,2023-06-27,Other,73224.84,Php,Partial,Cash,54918.63
B003013,P00857,V001239,2023-05-12,Other,111236.08,Php,Partial,Cash,83427.06
B003014,P00625,V000719,2023-06-22,Laboratory,133366.10,Php,Paid,Insurance,133366.10
B003015,P00130,V001684,2024-03-06,Emergency,147123.92,Php,Pending,GCash,0.00
B003016,P00477,V002107,2024-01-02,Surgery,88479.89,Php,Paid,Cash,88479.89
B003017,P00982,V001802,2023-06-03,Surgery,63311.46,Php,Partial,"Debit Card",31655.73
B003018,P00774,V002796,2023-07-17,Surgery,116921.52,Php,Paid,"Credit Card",116921.52
B003019,P00920,V000591,2025-10-26,Medication,104449.58,Php,Pending,Cash,0.00
B003020,P00181,V002301,2024-03-27,Laboratory,58342.79,Php,Paid,GCash,58342.79
B003021,P00929,V002771,2025-03-14,Laboratory,117627.40,Php,Pending,"Debit Card",0.00
B003022,P00604,V002934,2025-10-07,Emergency,126170.64,Php,Paid,Cash,126170.64
B003023,P00816,V001102,2023-01-23,Medication,22125.63,Php,Partial,"Credit Card",16594.22
B003024,P00784,V000612,2025-10-17,Medication,133283.19,Php,Paid,"Bank Transfer",133283.19
B003025,P00621,V001539,2023-11-01,Other,140055.44,Php,Paid,Cash,140055.44
B003026,P00710,V002291,2024-01-05,Laboratory,61274.17,Php,Pending,"Credit Card",0.00
B003027,P00422,V002167,2023-07-06,Room,107236.10,Php,Paid,"Bank Transfer",107236.10
B003028,P00443,V002089,2024-12-13,Other,119139.76,Php,Pending,Insurance,0.00
B003029,P00981,V001850,2023-12-10,Surgery,106329.02,Php,Partial,GCash,79746.76
B003030,P00033,V000038,2024-12-23,Room,133825.50,Php,Paid,"Credit Card",133825.50
B003031,P00310,V002967,2024-08-01,Medication,103961.65,Php,Paid,Insurance,103961.65
B003032,P00758,V000238,2024-09-03,Medication,28011.03,Php,Partial,"Bank Transfer",14005.51
B003033,P00071,V002695,2025-09-26,Medication,121625.52,Php,Pending,"Credit Card",0.00
B003034,P00552,V001387,2024-05-30,Other,70506.01,Php,Paid,"Bank Transfer",70506.01
B003035,P00062,V000418,2025-04-30,Surgery,119061.62,Php,Partial,GCash,89296.21
B003036,P00873,V000302,2024-06-24,Room,32704.74,Php,Pending,Insurance,0.00
B003037,P00880,V001478,2025-07-22,Room,91923.24,Php,Pending,"Debit Card",0.00
B003038,P00221,V001187,2023-08-03,Laboratory,33808.25,Php,Paid,Cash,33808.25
B003039,P00882,V002565,2025-04-16,Medication,14609.97,Php,Paid,GCash,14609.97
B003040,P00131,V000604,2023-10-15,Room,76213.37,Php,Paid,Cash,76213.37
B003041,P00264,V000298,2023-04-03,Laboratory,144019.79,Php,Paid,"Bank Transfer",144019.79
B003042,P00248,V002802,2025-05-29,Emergency,23098.53,Php,Partial,Cash,17323.90
B003043,P00279,V000385,2023-01-03,Consultation,72900.75,Php,Paid,"Bank Transfer",72900.75
B003044,P00263,V001653,2024-05-25,Laboratory,89272.25,Php,Pending,Cash,0.00
B003045,P00903,V000004,2024-03-03,Laboratory,138176.24,Php,Pending,"Credit Card",0.00
B003046,P00273,V001085,2024-03-06,Room,29405.46,Php,Partial,"Credit Card",22054.10
B003047,P00094,V002051,2025-12-08,Consultation,28028.54,Php,Paid,Cash,28028.54
B003048,P00946,V002021,2023-05-18,Emergency,40545.04,Php,Pending,"Bank Transfer",0.00
B003049,P00137,V000640,2023-01-23,Laboratory,136638.20,Php,Pending,Cash,0.00
B003050,P00573,V002164,2023-12-03,Surgery,88574.82,Php,Pending,Cash,0.00
B003051,P00990,V001618,2025-01-03,Consultation,49317.80,Php,Paid,Insurance,49317.80
B003052,P00221,V000683,2024-06-27,Consultation,56787.05,Php,Pending,GCash,0.00
B003053,P00246,V002950,2023-06-17,Consultation,57037.99,Php,Partial,"Credit Card",28518.99
B003054,P00448,V000526,2024-08-10,Laboratory,144664.04,Php,Partial,"Bank Transfer",72332.02
B003055,P00767,V000233,2025-06-06,Consultation,64875.85,Php,Paid,Cash,64875.85
B003056,P00651,V001868,2023-02-07,Emergency,33489.35,Php,Pending,Cash,0.00
B003057,P00935,V002845,2025-08-11,Medication,25821.13,Php,Paid,GCash,25821.13
B003058,P00872,V000834,2023-02-08,Laboratory,110348.03,Php,Paid,GCash,110348.03
B003059,P00407,V001166,2023-08-15,Medication,90367.67,Php,Partial,Cash,45183.83
B003060,P00402,V000782,2024-07-28,Emergency,41577.43,Php,Paid,Cash,41577.43
B003061,P00064,V000187,2023-07-18,Surgery,47374.42,Php,Paid,Insurance,47374.42
B003062,P00090,V001357,2025-08-21,Medication,103416.03,Php,Partial,GCash,51708.01
B003063,P00415,V000333,2024-12-31,Consultation,20066.43,Php,Paid,Cash,20066.43
B003064,P00959,V001100,2023-09-27,Laboratory,113401.40,Php,Partial,"Debit Card",85051.05
B003065,P00073,V002435,2025-11-10,Other,115120.59,Php,Partial,Cash,57560.29
B003066,P00828,V000040,2024-12-25,Surgery,61943.29,Php,Partial,"Credit Card",30971.65
B003067,P00607,V001605,2024-02-04,Other,79842.84,Php,Paid,GCash,79842.84
B003068,P00694,V002132,2024-12-20,Room,116946.00,Php,Partial,GCash,58473.00
B003069,P00183,V002563,2025-02-27,Emergency,24384.75,Php,Paid,Cash,24384.75
B003070,P00346,V000895,2023-01-01,Medication,60473.20,Php,Paid,GCash,60473.20
B003071,P00605,V002856,2023-09-26,Other,43277.70,Php,Paid,"Debit Card",43277.70
B003072,P00372,V002624,2025-10-31,Consultation,136576.56,Php,Paid,Cash,136576.56
B003073,P00664,V001867,2024-02-21,Other,37068.39,Php,Partial,"Bank Transfer",18534.19
B003074,P00632,V002274,2024-10-29,Laboratory,139984.69,Php,Partial,Cash,69992.35
B003075,P00546,V002731,2023-12-31,Emergency,31950.45,Php,Paid,Insurance,31950.45
B003076,P00176,V000505,2025-07-04,Laboratory,13171.30,Php,Paid,"Bank Transfer",13171.30
B003077,P00378,V002267,2025-03-25,Medication,59889.52,Php,Paid,"Debit Card",59889.52
B003078,P00945,V000926,2024-07-03,Room,108318.12,Php,Paid,Cash,108318.12
B003079,P00115,V001475,2023-08-19,Room,55910.71,Php,Pending,"Bank Transfer",0.00
B003080,P00306,V002948,2024-03-26,Emergency,45854.12,Php,Paid,Insurance,45854.12
B003081,P00794,V000603,2025-05-11,Other,106085.61,Php,Partial,Cash,53042.81
B003082,P00586,V001591,2025-03-24,Emergency,117884.61,Php,Paid,Cash,117884.61
B003083,P00838,V002270,2023-07-04,Consultation,723.78,Php,Paid,Insurance,723.78
B003084,P00282,V000329,2025-10-25,Surgery,110776.39,Php,Paid,Cash,110776.39
B003085,P00133,V002482,2025-04-21,Room,43307.56,Php,Partial,GCash,21653.78
B003086,P00545,V002427,2024-05-27,Room,131782.59,Php,Partial,GCash,98836.94
B003087,P00409,V001902,2024-06-08,Other,112283.63,Php,Paid,"Bank Transfer",112283.63
B003088,P00938,V001208,2024-06-30,Other,125721.91,Php,Paid,"Bank Transfer",125721.91
B003089,P00951,V002750,2024-12-08,Consultation,89354.71,Php,Paid,Insurance,89354.71
B003090,P00981,V001653,2024-04-11,Room,121115.36,Php,Paid,GCash,121115.36
B003091,P00960,V000195,2025-12-21,Other,120778.47,Php,Paid,Cash,120778.47
B003092,P00139,V001239,2024-06-03,Room,123265.18,Php,Paid,Cash,123265.18
B003093,P00186,V001440,2025-02-04,Room,27833.24,Php,Paid,"Debit Card",27833.24
B003094,P00926,V000901,2024-02-29,Medication,113205.14,Php,Paid,"Debit Card",113205.14
B003095,P00333,V002773,2023-01-23,Room,75191.20,Php,Partial,"Debit Card",37595.60
B003096,P00119,V001372,2023-03-25,Other,81320.61,Php,Pending,Insurance,0.00
B003097,P00609,V001391,2025-09-01,Emergency,13778.32,Php,Partial,"Debit Card",6889.16
B003098,P00377,V002382,2025-01-09,Consultation,113735.93,Php,Pending,Cash,0.00
B003099,P00746,V001150,2025-08-03,Surgery,71198.31,Php,Partial,Cash,35599.15
B003100,P00608,V001793,2024-09-14,Laboratory,21289.62,Php,Partial,"Debit Card",10644.81
B003101,P00843,V000848,2025-02-16,Room,45939.48,Php,Partial,Cash,34454.61
B003102,P00786,V001804,2025-09-15,Room,44928.12,Php,Pending,"Credit Card",0.00
B003103,P00086,V002730,2023-03-31,Room,105405.33,Php,Partial,"Credit Card",52702.67
B003104,P00597,V000916,2025-11-09,Emergency,60940.05,Php,Paid,GCash,60940.05
B003105,P00809,V000536,2024-12-02,Medication,54145.72,Php,Pending,Insurance,0.00
B003106,P00863,V002894,2024-10-29,Other,64887.04,Php,Paid,Cash,64887.04
B003107,P00079,V000097,2025-06-22,Laboratory,33388.59,Php,Paid,"Bank Transfer",33388.59
B003108,P00835,V002003,2024-08-13,Other,112763.12,Php,Paid,GCash,112763.12
B003109,P00516,V002755,2024-03-16,Surgery,132567.52,Php,Paid,"Debit Card",132567.52
B003110,P00168,V000577,2025-12-04,Consultation,21365.47,Php,Partial,GCash,10682.74
B003111,P00264,V002692,2024-03-10,Surgery,30896.14,Php,Paid,Cash,30896.14
B003112,P00339,V000446,2023-01-10,Other,126474.35,Php,Paid,Cash,126474.35
B003113,P00089,V000445,2025-09-20,Consultation,54231.30,Php,Paid,Cash,54231.30
B003114,P00173,V000561,2024-03-23,Surgery,17661.22,Php,Paid,GCash,17661.22
B003115,P00772,V000509,2023-09-25,Surgery,87298.51,Php,Paid,GCash,87298.51
B003116,P00574,V000523,2025-11-04,Other,146853.08,Php,Partial,Cash,110139.81
B003117,P00164,V001206,2023-10-26,Emergency,23594.25,Php,Partial,Cash,11797.12
B003118,P00858,V000578,2025-07-30,Room,38065.40,Php,Paid,Cash,38065.40
B003119,P00972,V002207,2025-10-18,Emergency,124397.92,Php,Pending,"Credit Card",0.00
B003120,P00250,V001493,2025-02-21,Room,11049.91,Php,Paid,GCash,11049.91
B003121,P00188,V001160,2025-11-07,Emergency,1339.87,Php,Paid,"Credit Card",1339.87
B003122,P00980,V002031,2024-01-16,Medication,79530.36,Php,Partial,Cash,39765.18
B003123,P00509,V000676,2023-07-08,Consultation,40547.52,Php,Pending,Cash,0.00
B003124,P00185,V000854,2025-03-09,Other,3878.56,Php,Paid,Cash,3878.56
B003125,P00642,V002775,2024-11-23,Emergency,21559.26,Php,Paid,"Credit Card",21559.26
B003126,P00660,V000187,2024-09-23,Emergency,92949.04,Php,Pending,"Credit Card",0.00
B003127,P00666,V001798,2023-08-23,Consultation,27329.66,Php,Partial,GCash,13664.83
B003128,P00089,V000063,2025-12-08,Consultation,104190.90,Php,Paid,GCash,104190.90
B003129,P00248,V001314,2023-06-01,Medication,2171.31,Php,Pending,GCash,0.00
B003130,P00509,V001830,2024-11-03,Room,149727.57,Php,Pending,Cash,0.00
B003131,P00659,V000569,2024-01-10,Consultation,82793.19,Php,Partial,Cash,41396.60
B003132,P00648,V002456,2023-07-10,Medication,57559.81,Php,Pending,GCash,0.00
B003133,P00323,V002304,2024-05-17,Medication,60314.82,Php,Partial,"Bank Transfer",45236.11
B003134,P00549,V001718,2023-03-18,Emergency,65858.36,Php,Paid,"Credit Card",65858.36
B003135,P00876,V002847,2023-11-15,Laboratory,87796.87,Php,Partial,Cash,43898.43
B003136,P00266,V002800,2024-11-25,Other,89938.60,Php,Paid,GCash,89938.60
B003137,P00210,V000903,2023-07-19,Surgery,121273.84,Php,Paid,Insurance,121273.84
B003138,P00941,V001386,2025-12-16,Emergency,75186.61,Php,Partial,"Credit Card",37593.31
B003139,P00489,V001391,2024-02-24,Other,44434.72,Php,Pending,"Bank Transfer",0.00
B003140,P00227,V000159,2025-04-22,Other,84694.04,Php,Partial,"Debit Card",42347.02
B003141,P00646,V000157,2023-12-21,Other,17809.28,Php,Paid,"Bank Transfer",17809.28
B003142,P00210,V001981,2025-10-19,Laboratory,96275.12,Php,Paid,Cash,96275.12
B003143,P00373,V002531,2023-07-08,Other,142424.11,Php,Paid,GCash,142424.11
B003144,P00753,V002862,2025-05-17,Consultation,97224.63,Php,Paid,Cash,97224.63
B003145,P00026,V002897,2023-09-19,Consultation,145567.69,Php,Paid,"Bank Transfer",145567.69
B003146,P00100,V001560,2023-12-01,Laboratory,103120.43,Php,Partial,"Credit Card",51560.21
B003147,P00215,V002508,2025-03-02,Medication,7368.84,Php,Pending,GCash,0.00
B003148,P00989,V001856,2025-03-18,Laboratory,70900.43,Php,Pending,Cash,0.00
B003149,P00837,V000948,2024-09-19,Emergency,59223.09,Php,Partial,Cash,29611.54
B003150,P00532,V000804,2025-12-06,Other,89709.89,Php,Paid,"Debit Card",89709.89
B003151,P00732,V002988,2024-07-27,Emergency,92169.37,Php,Paid,"Debit Card",92169.37
B003152,P00079,V001586,2024-12-30,Other,20063.20,Php,Partial,"Debit Card",10031.60
B003153,P00276,V001306,2025-01-05,Other,118354.37,Php,Pending,GCash,0.00
B003154,P00444,V001897,2024-04-26,Laboratory,22074.00,Php,Paid,"Credit Card",22074.00
B003155,P00656,V002417,2024-03-01,Room,66560.49,Php,Partial,Insurance,33280.25
B003156,P00700,V002613,2025-10-02,Laboratory,119242.69,Php,Partial,"Credit Card",59621.35
B003157,P00464,V001013,2024-04-22,Other,16840.14,Php,Partial,"Credit Card",8420.07
B003158,P00947,V002463,2024-09-25,Emergency,102168.63,Php,Paid,GCash,102168.63
B003159,P00329,V000220,2025-12-31,Consultation,79976.85,Php,Paid,"Debit Card",79976.85
B003160,P00689,V000964,2025-07-17,Laboratory,120069.57,Php,Paid,Cash,120069.57
B003161,P00001,V000401,2025-08-13,Laboratory,102293.64,Php,Pending,GCash,0.00
B003162,P00997,V000058,2023-06-11,Other,147037.60,Php,Paid,Cash,147037.60
B003163,P00421,V001934,2024-05-17,Medication,26236.58,Php,Paid,"Credit Card",26236.58
B003164,P00648,V001508,2023-02-08,Emergency,50452.69,Php,Paid,Cash,50452.69
B003165,P00341,V002776,2023-10-24,Medication,79571.26,Php,Pending,Cash,0.00
B003166,P00244,V000792,2024-11-15,Other,100192.63,Php,Partial,"Credit Card",50096.32
B003167,P00341,V000826,2024-04-13,Surgery,14835.08,Php,Partial,Cash,7417.54
B003168,P00195,V001139,2023-10-12,Medication,119658.27,Php,Paid,Cash,119658.27
B003169,P00010,V002192,2023-03-22,Laboratory,127934.51,Php,Paid,"Bank Transfer",127934.51
B003170,P00135,V002643,2023-12-13,Emergency,74636.70,Php,Partial,GCash,55977.52
B003171,P00948,V000431,2025-03-09,Surgery,123946.63,Php,Pending,"Debit Card",0.00
B003172,P00371,V001573,2025-03-21,Laboratory,85403.37,Php,Pending,GCash,0.00
B003173,P00341,V000435,2025-01-31,Emergency,104650.19,Php,Paid,Cash,104650.19
B003174,P00285,V001053,2025-10-17,Laboratory,82058.42,Php,Paid,Cash,82058.42
B003175,P00719,V000090,2024-05-30,Laboratory,76881.01,Php,Paid,"Credit Card",76881.01
B003176,P00766,V000433,2023-03-28,Medication,28715.14,Php,Partial,Cash,21536.35
B003177,P00672,V002427,2024-03-24,Other,33854.18,Php,Paid,GCash,33854.18
B003178,P00181,V001522,2024-02-27,Consultation,133223.17,Php,Partial,Insurance,66611.59
B003179,P00919,V002891,2025-08-22,Laboratory,74011.03,Php,Paid,Cash,74011.03
B003180,P00314,V001444,2025-11-20,Medication,48965.97,Php,Paid,"Credit Card",48965.97
B003181,P00504,V001535,2023-07-01,Other,6739.65,Php,Paid,Cash,6739.65
B003182,P00562,V000892,2025-10-31,Consultation,98480.60,Php,Paid,Cash,98480.60
B003183,P00999,V002580,2024-04-08,Laboratory,66187.60,Php,Pending,Cash,0.00
B003184,P00947,V000853,2024-02-13,Laboratory,27495.57,Php,Paid,GCash,27495.57
B003185,P00071,V000142,2023-04-03,Surgery,44645.46,Php,Paid,"Bank Transfer",44645.46
B003186,P00969,V000829,2025-01-15,Emergency,76503.26,Php,Paid,Cash,76503.26
B003187,P00154,V001825,2024-09-03,Laboratory,135892.35,Php,Partial,Cash,67946.18
B003188,P00772,V002016,2023-06-05,Laboratory,43509.70,Php,Paid,Cash,43509.70
B003189,P00343,V002509,2023-10-03,Laboratory,135475.22,Php,Pending,Cash,0.00
B003190,P00574,V001182,2025-04-16,Surgery,75891.79,Php,Paid,"Debit Card",75891.79
B003191,P00377,V001422,2025-03-24,Surgery,149942.19,Php,Paid,"Bank Transfer",149942.19
B003192,P00161,V002247,2024-02-25,Surgery,103775.79,Php,Pending,Cash,0.00
B003193,P00321,V001399,2023-05-06,Medication,67336.42,Php,Pending,GCash,0.00
B003194,P00277,V000685,2025-10-04,Emergency,15255.25,Php,Partial,"Bank Transfer",7627.62
B003195,P00695,V002140,2024-05-30,Laboratory,52711.82,Php,Partial,Cash,26355.91
B003196,P00181,V002010,2024-06-13,Laboratory,29747.25,Php,Paid,GCash,29747.25
B003197,P00474,V001562,2023-04-15,Laboratory,99452.58,Php,Paid,"Bank Transfer",99452.58
B003198,P00170,V000560,2023-08-04,Consultation,123786.84,Php,Partial,"Credit Card",92840.13
B003199,P00289,V001878,2024-12-30,Emergency,133029.27,Php,Paid,Cash,133029.27
B003200,P00392,V000765,2025-06-10,Emergency,118446.26,Php,Partial,Cash,88834.69
B003201,P00111,V001416,2024-08-02,Medication,149033.69,Php,Paid,GCash,149033.69
B003202,P00114,V002119,2023-03-12,Surgery,103932.67,Php,Paid,"Bank Transfer",103932.67
B003203,P00507,V001353,2023-02-07,Surgery,90826.18,Php,Partial,GCash,68119.63
