sales_date,category,sales_channel,total_orders,total_quantity,gross_sales,total_discount,net_sales,average_order_value
2022-01-01,NULL,Unknown,1,2,3998,399.8,3598.2,3598.2
2022-01-01,"Mobile Devices",Store,1,9,80991,0,80991,80991
2022-01-01,Networking,Online,1,7,10493,2098.6,8394.4,8394.4
2022-01-01,"Office Furniture",Marketplace,1,3,14997,0,14997,14997
2022-01-02,"Office Furniture",Store,1,9,179991,5399.73,174591.27,174591.27
2022-01-03,Electronics,Online,1,9,36000,1080,34920,34920
2022-01-04,NULL,Marketplace,1,3,44997,6749.55,38247.45,38247.45
2022-01-04,Electronics,Marketplace,1,4,3996,0,3996,3996
2022-01-05,"Computer Accesossories",Store,1,4,39996,0,39996,39996
2022-01-05,"Mobile Devices",Marketplace,1,6,77994,15598.8,62395.2,62395.2
2022-01-06,"Office Furniture",Unknown,1,1,19999,999.95,18999.05,18999.05
2022-01-07,"Computer Accesossories",Online,2,10,14990,749.5,14240.5,7120.25
2022-01-07,"Computer Accesossories",Store,2,14,20986,599.6,20386.4,10193.2
2022-01-07,Electronics,Store,1,5,4995,999,3996,3996
2022-01-07,"Mobile Devices",Store,1,0,0,0,0,0
2022-01-07,"Office Furniture",Marketplace,1,3,14997,749.85,14247.15,14247.15
2022-01-08,"Computer Accesossories",Marketplace,1,7,10493,524.65,9968.35,9968.35
2022-01-08,Electronics,Store,1,5,24995,749.85,24245.15,24245.15
2022-01-09,"Computer Accesossories",Store,1,5,7495,1499,5996,5996
2022-01-09,"Computer Accesossories",Unknown,2,2,2998,0,2998,1499
2022-01-09,Electronics,Marketplace,2,9,39996,4999.6,34996.4,17498.2
2022-01-09,"Mobile Devices",Store,1,5,149995,7499.75,142495.25,142495.25
2022-01-10,"Computer Accesossories",Online,1,9,13491,0,13491,13491
2022-01-10,"Computer Accesossories",Store,2,5,17495,1049.7,16445.3,8222.65
2022-01-10,Electronics,Marketplace,1,7,28000,840,27160,27160
2022-01-10,Electronics,Online,1,4,3996,799.2,3196.8,3196.8
2022-01-10,Electronics,Store,1,5,4995,149.85,4845.15,4845.15
2022-01-10,"Mobile Devices",Store,1,1,12999,0,12999,12999
2022-01-10,"Office Furniture",Store,2,10,154990,23998.350000000002,130991.65000000001,65495.825000000004
2022-01-11,"Computer Accesossories",Marketplace,1,6,14994,2249.1,12744.9,12744.9
2022-01-11,Networking,Online,1,5,7495,0,7495,7495
2022-01-12,"Computer Accesossories",Store,2,9,13491,404.73,13086.269999999999,6543.134999999999
2022-01-12,Networking,Store,1,9,13491,0,13491,13491
2022-01-13,"Computer Accesossories",Marketplace,1,10,34990,0,34990,34990
2022-01-13,"Computer Accesossories",Online,1,9,13491,2698.2,10792.8,10792.8
2022-01-13,"Computer Accesossories",Store,2,5,7495,1274.15,6220.85,3110.425
2022-01-13,Electronics,Marketplace,1,3,12000,600,11400,11400
2022-01-13,Electronics,Store,1,8,7992,0,7992,7992
2022-01-13,"Mobile Devices",Store,1,4,35996,1799.8,34196.2,34196.2
2022-01-14,"Mobile Devices",Store,1,2,25998,1299.9,24698.1,24698.1
2022-01-14,Networking,Store,1,7,10493,0,10493,10493
2022-01-15,Electronics,Unknown,1,4,3996,0,3996,3996
2022-01-15,"Mobile Devices",Store,1,10,89990,8999,80991,80991
2022-01-15,"Mobile Devices",Unknown,1,6,53994,0,53994,53994
2022-01-16,"Computer Accesossories",Online,1,3,4497,224.85,4272.15,4272.15
2022-01-16,"Computer Accesossories",Store,1,8,11992,0,11992,11992
2022-01-16,"Mobile Devices",Online,1,4,51996,5199.6,46796.4,46796.4
2022-01-16,"Mobile Devices",Store,1,4,35996,1079.88,34916.12,34916.12
2022-01-17,"Computer Accesossories",Online,1,5,12495,0,12495,12495
2022-01-17,Electronics,Online,1,10,40000,1200,38800,38800
2022-01-17,Electronics,Store,1,9,8991,1798.2,7192.8,7192.8
2022-01-17,"Mobile Devices",Marketplace,1,4,35996,1799.8,34196.2,34196.2
2022-01-17,Networking,Unknown,1,7,10493,524.65,9968.35,9968.35
2022-01-18,Electronics,Store,1,1,4999,499.9,4499.1,4499.1
2022-01-18,"Mobile Devices",Unknown,1,0,0,0,0,0
2022-01-20,"Computer Accesossories",Store,2,7,10493,314.79,10178.21,5089.105
2022-01-20,"Computer Accesossories",Unknown,1,7,10493,1573.95,8919.05,8919.05
2022-01-20,Electronics,Store,2,3,10997,1499.7,9497.3,4748.65
2022-01-20,Electronics,Unknown,1,4,3996,599.4,3396.6,3396.6
2022-01-20,"Mobile Devices",Marketplace,1,2,25998,0,25998,25998
2022-01-20,"Office Furniture",Online,1,2,39998,3999.8,35998.2,35998.2
2022-01-21,"Mobile Devices",Unknown,1,9,116991,3509.73,113481.27,113481.27
2022-01-21,"Office Furniture",Marketplace,1,2,9998,299.94,9698.06,9698.06
2022-01-22,Electronics,Online,1,9,8991,0,8991,8991
2022-01-22,Electronics,Store,1,2,1998,399.6,1598.4,1598.4
2022-01-22,"Mobile Devices",Marketplace,1,4,51996,0,51996,51996
2022-01-23,"Computer Accesossories",Online,1,4,5996,0,5996,5996
2022-01-23,Networking,Unknown,1,10,14990,0,14990,14990
2022-01-24,"Computer Accesossories",Marketplace,1,1,1499,0,1499,1499
2022-01-24,"Computer Accesossories",Online,1,2,19998,599.94,19398.06,19398.06
2022-01-24,"Office Furniture",Unknown,1,7,139993,27998.6,111994.4,111994.4
2022-01-25,"Mobile Devices",Marketplace,1,9,269991,0,269991,269991
2022-01-26,"Computer Accesossories",Online,1,10,24990,749.7,24240.3,24240.3
2022-01-26,"Mobile Devices",Unknown,1,8,103992,15598.8,88393.2,88393.2
2022-01-27,NULL,Online,1,4,7996,239.88,7756.12,7756.12
2022-01-27,"Computer Accesossories",Store,1,0,0,0,0,0
2022-01-27,Electronics,Store,1,8,32000,4800,27200,27200
2022-01-27,"Mobile Devices",Marketplace,1,2,25998,5199.6,20798.4,20798.4
2022-01-27,"Mobile Devices",Online,1,2,17998,0,17998,17998
2022-01-28,"Office Furniture",Store,1,5,24995,0,24995,24995
2022-01-29,"Computer Accesossories",Online,2,7,63493,6349.299999999999,57143.7,28571.85
2022-01-29,"Computer Accesossories",Store,1,3,4497,674.55,3822.45,3822.45
2022-01-29,Electronics,Store,2,9,11992,1399.2,10592.8,5296.4
2022-01-29,Electronics,Unknown,1,7,6993,1048.95,5944.05,5944.05
2022-01-29,"Mobile Devices",Unknown,2,10,299990,24299.190000000002,275690.81,137845.405
2022-01-30,"Computer Accesossories",Online,1,8,27992,1399.6,26592.4,26592.4
2022-01-30,Electronics,Marketplace,1,10,9990,1498.5,8491.5,8491.5
2022-01-30,Electronics,Online,1,5,24995,0,24995,24995
2022-01-31,"Computer Accesossories",Marketplace,1,4,13996,699.8,13296.2,13296.2
2022-01-31,Electronics,Store,1,7,28000,0,28000,28000
2022-02-01,"Computer Accesossories",Unknown,1,4,5996,299.8,5696.2,5696.2
2022-02-01,"Mobile Devices",Marketplace,1,1,29999,4499.85,25499.15,25499.15
2022-02-01,"Office Furniture",Online,1,8,39992,0,39992,39992
2022-02-02,NULL,Store,1,2,2998,149.9,2848.1,2848.1
2022-02-02,"Computer Accesossories",Unknown,1,5,7495,749.5,6745.5,6745.5
2022-02-02,"Mobile Devices",Online,2,18,386982,77396.4,309585.6,154792.8
2022-02-03,"Computer Accesossories",Online,1,9,13491,2023.65,11467.35,11467.35
2022-02-03,"Computer Accesossories",Store,1,5,17495,0,17495,17495
2022-02-03,"Mobile Devices",Marketplace,1,2,59998,1799.94,58198.06,58198.06
2022-02-03,"Mobile Devices",Store,1,3,26997,4049.55,22947.45,22947.45
2022-02-03,"Office Furniture",Marketplace,1,3,14997,449.91,14547.09,14547.09
2022-02-04,"Computer Accesossories",Store,1,8,19992,0,19992,19992
2022-02-04,"Mobile Devices",Online,1,2,17998,1799.8,16198.2,16198.2
2022-02-05,"Computer Accesossories",Store,1,7,17493,524.79,16968.21,16968.21
2022-02-06,"Computer Accesossories",Store,2,19,122481,11123.55,111357.45,55678.725
2022-02-06,"Computer Accesossories",Unknown,1,6,14994,749.7,14244.3,14244.3
2022-02-06,"Office Furniture",Store,1,10,199990,39998,159992,159992
2022-02-07,"Mobile Devices",Marketplace,1,9,269991,13499.55,256491.45,256491.45
2022-02-08,"Computer Accesossories",Marketplace,1,6,8994,0,8994,8994
2022-02-08,"Computer Accesossories",Online,1,2,19998,599.94,19398.06,19398.06
2022-02-08,Electronics,Online,1,8,39992,5998.8,33993.2,33993.2
2022-02-08,"Mobile Devices",Unknown,1,1,12999,1299.9,11699.1,11699.1
2022-02-09,Electronics,Store,1,8,39992,0,39992,39992
2022-02-09,"Office Furniture",Online,1,3,14997,1499.7,13497.3,13497.3
2022-02-09,"Office Furniture",Store,1,1,19999,1999.9,17999.1,17999.1
2022-02-10,NULL,Marketplace,1,8,15992,0,15992,15992
2022-02-11,Electronics,Unknown,1,7,28000,2800,25200,25200
2022-02-12,"Computer Accesossories",Marketplace,1,6,20994,0,20994,20994
2022-02-13,"Computer Accesossories",Online,1,1,2499,249.9,2249.1,2249.1
2022-02-13,"Computer Accesossories",Store,1,4,5996,899.4,5096.6,5096.6
2022-02-13,"Mobile Devices",Unknown,1,3,89997,8999.7,80997.3,80997.3
2022-02-14,Electronics,Store,1,7,28000,0,28000,28000
2022-02-14,Electronics,Unknown,1,5,24995,2499.5,22495.5,22495.5
2022-02-14,"Mobile Devices",Store,1,6,53994,1619.82,52374.18,52374.18
2022-02-14,"Office Furniture",Online,1,10,49990,4999,44991,44991
2022-02-14,"Office Furniture",Store,1,5,24995,0,24995,24995
2022-02-17,"Computer Accesossories",Marketplace,1,5,12495,374.85,12120.15,12120.15
2022-02-17,"Computer Accesossories",Online,1,3,29997,4499.55,25497.45,25497.45
2022-02-17,"Computer Accesossories",Store,3,17,31483,2773.75,28709.25,9569.75
2022-02-17,Electronics,Store,1,5,20000,3000,17000,17000
2022-02-17,"Mobile Devices",Online,1,4,35996,3599.6,32396.4,32396.4
2022-02-17,"Office Furniture",Unknown,1,8,159992,7999.6,151992.4,151992.4
2022-02-18,"Computer Accesossories",Unknown,1,1,1499,0,1499,1499
2022-02-18,"Mobile Devices",Store,1,9,269991,0,269991,269991
2022-02-19,"Computer Accesossories",Online,1,3,4497,134.91,4362.09,4362.09
2022-02-19,"Office Furniture",Marketplace,1,7,34993,0,34993,34993
2022-02-20,"Computer Accesossories",Marketplace,1,8,11992,1798.8,10193.2,10193.2
2022-02-20,Electronics,Online,1,4,19996,599.88,19396.12,19396.12
2022-02-21,Electronics,Marketplace,1,3,2997,449.55,2547.45,2547.45
2022-02-21,Electronics,Online,1,8,39992,7998.4,31993.6,31993.6
2022-02-22,"Mobile Devices",Online,2,8,75992,15198.400000000001,60793.600000000006,30396.800000000003
2022-02-22,"Office Furniture",Store,1,5,24995,3749.25,21245.75,21245.75
2022-02-23,"Computer Accesossories",Store,1,5,7495,1124.25,6370.75,6370.75
2022-02-23,"Mobile Devices",Store,1,7,90993,0,90993,90993
2022-02-24,"Computer Accesossories",Marketplace,1,5,17495,524.85,16970.15,16970.15
2022-02-24,"Computer Accesossories",Unknown,2,8,40992,999.9,39992.1,19996.05
2022-02-24,Electronics,Store,1,2,8000,1600,6400,6400
2022-02-24,"Mobile Devices",Online,1,4,35996,1799.8,34196.2,34196.2
2022-02-26,"Computer Accesossories",Marketplace,2,11,24489,2134.11,22354.89,11177.445
2022-02-26,"Computer Accesossories",Online,2,7,14493,1049.7,13443.3,6721.65
2022-02-26,Electronics,Store,1,5,24995,0,24995,24995
2022-02-26,"Mobile Devices",Online,2,14,293986,35998.8,257987.2,128993.6
2022-02-26,"Mobile Devices",Store,1,3,26997,809.91,26187.09,26187.09
2022-02-27,"Computer Accesossories",Marketplace,1,0,0,0,0,0
2022-02-28,"Computer Accesossories",Marketplace,1,9,22491,3373.65,19117.35,19117.35
2022-02-28,Electronics,Marketplace,1,4,19996,999.8,18996.2,18996.2
2022-02-28,"Mobile Devices",Online,1,9,80991,12148.65,68842.35,68842.35
2022-02-28,"Office Furniture",Online,1,4,19996,2999.4,16996.6,16996.6
2022-03-01,"Computer Accesossories",Unknown,1,7,69993,10498.95,59494.05,59494.05
2022-03-02,"Computer Accesossories",Store,1,7,10493,1049.3,9443.7,9443.7
2022-03-02,Networking,Store,1,9,13491,2698.2,10792.8,10792.8
2022-03-02,"Office Furniture",Online,1,2,39998,0,39998,39998
2022-03-03,Electronics,Online,1,9,8991,899.1,8091.9,8091.9
2022-03-03,Electronics,Unknown,1,10,40000,2000,38000,38000
2022-03-03,"Mobile Devices",Store,1,10,89990,0,89990,89990
2022-03-03,"Office Furniture",Marketplace,1,7,139993,0,139993,139993
2022-03-04,"Computer Accesossories",Unknown,1,9,13491,0,13491,13491
2022-03-04,Electronics,Online,1,6,24000,3600,20400,20400
2022-03-04,Electronics,Unknown,1,6,29994,1499.7,28494.3,28494.3
2022-03-04,Networking,Marketplace,1,7,10493,0,10493,10493
2022-03-05,NULL,Online,1,3,2397,359.55,2037.45,2037.45
2022-03-05,NULL,Store,1,6,8994,0,8994,8994
2022-03-05,"Computer Accesossories",Online,1,0,0,0,0,0
2022-03-05,"Office Furniture",Marketplace,1,1,19999,1999.9,17999.1,17999.1
2022-03-05,"Office Furniture",Online,1,2,39998,5999.7,33998.3,33998.3
2022-03-06,"Computer Accesossories",Store,1,0,0,0,0,0
2022-03-06,"Office Furniture",Online,1,9,179991,8999.55,170991.45,170991.45
2022-03-07,"Mobile Devices",Online,1,5,64995,0,64995,64995
2022-03-08,Electronics,Marketplace,1,8,7992,239.76,7752.24,7752.24
2022-03-08,Electronics,Online,1,5,4995,749.25,4245.75,4245.75
2022-03-08,"Mobile Devices",Online,1,2,59998,8999.7,50998.3,50998.3
2022-03-08,"Office Furniture",Store,1,5,99995,9999.5,89995.5,89995.5
2022-03-09,"Computer Accesossories",Online,2,15,28485,0,28485,14242.5
2022-03-09,"Office Furniture",Store,1,6,29994,4499.1,25494.9,25494.9
2022-03-10,"Computer Accesossories",Unknown,1,1,2499,0,2499,2499
2022-03-10,Networking,Marketplace,1,7,10493,314.79,10178.21,10178.21
2022-03-10,"Office Furniture",Online,1,5,99995,19999,79996,79996
2022-03-11,"Computer Accesossories",Store,2,10,34990,1049.7,33940.3,16970.15
2022-03-12,Electronics,Online,1,4,16000,2400,13600,13600
2022-03-13,"Computer Accesossories",Store,1,7,24493,734.79,23758.21,23758.21
2022-03-13,Electronics,Marketplace,1,10,9990,1998,7992,7992
2022-03-13,"Mobile Devices",Store,1,7,62993,9448.95,53544.05,53544.05
2022-03-13,"Mobile Devices",Unknown,1,7,90993,13648.95,77344.05,77344.05
2022-03-14,"Computer Accesossories",Store,2,9,13491,1124.25,12366.75,6183.375
2022-03-14,"Mobile Devices",Store,1,1,12999,1949.85,11049.15,11049.15
2022-03-15,NULL,Online,1,5,49995,1499.85,48495.15,48495.15
2022-03-15,"Computer Accesossories",Online,2,14,64986,2499,62487,31243.5
2022-03-16,"Computer Accesossories",Marketplace,1,4,5996,599.6,5396.4,5396.4
2022-03-16,"Computer Accesossories",Store,1,2,2998,299.8,2698.2,2698.2
2022-03-16,"Computer Accesossories",Unknown,1,3,10497,0,10497,10497
2022-03-16,Electronics,Online,1,9,36000,0,36000,36000
2022-03-16,Electronics,Store,2,11,54989,6998.6,47990.4,23995.2
2022-03-16,Electronics,Unknown,1,8,7992,1198.8,6793.2,6793.2
2022-03-16,"Mobile Devices",Online,1,5,44995,2249.75,42745.25,42745.25
2022-03-17,NULL,Store,1,9,17991,539.73,17451.27,17451.27
2022-03-17,"Computer Accesossories",Store,1,1,3499,0,3499,3499
2022-03-17,Electronics,Online,1,8,32000,0,32000,32000
2022-03-17,"Mobile Devices",Marketplace,1,6,77994,11699.1,66294.9,66294.9
2022-03-18,NULL,Online,1,1,7999,799.9,7199.1,7199.1
2022-03-18,"Computer Accesossories",Marketplace,1,4,9996,1499.4,8496.6,8496.6
2022-03-18,"Computer Accesossories",Online,1,5,7495,1499,5996,5996
2022-03-18,"Computer Accesossories",Store,1,5,17495,2624.25,14870.75,14870.75
2022-03-18,Electronics,Online,1,6,29994,0,29994,29994
2022-03-18,"Mobile Devices",Online,1,6,179994,17999.4,161994.6,161994.6
2022-03-18,"Office Furniture",Online,1,1,19999,3999.8,15999.2,15999.2
2022-03-19,NULL,Marketplace,1,3,59997,1799.91,58197.09,58197.09
2022-03-19,"Computer Accesossories",Marketplace,1,1,1499,224.85,1274.15,1274.15
2022-03-19,"Computer Accesossories",Online,2,17,32483,3373.45,29109.55,14554.775
2022-03-20,"Computer Accesossories",Online,3,22,52978,5072.95,47905.049999999996,15968.349999999999
2022-03-20,"Office Furniture",Unknown,1,1,19999,0,19999,19999
2022-03-21,Electronics,Store,1,4,19996,2999.4,16996.6,16996.6
2022-03-21,"Mobile Devices",Store,1,2,25998,0,25998,25998
2022-03-22,"Computer Accesossories",Marketplace,1,1,1499,44.97,1454.03,1454.03
2022-03-22,Networking,Marketplace,1,10,14990,0,14990,14990
2022-03-22,"Office Furniture",Marketplace,1,2,9998,999.8,8998.2,8998.2
2022-03-23,Networking,Store,1,4,5996,179.88,5816.12,5816.12
2022-03-23,"Office Furniture",Unknown,1,6,29994,4499.1,25494.9,25494.9
2022-03-25,"Computer Accesossories",Store,1,3,10497,1049.7,9447.3,9447.3
2022-03-25,Electronics,Store,1,4,19996,0,19996,19996
2022-03-27,"Computer Accesossories",Store,1,1,9999,999.9,8999.1,8999.1
2022-03-27,Electronics,Online,1,2,8000,400,7600,7600
2022-03-27,Electronics,Store,2,14,63992,9598.8,54393.2,27196.6
2022-03-27,"Mobile Devices",Store,1,8,103992,3119.76,100872.24,100872.24
2022-03-27,"Office Furniture",Store,1,8,159992,0,159992,159992
2022-03-28,"Computer Accesossories",Store,1,9,13491,2023.65,11467.35,11467.35
2022-03-29,"Computer Accesossories",Online,1,6,8994,449.7,8544.3,8544.3
2022-03-29,"Computer Accesossories",Store,1,3,4497,674.55,3822.45,3822.45
2022-03-29,"Computer Accesossories",Unknown,1,0,0,0,0,0
2022-03-29,"Mobile Devices",Store,1,10,129990,19498.5,110491.5,110491.5
2022-03-29,"Office Furniture",Store,1,2,9998,999.8,8998.2,8998.2
2022-03-30,"Computer Accesossories",Unknown,1,1,9999,0,9999,9999
2022-03-30,Networking,Online,1,9,13491,2698.2,10792.8,10792.8
2022-03-31,"Computer Accesossories",Online,1,5,7495,0,7495,7495
2022-03-31,"Office Furniture",Marketplace,1,3,59997,0,59997,59997
2022-04-01,"Computer Accesossories",Unknown,1,2,19998,599.94,19398.06,19398.06
2022-04-02,"Computer Accesossories",Online,1,4,39996,1999.8,37996.2,37996.2
2022-04-02,Electronics,Online,3,15,50985,5998.8,44986.2,14995.4
2022-04-02,Electronics,Unknown,1,10,40000,1200,38800,38800
2022-04-02,"Mobile Devices",Unknown,1,10,299990,44998.5,254991.5,254991.5
2022-04-03,"Computer Accesossories",Store,1,4,5996,1199.2,4796.8,4796.8
2022-04-03,Electronics,Store,1,5,24995,2499.5,22495.5,22495.5
2022-04-03,"Mobile Devices",Store,1,7,62993,6299.3,56693.7,56693.7
2022-04-03,Networking,Store,1,2,2998,149.9,2848.1,2848.1
2022-04-04,NULL,Unknown,1,10,149990,14999,134991,134991
2022-04-04,"Computer Accesossories",Online,1,2,4998,0,4998,4998
2022-04-04,Electronics,Store,1,3,14997,2999.4,11997.6,11997.6
2022-04-05,"Computer Accesossories",Marketplace,1,4,13996,1399.6,12596.4,12596.4
2022-04-05,Electronics,Online,1,7,6993,699.3,6293.7,6293.7
2022-04-05,Electronics,Unknown,1,3,2997,449.55,2547.45,2547.45
2022-04-05,"Mobile Devices",Online,1,5,149995,29999,119996,119996
2022-04-06,"Computer Accesossories",Online,1,2,2998,0,2998,2998
2022-04-06,"Mobile Devices",Online,1,4,51996,2599.8,49396.2,49396.2
2022-04-07,NULL,Marketplace,1,9,7191,0,7191,7191
2022-04-07,"Computer Accesossories",Marketplace,1,1,1499,224.85,1274.15,1274.15
2022-04-07,"Computer Accesossories",Online,3,12,60488,3174.3,57313.7,19104.566666666666
2022-04-07,Electronics,Online,1,10,9990,0,9990,9990
2022-04-07,Electronics,Unknown,1,9,44991,0,44991,44991
2022-04-08,Electronics,Online,1,1,4000,600,3400,3400
2022-04-08,Electronics,Store,1,1,4000,200,3800,3800
2022-04-08,"Mobile Devices",Store,1,0,0,0,0,0
2022-04-08,"Office Furniture",Unknown,1,9,44991,1349.73,43641.27,43641.27
2022-04-09,"Mobile Devices",Online,1,4,51996,0,51996,51996
2022-04-09,"Mobile Devices",Store,1,4,119996,5999.8,113996.2,113996.2
2022-04-10,"Mobile Devices",Store,1,0,0,0,0,0
2022-04-11,"Computer Accesossories",Store,2,9,13491,2698.2,10792.8,5396.4
2022-04-11,Electronics,Online,1,5,4995,149.85,4845.15,4845.15
2022-04-11,Electronics,Unknown,1,6,24000,3600,20400,20400
2022-04-11,"Mobile Devices",Online,1,4,51996,0,51996,51996
2022-04-11,"Office Furniture",Store,1,1,4999,0,4999,4999
2022-04-12,"Office Furniture",Online,1,4,79996,11999.4,67996.6,67996.6
2022-04-12,"Office Furniture",Unknown,1,6,29994,1499.7,28494.3,28494.3
2022-04-13,Electronics,Marketplace,1,6,5994,1198.8,4795.2,4795.2
2022-04-13,"Mobile Devices",Marketplace,1,8,239992,47998.4,191993.6,191993.6
2022-04-13,"Mobile Devices",Online,1,5,149995,4499.85,145495.15,145495.15
2022-04-13,"Office Furniture",Marketplace,1,7,139993,13999.3,125993.7,125993.7
2022-04-14,"Computer Accesossories",Online,1,8,11992,1199.2,10792.8,10792.8
2022-04-14,"Computer Accesossories",Store,1,8,11992,359.76,11632.24,11632.24
2022-04-15,"Computer Accesossories",Online,1,6,8994,269.82,8724.18,8724.18
2022-04-16,"Computer Accesossories",Online,1,3,29997,899.91,29097.09,29097.09
2022-04-16,"Computer Accesossories",Unknown,1,2,2998,449.7,2548.3,2548.3
2022-04-16,"Mobile Devices",Unknown,2,10,105990,4219.62,101770.38,50885.19
2022-04-17,"Computer Accesossories",Marketplace,1,0,0,0,0,0
2022-04-17,"Computer Accesossories",Store,1,10,14990,449.7,14540.3,14540.3
2022-04-18,"Computer Accesossories",Store,1,3,7497,374.85,7122.15,7122.15
2022-04-18,Electronics,Marketplace,1,6,24000,3600,20400,20400
2022-04-18,Electronics,Online,1,3,14997,0,14997,14997
2022-04-18,"Office Furniture",Store,1,5,24995,1249.75,23745.25,23745.25
2022-04-18,"Office Furniture",Unknown,1,4,79996,3999.8,75996.2,75996.2
2022-04-19,"Computer Accesossories",Store,1,5,17495,0,17495,17495
2022-04-19,"Computer Accesossories",Unknown,1,9,22491,674.73,21816.27,21816.27
2022-04-19,"Mobile Devices",Online,2,4,56996,1349.85,55646.15,27823.075
2022-04-20,"Computer Accesossories",Marketplace,1,7,10493,2098.6,8394.4,8394.4
2022-04-20,"Computer Accesossories",Store,2,15,112485,17497.5,94987.5,47493.75
2022-04-20,"Office Furniture",Online,1,5,24995,0,24995,24995
2022-04-21,NULL,Online,1,9,8991,0,8991,8991
2022-04-21,Electronics,Online,1,6,5994,599.4,5394.6,5394.6
2022-04-21,"Mobile Devices",Marketplace,1,0,0,0,0,0
2022-04-22,"Computer Accesossories",Store,2,11,26489,44.97,26444.03,13222.015
2022-04-22,"Mobile Devices",Online,1,1,12999,2599.8,10399.2,10399.2
2022-04-23,"Computer Accesossories",Store,1,5,7495,1124.25,6370.75,6370.75
2022-04-23,Electronics,Marketplace,2,11,10989,599.4,10389.6,5194.8
2022-04-23,Electronics,Online,1,1,999,29.97,969.03,969.03
2022-04-23,"Mobile Devices",Store,1,2,25998,779.94,25218.06,25218.06
2022-04-23,"Office Furniture",Store,1,10,199990,0,199990,199990
2022-04-24,"Computer Accesossories",Store,1,8,79992,11998.8,67993.2,67993.2
2022-04-24,"Computer Accesossories",Unknown,1,8,11992,0,11992,11992
2022-04-24,"Office Furniture",Online,1,5,24995,749.85,24245.15,24245.15
2022-04-24,"Office Furniture",Unknown,1,3,14997,2999.4,11997.6,11997.6
2022-04-25,"Computer Accesossories",Marketplace,1,3,4497,0,4497,4497
2022-04-25,"Computer Accesossories",Online,1,4,5996,179.88,5816.12,5816.12
2022-04-25,"Computer Accesossories",Unknown,1,6,20994,2099.4,18894.6,18894.6
2022-04-25,Electronics,Marketplace,1,6,29994,2999.4,26994.6,26994.6
2022-04-26,Networking,Store,1,3,4497,0,4497,4497
2022-04-27,"Computer Accesossories",Marketplace,1,10,99990,14998.5,84991.5,84991.5
2022-04-27,"Computer Accesossories",Online,1,5,49995,0,49995,49995
2022-04-27,Electronics,Marketplace,1,1,999,149.85,849.15,849.15
2022-04-27,Networking,Online,1,5,7495,749.5,6745.5,6745.5
2022-04-27,"Office Furniture",Marketplace,1,5,24995,3749.25,21245.75,21245.75
2022-04-28,"Computer Accesossories",Marketplace,2,15,22485,1499,20986,10493
2022-04-28,"Computer Accesossories",Online,1,4,5996,0,5996,5996
2022-04-28,"Computer Accesossories",Store,2,12,17988,224.85,17763.15,8881.575
2022-04-28,Electronics,Online,1,0,0,0,0,0
2022-04-28,"Office Furniture",Store,1,9,179991,8999.55,170991.45,170991.45
2022-04-29,"Computer Accesossories",Online,1,4,13996,2799.2,11196.8,11196.8
2022-04-29,Electronics,Online,1,10,40000,6000,34000,34000
2022-04-29,"Mobile Devices",Store,1,9,80991,16198.2,64792.8,64792.8
2022-04-29,"Office Furniture",Store,1,1,19999,2999.85,16999.15,16999.15
2022-04-30,"Mobile Devices",Marketplace,1,8,239992,0,239992,239992
2022-05-01,"Computer Accesossories",Marketplace,1,7,10493,1573.95,8919.05,8919.05
2022-05-01,"Computer Accesossories",Online,1,8,11992,0,11992,11992
2022-05-01,"Mobile Devices",Unknown,1,10,129990,12999,116991,116991
2022-05-02,"Computer Accesossories",Unknown,1,1,1499,149.9,1349.1,1349.1
2022-05-02,Electronics,Online,1,1,999,149.85,849.15,849.15
2022-05-02,"Mobile Devices",Unknown,1,5,44995,6749.25,38245.75,38245.75
2022-05-03,NULL,Unknown,1,10,29990,2999,26991,26991
2022-05-03,"Computer Accesossories",Online,1,8,11992,0,11992,11992
2022-05-03,"Computer Accesossories",Store,1,2,2998,449.7,2548.3,2548.3
2022-05-03,"Computer Accesossories",Unknown,1,8,11992,359.76,11632.24,11632.24
2022-05-03,Electronics,Store,1,10,40000,8000,32000,32000
2022-05-03,"Mobile Devices",Online,1,8,239992,23999.2,215992.8,215992.8
2022-05-04,"Computer Accesossories",Unknown,1,10,14990,2248.5,12741.5,12741.5
2022-05-04,"Mobile Devices",Online,2,13,148987,17848.55,131138.45,65569.225
2022-05-05,"Computer Accesossories",Unknown,1,9,89991,13498.65,76492.35,76492.35
2022-05-05,"Office Furniture",Store,1,3,14997,0,14997,14997
2022-05-06,"Office Furniture",Unknown,1,1,4999,149.97,4849.03,4849.03
2022-05-07,"Mobile Devices",Online,2,9,185991,7199.2,178791.8,89395.9
2022-05-07,"Mobile Devices",Unknown,1,1,8999,0,8999,8999
2022-05-08,"Computer Accesossories",Marketplace,1,2,4998,999.6,3998.4,3998.4
2022-05-08,"Mobile Devices",Online,1,7,209993,6299.79,203693.21,203693.21
2022-05-09,"Computer Accesossories",Marketplace,1,9,31491,944.73,30546.27,30546.27
2022-05-09,"Computer Accesossories",Unknown,1,7,24493,0,24493,24493
2022-05-09,Electronics,Online,1,9,44991,6748.65,38242.35,38242.35
2022-05-09,Electronics,Store,1,9,36000,0,36000,36000
2022-05-09,"Mobile Devices",Marketplace,1,8,103992,15598.8,88393.2,88393.2
2022-05-09,"Mobile Devices",Store,1,2,17998,2699.7,15298.3,15298.3
2022-05-09,Networking,Online,1,10,14990,2248.5,12741.5,12741.5
2022-05-10,"Office Furniture",Store,1,1,19999,0,19999,19999
2022-05-11,NULL,Store,1,9,17991,539.73,17451.27,17451.27
2022-05-11,"Computer Accesossories",Marketplace,1,5,7495,1124.25,6370.75,6370.75
2022-05-11,"Computer Accesossories",Unknown,1,5,7495,0,7495,7495
2022-05-11,Electronics,Store,1,7,34993,1749.65,33243.35,33243.35
2022-05-11,"Mobile Devices",Online,1,9,116991,11699.1,105291.9,105291.9
2022-05-11,"Mobile Devices",Store,1,3,38997,7799.4,31197.6,31197.6
2022-05-12,"Computer Accesossories",Store,2,9,89991,10498.95,79492.05,39746.025
2022-05-12,Electronics,Online,1,2,9998,499.9,9498.1,9498.1
2022-05-13,"Computer Accesossories",Store,1,3,10497,314.91,10182.09,10182.09
2022-05-13,Electronics,Store,1,10,40000,6000,34000,34000
2022-05-14,"Computer Accesossories",Online,1,4,5996,0,5996,5996
2022-05-14,Electronics,Online,1,7,34993,1749.65,33243.35,33243.35
2022-05-14,"Mobile Devices",Online,1,7,90993,0,90993,90993
2022-05-14,"Mobile Devices",Store,1,7,90993,4549.65,86443.35,86443.35
2022-05-15,"Computer Accesossories",Marketplace,1,4,9996,1999.2,7996.8,7996.8
2022-05-15,"Computer Accesossories",Online,1,8,11992,0,11992,11992
2022-05-15,Electronics,Store,2,9,28991,1549.0500000000002,27441.95,13720.975
2022-05-15,"Mobile Devices",Marketplace,1,9,116991,0,116991,116991
2022-05-15,Networking,Marketplace,1,9,13491,0,13491,13491
2022-05-16,"Computer Accesossories",Unknown,1,6,8994,269.82,8724.18,8724.18
2022-05-16,"Mobile Devices",Online,1,3,89997,0,89997,89997
2022-05-17,"Computer Accesossories",Online,1,2,19998,599.94,19398.06,19398.06
2022-05-17,"Computer Accesossories",Store,1,1,1499,0,1499,1499
2022-05-17,"Mobile Devices",Marketplace,1,9,116991,23398.2,93592.8,93592.8
2022-05-17,"Mobile Devices",Unknown,1,4,119996,0,119996,119996
2022-05-18,"Computer Accesossories",Online,2,10,14990,1499,13491,6745.5
2022-05-18,"Computer Accesossories",Unknown,1,3,4497,674.55,3822.45,3822.45
2022-05-18,Networking,Online,1,9,13491,0,13491,13491
2022-05-19,"Computer Accesossories",Online,1,10,34990,0,34990,34990
2022-05-19,"Computer Accesossories",Store,1,0,0,0,0,0
2022-05-19,"Computer Accesossories",Unknown,2,4,5996,899.4,5096.6,2548.3
2022-05-19,"Mobile Devices",Unknown,1,1,8999,269.97,8729.03,8729.03
2022-05-20,"Computer Accesossories",Online,1,3,10497,2099.4,8397.6,8397.6
2022-05-20,"Computer Accesossories",Store,1,5,7495,749.5,6745.5,6745.5
2022-05-20,"Mobile Devices",Online,1,6,77994,2339.82,75654.18,75654.18
2022-05-20,"Office Furniture",Store,1,5,24995,0,24995,24995
2022-05-21,"Computer Accesossories",Marketplace,2,9,22491,3373.6499999999996,19117.35,9558.675
2022-05-21,Electronics,Unknown,2,13,52000,5800,46200,23100
2022-05-21,"Mobile Devices",Marketplace,1,1,29999,0,29999,29999
2022-05-21,"Office Furniture",Unknown,1,5,99995,2999.85,96995.15,96995.15
2022-05-22,"Computer Accesossories",Unknown,1,8,19992,599.76,19392.24,19392.24
2022-05-23,Electronics,Unknown,1,10,9990,1498.5,8491.5,8491.5
2022-05-23,"Mobile Devices",Online,1,8,71992,0,71992,71992
2022-05-24,"Mobile Devices",Marketplace,1,8,239992,11999.6,227992.4,227992.4
2022-05-24,Networking,Store,1,7,10493,1573.95,8919.05,8919.05
2022-05-24,"Office Furniture",Unknown,1,1,4999,499.9,4499.1,4499.1
2022-05-25,"Computer Accesossories",Store,1,10,99990,0,99990,99990
2022-05-25,"Office Furniture",Marketplace,1,6,119994,5999.7,113994.3,113994.3
2022-05-26,"Computer Accesossories",Online,1,5,12495,1249.5,11245.5,11245.5
2022-05-26,"Computer Accesossories",Store,2,5,30495,4314.51,26180.489999999998,13090.244999999999
2022-05-26,Electronics,Online,2,8,13994,1299.1,12694.9,6347.45
2022-05-26,"Mobile Devices",Online,1,10,89990,17998,71992,71992
2022-05-27,NULL,Online,1,6,47994,2399.7,45594.3,45594.3
2022-05-27,"Computer Accesossories",Store,2,13,33487,3348.7000000000003,30138.300000000003,15069.150000000001
2022-05-27,"Mobile Devices",Online,1,0,0,0,0,0
2022-05-27,"Mobile Devices",Store,1,8,239992,0,239992,239992
2022-05-28,"Computer Accesossories",Marketplace,1,1,1499,0,1499,1499
2022-05-28,"Computer Accesossories",Store,1,5,7495,1499,5996,5996
2022-05-28,"Computer Accesossories",Unknown,1,2,4998,749.7,4248.3,4248.3
2022-05-29,"Computer Accesossories",Online,1,5,7495,1124.25,6370.75,6370.75
2022-05-29,Electronics,Marketplace,2,8,7992,199.8,7792.2,3896.1
2022-05-29,"Mobile Devices",Store,1,4,119996,11999.6,107996.4,107996.4
2022-05-30,"Computer Accesossories",Store,2,12,25988,1199.3600000000001,24788.64,12394.32
2022-05-30,Electronics,Online,1,6,29994,1499.7,28494.3,28494.3
2022-05-30,Electronics,Store,1,4,3996,0,3996,3996
2022-05-31,"Computer Accesossories",Store,2,19,113481,1349.1,112131.9,56065.95
2022-05-31,"Mobile Devices",Online,1,6,77994,11699.1,66294.9,66294.9
2022-06-02,"Computer Accesossories",Marketplace,1,6,8994,0,8994,8994
2022-06-02,"Computer Accesossories",Online,1,9,13491,0,13491,13491
2022-06-02,"Computer Accesossories",Unknown,1,1,1499,224.85,1274.15,1274.15
2022-06-02,"Mobile Devices",Online,1,2,17998,0,17998,17998
2022-06-02,"Mobile Devices",Store,1,10,299990,8999.7,290990.3,290990.3
2022-06-03,"Computer Accesossories",Marketplace,1,3,4497,899.4,3597.6,3597.6
2022-06-03,"Computer Accesossories",Unknown,1,5,12495,0,12495,12495
2022-06-03,"Mobile Devices",Marketplace,1,7,209993,0,209993,209993
2022-06-04,"Computer Accesossories",Online,1,7,24493,0,24493,24493
2022-06-05,"Computer Accesossories",Online,1,4,9996,999.6,8996.4,8996.4
2022-06-05,Electronics,Store,1,7,34993,1749.65,33243.35,33243.35
2022-06-05,"Mobile Devices",Store,1,4,35996,5399.4,30596.6,30596.6
2022-06-06,Electronics,Store,1,10,49990,0,49990,49990
2022-06-06,"Mobile Devices",Store,1,5,64995,6499.5,58495.5,58495.5
2022-06-07,"Computer Accesossories",Online,1,7,10493,314.79,10178.21,10178.21
2022-06-07,"Computer Accesossories",Store,1,6,8994,0,8994,8994
2022-06-07,Electronics,Online,1,10,40000,2000,38000,38000
2022-06-07,Electronics,Store,1,5,4995,149.85,4845.15,4845.15
2022-06-08,"Computer Accesossories",Marketplace,1,8,19992,0,19992,19992
2022-06-08,"Computer Accesossories",Online,1,7,17493,3498.6,13994.4,13994.4
2022-06-08,"Computer Accesossories",Unknown,2,10,14990,0,14990,7495
2022-06-08,Electronics,Marketplace,1,1,4000,0,4000,4000
2022-06-08,Electronics,Store,1,10,49990,2499.5,47490.5,47490.5
2022-06-08,"Mobile Devices",Online,1,7,209993,10499.65,199493.35,199493.35
2022-06-08,"Mobile Devices",Store,1,0,0,0,0,0
2022-06-09,Electronics,Marketplace,1,10,40000,4000,36000,36000
2022-06-09,Electronics,Online,1,10,49990,2499.5,47490.5,47490.5
2022-06-09,"Mobile Devices",Unknown,1,1,29999,0,29999,29999
2022-06-09,Networking,Store,1,1,1499,44.97,1454.03,1454.03
2022-06-10,"Computer Accesossories",Store,1,3,4497,0,4497,4497
2022-06-10,Networking,Marketplace,1,8,11992,599.6,11392.4,11392.4
2022-06-10,Networking,Unknown,1,3,4497,0,4497,4497
2022-06-11,"Computer Accesossories",Online,1,5,49995,0,49995,49995
2022-06-11,"Computer Accesossories",Store,1,9,13491,2698.2,10792.8,10792.8
2022-06-11,"Office Furniture",Store,1,6,29994,1499.7,28494.3,28494.3
2022-06-12,NULL,Store,1,5,99995,0,99995,99995
2022-06-12,"Computer Accesossories",Marketplace,1,5,12495,1874.25,10620.75,10620.75
2022-06-12,"Computer Accesossories",Online,2,4,5996,899.4,5096.6,2548.3
2022-06-12,"Mobile Devices",Marketplace,1,6,77994,11699.1,66294.9,66294.9
2022-06-12,Networking,Marketplace,1,10,14990,0,14990,14990
2022-06-13,"Computer Accesossories",Online,2,14,38986,4948.5,34037.5,17018.75
2022-06-13,"Computer Accesossories",Unknown,1,1,1499,0,1499,1499
2022-06-13,"Office Furniture",Online,1,4,19996,2999.4,16996.6,16996.6
2022-06-14,"Mobile Devices",Unknown,1,2,17998,3599.6,14398.4,14398.4
2022-06-14,Networking,Unknown,1,2,2998,0,2998,2998
2022-06-14,"Office Furniture",Store,1,6,119994,0,119994,119994
2022-06-15,"Computer Accesossories",Store,1,1,2499,0,2499,2499
2022-06-15,"Office Furniture",Online,1,2,9998,499.9,9498.1,9498.1
2022-06-16,NULL,Marketplace,1,10,9990,1998,7992,7992
2022-06-16,NULL,Store,1,1,1999,0,1999,1999
2022-06-16,"Computer Accesossories",Unknown,1,1,1499,149.9,1349.1,1349.1
2022-06-16,"Mobile Devices",Marketplace,2,7,86993,5249.549999999999,81743.45,40871.725
2022-06-16,"Mobile Devices",Online,2,18,201982,25998,175984,87992
2022-06-17,"Computer Accesossories",Store,1,3,7497,749.7,6747.3,6747.3
2022-06-17,Electronics,Online,1,8,39992,7998.4,31993.6,31993.6
2022-06-17,"Office Furniture",Store,1,8,159992,4799.76,155192.24,155192.24
2022-06-18,"Computer Accesossories",Marketplace,1,0,0,0,0,0
2022-06-18,"Computer Accesossories",Online,1,3,4497,449.7,4047.3,4047.3
2022-06-18,Networking,Online,1,8,11992,2398.4,9593.6,9593.6
2022-06-18,"Office Furniture",Online,1,7,139993,4199.79,135793.21,135793.21
2022-06-19,NULL,Store,1,8,79992,15998.4,63993.6,63993.6
2022-06-19,Electronics,Marketplace,1,10,40000,6000,34000,34000
2022-06-19,Electronics,Unknown,1,7,6993,699.3,6293.7,6293.7
2022-06-19,Networking,Online,1,4,5996,899.4,5096.6,5096.6
2022-06-20,"Computer Accesossories",Marketplace,1,7,10493,524.65,9968.35,9968.35
2022-06-20,"Computer Accesossories",Store,1,1,1499,299.8,1199.2,1199.2
2022-06-20,Electronics,Online,1,1,4999,0,4999,4999
2022-06-21,"Computer Accesossories",Unknown,1,2,2998,0,2998,2998
2022-06-21,Electronics,Store,1,9,36000,7200,28800,28800
2022-06-22,"Computer Accesossories",Store,1,10,14990,749.5,14240.5,14240.5
2022-06-22,Electronics,Marketplace,1,5,20000,2000,18000,18000
2022-06-22,Electronics,Online,1,4,16000,0,16000,16000
2022-06-23,"Computer Accesossories",Online,1,3,4497,674.55,3822.45,3822.45
2022-06-23,"Mobile Devices",Online,1,2,17998,2699.7,15298.3,15298.3
2022-06-23,"Office Furniture",Store,1,7,139993,4199.79,135793.21,135793.21
2022-06-23,"Office Furniture",Unknown,1,3,14997,0,14997,14997
2022-06-24,"Computer Accesossories",Online,1,10,14990,1499,13491,13491
2022-06-24,"Office Furniture",Online,1,5,24995,4999,19996,19996
2022-06-25,NULL,Store,1,1,2999,449.85,2549.15,2549.15
2022-06-25,"Computer Accesossories",Marketplace,1,10,14990,0,14990,14990
2022-06-25,Electronics,Marketplace,1,2,1998,399.6,1598.4,1598.4
2022-06-25,Electronics,Store,1,9,36000,3600,32400,32400
2022-06-25,Networking,Online,1,5,7495,749.5,6745.5,6745.5
2022-06-25,"Office Furniture",Marketplace,1,4,19996,1999.6,17996.4,17996.4
2022-06-26,"Mobile Devices",Store,1,3,26997,4049.55,22947.45,22947.45
2022-06-26,"Office Furniture",Marketplace,1,1,4999,0,4999,4999
2022-06-27,"Computer Accesossories",Unknown,2,2,4998,874.6500000000001,4123.35,2061.675
2022-06-27,Electronics,Online,1,5,24995,0,24995,24995
2022-06-27,"Mobile Devices",Store,2,13,132987,18798,114189,57094.5
2022-06-28,"Computer Accesossories",Online,2,11,109989,14498.55,95490.45,47745.225
2022-06-28,"Mobile Devices",Marketplace,1,6,53994,5399.4,48594.6,48594.6
2022-06-28,"Office Furniture",Store,1,7,139993,27998.6,111994.4,111994.4
2022-06-29,Electronics,Marketplace,1,8,32000,0,32000,32000
2022-06-29,"Mobile Devices",Marketplace,1,3,89997,2699.91,87297.09,87297.09
2022-06-29,"Office Furniture",Store,1,2,9998,0,9998,9998
2022-06-30,"Computer Accesossories",Store,1,1,9999,0,9999,9999
2022-06-30,"Computer Accesossories",Unknown,1,3,10497,1574.55,8922.45,8922.45
2022-06-30,Electronics,Online,2,11,46997,2249.55,44747.45,22373.725
2022-06-30,"Mobile Devices",Marketplace,1,2,25998,0,25998,25998
2022-07-01,"Computer Accesossories",Online,1,4,5996,0,5996,5996
2022-07-01,"Computer Accesossories",Store,1,5,7495,374.75,7120.25,7120.25
2022-07-01,"Computer Accesossories",Unknown,1,7,24493,734.79,23758.21,23758.21
2022-07-01,"Mobile Devices",Online,1,5,64995,3249.75,61745.25,61745.25
2022-07-01,"Mobile Devices",Unknown,1,10,129990,6499.5,123490.5,123490.5
2022-07-01,Networking,Online,1,8,11992,2398.4,9593.6,9593.6
2022-07-02,"Computer Accesossories",Store,1,5,7495,0,7495,7495
2022-07-02,"Office Furniture",Online,1,5,24995,0,24995,24995
2022-07-03,"Computer Accesossories",Marketplace,1,8,11992,1199.2,10792.8,10792.8
2022-07-03,"Mobile Devices",Marketplace,1,8,103992,0,103992,103992
2022-07-03,"Office Furniture",Store,1,0,0,0,0,0
2022-07-04,"Mobile Devices",Online,1,8,71992,14398.4,57593.6,57593.6
2022-07-04,Networking,Online,1,3,4497,134.91,4362.09,4362.09
2022-07-04,"Office Furniture",Online,1,3,14997,0,14997,14997
2022-07-04,"Office Furniture",Store,1,9,44991,1349.73,43641.27,43641.27
2022-07-05,"Computer Accesossories",Marketplace,1,7,10493,2098.6,8394.4,8394.4
2022-07-05,"Mobile Devices",Online,1,8,103992,0,103992,103992
2022-07-05,"Mobile Devices",Store,1,7,62993,9448.95,53544.05,53544.05
2022-07-06,"Computer Accesossories",Online,1,2,19998,599.94,19398.06,19398.06
2022-07-06,"Computer Accesossories",Store,1,8,11992,2398.4,9593.6,9593.6
2022-07-06,Electronics,Marketplace,1,9,8991,269.73,8721.27,8721.27
2022-07-06,Electronics,Unknown,1,3,14997,0,14997,14997
2022-07-06,Networking,Store,1,3,4497,134.91,4362.09,4362.09
2022-07-08,"Computer Accesossories",Store,1,4,5996,899.4,5096.6,5096.6
2022-07-08,"Computer Accesossories",Unknown,1,7,10493,2098.6,8394.4,8394.4
2022-07-08,Electronics,Online,1,7,6993,0,6993,6993
2022-07-08,Electronics,Store,1,3,14997,1499.7,13497.3,13497.3
2022-07-08,"Office Furniture",Store,1,9,179991,26998.65,152992.35,152992.35
2022-07-09,NULL,Unknown,1,2,1598,239.7,1358.3,1358.3
2022-07-09,"Computer Accesossories",Marketplace,1,3,29997,0,29997,29997
2022-07-09,"Computer Accesossories",Store,3,17,30483,2953.13,27529.870000000003,9176.623333333335
2022-07-09,"Mobile Devices",Store,2,10,109990,0,109990,54995
2022-07-09,"Office Furniture",Store,1,4,19996,3999.2,15996.8,15996.8
2022-07-10,"Mobile Devices",Unknown,1,7,62993,1889.79,61103.21,61103.21
2022-07-11,"Computer Accesossories",Online,3,21,31479,1499,29980,9993.333333333334
2022-07-11,"Mobile Devices",Store,1,2,25998,0,25998,25998
2022-07-11,"Mobile Devices",Unknown,1,5,64995,9749.25,55245.75,55245.75
2022-07-12,"Computer Accesossories",Store,2,10,32990,3373.95,29616.050000000003,14808.025000000001
2022-07-12,"Mobile Devices",Online,1,0,0,0,0,0
2022-07-12,"Office Furniture",Unknown,2,8,114992,17998.65,96993.35,48496.675
2022-07-13,"Computer Accesossories",Online,1,10,14990,449.7,14540.3,14540.3
2022-07-13,"Computer Accesossories",Store,1,4,13996,699.8,13296.2,13296.2
2022-07-13,Electronics,Online,1,6,24000,0,24000,24000
2022-07-13,Networking,Marketplace,1,8,11992,0,11992,11992
2022-07-13,Networking,Unknown,1,10,14990,2248.5,12741.5,12741.5
2022-07-14,"Computer Accesossories",Unknown,1,5,17495,0,17495,17495
2022-07-14,Electronics,Online,1,1,999,199.8,799.2,799.2
2022-07-15,"Computer Accesossories",Store,1,1,1499,74.95,1424.05,1424.05
2022-07-16,"Computer Accesossories",Store,1,7,10493,314.79,10178.21,10178.21
2022-07-16,Electronics,Online,1,6,24000,4800,19200,19200
2022-07-16,Electronics,Store,1,4,16000,800,15200,15200
2022-07-17,"Computer Accesossories",Online,1,3,4497,134.91,4362.09,4362.09
2022-07-17,Electronics,Marketplace,1,8,39992,7998.4,31993.6,31993.6
2022-07-17,"Office Furniture",Unknown,1,10,49990,0,49990,49990
2022-07-19,Electronics,Online,1,1,999,149.85,849.15,849.15
2022-07-19,"Mobile Devices",Marketplace,1,5,44995,0,44995,44995
2022-07-20,"Computer Accesossories",Marketplace,1,8,11992,0,11992,11992
2022-07-20,"Mobile Devices",Online,1,1,8999,899.9,8099.1,8099.1
2022-07-20,"Office Furniture",Unknown,1,7,34993,1049.79,33943.21,33943.21
2022-07-21,"Computer Accesossories",Store,1,10,14990,1499,13491,13491
2022-07-22,NULL,Online,1,6,17994,1799.4,16194.6,16194.6
2022-07-22,"Mobile Devices",Marketplace,1,5,44995,0,44995,44995
2022-07-23,"Computer Accesossories",Store,1,5,17495,2624.25,14870.75,14870.75
2022-07-24,NULL,Online,1,3,2997,149.85,2847.15,2847.15
2022-07-24,"Computer Accesossories",Online,1,2,2998,149.9,2848.1,2848.1
2022-07-24,"Mobile Devices",Unknown,1,6,77994,11699.1,66294.9,66294.9
2022-07-24,"Office Furniture",Online,1,1,4999,499.9,4499.1,4499.1
2022-07-24,"Office Furniture",Unknown,1,3,59997,8999.55,50997.45,50997.45
2022-07-25,NULL,Store,1,10,99990,2999.7,96990.3,96990.3
2022-07-25,"Computer Accesossories",Online,1,3,10497,0,10497,10497
2022-07-25,"Mobile Devices",Online,1,1,8999,449.95,8549.05,8549.05
2022-07-26,"Computer Accesossories",Store,1,6,14994,0,14994,14994
2022-07-26,"Mobile Devices",Online,1,10,129990,12999,116991,116991
2022-07-27,"Computer Accesossories",Online,1,1,1499,299.8,1199.2,1199.2
2022-07-27,"Computer Accesossories",Unknown,1,6,20994,3149.1,17844.9,17844.9
2022-07-27,"Mobile Devices",Store,1,1,8999,1349.85,7649.15,7649.15
2022-07-28,Electronics,Marketplace,1,3,12000,1800,10200,10200
2022-07-28,"Mobile Devices",Store,1,10,89990,4499.5,85490.5,85490.5
2022-07-29,"Computer Accesossories",Unknown,1,2,4998,249.9,4748.1,4748.1
2022-07-29,"Office Furniture",Online,1,10,199990,19999,179991,179991
2022-07-30,Electronics,Online,1,10,40000,0,40000,40000
2022-07-30,"Mobile Devices",Marketplace,1,10,89990,8999,80991,80991
2022-07-30,"Mobile Devices",Store,1,9,269991,40498.65,229492.35,229492.35
2022-07-30,"Office Furniture",Unknown,1,8,159992,7999.6,151992.4,151992.4
2022-07-31,"Computer Accesossories",Marketplace,1,6,8994,0,8994,8994
2022-07-31,Electronics,Online,1,10,49990,0,49990,49990
2022-07-31,Electronics,Store,1,6,5994,599.4,5394.6,5394.6
2022-07-31,"Mobile Devices",Store,1,4,119996,17999.4,101996.6,101996.6
2022-08-01,"Computer Accesossories",Store,2,11,16489,1124.25,15364.75,7682.375
2022-08-01,"Office Furniture",Store,1,2,9998,1999.6,7998.4,7998.4
2022-08-02,"Computer Accesossories",Online,2,14,34986,734.79,34251.21,17125.605
2022-08-02,"Computer Accesossories",Unknown,1,1,3499,699.8,2799.2,2799.2
2022-08-02,"Mobile Devices",Online,1,10,129990,19498.5,110491.5,110491.5
2022-08-02,"Mobile Devices",Store,1,8,239992,0,239992,239992
2022-08-03,"Computer Accesossories",Online,2,17,25483,404.73,25078.27,12539.135
2022-08-03,Electronics,Store,2,14,69986,2099.58,67886.42,33943.21
2022-08-03,"Mobile Devices",Online,1,4,119996,11999.6,107996.4,107996.4
2022-08-03,"Mobile Devices",Unknown,1,7,90993,13648.95,77344.05,77344.05
2022-08-03,Networking,Online,1,5,7495,0,7495,7495
2022-08-04,"Computer Accesossories",Online,2,11,16489,674.55,15814.45,7907.225
2022-08-04,"Computer Accesossories",Store,2,11,33489,1049.7,32439.3,16219.65
2022-08-04,"Computer Accesossories",Unknown,1,9,13491,2698.2,10792.8,10792.8
2022-08-04,"Mobile Devices",Online,2,17,390983,0,390983,195491.5
2022-08-04,"Office Furniture",Online,1,5,99995,14999.25,84995.75,84995.75
2022-08-04,"Office Furniture",Unknown,1,8,159992,23998.8,135993.2,135993.2
2022-08-05,Electronics,Online,1,7,6993,1048.95,5944.05,5944.05
2022-08-05,"Mobile Devices",Online,1,10,129990,3899.7,126090.3,126090.3
2022-08-06,Electronics,Store,1,2,1998,99.9,1898.1,1898.1
2022-08-06,"Mobile Devices",Unknown,1,1,8999,899.9,8099.1,8099.1
2022-08-07,"Computer Accesossories",Marketplace,1,5,7495,224.85,7270.15,7270.15
2022-08-07,"Computer Accesossories",Online,1,1,1499,224.85,1274.15,1274.15
2022-08-07,Electronics,Marketplace,1,3,14997,0,14997,14997
2022-08-07,Electronics,Online,1,2,1998,99.9,1898.1,1898.1
2022-08-07,Networking,Online,1,4,5996,299.8,5696.2,5696.2
2022-08-07,"Office Furniture",Store,1,7,34993,1049.79,33943.21,33943.21
2022-08-08,"Computer Accesossories",Marketplace,1,6,14994,449.82,14544.18,14544.18
2022-08-08,"Computer Accesossories",Online,1,1,9999,299.97,9699.03,9699.03
2022-08-08,"Mobile Devices",Marketplace,1,8,103992,0,103992,103992
2022-08-09,Electronics,Store,1,10,49990,0,49990,49990
2022-08-09,Electronics,Unknown,1,4,19996,0,19996,19996
2022-08-09,"Office Furniture",Marketplace,1,7,139993,27998.6,111994.4,111994.4
2022-08-10,"Computer Accesossories",Store,1,1,1499,0,1499,1499
2022-08-10,Electronics,Online,1,9,44991,1349.73,43641.27,43641.27
2022-08-10,Electronics,Store,1,5,20000,0,20000,20000
2022-08-10,"Mobile Devices",Online,1,5,149995,22499.25,127495.75,127495.75
2022-08-10,Networking,Store,1,5,7495,224.85,7270.15,7270.15
2022-08-11,"Computer Accesossories",Unknown,1,7,69993,0,69993,69993
2022-08-11,Networking,Store,1,2,2998,0,2998,2998
2022-08-11,Networking,Unknown,1,6,8994,1798.8,7195.2,7195.2
2022-08-12,Electronics,Online,1,7,6993,699.3,6293.7,6293.7
2022-08-12,Electronics,Store,1,3,14997,0,14997,14997
2022-08-12,"Mobile Devices",Unknown,1,10,89990,2699.7,87290.3,87290.3
2022-08-13,NULL,Marketplace,1,10,9990,0,9990,9990
2022-08-13,Electronics,Store,1,4,3996,399.6,3596.4,3596.4
2022-08-13,"Mobile Devices",Online,1,10,299990,14999.5,284990.5,284990.5
2022-08-13,"Mobile Devices",Store,1,1,29999,0,29999,29999
2022-08-13,"Mobile Devices",Unknown,2,4,35996,899.9,35096.1,17548.05
2022-08-13,"Office Furniture",Online,1,4,79996,0,79996,79996
2022-08-14,Electronics,Unknown,1,7,28000,2800,25200,25200
2022-08-14,"Mobile Devices",Online,1,3,38997,5849.55,33147.45,33147.45
2022-08-14,"Mobile Devices",Store,1,7,209993,31498.95,178494.05,178494.05
2022-08-14,"Office Furniture",Store,1,10,199990,39998,159992,159992
2022-08-15,Electronics,Online,1,4,19996,3999.2,15996.8,15996.8
2022-08-15,"Mobile Devices",Store,1,9,116991,5849.55,111141.45,111141.45
2022-08-15,"Office Furniture",Marketplace,1,10,199990,29998.5,169991.5,169991.5
2022-08-16,"Computer Accesossories",Online,1,1,1499,0,1499,1499
2022-08-16,Electronics,Marketplace,1,6,29994,899.82,29094.18,29094.18
2022-08-16,Electronics,Online,1,5,20000,0,20000,20000
2022-08-16,"Office Furniture",Online,1,5,99995,4999.75,94995.25,94995.25
2022-08-17,"Office Furniture",Store,1,9,179991,17999.1,161991.9,161991.9
2022-08-18,"Computer Accesossories",Online,2,3,21497,1999.8,19497.2,9748.6
2022-08-18,Electronics,Online,1,2,8000,1200,6800,6800
2022-08-19,NULL,Store,1,3,1497,44.91,1452.09,1452.09
2022-08-19,"Computer Accesossories",Store,1,6,8994,0,8994,8994
2022-08-19,"Mobile Devices",Marketplace,1,0,0,0,0,0
2022-08-19,Networking,Marketplace,1,1,1499,44.97,1454.03,1454.03
2022-08-20,"Computer Accesossories",Marketplace,2,3,4497,44.97,4452.03,2226.015
2022-08-20,"Mobile Devices",Online,1,10,299990,14999.5,284990.5,284990.5
2022-08-20,"Office Furniture",Store,1,9,179991,0,179991,179991
2022-08-21,NULL,Online,1,10,4990,748.5,4241.5,4241.5
2022-08-21,"Computer Accesossories",Online,1,10,14990,749.5,14240.5,14240.5
2022-08-21,"Mobile Devices",Online,1,7,209993,10499.65,199493.35,199493.35
2022-08-21,"Office Furniture",Unknown,1,2,9998,299.94,9698.06,9698.06
2022-08-22,"Computer Accesossories",Online,2,13,41487,1999.2,39487.8,19743.9
2022-08-22,"Mobile Devices",Online,1,9,80991,12148.65,68842.35,68842.35
2022-08-23,"Computer Accesossories",Online,1,10,34990,3499,31491,31491
2022-08-23,"Computer Accesossories",Store,1,7,10493,0,10493,10493
2022-08-23,"Office Furniture",Online,1,5,24995,1249.75,23745.25,23745.25
2022-08-23,"Office Furniture",Unknown,1,7,34993,0,34993,34993
2022-08-24,"Computer Accesossories",Online,1,10,14990,749.5,14240.5,14240.5
2022-08-25,"Computer Accesossories",Marketplace,1,7,69993,6999.3,62993.7,62993.7
2022-08-25,"Computer Accesossories",Online,1,8,19992,2998.8,16993.2,16993.2
2022-08-25,"Computer Accesossories",Unknown,1,10,34990,1049.7,33940.3,33940.3
2022-08-25,Electronics,Online,1,5,24995,0,24995,24995
2022-08-25,"Mobile Devices",Store,1,9,80991,12148.65,68842.35,68842.35
2022-08-25,Networking,Store,1,7,10493,2098.6,8394.4,8394.4
2022-08-26,"Computer Accesossories",Marketplace,1,1,1499,0,1499,1499
2022-08-26,"Computer Accesossories",Store,1,6,14994,2249.1,12744.9,12744.9
2022-08-26,"Mobile Devices",Store,1,8,239992,47998.4,191993.6,191993.6
2022-08-26,Networking,Online,1,0,0,0,0,0
2022-08-26,"Office Furniture",Marketplace,2,16,79984,5198.96,74785.04000000001,37392.520000000004
2022-08-27,"Computer Accesossories",Unknown,1,4,13996,419.88,13576.12,13576.12
2022-08-27,Electronics,Marketplace,1,3,14997,749.85,14247.15,14247.15
2022-08-27,Electronics,Online,1,2,8000,1600,6400,6400
2022-08-27,Electronics,Store,1,9,36000,0,36000,36000
2022-08-27,"Mobile Devices",Marketplace,2,13,168987,14428.89,154558.11,77279.055
2022-08-28,NULL,Store,1,7,55993,0,55993,55993
2022-08-28,Networking,Store,1,6,8994,1798.8,7195.2,7195.2
2022-08-29,"Computer Accesossories",Marketplace,1,7,24493,0,24493,24493
2022-08-29,"Computer Accesossories",Store,2,14,28986,2948.3,26037.7,13018.85
2022-08-29,"Mobile Devices",Online,1,1,29999,5999.8,23999.2,23999.2
2022-08-29,"Mobile Devices",Unknown,1,7,209993,10499.65,199493.35,199493.35
2022-08-29,Networking,Unknown,2,9,13491,1648.9,11842.1,5921.05
2022-08-30,"Computer Accesossories",Store,1,6,20994,2099.4,18894.6,18894.6
2022-08-30,"Mobile Devices",Unknown,1,9,116991,17548.65,99442.35,99442.35
2022-08-30,"Office Furniture",Unknown,1,5,24995,4999,19996,19996
2022-08-31,NULL,Online,1,1,499,99.8,399.2,399.2
2022-08-31,"Computer Accesossories",Marketplace,1,8,27992,0,27992,27992
2022-08-31,Electronics,Online,1,10,40000,0,40000,40000
2022-08-31,"Mobile Devices",Online,2,8,92992,9448.95,83543.05,41771.525
2022-08-31,Networking,Unknown,1,7,10493,314.79,10178.21,10178.21
2022-09-01,"Computer Accesossories",Marketplace,1,2,2998,149.9,2848.1,2848.1
2022-09-01,"Computer Accesossories",Store,2,5,7495,1499,5996,2998
2022-09-01,"Mobile Devices",Online,1,2,25998,5199.6,20798.4,20798.4
2022-09-01,"Mobile Devices",Store,1,5,64995,0,64995,64995
2022-09-01,"Office Furniture",Store,1,6,29994,899.82,29094.18,29094.18
2022-09-01,"Office Furniture",Unknown,1,10,199990,5999.7,193990.3,193990.3
2022-09-02,Networking,Marketplace,1,10,14990,1499,13491,13491
2022-09-02,"Office Furniture",Marketplace,1,7,139993,20998.95,118994.05,118994.05
2022-09-03,"Computer Accesossories",Online,1,3,4497,899.4,3597.6,3597.6
2022-09-03,"Mobile Devices",Online,2,8,205992,35998.8,169993.2,84996.6
2022-09-03,Networking,Unknown,1,1,1499,0,1499,1499
2022-09-04,"Computer Accesossories",Online,1,9,31491,1574.55,29916.45,29916.45
2022-09-04,Electronics,Online,1,3,2997,89.91,2907.09,2907.09
2022-09-04,"Office Furniture",Online,1,1,4999,999.8,3999.2,3999.2
2022-09-05,"Computer Accesossories",Unknown,1,0,0,0,0,0
2022-09-06,"Computer Accesossories",Marketplace,1,9,13491,2698.2,10792.8,10792.8
2022-09-06,"Computer Accesossories",Unknown,1,2,2998,89.94,2908.06,2908.06
2022-09-06,"Mobile Devices",Unknown,1,1,12999,389.97,12609.03,12609.03
2022-09-07,"Computer Accesossories",Store,2,12,25988,3998.4,21989.6,10994.8
2022-09-07,"Computer Accesossories",Unknown,1,1,1499,224.85,1274.15,1274.15
2022-09-07,"Mobile Devices",Online,1,7,62993,9448.95,53544.05,53544.05
2022-09-07,Networking,Store,1,6,8994,899.4,8094.6,8094.6
2022-09-08,"Computer Accesossories",Marketplace,1,10,24990,0,24990,24990
2022-09-08,"Computer Accesossories",Online,2,10,99990,15998.4,83991.6,41995.8
2022-09-08,"Mobile Devices",Online,1,10,89990,2699.7,87290.3,87290.3
2022-09-08,"Office Furniture",Marketplace,1,6,119994,23998.8,95995.2,95995.2
2022-09-09,"Computer Accesossories",Marketplace,1,4,5996,179.88,5816.12,5816.12
2022-09-09,Electronics,Unknown,1,1,4999,999.8,3999.2,3999.2
2022-09-09,"Mobile Devices",Marketplace,1,5,149995,29999,119996,119996
2022-09-09,Networking,Store,1,0,0,0,0,0
2022-09-10,NULL,Store,1,2,29998,0,29998,29998
2022-09-10,"Computer Accesossories",Marketplace,1,7,69993,3499.65,66493.35,66493.35
2022-09-10,"Computer Accesossories",Store,1,2,2998,599.6,2398.4,2398.4
2022-09-10,"Mobile Devices",Store,1,1,29999,5999.8,23999.2,23999.2
2022-09-11,NULL,Marketplace,1,9,44991,4499.1,40491.9,40491.9
2022-09-11,"Computer Accesossories",Marketplace,1,9,13491,0,13491,13491
2022-09-11,"Computer Accesossories",Online,1,9,13491,404.73,13086.27,13086.27
2022-09-11,Electronics,Marketplace,1,4,19996,1999.6,17996.4,17996.4
2022-09-11,Electronics,Store,1,10,49990,0,49990,49990
2022-09-11,"Mobile Devices",Online,1,3,38997,5849.55,33147.45,33147.45
2022-09-12,"Computer Accesossories",Online,1,6,59994,11998.8,47995.2,47995.2
2022-09-12,"Mobile Devices",Store,2,19,210981,28427.73,182553.27000000002,91276.63500000001
2022-09-12,"Office Furniture",Store,1,3,59997,8999.55,50997.45,50997.45
2022-09-13,"Computer Accesossories",Online,1,1,1499,224.85,1274.15,1274.15
2022-09-13,"Computer Accesossories",Unknown,1,3,29997,2999.7,26997.3,26997.3
2022-09-13,Electronics,Marketplace,2,3,14997,2249.55,12747.449999999999,6373.724999999999
2022-09-13,Electronics,Store,1,7,28000,5600,22400,22400
2022-09-13,"Mobile Devices",Online,1,5,44995,8999,35996,35996
2022-09-13,"Mobile Devices",Store,1,9,80991,0,80991,80991
2022-09-13,"Office Furniture",Online,1,1,4999,249.95,4749.05,4749.05
2022-09-14,"Computer Accesossories",Store,1,2,4998,999.6,3998.4,3998.4
2022-09-14,Electronics,Store,1,8,7992,1598.4,6393.6,6393.6
2022-09-15,"Computer Accesossories",Online,2,11,24989,3497.95,21491.05,10745.525
2022-09-15,"Computer Accesossories",Store,1,10,14990,1499,13491,13491
2022-09-15,"Mobile Devices",Online,1,6,53994,2699.7,51294.3,51294.3
2022-09-15,"Mobile Devices",Unknown,1,6,77994,0,77994,77994
2022-09-15,"Office Furniture",Store,1,1,4999,149.97,4849.03,4849.03
2022-09-16,"Computer Accesossories",Store,1,6,20994,4198.8,16795.2,16795.2
2022-09-16,"Computer Accesossories",Unknown,1,4,9996,0,9996,9996
2022-09-16,Electronics,Marketplace,1,8,39992,3999.2,35992.8,35992.8
2022-09-17,"Computer Accesossories",Marketplace,1,7,10493,0,10493,10493
2022-09-17,"Mobile Devices",Online,1,3,38997,7799.4,31197.6,31197.6
2022-09-17,"Office Furniture",Online,1,9,44991,8998.2,35992.8,35992.8
2022-09-18,"Computer Accesossories",Unknown,1,6,8994,269.82,8724.18,8724.18
2022-09-19,NULL,Store,1,1,499,14.97,484.03,484.03
2022-09-19,Networking,Unknown,1,4,5996,899.4,5096.6,5096.6
2022-09-19,"Office Furniture",Store,1,1,4999,149.97,4849.03,4849.03
2022-09-20,"Computer Accesossories",Online,1,10,34990,0,34990,34990
2022-09-20,"Mobile Devices",Online,1,5,149995,0,149995,149995
2022-09-21,Electronics,Unknown,1,8,7992,0,7992,7992
2022-09-22,Electronics,Online,1,2,8000,240,7760,7760
2022-09-22,"Mobile Devices",Online,1,5,149995,14999.5,134995.5,134995.5
2022-09-23,"Computer Accesossories",Store,1,2,2998,89.94,2908.06,2908.06
2022-09-23,Electronics,Online,1,9,44991,1349.73,43641.27,43641.27
2022-09-23,Networking,Online,1,3,4497,449.7,4047.3,4047.3
2022-09-23,"Office Furniture",Online,1,2,9998,1499.7,8498.3,8498.3
2022-09-24,"Computer Accesossories",Online,2,17,41483,6897,34586,17293
2022-09-24,"Computer Accesossories",Store,2,5,7495,404.73,7090.27,3545.135
2022-09-24,Networking,Online,1,9,13491,0,13491,13491
2022-09-24,"Office Furniture",Unknown,1,2,9998,0,9998,9998
2022-09-26,"Computer Accesossories",Marketplace,1,7,17493,1749.3,15743.7,15743.7
2022-09-26,Electronics,Online,1,8,32000,0,32000,32000
2022-09-26,"Mobile Devices",Online,1,1,12999,0,12999,12999
2022-09-27,Electronics,Marketplace,1,8,39992,0,39992,39992
2022-09-27,Electronics,Online,1,3,2997,149.85,2847.15,2847.15
2022-09-27,"Mobile Devices",Store,1,2,25998,3899.7,22098.3,22098.3
2022-09-27,"Office Furniture",Marketplace,1,4,19996,0,19996,19996
2022-09-28,NULL,Unknown,1,8,23992,0,23992,23992
2022-09-28,"Computer Accesossories",Marketplace,1,10,14990,2998,11992,11992
2022-09-28,Electronics,Online,1,3,14997,449.91,14547.09,14547.09
2022-09-28,"Office Furniture",Online,1,10,199990,0,199990,199990
2022-09-28,"Office Furniture",Store,1,10,199990,39998,159992,159992
2022-09-29,"Computer Accesossories",Marketplace,1,1,1499,224.85,1274.15,1274.15
2022-09-29,Networking,Store,1,4,5996,599.6,5396.4,5396.4
2022-09-29,"Office Furniture",Unknown,1,2,9998,499.9,9498.1,9498.1
2022-09-30,"Computer Accesossories",Marketplace,1,0,0,0,0,0
2022-09-30,"Computer Accesossories",Online,1,5,17495,0,17495,17495
2022-09-30,"Computer Accesossories",Store,3,14,73986,6149.339999999999,67836.66,22612.22
2022-09-30,Electronics,Unknown,1,1,999,0,999,999
2022-09-30,"Mobile Devices",Online,1,2,25998,2599.8,23398.2,23398.2
2022-09-30,"Office Furniture",Store,1,8,39992,0,39992,39992
2022-10-01,"Computer Accesossories",Online,1,8,11992,359.76,11632.24,11632.24
2022-10-01,"Computer Accesossories",Store,1,5,7495,749.5,6745.5,6745.5
2022-10-01,"Mobile Devices",Store,1,0,0,0,0,0
2022-10-02,"Computer Accesossories",Online,1,2,2998,449.7,2548.3,2548.3
2022-10-02,"Computer Accesossories",Unknown,1,1,1499,44.97,1454.03,1454.03
2022-10-03,"Computer Accesossories",Online,1,6,8994,1349.1,7644.9,7644.9
2022-10-03,Electronics,Online,1,0,0,0,0,0
2022-10-03,"Mobile Devices",Marketplace,1,1,8999,269.97,8729.03,8729.03
2022-10-03,"Mobile Devices",Unknown,1,2,25998,2599.8,23398.2,23398.2
2022-10-04,NULL,Marketplace,1,7,5593,0,5593,5593
2022-10-04,"Computer Accesossories",Marketplace,1,4,5996,0,5996,5996
2022-10-04,"Computer Accesossories",Online,1,10,99990,19998,79992,79992
2022-10-04,"Computer Accesossories",Unknown,1,3,4497,0,4497,4497
2022-10-04,Electronics,Store,1,9,44991,0,44991,44991
2022-10-04,Networking,Online,1,7,10493,2098.6,8394.4,8394.4
2022-10-05,"Computer Accesossories",Online,2,13,32487,374.85,32112.15,16056.075
2022-10-05,"Computer Accesossories",Store,3,10,67490,5124,62366,20788.666666666668
2022-10-05,Electronics,Online,1,1,999,149.85,849.15,849.15
2022-10-05,"Mobile Devices",Marketplace,1,6,77994,11699.1,66294.9,66294.9
2022-10-05,"Office Furniture",Online,1,2,39998,5999.7,33998.3,33998.3
2022-10-06,Electronics,Online,1,5,24995,2499.5,22495.5,22495.5
2022-10-06,"Office Furniture",Online,1,2,9998,0,9998,9998
2022-10-07,Electronics,Unknown,1,10,40000,2000,38000,38000
2022-10-07,Networking,Store,1,8,11992,1199.2,10792.8,10792.8
2022-10-08,"Computer Accesossories",Marketplace,1,10,99990,2999.7,96990.3,96990.3
2022-10-08,"Computer Accesossories",Unknown,1,5,7495,224.85,7270.15,7270.15
2022-10-08,Electronics,Marketplace,1,10,9990,0,9990,9990
2022-10-08,"Mobile Devices",Online,1,8,71992,10798.8,61193.2,61193.2
2022-10-08,Networking,Marketplace,1,7,10493,0,10493,10493
2022-10-08,"Office Furniture",Unknown,1,5,24995,749.85,24245.15,24245.15
2022-10-09,"Computer Accesossories",Store,1,7,10493,1049.3,9443.7,9443.7
2022-10-09,"Computer Accesossories",Unknown,1,8,19992,2998.8,16993.2,16993.2
2022-10-09,"Mobile Devices",Store,1,10,299990,59998,239992,239992
2022-10-09,"Office Furniture",Store,1,5,99995,4999.75,94995.25,94995.25
2022-10-10,Networking,Marketplace,1,4,5996,179.88,5816.12,5816.12
2022-10-11,NULL,Unknown,1,6,59994,5999.4,53994.6,53994.6
2022-10-11,Electronics,Online,1,9,8991,899.1,8091.9,8091.9
2022-10-11,Electronics,Unknown,1,1,4000,200,3800,3800
2022-10-12,"Computer Accesossories",Unknown,2,12,17988,134.91,17853.09,8926.545
2022-10-12,"Mobile Devices",Unknown,1,10,89990,17998,71992,71992
2022-10-13,"Computer Accesossories",Marketplace,1,7,17493,3498.6,13994.4,13994.4
2022-10-13,"Computer Accesossories",Online,1,0,0,0,0,0
2022-10-13,"Computer Accesossories",Store,2,7,37493,2999.7,34493.3,17246.65
2022-10-13,Electronics,Store,1,10,9990,499.5,9490.5,9490.5
2022-10-13,"Mobile Devices",Unknown,1,6,77994,0,77994,77994
2022-10-13,Networking,Marketplace,1,1,1499,299.8,1199.2,1199.2
2022-10-13,"Office Furniture",Store,1,9,179991,5399.73,174591.27,174591.27
2022-10-14,"Computer Accesossories",Online,1,9,89991,17998.2,71992.8,71992.8
2022-10-14,"Computer Accesossories",Store,2,7,14493,349.9,14143.1,7071.55
2022-10-14,Electronics,Online,1,4,19996,0,19996,19996
2022-10-14,Electronics,Unknown,1,6,5994,0,5994,5994
2022-10-14,"Mobile Devices",Marketplace,1,9,80991,8099.1,72891.9,72891.9
2022-10-14,"Mobile Devices",Online,1,1,8999,0,8999,8999
2022-10-14,"Mobile Devices",Store,1,10,89990,0,89990,89990
2022-10-15,Electronics,Online,1,5,20000,4000,16000,16000
2022-10-15,"Mobile Devices",Marketplace,1,6,53994,1619.82,52374.18,52374.18
2022-10-15,"Mobile Devices",Unknown,1,5,64995,1949.85,63045.15,63045.15
2022-10-16,Electronics,Online,1,7,6993,0,6993,6993
2022-10-16,"Mobile Devices",Store,1,7,62993,9448.95,53544.05,53544.05
2022-10-17,"Computer Accesossories",Store,1,7,17493,0,17493,17493
2022-10-17,Electronics,Store,1,6,29994,5998.8,23995.2,23995.2
2022-10-17,"Mobile Devices",Online,1,7,62993,12598.6,50394.4,50394.4
2022-10-17,"Office Furniture",Online,1,1,19999,599.97,19399.03,19399.03
2022-10-18,"Computer Accesossories",Online,1,6,8994,1349.1,7644.9,7644.9
2022-10-18,Electronics,Marketplace,1,10,9990,499.5,9490.5,9490.5
2022-10-18,Electronics,Store,1,6,29994,4499.1,25494.9,25494.9
2022-10-18,"Mobile Devices",Store,1,9,116991,11699.1,105291.9,105291.9
2022-10-18,Networking,Online,1,2,2998,449.7,2548.3,2548.3
2022-10-18,"Office Furniture",Online,1,9,44991,0,44991,44991
2022-10-19,"Computer Accesossories",Marketplace,1,9,13491,404.73,13086.27,13086.27
2022-10-19,"Computer Accesossories",Online,1,9,89991,0,89991,89991
2022-10-19,Electronics,Online,1,10,49990,0,49990,49990
2022-10-19,"Mobile Devices",Marketplace,1,2,59998,11999.6,47998.4,47998.4
2022-10-19,Networking,Online,1,10,14990,449.7,14540.3,14540.3
2022-10-20,Networking,Store,1,1,1499,0,1499,1499
2022-10-22,"Computer Accesossories",Online,1,6,8994,1349.1,7644.9,7644.9
2022-10-22,Networking,Online,1,1,1499,44.97,1454.03,1454.03
2022-10-22,"Office Furniture",Unknown,1,0,0,0,0,0
2022-10-24,"Computer Accesossories",Online,1,3,7497,374.85,7122.15,7122.15
2022-10-25,NULL,Online,1,8,7992,799.2,7192.8,7192.8
2022-10-25,"Computer Accesossories",Online,1,3,7497,0,7497,7497
2022-10-25,Electronics,Online,2,11,45998,5599.6,40398.4,20199.2
2022-10-26,Electronics,Online,1,7,34993,3499.3,31493.7,31493.7
2022-10-26,Electronics,Unknown,1,3,12000,1800,10200,10200
2022-10-26,"Mobile Devices",Store,1,9,269991,53998.2,215992.8,215992.8
2022-10-26,"Mobile Devices",Unknown,1,7,209993,0,209993,209993
2022-10-27,"Computer Accesossories",Store,1,9,22491,0,22491,22491
2022-10-27,"Mobile Devices",Online,1,6,53994,0,53994,53994
2022-10-28,"Computer Accesossories",Store,1,3,4497,134.91,4362.09,4362.09
2022-10-28,Electronics,Online,1,10,40000,0,40000,40000
2022-10-28,"Mobile Devices",Store,1,6,53994,0,53994,53994
2022-10-28,Networking,Unknown,1,9,13491,1349.1,12141.9,12141.9
2022-10-28,"Office Furniture",Store,1,7,139993,0,139993,139993
2022-10-29,"Computer Accesossories",Online,1,0,0,0,0,0
2022-10-29,"Mobile Devices",Marketplace,1,7,90993,2729.79,88263.21,88263.21
2022-10-29,"Mobile Devices",Store,1,4,51996,1559.88,50436.12,50436.12
2022-10-29,"Office Furniture",Online,1,9,179991,0,179991,179991
2022-10-30,Electronics,Store,1,2,8000,240,7760,7760
2022-10-31,"Computer Accesossories",Marketplace,1,10,14990,2998,11992,11992
2022-10-31,"Computer Accesossories",Store,1,7,10493,2098.6,8394.4,8394.4
2022-10-31,Electronics,Store,1,1,999,49.95,949.05,949.05
2022-10-31,"Mobile Devices",Marketplace,1,5,64995,1949.85,63045.15,63045.15
2022-10-31,"Mobile Devices",Online,1,3,26997,5399.4,21597.6,21597.6
2022-11-01,"Computer Accesossories",Unknown,2,5,7495,284.81,7210.1900000000005,3605.0950000000003
2022-11-01,Electronics,Online,1,8,39992,1999.6,37992.4,37992.4
2022-11-01,Electronics,Unknown,1,4,3996,199.8,3796.2,3796.2
2022-11-01,"Mobile Devices",Online,1,10,129990,0,129990,129990
2022-11-01,"Office Furniture",Store,1,8,39992,0,39992,39992
2022-11-02,Electronics,Marketplace,1,4,19996,3999.2,15996.8,15996.8
2022-11-02,"Mobile Devices",Online,1,9,80991,4049.55,76941.45,76941.45
2022-11-03,Electronics,Online,1,5,20000,2000,18000,18000
2022-11-04,NULL,Store,1,10,79990,3999.5,75990.5,75990.5
2022-11-04,Electronics,Store,1,10,40000,8000,32000,32000
2022-11-04,"Mobile Devices",Store,1,5,149995,7499.75,142495.25,142495.25
2022-11-04,"Office Furniture",Online,1,6,119994,5999.7,113994.3,113994.3
2022-11-04,"Office Furniture",Unknown,1,6,29994,0,29994,29994
2022-11-05,Electronics,Store,1,9,44991,1349.73,43641.27,43641.27
2022-11-05,Electronics,Unknown,1,10,40000,0,40000,40000
2022-11-05,"Office Furniture",Store,1,10,49990,0,49990,49990
2022-11-06,"Computer Accesossories",Marketplace,1,10,34990,0,34990,34990
2022-11-06,"Computer Accesossories",Online,1,3,4497,0,4497,4497
2022-11-06,Electronics,Unknown,1,4,19996,599.88,19396.12,19396.12
2022-11-06,"Mobile Devices",Online,1,5,64995,6499.5,58495.5,58495.5
2022-11-06,"Mobile Devices",Unknown,1,1,12999,649.95,12349.05,12349.05
2022-11-07,"Computer Accesossories",Unknown,1,2,2998,599.6,2398.4,2398.4
2022-11-07,Electronics,Store,1,4,3996,599.4,3396.6,3396.6
2022-11-07,Electronics,Unknown,1,3,14997,2999.4,11997.6,11997.6
2022-11-07,"Mobile Devices",Marketplace,1,1,29999,4499.85,25499.15,25499.15
2022-11-07,Networking,Store,1,2,2998,449.7,2548.3,2548.3
2022-11-08,NULL,Online,1,8,3992,199.6,3792.4,3792.4
2022-11-08,"Mobile Devices",Online,1,2,59998,8999.7,50998.3,50998.3
2022-11-08,Networking,Online,1,0,0,0,0,0
2022-11-09,"Computer Accesossories",Marketplace,1,1,2499,499.8,1999.2,1999.2
2022-11-09,"Computer Accesossories",Online,1,2,2998,299.8,2698.2,2698.2
2022-11-09,Electronics,Online,1,8,39992,1999.6,37992.4,37992.4
2022-11-09,"Mobile Devices",Store,2,20,389980,17699.2,372280.8,186140.4
2022-11-09,"Mobile Devices",Unknown,1,7,209993,10499.65,199493.35,199493.35
2022-11-09,"Office Furniture",Store,1,4,79996,7999.6,71996.4,71996.4
2022-11-10,Electronics,Online,1,8,32000,0,32000,32000
2022-11-10,"Mobile Devices",Online,1,6,179994,0,179994,179994
2022-11-10,"Mobile Devices",Store,1,2,25998,0,25998,25998
2022-11-10,"Office Furniture",Marketplace,1,6,119994,17999.1,101994.9,101994.9
2022-11-11,"Computer Accesossories",Store,1,7,10493,0,10493,10493
2022-11-11,"Mobile Devices",Marketplace,3,22,323978,27898.300000000003,296079.7,98693.23333333334
2022-11-11,"Office Furniture",Unknown,1,8,39992,7998.4,31993.6,31993.6
2022-11-12,"Computer Accesossories",Store,1,10,99990,19998,79992,79992
2022-11-12,Electronics,Online,2,14,33986,6797.2,27188.8,13594.4
2022-11-12,"Mobile Devices",Online,1,9,80991,8099.1,72891.9,72891.9
2022-11-12,"Office Furniture",Online,1,5,24995,2499.5,22495.5,22495.5
2022-11-13,"Computer Accesossories",Marketplace,2,3,4497,0,4497,2248.5
2022-11-13,"Office Furniture",Unknown,1,10,199990,39998,159992,159992
2022-11-14,"Mobile Devices",Store,1,1,12999,0,12999,12999
2022-11-14,Networking,Online,1,3,4497,449.7,4047.3,4047.3
2022-11-14,"Office Furniture",Store,1,5,24995,2499.5,22495.5,22495.5
2022-11-15,"Computer Accesossories",Online,2,4,11996,2174.35,9821.65,4910.825
2022-11-16,"Computer Accesossories",Marketplace,2,14,88986,11998.8,76987.2,38493.6
2022-11-16,"Computer Accesossories",Online,2,4,13996,1259.64,12736.36,6368.18
2022-11-16,Electronics,Unknown,1,9,36000,1080,34920,34920
2022-11-16,"Mobile Devices",Marketplace,1,2,17998,539.94,17458.06,17458.06
2022-11-16,"Office Furniture",Unknown,1,6,29994,4499.1,25494.9,25494.9
2022-11-17,"Computer Accesossories",Unknown,1,9,31491,6298.2,25192.8,25192.8
2022-11-19,"Computer Accesossories",Online,1,8,11992,1199.2,10792.8,10792.8
2022-11-19,"Mobile Devices",Store,1,4,35996,7199.2,28796.8,28796.8
2022-11-19,"Office Furniture",Online,1,10,199990,5999.7,193990.3,193990.3
2022-11-20,"Computer Accesossories",Store,1,10,24990,2499,22491,22491
2022-11-20,"Mobile Devices",Online,1,5,64995,12999,51996,51996
2022-11-20,"Office Furniture",Store,1,4,79996,11999.4,67996.6,67996.6
2022-11-22,NULL,Unknown,1,1,999,0,999,999
2022-11-22,"Mobile Devices",Online,1,8,239992,23999.2,215992.8,215992.8
2022-11-23,"Computer Accesossories",Unknown,1,6,59994,8999.1,50994.9,50994.9
2022-11-23,Electronics,Online,1,4,16000,800,15200,15200
2022-11-23,"Mobile Devices",Online,1,0,0,0,0,0
2022-11-24,"Computer Accesossories",Marketplace,1,1,1499,74.95,1424.05,1424.05
2022-11-24,"Computer Accesossories",Online,1,9,22491,2249.1,20241.9,20241.9
2022-11-24,"Mobile Devices",Marketplace,1,7,62993,0,62993,62993
2022-11-25,"Computer Accesossories",Marketplace,1,1,1499,44.97,1454.03,1454.03
2022-11-25,"Computer Accesossories",Online,1,4,5996,599.6,5396.4,5396.4
2022-11-25,"Computer Accesossories",Unknown,1,8,11992,1798.8,10193.2,10193.2
2022-11-25,Electronics,Store,1,6,29994,0,29994,29994
2022-11-25,"Mobile Devices",Marketplace,1,10,129990,0,129990,129990
2022-11-26,"Computer Accesossories",Online,1,7,10493,0,10493,10493
2022-11-26,Electronics,Store,1,9,36000,1080,34920,34920
2022-11-26,"Mobile Devices",Online,1,9,269991,0,269991,269991
2022-11-27,"Computer Accesossories",Online,1,3,4497,0,4497,4497
2022-11-27,"Computer Accesossories",Store,1,6,14994,2998.8,11995.2,11995.2
2022-11-27,Electronics,Online,1,7,6993,1398.6,5594.4,5594.4
2022-11-27,"Mobile Devices",Store,3,28,497972,5939.46,492032.54000000004,164010.84666666668
2022-11-27,"Office Furniture",Store,1,9,44991,4499.1,40491.9,40491.9
2022-11-28,"Computer Accesossories",Online,1,5,12495,1874.25,10620.75,10620.75
2022-11-28,"Computer Accesossories",Unknown,1,3,4497,899.4,3597.6,3597.6
2022-11-28,Networking,Store,1,6,8994,269.82,8724.18,8724.18
2022-11-29,"Computer Accesossories",Online,1,7,24493,2449.3,22043.7,22043.7
2022-11-29,"Office Furniture",Marketplace,1,5,24995,2499.5,22495.5,22495.5
2022-11-30,"Computer Accesossories",Unknown,1,1,3499,0,3499,3499
2022-11-30,"Mobile Devices",Unknown,1,10,89990,0,89990,89990
2022-11-30,Networking,Unknown,1,2,2998,89.94,2908.06,2908.06
2022-12-01,"Computer Accesossories",Marketplace,1,9,22491,2249.1,20241.9,20241.9
2022-12-01,"Mobile Devices",Online,2,5,64995,2989.7700000000004,62005.229999999996,31002.614999999998
2022-12-01,"Mobile Devices",Store,1,9,116991,0,116991,116991
2022-12-02,"Computer Accesossories",Store,1,6,8994,269.82,8724.18,8724.18
2022-12-02,Electronics,Marketplace,1,1,4000,200,3800,3800
2022-12-03,"Computer Accesossories",Store,1,3,10497,314.91,10182.09,10182.09
2022-12-03,"Mobile Devices",Unknown,1,2,59998,2999.9,56998.1,56998.1
2022-12-04,"Computer Accesossories",Online,1,1,1499,299.8,1199.2,1199.2
2022-12-05,"Computer Accesossories",Marketplace,2,16,43984,1749.5,42234.5,21117.25
2022-12-06,Electronics,Unknown,1,9,36000,0,36000,36000
2022-12-06,"Office Furniture",Store,1,7,139993,13999.3,125993.7,125993.7
2022-12-07,"Computer Accesossories",Store,1,5,7495,1124.25,6370.75,6370.75
2022-12-07,Electronics,Unknown,1,8,7992,1598.4,6393.6,6393.6
2022-12-07,"Office Furniture",Online,1,5,24995,0,24995,24995
2022-12-08,Electronics,Store,1,5,4995,499.5,4495.5,4495.5
2022-12-08,"Office Furniture",Online,1,3,59997,5999.7,53997.3,53997.3
2022-12-08,"Office Furniture",Store,1,4,19996,0,19996,19996
2022-12-10,"Computer Accesossories",Store,1,2,19998,1999.8,17998.2,17998.2
2022-12-10,"Mobile Devices",Marketplace,1,5,44995,2249.75,42745.25,42745.25
2022-12-10,"Mobile Devices",Unknown,1,9,269991,0,269991,269991
2022-12-11,"Computer Accesossories",Online,1,8,79992,2399.76,77592.24,77592.24
2022-12-11,"Mobile Devices",Unknown,1,7,209993,20999.3,188993.7,188993.7
2022-12-12,"Computer Accesossories",Online,4,32,67968,1064.49,66903.51,16725.8775
2022-12-12,"Computer Accesossories",Store,2,13,28487,0,28487,14243.5
2022-12-12,"Computer Accesossories",Unknown,2,13,37487,5623.049999999999,31863.949999999997,15931.974999999999
2022-12-12,"Mobile Devices",Unknown,1,10,299990,44998.5,254991.5,254991.5
2022-12-13,"Computer Accesossories",Marketplace,1,8,27992,0,27992,27992
2022-12-13,"Mobile Devices",Online,2,8,103992,8579.34,95412.66,47706.33
2022-12-14,"Computer Accesossories",Marketplace,1,8,27992,0,27992,27992
2022-12-14,"Computer Accesossories",Store,1,10,14990,449.7,14540.3,14540.3
2022-12-15,"Computer Accesossories",Marketplace,2,14,20986,809.46,20176.54,10088.27
2022-12-15,"Office Furniture",Online,1,8,39992,0,39992,39992
2022-12-16,"Computer Accesossories",Online,1,9,13491,0,13491,13491
2022-12-17,"Computer Accesossories",Online,1,9,13491,674.55,12816.45,12816.45
2022-12-17,Electronics,Marketplace,1,1,4999,0,4999,4999
2022-12-18,"Computer Accesossories",Store,2,9,20491,4098.2,16392.8,8196.4
2022-12-18,"Computer Accesossories",Unknown,1,4,13996,2099.4,11896.6,11896.6
2022-12-19,NULL,Online,1,5,14995,2999,11996,11996
2022-12-19,Electronics,Store,1,6,29994,0,29994,29994
2022-12-19,"Mobile Devices",Online,1,3,38997,7799.4,31197.6,31197.6
2022-12-19,"Office Furniture",Online,1,7,139993,4199.79,135793.21,135793.21
2022-12-20,"Computer Accesossories",Store,1,5,7495,1124.25,6370.75,6370.75
2022-12-20,Electronics,Online,1,10,49990,2499.5,47490.5,47490.5
2022-12-20,Electronics,Store,1,3,12000,1800,10200,10200
2022-12-20,Electronics,Unknown,1,1,4000,800,3200,3200
2022-12-20,"Mobile Devices",Store,1,3,89997,17999.4,71997.6,71997.6
2022-12-20,"Mobile Devices",Unknown,1,3,89997,0,89997,89997
2022-12-20,Networking,Unknown,1,6,8994,449.7,8544.3,8544.3
2022-12-21,"Computer Accesossories",Online,1,2,2998,599.6,2398.4,2398.4
2022-12-21,"Computer Accesossories",Store,1,0,0,0,0,0
2022-12-21,Electronics,Unknown,1,3,14997,2999.4,11997.6,11997.6
2022-12-21,"Mobile Devices",Unknown,2,13,389987,25499.15,364487.85,182243.925
2022-12-22,"Office Furniture",Store,1,4,19996,1999.6,17996.4,17996.4
2022-12-23,NULL,Store,1,3,44997,4499.7,40497.3,40497.3
2022-12-23,Electronics,Unknown,1,4,19996,3999.2,15996.8,15996.8
2022-12-24,"Computer Accesossories",Online,1,3,4497,449.7,4047.3,4047.3
2022-12-24,"Computer Accesossories",Unknown,1,4,5996,299.8,5696.2,5696.2
2022-12-24,Electronics,Unknown,1,3,14997,449.91,14547.09,14547.09
2022-12-25,"Computer Accesossories",Online,1,1,1499,299.8,1199.2,1199.2
2022-12-25,"Computer Accesossories",Store,1,7,10493,2098.6,8394.4,8394.4
2022-12-25,"Computer Accesossories",Unknown,1,10,14990,749.5,14240.5,14240.5
2022-12-25,"Mobile Devices",Unknown,1,4,119996,23999.2,95996.8,95996.8
2022-12-25,Networking,Store,1,6,8994,0,8994,8994
2022-12-26,"Computer Accesossories",Online,1,5,12495,2499,9996,9996
2022-12-26,Electronics,Online,1,3,14997,0,14997,14997
2022-12-26,"Office Furniture",Marketplace,1,7,139993,4199.79,135793.21,135793.21
2022-12-27,"Computer Accesossories",Marketplace,2,8,13992,949.5,13042.5,6521.25
2022-12-27,"Computer Accesossories",Online,1,7,69993,2099.79,67893.21,67893.21
2022-12-27,"Mobile Devices",Marketplace,1,9,80991,4049.55,76941.45,76941.45
2022-12-27,"Mobile Devices",Online,1,3,38997,5849.55,33147.45,33147.45
2022-12-27,"Mobile Devices",Store,1,8,239992,0,239992,239992
2022-12-27,"Mobile Devices",Unknown,1,8,103992,3119.76,100872.24,100872.24
2022-12-28,Electronics,Store,2,10,25990,899.1,25090.9,12545.45
2022-12-28,"Mobile Devices",Store,1,6,77994,15598.8,62395.2,62395.2
2022-12-28,"Office Furniture",Store,1,4,79996,0,79996,79996
2022-12-29,"Computer Accesossories",Online,1,5,49995,2499.75,47495.25,47495.25
2022-12-29,"Mobile Devices",Store,1,4,119996,11999.6,107996.4,107996.4
2022-12-30,"Computer Accesossories",Marketplace,1,10,99990,4999.5,94990.5,94990.5
2022-12-30,"Computer Accesossories",Online,1,6,8994,1798.8,7195.2,7195.2
2022-12-30,"Office Furniture",Store,1,3,14997,2249.55,12747.45,12747.45
2023-01-01,"Mobile Devices",Marketplace,1,6,179994,17999.4,161994.6,161994.6
2023-01-01,Networking,Store,1,10,14990,449.7,14540.3,14540.3
2023-01-02,NULL,Store,1,5,39995,7999,31996,31996
2023-01-02,"Computer Accesossories",Marketplace,1,8,11992,599.6,11392.4,11392.4
2023-01-02,"Office Furniture",Unknown,1,7,139993,6999.65,132993.35,132993.35
2023-01-03,NULL,Store,1,9,71991,7199.1,64791.9,64791.9
2023-01-03,Networking,Store,1,8,11992,1798.8,10193.2,10193.2
2023-01-04,"Computer Accesossories",Store,1,4,13996,2799.2,11196.8,11196.8
2023-01-04,"Computer Accesossories",Unknown,1,1,9999,1499.85,8499.15,8499.15
2023-01-05,"Computer Accesossories",Marketplace,1,9,22491,674.73,21816.27,21816.27
2023-01-05,"Computer Accesossories",Store,1,5,7495,1124.25,6370.75,6370.75
2023-01-05,Networking,Store,1,3,4497,674.55,3822.45,3822.45
2023-01-06,Electronics,Online,1,1,4000,400,3600,3600
2023-01-06,Electronics,Store,1,10,40000,4000,36000,36000
2023-01-07,"Computer Accesossories",Online,2,17,34483,1124.55,33358.45,16679.225
2023-01-07,"Office Furniture",Unknown,2,6,104994,5249.7,99744.3,49872.15
2023-01-08,Electronics,Store,1,2,8000,800,7200,7200
2023-01-09,"Mobile Devices",Marketplace,1,1,12999,0,12999,12999
2023-01-09,Networking,Marketplace,1,1,1499,74.95,1424.05,1424.05
2023-01-09,"Office Furniture",Unknown,1,6,119994,11999.4,107994.6,107994.6
2023-01-10,"Computer Accesossories",Marketplace,1,2,2998,89.94,2908.06,2908.06
2023-01-10,Electronics,Online,1,1,4000,0,4000,4000
2023-01-10,"Mobile Devices",Online,1,6,179994,0,179994,179994
2023-01-10,"Mobile Devices",Store,1,5,149995,0,149995,149995
2023-01-11,"Computer Accesossories",Online,1,10,34990,3499,31491,31491
2023-01-11,"Computer Accesossories",Store,1,9,13491,674.55,12816.45,12816.45
2023-01-11,Electronics,Store,1,9,36000,5400,30600,30600
2023-01-11,"Office Furniture",Marketplace,1,9,179991,26998.65,152992.35,152992.35
2023-01-12,"Computer Accesossories",Marketplace,1,1,1499,299.8,1199.2,1199.2
2023-01-12,"Computer Accesossories",Store,1,3,7497,0,7497,7497
2023-01-12,"Computer Accesossories",Unknown,1,2,4998,999.6,3998.4,3998.4
2023-01-12,Electronics,Online,1,7,6993,1048.95,5944.05,5944.05
2023-01-12,"Office Furniture",Online,1,5,24995,2499.5,22495.5,22495.5
2023-01-12,"Office Furniture",Store,1,4,79996,0,79996,79996
2023-01-13,"Computer Accesossories",Online,1,4,39996,7999.2,31996.8,31996.8
2023-01-13,Electronics,Store,1,7,28000,2800,25200,25200
2023-01-14,"Computer Accesossories",Online,1,10,14990,0,14990,14990
2023-01-14,"Computer Accesossories",Store,1,5,7495,1124.25,6370.75,6370.75
2023-01-15,"Computer Accesossories",Store,2,12,60488,4073.7,56414.3,28207.15
2023-01-15,Networking,Store,1,7,10493,2098.6,8394.4,8394.4
2023-01-15,"Office Furniture",Store,1,0,0,0,0,0
2023-01-16,"Computer Accesossories",Online,1,7,10493,0,10493,10493
2023-01-16,"Computer Accesossories",Store,1,7,10493,1049.3,9443.7,9443.7
2023-01-16,"Computer Accesossories",Unknown,1,6,8994,1798.8,7195.2,7195.2
2023-01-16,"Mobile Devices",Store,1,7,62993,0,62993,62993
2023-01-16,"Office Furniture",Marketplace,1,3,59997,0,59997,59997
2023-01-17,"Computer Accesossories",Marketplace,2,10,67490,12623.25,54866.75,27433.375
2023-01-17,"Computer Accesossories",Store,1,6,20994,629.82,20364.18,20364.18
2023-01-17,"Computer Accesossories",Unknown,1,2,2998,599.6,2398.4,2398.4
2023-01-17,Electronics,Unknown,1,4,16000,1600,14400,14400
2023-01-17,"Mobile Devices",Online,1,7,90993,0,90993,90993
2023-01-17,"Mobile Devices",Store,1,5,64995,9749.25,55245.75,55245.75
2023-01-17,"Office Furniture",Online,1,1,19999,599.97,19399.03,19399.03
2023-01-18,"Computer Accesossories",Marketplace,1,0,0,0,0,0
2023-01-18,"Computer Accesossories",Store,2,10,48990,8448.9,40541.1,20270.55
2023-01-18,"Computer Accesossories",Unknown,1,2,2998,0,2998,2998
2023-01-18,Electronics,Unknown,1,10,40000,1200,38800,38800
2023-01-18,"Mobile Devices",Store,1,5,64995,0,64995,64995
2023-01-19,"Computer Accesossories",Online,1,3,7497,749.7,6747.3,6747.3
2023-01-19,Electronics,Marketplace,1,9,8991,449.55,8541.45,8541.45
2023-01-19,"Office Furniture",Marketplace,1,10,199990,19999,179991,179991
2023-01-20,"Mobile Devices",Unknown,1,1,8999,0,8999,8999
2023-01-20,Networking,Unknown,1,2,2998,599.6,2398.4,2398.4
2023-01-21,"Computer Accesossories",Store,1,6,14994,749.7,14244.3,14244.3
2023-01-21,Electronics,Marketplace,1,7,34993,5248.95,29744.05,29744.05
2023-01-21,Electronics,Store,1,4,3996,0,3996,3996
2023-01-21,"Mobile Devices",Marketplace,1,8,71992,0,71992,71992
2023-01-21,"Mobile Devices",Online,1,0,0,0,0,0
2023-01-22,"Computer Accesossories",Marketplace,1,6,20994,629.82,20364.18,20364.18
2023-01-22,Electronics,Marketplace,2,2,1998,49.95,1948.05,974.025
2023-01-23,"Computer Accesossories",Unknown,1,1,3499,0,3499,3499
2023-01-24,"Computer Accesossories",Store,3,12,119988,11498.85,108489.15,36163.049999999996
2023-01-24,"Computer Accesossories",Unknown,1,7,17493,3498.6,13994.4,13994.4
2023-01-24,"Office Furniture",Online,1,3,59997,1799.91,58197.09,58197.09
2023-01-25,"Computer Accesossories",Marketplace,1,9,89991,8999.1,80991.9,80991.9
2023-01-25,"Computer Accesossories",Store,1,9,31491,0,31491,31491
2023-01-25,Electronics,Online,1,1,999,199.8,799.2,799.2
2023-01-25,Electronics,Store,1,1,999,49.95,949.05,949.05
2023-01-25,Electronics,Unknown,1,6,24000,2400,21600,21600
2023-01-25,"Office Furniture",Store,1,5,99995,19999,79996,79996
2023-01-26,"Computer Accesossories",Online,1,7,24493,734.79,23758.21,23758.21
2023-01-26,Electronics,Online,1,8,39992,7998.4,31993.6,31993.6
2023-01-26,"Mobile Devices",Marketplace,1,7,209993,6299.79,203693.21,203693.21
2023-01-26,"Mobile Devices",Store,1,5,44995,4499.5,40495.5,40495.5
2023-01-26,"Mobile Devices",Unknown,1,3,89997,13499.55,76497.45,76497.45
2023-01-27,"Computer Accesossories",Marketplace,1,5,12495,1874.25,10620.75,10620.75
2023-01-27,"Computer Accesossories",Store,1,3,7497,0,7497,7497
2023-01-27,Electronics,Online,1,4,3996,399.6,3596.4,3596.4
2023-01-27,"Office Furniture",Online,1,4,79996,0,79996,79996
2023-01-28,"Mobile Devices",Marketplace,1,4,119996,0,119996,119996
2023-01-28,Networking,Store,1,4,5996,599.6,5396.4,5396.4
2023-01-29,Networking,Store,1,5,7495,1499,5996,5996
2023-01-30,NULL,Marketplace,1,8,23992,4798.4,19193.6,19193.6
2023-01-30,"Computer Accesossories",Store,1,8,79992,2399.76,77592.24,77592.24
2023-01-31,"Computer Accesossories",Unknown,1,7,24493,0,24493,24493
2023-01-31,Electronics,Store,2,14,69986,1999.6,67986.4,33993.2
2023-02-01,NULL,Online,1,9,8991,449.55,8541.45,8541.45
2023-02-01,Networking,Store,1,3,4497,449.7,4047.3,4047.3
2023-02-02,"Mobile Devices",Online,1,3,89997,8999.7,80997.3,80997.3
2023-02-03,"Computer Accesossories",Online,1,1,9999,299.97,9699.03,9699.03
2023-02-03,"Mobile Devices",Store,1,9,269991,53998.2,215992.8,215992.8
2023-02-03,"Office Furniture",Store,1,2,9998,1999.6,7998.4,7998.4
2023-02-04,NULL,Online,1,4,5996,599.6,5396.4,5396.4
2023-02-04,"Computer Accesossories",Unknown,1,3,4497,134.91,4362.09,4362.09
2023-02-04,Electronics,Store,2,9,29998,0,29998,14999
2023-02-04,"Mobile Devices",Store,1,6,77994,0,77994,77994
2023-02-05,"Mobile Devices",Marketplace,1,5,44995,2249.75,42745.25,42745.25
2023-02-06,"Computer Accesossories",Online,2,13,92487,7999.2,84487.8,42243.9
2023-02-06,"Computer Accesossories",Store,1,10,34990,0,34990,34990
2023-02-06,"Mobile Devices",Online,1,3,89997,2699.91,87297.09,87297.09
2023-02-06,"Office Furniture",Unknown,1,1,19999,999.95,18999.05,18999.05
2023-02-07,"Computer Accesossories",Online,1,4,9996,0,9996,9996
2023-02-07,"Computer Accesossories",Unknown,1,2,2998,89.94,2908.06,2908.06
2023-02-07,Electronics,Unknown,1,5,20000,600,19400,19400
2023-02-08,"Computer Accesossories",Marketplace,2,4,7996,1149.5,6846.5,3423.25
2023-02-08,"Computer Accesossories",Online,1,10,24990,1249.5,23740.5,23740.5
2023-02-08,"Computer Accesossories",Store,1,8,79992,15998.4,63993.6,63993.6
2023-02-08,Electronics,Marketplace,1,8,32000,3200,28800,28800
2023-02-08,Electronics,Online,1,6,5994,0,5994,5994
2023-02-08,"Mobile Devices",Online,1,9,269991,8099.73,261891.27,261891.27
2023-02-10,Electronics,Marketplace,1,9,44991,2249.55,42741.45,42741.45
2023-02-10,Electronics,Online,1,2,8000,0,8000,8000
2023-02-11,"Computer Accesossories",Online,1,9,13491,404.73,13086.27,13086.27
2023-02-11,"Office Furniture",Marketplace,1,10,49990,0,49990,49990
2023-02-11,"Office Furniture",Store,1,6,119994,23998.8,95995.2,95995.2
2023-02-11,"Office Furniture",Unknown,1,6,29994,2999.4,26994.6,26994.6
2023-02-12,NULL,Store,1,4,3996,399.6,3596.4,3596.4
2023-02-12,"Computer Accesossories",Online,2,3,4497,449.7,4047.3,2023.65
2023-02-12,"Mobile Devices",Marketplace,1,3,38997,0,38997,38997
2023-02-12,Networking,Unknown,1,5,7495,1499,5996,5996
2023-02-13,Electronics,Marketplace,1,4,19996,1999.6,17996.4,17996.4
2023-02-13,Electronics,Online,1,7,34993,5248.95,29744.05,29744.05
2023-02-13,Electronics,Store,1,6,5994,899.1,5094.9,5094.9
2023-02-13,"Mobile Devices",Store,1,2,59998,2999.9,56998.1,56998.1
2023-02-14,Electronics,Store,1,2,1998,0,1998,1998
2023-02-14,"Mobile Devices",Online,1,1,8999,1349.85,7649.15,7649.15
2023-02-15,"Computer Accesossories",Online,1,5,17495,0,17495,17495
2023-02-15,"Computer Accesossories",Store,1,5,7495,0,7495,7495
2023-02-15,"Computer Accesossories",Unknown,1,9,22491,2249.1,20241.9,20241.9
2023-02-15,"Office Furniture",Online,1,6,119994,23998.8,95995.2,95995.2
2023-02-16,"Computer Accesossories",Online,1,7,10493,314.79,10178.21,10178.21
2023-02-16,Electronics,Store,1,8,32000,0,32000,32000
2023-02-16,Networking,Online,1,3,4497,0,4497,4497
2023-02-17,"Mobile Devices",Online,1,7,62993,0,62993,62993
2023-02-17,"Office Furniture",Store,1,7,34993,6998.6,27994.4,27994.4
2023-02-18,"Computer Accesossories",Marketplace,1,9,31491,4723.65,26767.35,26767.35
2023-02-18,"Computer Accesossories",Store,1,2,2998,149.9,2848.1,2848.1
2023-02-18,"Mobile Devices",Online,1,2,25998,1299.9,24698.1,24698.1
2023-02-19,"Computer Accesossories",Marketplace,2,12,38988,4723.65,34264.35,17132.175
2023-02-20,"Computer Accesossories",Store,1,6,14994,0,14994,14994
2023-02-20,Electronics,Online,1,10,40000,0,40000,40000
2023-02-20,"Mobile Devices",Online,1,8,103992,5199.6,98792.4,98792.4
2023-02-20,Networking,Store,1,7,10493,524.65,9968.35,9968.35
2023-02-21,"Computer Accesossories",Online,1,3,10497,524.85,9972.15,9972.15
2023-02-21,Electronics,Unknown,1,9,36000,3600,32400,32400
2023-02-21,Networking,Marketplace,1,7,10493,0,10493,10493
2023-02-21,Networking,Online,1,8,11992,0,11992,11992
2023-02-21,"Office Furniture",Store,1,10,49990,7498.5,42491.5,42491.5
2023-02-22,"Computer Accesossories",Store,2,7,52993,1649.75,51343.25,25671.625
2023-02-22,"Computer Accesossories",Unknown,1,2,2998,0,2998,2998
2023-02-22,Electronics,Online,2,11,10989,1348.6499999999999,9640.349999999999,4820.174999999999
2023-02-22,Electronics,Store,1,8,32000,4800,27200,27200
2023-02-22,"Office Furniture",Marketplace,1,5,24995,0,24995,24995
2023-02-23,"Mobile Devices",Online,1,4,51996,10399.2,41596.8,41596.8
2023-02-23,"Mobile Devices",Unknown,1,8,239992,11999.6,227992.4,227992.4
2023-02-24,"Computer Accesossories",Marketplace,1,5,7495,0,7495,7495
2023-02-24,"Computer Accesossories",Unknown,1,7,10493,1049.3,9443.7,9443.7
2023-02-24,Electronics,Marketplace,1,8,7992,799.2,7192.8,7192.8
2023-02-24,Networking,Store,1,4,5996,1199.2,4796.8,4796.8
2023-02-25,"Computer Accesossories",Marketplace,1,2,2998,0,2998,2998
2023-02-25,"Office Furniture",Online,1,1,4999,999.8,3999.2,3999.2
2023-02-25,"Office Furniture",Store,1,3,59997,2999.85,56997.15,56997.15
2023-02-26,NULL,Store,1,3,14997,1499.7,13497.3,13497.3
2023-02-26,"Mobile Devices",Unknown,1,8,71992,3599.6,68392.4,68392.4
2023-02-26,Networking,Online,1,10,14990,2998,11992,11992
2023-02-26,Networking,Unknown,1,2,2998,149.9,2848.1,2848.1
2023-02-27,"Mobile Devices",Marketplace,1,6,53994,0,53994,53994
2023-02-27,"Mobile Devices",Online,1,8,103992,15598.8,88393.2,88393.2
2023-02-27,"Office Furniture",Online,1,6,29994,5998.8,23995.2,23995.2
2023-02-28,"Computer Accesossories",Online,1,7,69993,6999.3,62993.7,62993.7
2023-02-28,"Computer Accesossories",Store,1,4,5996,0,5996,5996
2023-03-01,"Computer Accesossories",Online,1,6,14994,0,14994,14994
2023-03-01,"Mobile Devices",Online,1,1,8999,899.9,8099.1,8099.1
2023-03-01,"Mobile Devices",Store,1,2,17998,1799.8,16198.2,16198.2
2023-03-02,"Mobile Devices",Marketplace,1,9,80991,8099.1,72891.9,72891.9
2023-03-03,"Computer Accesossories",Unknown,1,4,39996,0,39996,39996
2023-03-03,Electronics,Unknown,1,4,3996,599.4,3396.6,3396.6
2023-03-03,"Mobile Devices",Marketplace,1,6,179994,8999.7,170994.3,170994.3
2023-03-03,"Office Furniture",Online,1,10,199990,19999,179991,179991
2023-03-04,Electronics,Marketplace,1,7,6993,0,6993,6993
2023-03-04,Electronics,Online,1,9,44991,8998.2,35992.8,35992.8
2023-03-04,"Mobile Devices",Marketplace,1,2,59998,8999.7,50998.3,50998.3
2023-03-05,"Computer Accesossories",Online,1,1,1499,149.9,1349.1,1349.1
2023-03-05,Electronics,Marketplace,1,3,12000,600,11400,11400
2023-03-05,Electronics,Online,1,1,4999,0,4999,4999
2023-03-05,"Mobile Devices",Online,1,3,26997,5399.4,21597.6,21597.6
2023-03-06,Electronics,Marketplace,1,2,9998,1999.6,7998.4,7998.4
2023-03-06,"Mobile Devices",Store,1,1,12999,389.97,12609.03,12609.03
2023-03-06,Networking,Marketplace,1,8,11992,1798.8,10193.2,10193.2
2023-03-06,"Office Furniture",Unknown,1,3,59997,0,59997,59997
2023-03-07,"Computer Accesossories",Marketplace,1,2,4998,499.8,4498.2,4498.2
2023-03-07,Electronics,Store,1,4,16000,2400,13600,13600
2023-03-07,"Mobile Devices",Online,1,8,239992,35998.8,203993.2,203993.2
2023-03-07,Networking,Store,1,2,2998,89.94,2908.06,2908.06
2023-03-08,"Computer Accesossories",Marketplace,1,2,4998,149.94,4848.06,4848.06
2023-03-08,"Computer Accesossories",Online,2,18,44982,3373.6499999999996,41608.350000000006,20804.175000000003
2023-03-08,"Computer Accesossories",Store,2,5,15495,644.73,14850.27,7425.135
2023-03-08,"Computer Accesossories",Unknown,1,10,34990,0,34990,34990
2023-03-08,Electronics,Unknown,1,9,36000,3600,32400,32400
2023-03-09,"Computer Accesossories",Store,1,1,9999,1999.8,7999.2,7999.2
2023-03-09,"Mobile Devices",Store,1,8,71992,0,71992,71992
2023-03-09,Networking,Marketplace,1,2,2998,149.9,2848.1,2848.1
2023-03-10,"Computer Accesossories",Marketplace,2,12,21988,1449.3,20538.7,10269.35
2023-03-10,Electronics,Store,1,6,5994,0,5994,5994
2023-03-10,"Mobile Devices",Marketplace,1,6,77994,3899.7,74094.3,74094.3
2023-03-11,Electronics,Online,1,7,34993,6998.6,27994.4,27994.4
2023-03-11,Electronics,Store,1,10,49990,0,49990,49990
2023-03-11,"Mobile Devices",Store,1,7,62993,0,62993,62993
2023-03-12,"Computer Accesossories",Online,2,16,39984,2799.2,37184.8,18592.4
2023-03-12,"Mobile Devices",Unknown,1,1,29999,899.97,29099.03,29099.03
2023-03-13,"Computer Accesossories",Marketplace,1,6,8994,899.4,8094.6,8094.6
2023-03-13,Electronics,Store,1,2,9998,0,9998,9998
2023-03-13,Electronics,Unknown,1,10,40000,0,40000,40000
2023-03-14,"Computer Accesossories",Store,1,8,11992,599.6,11392.4,11392.4
2023-03-14,Electronics,Store,1,7,28000,840,27160,27160
2023-03-14,"Mobile Devices",Marketplace,1,5,44995,1349.85,43645.15,43645.15
2023-03-15,Electronics,Marketplace,1,10,49990,0,49990,49990
2023-03-16,"Computer Accesossories",Store,1,7,17493,874.65,16618.35,16618.35
2023-03-16,Electronics,Unknown,1,6,5994,599.4,5394.6,5394.6
2023-03-16,"Mobile Devices",Online,1,9,269991,0,269991,269991
2023-03-16,"Office Furniture",Store,1,8,159992,31998.4,127993.6,127993.6
2023-03-17,"Computer Accesossories",Store,3,15,98985,1199.2,97785.8,32595.266666666666
2023-03-17,Electronics,Online,1,10,49990,7498.5,42491.5,42491.5
2023-03-17,"Office Furniture",Marketplace,1,7,34993,1049.79,33943.21,33943.21
2023-03-18,"Computer Accesossories",Online,1,8,79992,3999.6,75992.4,75992.4
2023-03-18,"Computer Accesossories",Store,1,9,13491,404.73,13086.27,13086.27
2023-03-18,Electronics,Marketplace,1,2,9998,499.9,9498.1,9498.1
2023-03-18,"Office Furniture",Store,1,9,179991,8999.55,170991.45,170991.45
2023-03-19,"Computer Accesossories",Online,1,3,4497,899.4,3597.6,3597.6
2023-03-19,"Computer Accesossories",Store,2,10,14990,749.5,14240.5,7120.25
2023-03-19,"Computer Accesossories",Unknown,1,9,13491,2698.2,10792.8,10792.8
2023-03-19,Electronics,Store,1,5,4995,149.85,4845.15,4845.15
2023-03-20,NULL,Online,1,2,29998,899.94,29098.06,29098.06
2023-03-20,"Computer Accesossories",Unknown,3,19,54481,4073.03,50407.97,16802.656666666666
2023-03-20,Networking,Marketplace,1,2,2998,0,2998,2998
2023-03-20,"Office Furniture",Store,1,10,49990,0,49990,49990
2023-03-21,"Computer Accesossories",Marketplace,2,11,16489,749.5,15739.5,7869.75
2023-03-21,"Computer Accesossories",Store,1,10,14990,2998,11992,11992
2023-03-21,"Computer Accesossories",Unknown,1,8,27992,0,27992,27992
2023-03-21,Electronics,Store,1,4,16000,800,15200,15200
2023-03-22,Electronics,Online,1,1,4000,600,3400,3400
2023-03-22,"Mobile Devices",Online,1,5,64995,0,64995,64995
2023-03-22,"Mobile Devices",Store,2,11,261989,1559.88,260429.12,130214.56
2023-03-23,"Computer Accesossories",Store,2,15,73485,2698.2,70786.8,35393.4
2023-03-23,"Mobile Devices",Unknown,1,5,149995,0,149995,149995
2023-03-23,Networking,Unknown,1,8,11992,1199.2,10792.8,10792.8
2023-03-23,"Office Furniture",Marketplace,1,1,4999,999.8,3999.2,3999.2
2023-03-24,Electronics,Marketplace,1,1,999,99.9,899.1,899.1
2023-03-24,Networking,Store,1,3,4497,674.55,3822.45,3822.45
2023-03-25,"Computer Accesossories",Store,3,23,44477,3928.38,40548.62,13516.206666666667
2023-03-25,"Mobile Devices",Store,1,6,77994,11699.1,66294.9,66294.9
2023-03-26,Electronics,Unknown,1,5,20000,2000,18000,18000
2023-03-27,"Computer Accesossories",Online,2,9,81491,44.97,81446.03,40723.015
2023-03-27,"Computer Accesossories",Store,1,3,4497,0,4497,4497
2023-03-27,"Computer Accesossories",Unknown,1,9,13491,674.55,12816.45,12816.45
2023-03-28,"Computer Accesossories",Marketplace,1,5,7495,749.5,6745.5,6745.5
2023-03-28,"Computer Accesossories",Online,1,7,10493,1049.3,9443.7,9443.7
2023-03-28,Electronics,Unknown,1,3,12000,0,12000,12000
2023-03-29,"Computer Accesossories",Online,1,0,0,0,0,0
2023-03-29,Electronics,Marketplace,1,5,24995,0,24995,24995
2023-03-30,"Computer Accesossories",Online,1,10,99990,0,99990,99990
2023-03-30,"Computer Accesossories",Unknown,1,3,29997,5999.4,23997.6,23997.6
2023-03-30,Electronics,Store,1,5,4995,749.25,4245.75,4245.75
2023-03-31,"Computer Accesossories",Unknown,1,9,13491,404.73,13086.27,13086.27
2023-03-31,Electronics,Unknown,1,5,20000,3000,17000,17000
2023-04-01,"Computer Accesossories",Unknown,1,2,4998,0,4998,4998
2023-04-01,Networking,Store,1,5,7495,374.75,7120.25,7120.25
2023-04-02,Networking,Store,1,0,0,0,0,0
2023-04-03,"Mobile Devices",Marketplace,1,10,299990,14999.5,284990.5,284990.5
2023-04-03,"Mobile Devices",Store,1,4,35996,3599.6,32396.4,32396.4
2023-04-03,"Mobile Devices",Unknown,1,6,77994,3899.7,74094.3,74094.3
2023-04-04,"Computer Accesossories",Unknown,1,7,10493,2098.6,8394.4,8394.4
2023-04-04,Electronics,Store,1,8,39992,0,39992,39992
2023-04-04,"Mobile Devices",Marketplace,1,3,38997,7799.4,31197.6,31197.6
2023-04-04,"Office Furniture",Online,1,2,9998,1999.6,7998.4,7998.4
2023-04-05,"Computer Accesossories",Online,1,10,99990,19998,79992,79992
2023-04-05,Electronics,Store,1,9,36000,1080,34920,34920
2023-04-05,"Mobile Devices",Online,1,2,25998,5199.6,20798.4,20798.4
2023-04-06,NULL,Online,1,9,17991,0,17991,17991
2023-04-06,"Mobile Devices",Online,1,3,38997,5849.55,33147.45,33147.45
2023-04-07,"Computer Accesossories",Marketplace,1,7,10493,1049.3,9443.7,9443.7
2023-04-07,"Computer Accesossories",Store,1,5,12495,1874.25,10620.75,10620.75
2023-04-07,"Computer Accesossories",Unknown,1,3,29997,2999.7,26997.3,26997.3
2023-04-07,Electronics,Store,1,0,0,0,0,0
2023-04-07,"Office Furniture",Marketplace,1,7,34993,1049.79,33943.21,33943.21
2023-04-08,"Computer Accesossories",Online,3,23,56477,6422.050000000001,50054.950000000004,16684.983333333334
2023-04-08,"Computer Accesossories",Store,1,9,31491,1574.55,29916.45,29916.45
2023-04-08,Electronics,Store,1,1,4000,400,3600,3600
2023-04-08,"Office Furniture",Store,1,3,14997,0,14997,14997
2023-04-09,Electronics,Marketplace,1,6,5994,1198.8,4795.2,4795.2
2023-04-09,"Mobile Devices",Marketplace,1,2,17998,0,17998,17998
2023-04-09,"Mobile Devices",Store,1,6,77994,0,77994,77994
2023-04-09,Networking,Store,1,8,11992,0,11992,11992
2023-04-09,"Office Furniture",Online,1,6,119994,23998.8,95995.2,95995.2
2023-04-10,NULL,Store,1,7,13993,699.65,13293.35,13293.35
2023-04-10,"Computer Accesossories",Marketplace,1,5,49995,1499.85,48495.15,48495.15
2023-04-11,Electronics,Marketplace,1,7,34993,1749.65,33243.35,33243.35
2023-04-11,"Office Furniture",Marketplace,1,1,4999,0,4999,4999
2023-04-12,"Office Furniture",Store,1,4,79996,7999.6,71996.4,71996.4
2023-04-13,"Computer Accesossories",Unknown,1,3,4497,134.91,4362.09,4362.09
2023-04-13,Electronics,Unknown,1,10,49990,7498.5,42491.5,42491.5
2023-04-13,"Mobile Devices",Marketplace,1,5,149995,14999.5,134995.5,134995.5
2023-04-13,"Office Furniture",Online,1,2,9998,0,9998,9998
2023-04-14,Electronics,Store,1,9,8991,0,8991,8991
2023-04-14,Networking,Unknown,1,3,4497,0,4497,4497
2023-04-14,"Office Furniture",Online,2,7,139993,3999.8,135993.2,67996.6
2023-04-15,"Computer Accesossories",Online,1,10,14990,0,14990,14990
2023-04-15,Electronics,Marketplace,2,18,79992,5998.8,73993.2,36996.6
2023-04-15,Electronics,Online,1,1,999,99.9,899.1,899.1
2023-04-15,Networking,Online,1,1,1499,74.95,1424.05,1424.05
2023-04-15,"Office Furniture",Marketplace,1,2,9998,1999.6,7998.4,7998.4
2023-04-16,"Computer Accesossories",Unknown,1,2,2998,89.94,2908.06,2908.06
2023-04-16,Electronics,Marketplace,1,9,44991,0,44991,44991
2023-04-16,Electronics,Store,1,10,49990,0,49990,49990
2023-04-16,"Mobile Devices",Unknown,1,10,299990,0,299990,299990
2023-04-16,Networking,Store,1,2,2998,299.8,2698.2,2698.2
2023-04-17,"Computer Accesossories",Unknown,1,5,12495,0,12495,12495
2023-04-17,Electronics,Marketplace,1,9,44991,0,44991,44991
2023-04-18,"Computer Accesossories",Online,2,8,11992,1948.7,10043.3,5021.65
2023-04-19,NULL,Online,1,10,9990,1998,7992,7992
2023-04-19,"Computer Accesossories",Unknown,1,10,34990,0,34990,34990
2023-04-19,Electronics,Online,1,6,24000,0,24000,24000
2023-04-19,"Office Furniture",Online,1,4,79996,15999.2,63996.8,63996.8
2023-04-20,"Computer Accesossories",Online,1,8,11992,0,11992,11992
2023-04-20,"Computer Accesossories",Store,2,4,7996,1024.4499999999998,6971.549999999999,3485.7749999999996
2023-04-21,"Computer Accesossories",Marketplace,1,5,7495,224.85,7270.15,7270.15
2023-04-21,"Computer Accesossories",Store,1,2,6998,0,6998,6998
2023-04-22,NULL,Store,1,7,5593,0,5593,5593
2023-04-22,"Mobile Devices",Online,1,1,12999,389.97,12609.03,12609.03
2023-04-22,Networking,Marketplace,1,3,4497,674.55,3822.45,3822.45
2023-04-23,"Computer Accesossories",Marketplace,2,12,17988,1124.25,16863.75,8431.875
2023-04-23,Networking,Marketplace,1,4,5996,899.4,5096.6,5096.6
2023-04-24,"Computer Accesossories",Marketplace,1,5,17495,874.75,16620.25,16620.25
2023-04-24,"Computer Accesossories",Online,1,2,4998,0,4998,4998
2023-04-24,"Computer Accesossories",Unknown,1,6,8994,0,8994,8994
2023-04-24,Electronics,Marketplace,1,10,49990,0,49990,49990
2023-04-24,"Mobile Devices",Store,2,16,353984,0,353984,176992
2023-04-24,Networking,Online,1,9,13491,2023.65,11467.35,11467.35
2023-04-26,"Computer Accesossories",Store,1,10,24990,2499,22491,22491
2023-04-26,Electronics,Online,1,2,1998,399.6,1598.4,1598.4
2023-04-26,"Mobile Devices",Marketplace,1,9,116991,0,116991,116991
2023-04-26,Networking,Online,1,9,13491,2023.65,11467.35,11467.35
2023-04-27,"Computer Accesossories",Store,1,3,4497,224.85,4272.15,4272.15
2023-04-27,"Office Furniture",Store,1,10,199990,9999.5,189990.5,189990.5
2023-04-28,"Computer Accesossories",Online,1,4,13996,419.88,13576.12,13576.12
2023-04-28,"Computer Accesossories",Unknown,1,5,12495,1249.5,11245.5,11245.5
2023-04-28,Electronics,Store,1,1,999,0,999,999
2023-04-28,Networking,Store,1,5,7495,1124.25,6370.75,6370.75
2023-04-29,Electronics,Marketplace,1,6,5994,0,5994,5994
2023-04-29,"Mobile Devices",Store,1,8,71992,7199.2,64792.8,64792.8
2023-04-30,"Mobile Devices",Online,1,3,89997,13499.55,76497.45,76497.45
2023-04-30,"Office Furniture",Store,1,5,99995,4999.75,94995.25,94995.25
2023-05-01,"Computer Accesossories",Store,1,5,7495,0,7495,7495
2023-05-01,"Computer Accesossories",Unknown,1,2,2998,0,2998,2998
2023-05-01,Electronics,Marketplace,1,1,4000,800,3200,3200
2023-05-02,Electronics,Store,1,7,28000,1400,26600,26600
2023-05-02,"Mobile Devices",Store,1,4,51996,0,51996,51996
2023-05-03,Electronics,Unknown,1,10,40000,8000,32000,32000
2023-05-03,"Mobile Devices",Store,1,2,59998,11999.6,47998.4,47998.4
2023-05-04,"Computer Accesossories",Online,1,6,8994,0,8994,8994
2023-05-04,"Computer Accesossories",Store,1,10,34990,1749.5,33240.5,33240.5
2023-05-05,NULL,Online,1,1,19999,0,19999,19999
2023-05-05,"Computer Accesossories",Marketplace,1,10,34990,5248.5,29741.5,29741.5
2023-05-05,"Computer Accesossories",Online,3,13,53487,8448.9,45038.1,15012.699999999999
2023-05-05,Electronics,Online,1,8,32000,1600,30400,30400
2023-05-06,"Computer Accesossories",Online,2,2,5998,0,5998,2999
2023-05-06,"Office Furniture",Marketplace,1,1,19999,3999.8,15999.2,15999.2
2023-05-07,"Computer Accesossories",Marketplace,1,4,5996,599.6,5396.4,5396.4
2023-05-07,"Computer Accesossories",Online,2,6,10994,1599.2,9394.8,4697.4
2023-05-07,"Mobile Devices",Store,1,1,8999,0,8999,8999
2023-05-08,Electronics,Unknown,1,1,999,29.97,969.03,969.03
2023-05-09,"Computer Accesossories",Marketplace,1,5,7495,0,7495,7495
2023-05-09,"Computer Accesossories",Online,2,12,51988,599.6,51388.4,25694.2
2023-05-09,"Mobile Devices",Store,1,5,149995,14999.5,134995.5,134995.5
2023-05-09,"Mobile Devices",Unknown,2,5,65995,3599.6,62395.4,31197.7
2023-05-10,Electronics,Marketplace,1,6,24000,3600,20400,20400
2023-05-10,Electronics,Store,1,3,12000,360,11640,11640
2023-05-10,"Mobile Devices",Online,1,1,12999,389.97,12609.03,12609.03
2023-05-11,"Computer Accesossories",Marketplace,1,2,2998,149.9,2848.1,2848.1
2023-05-11,"Computer Accesossories",Online,1,3,4497,899.4,3597.6,3597.6
2023-05-11,Electronics,Marketplace,1,3,12000,600,11400,11400
2023-05-11,Electronics,Store,1,6,29994,2999.4,26994.6,26994.6
2023-05-11,"Mobile Devices",Online,1,6,53994,2699.7,51294.3,51294.3
2023-05-11,Networking,Store,1,7,10493,1573.95,8919.05,8919.05
2023-05-12,Electronics,Marketplace,1,8,7992,239.76,7752.24,7752.24
2023-05-12,Electronics,Store,1,1,999,99.9,899.1,899.1
2023-05-12,"Mobile Devices",Online,1,5,149995,4499.85,145495.15,145495.15
2023-05-13,"Computer Accesossories",Online,2,18,34982,449.7,34532.3,17266.15
2023-05-13,"Computer Accesossories",Unknown,1,10,14990,0,14990,14990
2023-05-13,"Office Furniture",Online,1,3,59997,11999.4,47997.6,47997.6
2023-05-14,"Computer Accesossories",Marketplace,1,4,5996,1199.2,4796.8,4796.8
2023-05-14,"Computer Accesossories",Unknown,1,8,11992,0,11992,11992
2023-05-14,Electronics,Online,1,2,9998,499.9,9498.1,9498.1
2023-05-15,"Computer Accesossories",Unknown,1,3,29997,0,29997,29997
2023-05-15,Electronics,Online,1,5,4995,749.25,4245.75,4245.75
2023-05-15,"Mobile Devices",Online,1,8,71992,0,71992,71992
2023-05-16,"Computer Accesossories",Online,1,10,24990,0,24990,24990
2023-05-16,"Computer Accesossories",Store,1,9,22491,2249.1,20241.9,20241.9
2023-05-16,Electronics,Online,1,8,7992,0,7992,7992
2023-05-16,Electronics,Store,1,1,4999,0,4999,4999
2023-05-16,"Office Furniture",Unknown,1,10,199990,29998.5,169991.5,169991.5
2023-05-17,"Computer Accesossories",Store,2,8,14992,1499.4,13492.6,6746.3
2023-05-17,"Mobile Devices",Unknown,1,2,17998,539.94,17458.06,17458.06
2023-05-17,Networking,Store,1,9,13491,2023.65,11467.35,11467.35
2023-05-17,"Office Furniture",Marketplace,1,4,79996,2399.88,77596.12,77596.12
2023-05-17,"Office Furniture",Store,1,7,139993,27998.6,111994.4,111994.4
2023-05-18,"Computer Accesossories",Online,1,6,20994,2099.4,18894.6,18894.6
2023-05-18,"Office Furniture",Store,1,7,139993,13999.3,125993.7,125993.7
2023-05-19,"Computer Accesossories",Marketplace,1,3,10497,0,10497,10497
2023-05-19,"Computer Accesossories",Store,1,4,13996,0,13996,13996
2023-05-19,Electronics,Online,1,8,32000,0,32000,32000
2023-05-19,"Mobile Devices",Online,1,7,209993,31498.95,178494.05,178494.05
2023-05-19,"Office Furniture",Online,3,11,174989,12998.9,161990.1,53996.700000000004
2023-05-20,"Computer Accesossories",Online,1,10,24990,0,24990,24990
2023-05-20,"Office Furniture",Store,1,2,9998,999.8,8998.2,8998.2
2023-05-21,Electronics,Marketplace,1,10,40000,6000,34000,34000
2023-05-22,"Computer Accesossories",Store,1,10,99990,4999.5,94990.5,94990.5
2023-05-22,"Mobile Devices",Store,1,4,35996,0,35996,35996
2023-05-22,"Mobile Devices",Unknown,1,10,129990,12999,116991,116991
2023-05-22,Networking,Online,1,3,4497,224.85,4272.15,4272.15
2023-05-22,"Office Furniture",Marketplace,1,2,39998,3999.8,35998.2,35998.2
2023-05-23,"Computer Accesossories",Online,1,1,1499,74.95,1424.05,1424.05
2023-05-23,"Computer Accesossories",Store,1,4,39996,3999.6,35996.4,35996.4
2023-05-24,"Computer Accesossories",Marketplace,1,6,20994,0,20994,20994
2023-05-24,Electronics,Online,1,8,39992,0,39992,39992
2023-05-24,Electronics,Store,1,3,2997,89.91,2907.09,2907.09
2023-05-25,"Computer Accesossories",Store,1,1,1499,0,1499,1499
2023-05-25,Electronics,Store,1,3,14997,1499.7,13497.3,13497.3
2023-05-25,Networking,Unknown,1,9,13491,2698.2,10792.8,10792.8
2023-05-26,"Computer Accesossories",Online,1,8,11992,1798.8,10193.2,10193.2
2023-05-26,"Computer Accesossories",Store,1,5,7495,374.75,7120.25,7120.25
2023-05-26,Electronics,Store,1,4,16000,0,16000,16000
2023-05-26,"Office Furniture",Marketplace,1,9,44991,0,44991,44991
2023-05-27,NULL,Online,1,3,4497,224.85,4272.15,4272.15
2023-05-27,"Mobile Devices",Online,1,7,209993,0,209993,209993
2023-05-27,"Mobile Devices",Store,1,9,269991,40498.65,229492.35,229492.35
2023-05-27,"Office Furniture",Store,1,1,4999,749.85,4249.15,4249.15
2023-05-28,NULL,Unknown,1,9,134991,26998.2,107992.8,107992.8
2023-05-28,"Computer Accesossories",Store,1,5,7495,749.5,6745.5,6745.5
2023-05-28,Networking,Online,1,5,7495,1499,5996,5996
2023-05-28,"Office Furniture",Store,1,1,19999,1999.9,17999.1,17999.1
2023-05-29,"Computer Accesossories",Unknown,1,3,7497,1124.55,6372.45,6372.45
2023-05-30,NULL,Online,1,2,1998,59.94,1938.06,1938.06
2023-05-30,"Computer Accesossories",Marketplace,1,2,6998,209.94,6788.06,6788.06
2023-05-30,"Computer Accesossories",Online,2,7,69993,8099.1900000000005,61893.81,30946.905
2023-05-30,"Computer Accesossories",Store,1,7,10493,524.65,9968.35,9968.35
2023-05-31,"Computer Accesossories",Marketplace,1,7,10493,314.79,10178.21,10178.21
2023-05-31,Electronics,Store,1,6,24000,1200,22800,22800
2023-06-01,"Computer Accesossories",Store,1,2,4998,0,4998,4998
2023-06-01,Electronics,Online,1,9,36000,1800,34200,34200
2023-06-01,"Office Furniture",Marketplace,1,7,34993,0,34993,34993
2023-06-01,"Office Furniture",Online,1,10,49990,0,49990,49990
2023-06-02,NULL,Store,1,5,2495,249.5,2245.5,2245.5
2023-06-02,"Computer Accesossories",Online,2,13,29487,2148.9,27338.1,13669.05
2023-06-02,Electronics,Unknown,1,1,4999,149.97,4849.03,4849.03
2023-06-02,"Mobile Devices",Store,1,3,38997,0,38997,38997
2023-06-02,"Office Furniture",Marketplace,1,10,49990,0,49990,49990
2023-06-03,"Computer Accesossories",Store,1,4,13996,0,13996,13996
2023-06-04,"Computer Accesossories",Online,1,9,22491,1124.55,21366.45,21366.45
2023-06-04,"Computer Accesossories",Unknown,2,7,22493,629.82,21863.18,10931.59
2023-06-04,Electronics,Store,1,1,4000,200,3800,3800
2023-06-04,"Office Furniture",Store,1,8,159992,0,159992,159992
2023-06-05,Electronics,Online,1,5,24995,749.85,24245.15,24245.15
2023-06-05,"Mobile Devices",Unknown,1,10,299990,14999.5,284990.5,284990.5
2023-06-06,"Computer Accesossories",Online,1,7,17493,524.79,16968.21,16968.21
2023-06-06,"Computer Accesossories",Store,1,5,12495,0,12495,12495
2023-06-06,Electronics,Marketplace,1,3,2997,449.55,2547.45,2547.45
2023-06-06,"Mobile Devices",Store,2,11,142989,25998,116991,58495.5
2023-06-07,NULL,Online,1,3,29997,0,29997,29997
2023-06-07,"Computer Accesossories",Online,2,8,16992,1874.25,15117.75,7558.875
2023-06-07,Electronics,Online,1,9,44991,0,44991,44991
2023-06-08,NULL,Marketplace,1,5,9995,499.75,9495.25,9495.25
2023-06-08,"Computer Accesossories",Unknown,2,16,23984,749.5,23234.5,11617.25
2023-06-08,Electronics,Online,1,10,49990,7498.5,42491.5,42491.5
2023-06-08,"Mobile Devices",Marketplace,1,10,299990,8999.7,290990.3,290990.3
2023-06-08,Networking,Marketplace,1,1,1499,0,1499,1499
2023-06-09,NULL,Online,1,4,7996,1599.2,6396.8,6396.8
2023-06-09,Electronics,Online,1,0,0,0,0,0
2023-06-09,Electronics,Store,1,1,999,99.9,899.1,899.1
2023-06-09,"Mobile Devices",Marketplace,1,10,129990,3899.7,126090.3,126090.3
2023-06-09,"Mobile Devices",Unknown,1,6,179994,0,179994,179994
2023-06-10,NULL,Store,1,10,29990,899.7,29090.3,29090.3
2023-06-10,"Computer Accesossories",Marketplace,1,7,10493,2098.6,8394.4,8394.4
2023-06-10,"Office Furniture",Online,1,9,44991,6748.65,38242.35,38242.35
2023-06-11,"Computer Accesossories",Store,1,6,8994,269.82,8724.18,8724.18
2023-06-11,"Mobile Devices",Marketplace,1,6,77994,0,77994,77994
2023-06-11,"Mobile Devices",Online,1,6,77994,15598.8,62395.2,62395.2
2023-06-12,"Computer Accesossories",Marketplace,1,4,5996,0,5996,5996
2023-06-12,"Computer Accesossories",Store,2,6,14994,2998.8,11995.2,5997.6
2023-06-12,Electronics,Online,1,3,2997,89.91,2907.09,2907.09
2023-06-12,Networking,Online,1,5,7495,749.5,6745.5,6745.5
2023-06-12,"Office Furniture",Online,1,10,49990,0,49990,49990
2023-06-12,"Office Furniture",Unknown,2,4,19996,0,19996,9998
2023-06-13,NULL,Online,1,4,3996,199.8,3796.2,3796.2
2023-06-13,"Office Furniture",Online,2,10,49990,4499.1,45490.9,22745.45
2023-06-14,"Office Furniture",Store,1,8,39992,7998.4,31993.6,31993.6
2023-06-15,"Computer Accesossories",Unknown,1,4,9996,499.8,9496.2,9496.2
2023-06-15,"Mobile Devices",Marketplace,1,10,89990,2699.7,87290.3,87290.3
2023-06-15,"Mobile Devices",Online,1,7,90993,9099.3,81893.7,81893.7
2023-06-16,"Computer Accesossories",Marketplace,1,3,4497,449.7,4047.3,4047.3
2023-06-16,"Computer Accesossories",Online,1,4,13996,419.88,13576.12,13576.12
2023-06-16,"Mobile Devices",Online,1,4,119996,23999.2,95996.8,95996.8
2023-06-16,"Office Furniture",Online,1,6,29994,0,29994,29994
2023-06-18,NULL,Marketplace,1,3,59997,2999.85,56997.15,56997.15
2023-06-18,"Computer Accesossories",Online,1,6,8994,0,8994,8994
2023-06-18,Electronics,Marketplace,1,2,8000,1600,6400,6400
2023-06-19,Electronics,Store,1,2,8000,800,7200,7200
2023-06-19,Electronics,Unknown,2,11,54989,999.8,53989.2,26994.6
2023-06-20,"Computer Accesossories",Online,1,10,24990,4998,19992,19992
2023-06-20,Electronics,Online,1,8,39992,3999.2,35992.8,35992.8
2023-06-20,"Office Furniture",Store,1,7,34993,0,34993,34993
2023-06-21,"Computer Accesossories",Online,2,3,8497,349.9,8147.1,4073.55
2023-06-21,Electronics,Marketplace,1,3,14997,0,14997,14997
2023-06-21,"Mobile Devices",Unknown,1,5,44995,0,44995,44995
2023-06-22,"Computer Accesossories",Unknown,1,5,12495,1874.25,10620.75,10620.75
2023-06-22,"Mobile Devices",Store,1,1,29999,0,29999,29999
2023-06-22,"Mobile Devices",Unknown,1,4,119996,0,119996,119996
2023-06-22,"Office Furniture",Online,1,8,159992,31998.4,127993.6,127993.6
2023-06-23,"Computer Accesossories",Online,2,13,27487,2224.05,25262.949999999997,12631.474999999999
2023-06-23,"Computer Accesossories",Store,1,0,0,0,0,0
2023-06-23,"Computer Accesossories",Unknown,1,3,10497,1574.55,8922.45,8922.45
2023-06-23,Electronics,Online,2,9,39996,4000,35996,17998
2023-06-23,Networking,Online,1,10,14990,2248.5,12741.5,12741.5
2023-06-24,"Computer Accesossories",Marketplace,1,9,22491,0,22491,22491
2023-06-24,"Computer Accesossories",Online,1,8,19992,0,19992,19992
2023-06-25,Electronics,Marketplace,1,1,4000,800,3200,3200
2023-06-26,"Computer Accesossories",Marketplace,2,6,42994,1649.5800000000002,41344.420000000006,20672.210000000003
2023-06-26,"Computer Accesossories",Unknown,1,5,7495,374.75,7120.25,7120.25
2023-06-26,Electronics,Unknown,1,10,9990,1498.5,8491.5,8491.5
2023-06-26,"Mobile Devices",Unknown,1,2,17998,539.94,17458.06,17458.06
2023-06-27,"Computer Accesossories",Marketplace,1,6,8994,449.7,8544.3,8544.3
2023-06-27,"Computer Accesossories",Online,1,1,1499,44.97,1454.03,1454.03
2023-06-27,"Computer Accesossories",Store,1,7,10493,1049.3,9443.7,9443.7
2023-06-27,"Mobile Devices",Marketplace,1,8,103992,15598.8,88393.2,88393.2
2023-06-27,"Mobile Devices",Online,1,3,26997,2699.7,24297.3,24297.3
2023-06-27,"Mobile Devices",Store,1,10,299990,59998,239992,239992
2023-06-27,"Office Furniture",Store,1,10,199990,19999,179991,179991
2023-06-28,"Office Furniture",Online,1,3,14997,449.91,14547.09,14547.09
2023-06-29,Electronics,Online,1,8,32000,0,32000,32000
2023-06-29,Networking,Store,1,4,5996,1199.2,4796.8,4796.8
2023-06-30,Electronics,Store,1,8,32000,1600,30400,30400
2023-06-30,"Mobile Devices",Online,1,1,29999,0,29999,29999
2023-07-01,"Computer Accesossories",Marketplace,1,7,17493,874.65,16618.35,16618.35
2023-07-02,"Computer Accesossories",Store,2,15,27485,3373.25,24111.75,12055.875
2023-07-02,"Mobile Devices",Store,2,8,137992,27598.4,110393.6,55196.8
2023-07-02,Networking,Unknown,1,2,2998,0,2998,2998
2023-07-03,Electronics,Online,1,2,9998,0,9998,9998
2023-07-04,"Computer Accesossories",Marketplace,1,1,1499,0,1499,1499
2023-07-04,"Computer Accesossories",Online,1,7,10493,2098.6,8394.4,8394.4
2023-07-04,"Computer Accesossories",Store,3,9,20491,1249.5,19241.5,6413.833333333333
2023-07-05,"Computer Accesossories",Marketplace,1,3,29997,899.91,29097.09,29097.09
2023-07-05,"Computer Accesossories",Online,1,10,14990,2998,11992,11992
2023-07-05,"Computer Accesossories",Store,1,8,79992,0,79992,79992
2023-07-06,"Computer Accesossories",Marketplace,2,5,49995,6599.34,43395.66,21697.83
2023-07-06,"Computer Accesossories",Unknown,1,9,22491,4498.2,17992.8,17992.8
2023-07-06,Networking,Store,1,0,0,0,0,0
2023-07-07,"Computer Accesossories",Store,1,4,9996,1999.2,7996.8,7996.8
2023-07-07,"Office Furniture",Online,1,5,99995,0,99995,99995
2023-07-07,"Office Furniture",Store,1,0,0,0,0,0
2023-07-08,"Computer Accesossories",Online,1,5,7495,1124.25,6370.75,6370.75
2023-07-08,"Computer Accesossories",Store,1,6,14994,449.82,14544.18,14544.18
2023-07-08,"Mobile Devices",Online,1,8,239992,0,239992,239992
2023-07-08,"Office Furniture",Marketplace,1,2,39998,1999.9,37998.1,37998.1
2023-07-09,"Computer Accesossories",Store,1,2,2998,149.9,2848.1,2848.1
2023-07-09,"Mobile Devices",Store,1,2,59998,0,59998,59998
2023-07-09,"Office Furniture",Store,1,1,19999,1999.9,17999.1,17999.1
2023-07-10,"Computer Accesossories",Store,2,18,26982,4047.2999999999997,22934.699999999997,11467.349999999999
2023-07-10,"Office Furniture",Marketplace,1,7,34993,1049.79,33943.21,33943.21
2023-07-11,"Computer Accesossories",Store,1,6,8994,899.4,8094.6,8094.6
2023-07-11,"Mobile Devices",Online,1,7,90993,18198.6,72794.4,72794.4
2023-07-12,Networking,Marketplace,1,8,11992,599.6,11392.4,11392.4
2023-07-13,"Computer Accesossories",Unknown,1,1,1499,44.97,1454.03,1454.03
2023-07-13,Networking,Store,1,9,13491,2023.65,11467.35,11467.35
2023-07-14,"Computer Accesossories",Online,1,6,8994,0,8994,8994
2023-07-14,Electronics,Online,1,6,5994,599.4,5394.6,5394.6
2023-07-14,Electronics,Store,1,1,999,199.8,799.2,799.2
2023-07-15,Electronics,Online,1,9,44991,4499.1,40491.9,40491.9
2023-07-15,"Mobile Devices",Store,1,1,12999,1299.9,11699.1,11699.1
2023-07-15,"Office Furniture",Online,1,4,19996,599.88,19396.12,19396.12
2023-07-16,NULL,Marketplace,1,10,19990,3998,15992,15992
2023-07-16,"Computer Accesossories",Online,1,8,19992,0,19992,19992
2023-07-16,"Computer Accesossories",Store,1,4,5996,0,5996,5996
2023-07-16,Networking,Online,2,12,17988,2173.55,15814.45,7907.225
2023-07-17,"Computer Accesossories",Marketplace,2,11,50489,0,50489,25244.5
2023-07-17,"Mobile Devices",Online,1,8,71992,0,71992,71992
2023-07-18,NULL,Unknown,1,6,2994,149.7,2844.3,2844.3
2023-07-18,"Computer Accesossories",Marketplace,1,3,4497,0,4497,4497
2023-07-18,"Computer Accesossories",Store,1,0,0,0,0,0
2023-07-18,Networking,Unknown,1,1,1499,299.8,1199.2,1199.2
2023-07-18,"Office Furniture",Store,1,4,79996,7999.6,71996.4,71996.4
2023-07-19,"Computer Accesossories",Marketplace,2,11,16489,599.6,15889.4,7944.7
2023-07-19,"Computer Accesossories",Store,2,10,14990,674.55,14315.45,7157.725
2023-07-19,"Office Furniture",Online,1,5,24995,0,24995,24995
2023-07-20,"Mobile Devices",Online,1,8,71992,3599.6,68392.4,68392.4
2023-07-21,"Computer Accesossories",Marketplace,2,11,30489,4273.55,26215.449999999997,13107.724999999999
2023-07-21,"Mobile Devices",Online,1,5,64995,9749.25,55245.75,55245.75
2023-07-22,"Computer Accesossories",Online,1,5,12495,0,12495,12495
2023-07-23,"Computer Accesossories",Online,1,10,24990,0,24990,24990
2023-07-23,Electronics,Marketplace,1,5,24995,0,24995,24995
2023-07-24,"Office Furniture",Marketplace,1,7,34993,3499.3,31493.7,31493.7
2023-07-25,"Computer Accesossories",Unknown,1,2,19998,999.9,18998.1,18998.1
2023-07-25,"Mobile Devices",Marketplace,1,2,17998,3599.6,14398.4,14398.4
2023-07-25,"Mobile Devices",Store,2,8,188992,1949.85,187042.15,93521.075
2023-07-26,"Computer Accesossories",Unknown,1,3,4497,449.7,4047.3,4047.3
2023-07-26,Electronics,Marketplace,1,2,9998,1499.7,8498.3,8498.3
2023-07-26,Electronics,Store,1,7,28000,5600,22400,22400
2023-07-27,"Computer Accesossories",Marketplace,2,10,14990,1349.1000000000001,13640.9,6820.45
2023-07-27,"Computer Accesossories",Online,1,7,24493,4898.6,19594.4,19594.4
2023-07-27,"Computer Accesossories",Unknown,1,3,10497,2099.4,8397.6,8397.6
2023-07-27,"Office Furniture",Online,1,9,179991,0,179991,179991
2023-07-27,"Office Furniture",Store,2,15,164985,13349.13,151635.87,75817.935
2023-07-27,"Office Furniture",Unknown,1,6,119994,23998.8,95995.2,95995.2
2023-07-28,NULL,Online,1,1,4999,999.8,3999.2,3999.2
2023-07-28,"Computer Accesossories",Store,1,5,7495,0,7495,7495
2023-07-28,"Computer Accesossories",Unknown,1,2,2998,599.6,2398.4,2398.4
2023-07-28,"Mobile Devices",Unknown,1,3,26997,2699.7,24297.3,24297.3
2023-07-29,"Computer Accesossories",Online,1,4,5996,299.8,5696.2,5696.2
2023-07-29,"Computer Accesossories",Store,1,8,11992,2398.4,9593.6,9593.6
2023-07-29,"Mobile Devices",Marketplace,1,3,89997,0,89997,89997
2023-07-29,Networking,Online,1,9,13491,2023.65,11467.35,11467.35
2023-07-29,"Office Furniture",Store,1,6,119994,0,119994,119994
2023-07-30,Electronics,Store,1,7,28000,4200,23800,23800
2023-07-31,"Computer Accesossories",Store,1,5,17495,874.75,16620.25,16620.25
2023-07-31,Networking,Marketplace,1,5,7495,1124.25,6370.75,6370.75
2023-07-31,"Office Furniture",Marketplace,1,1,4999,249.95,4749.05,4749.05
2023-07-31,"Office Furniture",Unknown,1,8,39992,5998.8,33993.2,33993.2
2023-08-01,"Computer Accesossories",Marketplace,1,8,11992,1798.8,10193.2,10193.2
2023-08-01,"Computer Accesossories",Online,1,10,14990,449.7,14540.3,14540.3
2023-08-01,"Computer Accesossories",Store,1,0,0,0,0,0
2023-08-01,Electronics,Store,2,7,18993,3048.75,15944.25,7972.125
2023-08-01,Electronics,Unknown,1,4,3996,399.6,3596.4,3596.4
2023-08-02,"Mobile Devices",Online,1,3,26997,2699.7,24297.3,24297.3
2023-08-02,"Mobile Devices",Unknown,1,2,59998,1799.94,58198.06,58198.06
2023-08-02,"Office Furniture",Online,1,2,9998,0,9998,9998
2023-08-03,Electronics,Online,1,1,999,99.9,899.1,899.1
2023-08-03,"Mobile Devices",Marketplace,1,10,89990,0,89990,89990
2023-08-03,Networking,Store,1,4,5996,0,5996,5996
2023-08-04,"Computer Accesossories",Online,1,8,27992,0,27992,27992
2023-08-05,"Computer Accesossories",Store,1,8,27992,2799.2,25192.8,25192.8
2023-08-06,NULL,Store,1,4,31996,959.88,31036.12,31036.12
2023-08-06,"Computer Accesossories",Online,2,8,73492,349.9,73142.1,36571.05
2023-08-07,"Computer Accesossories",Online,1,8,11992,2398.4,9593.6,9593.6
2023-08-07,"Computer Accesossories",Store,4,18,118982,3749.3399999999997,115232.66,28808.165
2023-08-07,Electronics,Store,1,5,20000,0,20000,20000
2023-08-07,"Mobile Devices",Online,1,3,26997,4049.55,22947.45,22947.45
2023-08-08,"Computer Accesossories",Online,1,9,22491,0,22491,22491
2023-08-08,Electronics,Store,1,9,8991,1348.65,7642.35,7642.35
2023-08-08,Electronics,Unknown,1,1,999,99.9,899.1,899.1
2023-08-08,"Office Furniture",Store,1,5,24995,0,24995,24995
2023-08-09,"Computer Accesossories",Marketplace,1,10,14990,749.5,14240.5,14240.5
2023-08-09,"Office Furniture",Unknown,2,17,84983,1999.6,82983.4,41491.7
2023-08-10,"Computer Accesossories",Marketplace,1,8,27992,4198.8,23793.2,23793.2
2023-08-10,"Computer Accesossories",Online,1,1,9999,0,9999,9999
2023-08-10,"Computer Accesossories",Store,1,5,17495,2624.25,14870.75,14870.75
2023-08-10,Electronics,Marketplace,1,1,999,49.95,949.05,949.05
2023-08-10,Electronics,Online,1,5,4995,0,4995,4995
2023-08-10,"Mobile Devices",Online,2,5,107995,1799.8,106195.2,53097.6
2023-08-10,Networking,Store,1,5,7495,374.75,7120.25,7120.25
2023-08-10,"Office Furniture",Marketplace,1,6,29994,0,29994,29994
2023-08-11,"Computer Accesossories",Online,2,20,29980,1499,28481,14240.5
2023-08-11,"Mobile Devices",Online,1,7,209993,0,209993,209993
2023-08-11,"Mobile Devices",Store,1,9,80991,0,80991,80991
2023-08-11,Networking,Online,1,8,11992,0,11992,11992
2023-08-12,"Computer Accesossories",Online,1,8,11992,599.6,11392.4,11392.4
2023-08-12,"Computer Accesossories",Store,1,2,2998,0,2998,2998
2023-08-12,Electronics,Marketplace,1,10,9990,499.5,9490.5,9490.5
2023-08-12,"Mobile Devices",Online,1,8,71992,14398.4,57593.6,57593.6
2023-08-12,"Mobile Devices",Store,1,10,129990,3899.7,126090.3,126090.3
2023-08-12,Networking,Store,1,2,2998,449.7,2548.3,2548.3
2023-08-12,"Office Furniture",Unknown,1,3,14997,2249.55,12747.45,12747.45
2023-08-13,"Computer Accesossories",Marketplace,1,7,69993,2099.79,67893.21,67893.21
2023-08-13,Electronics,Online,1,6,24000,0,24000,24000
2023-08-13,Electronics,Store,2,10,13990,519.6800000000001,13470.32,6735.16
2023-08-13,Electronics,Unknown,1,10,49990,9998,39992,39992
2023-08-13,"Mobile Devices",Store,1,5,64995,0,64995,64995
2023-08-13,Networking,Marketplace,1,10,14990,1499,13491,13491
2023-08-14,"Computer Accesossories",Store,1,5,12495,1249.5,11245.5,11245.5
2023-08-14,"Mobile Devices",Online,1,10,299990,59998,239992,239992
2023-08-14,"Office Furniture",Online,1,3,59997,8999.55,50997.45,50997.45
2023-08-15,"Computer Accesossories",Unknown,1,9,31491,0,31491,31491
2023-08-15,"Mobile Devices",Unknown,2,6,77994,0,77994,38997
2023-08-15,Networking,Store,1,5,7495,1124.25,6370.75,6370.75
2023-08-16,"Computer Accesossories",Online,1,7,69993,10498.95,59494.05,59494.05
2023-08-16,"Computer Accesossories",Store,1,3,4497,0,4497,4497
2023-08-16,"Mobile Devices",Store,1,2,25998,5199.6,20798.4,20798.4
2023-08-16,"Office Furniture",Online,1,3,59997,2999.85,56997.15,56997.15
2023-08-16,"Office Furniture",Unknown,1,4,79996,0,79996,79996
2023-08-17,"Computer Accesossories",Store,1,6,8994,1798.8,7195.2,7195.2
2023-08-17,"Computer Accesossories",Unknown,1,7,10493,1049.3,9443.7,9443.7
2023-08-17,Electronics,Marketplace,1,7,34993,1049.79,33943.21,33943.21
2023-08-17,"Mobile Devices",Marketplace,1,1,29999,1499.95,28499.05,28499.05
2023-08-18,"Computer Accesossories",Online,1,2,4998,149.94,4848.06,4848.06
2023-08-18,"Mobile Devices",Store,1,6,77994,0,77994,77994
2023-08-18,"Mobile Devices",Unknown,1,2,59998,2999.9,56998.1,56998.1
2023-08-18,"Office Furniture",Marketplace,1,0,0,0,0,0
2023-08-19,"Office Furniture",Unknown,1,7,139993,4199.79,135793.21,135793.21
2023-08-20,"Computer Accesossories",Online,1,1,2499,249.9,2249.1,2249.1
2023-08-20,Electronics,Online,1,8,32000,4800,27200,27200
2023-08-20,"Mobile Devices",Marketplace,2,18,197982,5849.55,192132.45,96066.225
2023-08-20,Networking,Unknown,1,10,14990,749.5,14240.5,14240.5
2023-08-21,Electronics,Online,1,4,19996,0,19996,19996
2023-08-21,"Mobile Devices",Store,1,9,269991,13499.55,256491.45,256491.45
2023-08-22,"Mobile Devices",Store,1,2,17998,3599.6,14398.4,14398.4
2023-08-23,"Computer Accesossories",Marketplace,1,10,14990,1499,13491,13491
2023-08-23,"Computer Accesossories",Online,1,4,5996,179.88,5816.12,5816.12
2023-08-23,"Computer Accesossories",Store,1,9,31491,3149.1,28341.9,28341.9
2023-08-23,"Mobile Devices",Online,2,9,167991,7799.4,160191.6,80095.8
2023-08-24,"Mobile Devices",Online,1,4,35996,0,35996,35996
2023-08-25,"Computer Accesossories",Online,3,18,56982,8882.41,48099.59,16033.196666666665
2023-08-25,Electronics,Store,1,10,9990,1498.5,8491.5,8491.5
2023-08-25,"Mobile Devices",Unknown,1,1,12999,389.97,12609.03,12609.03
2023-08-26,"Computer Accesossories",Online,2,14,94486,8223.95,86262.04999999999,43131.024999999994
2023-08-26,"Computer Accesossories",Unknown,1,4,9996,0,9996,9996
2023-08-26,"Mobile Devices",Store,1,5,44995,4499.5,40495.5,40495.5
2023-08-26,"Mobile Devices",Unknown,1,1,29999,1499.95,28499.05,28499.05
2023-08-27,"Computer Accesossories",Marketplace,1,2,2998,0,2998,2998
2023-08-27,"Computer Accesossories",Unknown,2,7,17493,524.79,16968.21,8484.105
2023-08-27,Electronics,Online,1,6,24000,720,23280,23280
2023-08-28,"Computer Accesossories",Marketplace,2,10,54490,6948.85,47541.15,23770.575
2023-08-28,"Computer Accesossories",Online,1,6,59994,11998.8,47995.2,47995.2
2023-08-28,"Computer Accesossories",Store,2,9,29491,839.76,28651.24,14325.62
2023-08-28,"Mobile Devices",Unknown,1,5,44995,4499.5,40495.5,40495.5
2023-08-28,Networking,Store,1,10,14990,2248.5,12741.5,12741.5
2023-08-29,"Computer Accesossories",Store,1,7,10493,314.79,10178.21,10178.21
2023-08-29,Electronics,Online,1,8,7992,399.6,7592.4,7592.4
2023-08-29,"Mobile Devices",Store,1,10,129990,3899.7,126090.3,126090.3
2023-08-30,Electronics,Store,1,4,19996,0,19996,19996
2023-08-31,"Computer Accesossories",Online,1,8,11992,0,11992,11992
2023-08-31,Electronics,Online,1,3,2997,599.4,2397.6,2397.6
2023-08-31,"Mobile Devices",Store,2,16,143984,17998,125986,62993
2023-08-31,"Office Furniture",Store,1,5,99995,19999,79996,79996
2023-09-01,Electronics,Online,1,7,28000,5600,22400,22400
2023-09-02,"Computer Accesossories",Online,1,6,8994,1349.1,7644.9,7644.9
2023-09-03,Networking,Store,1,9,13491,0,13491,13491
2023-09-04,"Computer Accesossories",Online,1,0,0,0,0,0
2023-09-04,Electronics,Store,1,5,24995,3749.25,21245.75,21245.75
2023-09-04,"Mobile Devices",Marketplace,1,8,103992,10399.2,93592.8,93592.8
2023-09-04,Networking,Online,1,9,13491,1349.1,12141.9,12141.9
2023-09-05,"Computer Accesossories",Marketplace,1,5,12495,2499,9996,9996
2023-09-05,"Computer Accesossories",Online,1,6,59994,1799.82,58194.18,58194.18
2023-09-05,Electronics,Online,1,8,39992,0,39992,39992
2023-09-06,"Computer Accesossories",Store,2,8,16992,2009.16,14982.84,7491.42
2023-09-06,Networking,Store,1,3,4497,224.85,4272.15,4272.15
2023-09-07,Networking,Online,1,5,7495,749.5,6745.5,6745.5
2023-09-08,"Computer Accesossories",Store,1,1,9999,999.9,8999.1,8999.1
2023-09-08,Electronics,Online,1,9,8991,1798.2,7192.8,7192.8
2023-09-08,Electronics,Unknown,1,10,40000,6000,34000,34000
2023-09-08,Networking,Unknown,1,3,4497,0,4497,4497
2023-09-08,"Office Furniture",Online,2,10,49990,4049.19,45940.81,22970.405
2023-09-09,"Computer Accesossories",Marketplace,1,8,11992,0,11992,11992
2023-09-09,Electronics,Unknown,1,5,20000,2000,18000,18000
2023-09-09,Networking,Store,1,3,4497,674.55,3822.45,3822.45
2023-09-09,"Office Furniture",Store,1,4,79996,3999.8,75996.2,75996.2
2023-09-10,Networking,Unknown,1,3,4497,0,4497,4497
2023-09-11,"Mobile Devices",Online,1,3,89997,4499.85,85497.15,85497.15
2023-09-11,"Mobile Devices",Unknown,1,4,35996,1799.8,34196.2,34196.2
2023-09-12,"Computer Accesossories",Online,1,6,8994,269.82,8724.18,8724.18
2023-09-12,"Computer Accesossories",Store,2,9,19491,3673.3500000000004,15817.650000000001,7908.825000000001
2023-09-12,"Computer Accesossories",Unknown,1,4,9996,1499.4,8496.6,8496.6
2023-09-12,Networking,Online,1,8,11992,599.6,11392.4,11392.4
2023-09-12,"Office Furniture",Marketplace,1,0,0,0,0,0
2023-09-13,"Computer Accesossories",Marketplace,1,4,5996,299.8,5696.2,5696.2
2023-09-13,"Computer Accesossories",Store,1,5,49995,4999.5,44995.5,44995.5
2023-09-13,"Office Furniture",Online,2,11,219989,16999.15,202989.84999999998,101494.92499999999
2023-09-14,"Computer Accesossories",Unknown,1,10,14990,2998,11992,11992
2023-09-14,Electronics,Marketplace,1,6,24000,720,23280,23280
2023-09-14,"Mobile Devices",Online,1,5,64995,9749.25,55245.75,55245.75
2023-09-14,"Mobile Devices",Store,1,8,103992,5199.6,98792.4,98792.4
2023-09-15,"Computer Accesossories",Marketplace,2,11,90489,11998.8,78490.2,39245.1
2023-09-15,"Mobile Devices",Unknown,1,9,116991,3509.73,113481.27,113481.27
2023-09-15,"Office Furniture",Online,1,2,9998,299.94,9698.06,9698.06
2023-09-15,"Office Furniture",Unknown,1,2,39998,0,39998,39998
2023-09-16,"Computer Accesossories",Store,1,8,11992,599.6,11392.4,11392.4
2023-09-16,"Mobile Devices",Marketplace,1,8,71992,0,71992,71992
2023-09-16,"Mobile Devices",Store,1,10,129990,0,129990,129990
2023-09-17,"Computer Accesossories",Marketplace,1,7,24493,3673.95,20819.05,20819.05
2023-09-18,"Computer Accesossories",Online,1,1,1499,149.9,1349.1,1349.1
2023-09-18,"Computer Accesossories",Store,2,11,16489,524.65,15964.35,7982.175
2023-09-18,"Mobile Devices",Marketplace,1,4,119996,17999.4,101996.6,101996.6
2023-09-18,"Mobile Devices",Store,1,6,179994,8999.7,170994.3,170994.3
2023-09-18,Networking,Unknown,1,2,2998,0,2998,2998
2023-09-18,"Office Furniture",Store,1,6,29994,899.82,29094.18,29094.18
2023-09-19,"Computer Accesossories",Online,2,17,39483,4898.6,34584.4,17292.2
2023-09-19,"Mobile Devices",Store,1,1,12999,0,12999,12999
2023-09-19,"Office Furniture",Marketplace,1,8,159992,31998.4,127993.6,127993.6
2023-09-20,"Computer Accesossories",Online,1,4,13996,699.8,13296.2,13296.2
2023-09-20,Networking,Online,1,9,13491,1349.1,12141.9,12141.9
2023-09-21,NULL,Online,2,12,101988,4499.55,97488.45,48744.225
2023-09-21,"Mobile Devices",Store,1,8,71992,2159.76,69832.24,69832.24
2023-09-21,"Mobile Devices",Unknown,1,4,119996,0,119996,119996
2023-09-21,"Office Furniture",Store,1,9,179991,17999.1,161991.9,161991.9
2023-09-22,"Mobile Devices",Marketplace,1,8,71992,0,71992,71992
2023-09-23,NULL,Marketplace,1,3,8997,1799.4,7197.6,7197.6
2023-09-23,"Mobile Devices",Marketplace,1,3,38997,1949.85,37047.15,37047.15
2023-09-23,"Mobile Devices",Online,1,10,129990,12999,116991,116991
2023-09-23,"Mobile Devices",Store,1,6,179994,5399.82,174594.18,174594.18
2023-09-23,"Office Furniture",Store,1,5,24995,2499.5,22495.5,22495.5
2023-09-24,"Computer Accesossories",Store,1,7,17493,0,17493,17493
2023-09-24,"Mobile Devices",Unknown,1,1,12999,649.95,12349.05,12349.05
2023-09-24,Networking,Store,1,3,4497,899.4,3597.6,3597.6
2023-09-24,"Office Furniture",Marketplace,1,3,14997,2999.4,11997.6,11997.6
2023-09-25,"Computer Accesossories",Online,1,5,7495,374.75,7120.25,7120.25
2023-09-25,"Mobile Devices",Unknown,1,1,29999,4499.85,25499.15,25499.15
2023-09-26,"Computer Accesossories",Marketplace,1,1,1499,299.8,1199.2,1199.2
2023-09-26,Electronics,Online,1,0,0,0,0,0
2023-09-26,"Mobile Devices",Store,1,5,44995,0,44995,44995
2023-09-26,Networking,Store,1,2,2998,599.6,2398.4,2398.4
2023-09-27,"Computer Accesossories",Unknown,2,10,28990,0,28990,14495
2023-09-27,"Mobile Devices",Online,1,1,8999,269.97,8729.03,8729.03
2023-09-27,"Mobile Devices",Unknown,1,1,12999,2599.8,10399.2,10399.2
2023-09-28,"Computer Accesossories",Online,1,5,49995,9999,39996,39996
2023-09-28,Electronics,Marketplace,1,8,32000,3200,28800,28800
2023-09-28,Electronics,Unknown,1,10,49990,4999,44991,44991
2023-09-28,"Mobile Devices",Unknown,1,5,149995,0,149995,149995
2023-09-29,"Computer Accesossories",Online,1,9,31491,1574.55,29916.45,29916.45
2023-09-29,"Computer Accesossories",Store,1,8,19992,599.76,19392.24,19392.24
2023-09-29,Electronics,Online,1,3,14997,2249.55,12747.45,12747.45
2023-09-29,Electronics,Store,1,3,2997,0,2997,2997
2023-09-30,"Computer Accesossories",Online,2,13,29487,449.7,29037.3,14518.65
2023-09-30,"Mobile Devices",Online,1,5,64995,3249.75,61745.25,61745.25
2023-09-30,"Mobile Devices",Store,1,9,80991,0,80991,80991
2023-09-30,Networking,Marketplace,1,2,2998,89.94,2908.06,2908.06
2023-10-01,"Computer Accesossories",Store,1,1,3499,699.8,2799.2,2799.2
2023-10-01,"Computer Accesossories",Unknown,1,3,7497,224.91,7272.09,7272.09
2023-10-02,"Computer Accesossories",Store,1,1,1499,149.9,1349.1,1349.1
2023-10-02,"Mobile Devices",Marketplace,1,3,89997,13499.55,76497.45,76497.45
2023-10-03,Electronics,Store,1,10,40000,1200,38800,38800
2023-10-03,Electronics,Unknown,1,7,28000,5600,22400,22400
2023-10-03,"Office Furniture",Store,1,6,29994,0,29994,29994
2023-10-04,"Mobile Devices",Online,1,6,77994,11699.1,66294.9,66294.9
2023-10-05,"Computer Accesossories",Unknown,1,6,59994,0,59994,59994
2023-10-05,Electronics,Store,1,5,4995,149.85,4845.15,4845.15
2023-10-06,"Mobile Devices",Store,1,10,299990,0,299990,299990
2023-10-06,"Office Furniture",Marketplace,1,7,139993,0,139993,139993
2023-10-07,Electronics,Unknown,1,8,7992,0,7992,7992
2023-10-08,"Computer Accesossories",Online,1,8,11992,1798.8,10193.2,10193.2
2023-10-09,Electronics,Online,1,7,28000,1400,26600,26600
2023-10-09,Electronics,Store,1,0,0,0,0,0
2023-10-10,NULL,Online,1,7,5593,167.79,5425.21,5425.21
2023-10-10,"Computer Accesossories",Marketplace,1,2,2998,0,2998,2998
2023-10-10,"Computer Accesossories",Online,1,7,10493,1573.95,8919.05,8919.05
2023-10-10,"Computer Accesossories",Unknown,1,2,2998,149.9,2848.1,2848.1
2023-10-10,Electronics,Online,1,4,3996,0,3996,3996
2023-10-10,"Mobile Devices",Online,1,1,29999,0,29999,29999
2023-10-10,"Mobile Devices",Store,2,13,116987,1349.85,115637.15,57818.575
2023-10-11,"Computer Accesossories",Marketplace,1,2,4998,499.8,4498.2,4498.2
2023-10-11,Electronics,Unknown,1,8,7992,1598.4,6393.6,6393.6
2023-10-12,NULL,Online,1,10,19990,2998.5,16991.5,16991.5
2023-10-12,"Computer Accesossories",Marketplace,1,9,31491,1574.55,29916.45,29916.45
2023-10-12,Networking,Unknown,1,3,4497,0,4497,4497
2023-10-13,"Computer Accesossories",Unknown,1,2,19998,3999.6,15998.4,15998.4
2023-10-13,Electronics,Store,1,0,0,0,0,0
2023-10-13,"Mobile Devices",Marketplace,1,1,29999,2999.9,26999.1,26999.1
2023-10-13,"Mobile Devices",Unknown,1,4,119996,23999.2,95996.8,95996.8
2023-10-14,"Computer Accesossories",Store,1,3,4497,899.4,3597.6,3597.6
2023-10-14,Electronics,Marketplace,1,6,24000,0,24000,24000
2023-10-14,"Office Furniture",Online,1,3,14997,749.85,14247.15,14247.15
2023-10-15,"Computer Accesossories",Online,1,9,31491,6298.2,25192.8,25192.8
2023-10-15,"Computer Accesossories",Unknown,1,1,9999,299.97,9699.03,9699.03
2023-10-15,"Mobile Devices",Online,1,10,129990,12999,116991,116991
2023-10-16,"Computer Accesossories",Marketplace,1,6,59994,1799.82,58194.18,58194.18
2023-10-16,"Computer Accesossories",Store,1,5,49995,1499.85,48495.15,48495.15
2023-10-16,Electronics,Online,1,4,3996,0,3996,3996
2023-10-16,"Mobile Devices",Marketplace,1,1,12999,649.95,12349.05,12349.05
2023-10-16,Networking,Store,1,7,10493,2098.6,8394.4,8394.4
2023-10-17,"Computer Accesossories",Online,1,6,59994,11998.8,47995.2,47995.2
2023-10-17,"Computer Accesossories",Unknown,1,3,4497,899.4,3597.6,3597.6
2023-10-17,"Mobile Devices",Marketplace,1,2,59998,0,59998,59998
2023-10-17,Networking,Store,1,4,5996,0,5996,5996
2023-10-17,"Office Furniture",Online,1,1,4999,499.9,4499.1,4499.1
2023-10-18,"Computer Accesossories",Marketplace,1,4,5996,0,5996,5996
2023-10-18,"Computer Accesossories",Store,1,4,9996,999.6,8996.4,8996.4
2023-10-18,Electronics,Online,1,3,12000,2400,9600,9600
2023-10-18,Electronics,Store,1,5,20000,0,20000,20000
2023-10-18,"Mobile Devices",Online,1,4,51996,2599.8,49396.2,49396.2
2023-10-19,NULL,Online,1,3,44997,0,44997,44997
2023-10-19,"Computer Accesossories",Online,2,18,26982,1858.76,25123.239999999998,12561.619999999999
2023-10-19,Electronics,Online,1,2,8000,1600,6400,6400
2023-10-19,Electronics,Store,1,1,4999,149.97,4849.03,4849.03
2023-10-19,"Mobile Devices",Store,2,14,335986,16079.380000000001,319906.62,159953.31
2023-10-20,"Computer Accesossories",Online,1,6,20994,0,20994,20994
2023-10-20,"Computer Accesossories",Store,4,31,78469,10521.05,67947.95,16986.9875
2023-10-20,"Computer Accesossories",Unknown,1,7,10493,1049.3,9443.7,9443.7
2023-10-20,"Mobile Devices",Online,1,2,25998,3899.7,22098.3,22098.3
2023-10-20,"Office Furniture",Unknown,1,1,19999,0,19999,19999
2023-10-21,"Computer Accesossories",Store,1,1,1499,74.95,1424.05,1424.05
2023-10-21,"Computer Accesossories",Unknown,1,6,14994,1499.4,13494.6,13494.6
2023-10-21,Electronics,Store,1,3,12000,2400,9600,9600
2023-10-21,Networking,Store,1,2,2998,0,2998,2998
2023-10-21,"Office Furniture",Online,1,8,159992,0,159992,159992
2023-10-22,Electronics,Online,1,0,0,0,0,0
2023-10-22,Electronics,Store,1,9,44991,2249.55,42741.45,42741.45
2023-10-22,"Mobile Devices",Online,1,5,149995,4499.85,145495.15,145495.15
2023-10-22,"Mobile Devices",Store,2,7,62993,7289.1900000000005,55703.81,27851.905
2023-10-22,"Office Furniture",Online,2,16,214984,6998.6,207985.4,103992.7
2023-10-23,"Computer Accesossories",Store,1,7,69993,6999.3,62993.7,62993.7
2023-10-23,Electronics,Online,1,2,1998,299.7,1698.3,1698.3
2023-10-23,Electronics,Store,1,2,1998,199.8,1798.2,1798.2
2023-10-23,"Mobile Devices",Marketplace,1,4,119996,0,119996,119996
2023-10-24,"Computer Accesossories",Unknown,1,1,3499,699.8,2799.2,2799.2
2023-10-24,Electronics,Marketplace,1,8,7992,1198.8,6793.2,6793.2
2023-10-24,Electronics,Online,1,10,40000,0,40000,40000
2023-10-25,Electronics,Online,1,6,5994,0,5994,5994
2023-10-25,"Office Furniture",Marketplace,1,0,0,0,0,0
2023-10-26,"Computer Accesossories",Online,2,14,87986,14597.5,73388.5,36694.25
2023-10-26,"Computer Accesossories",Store,1,6,14994,2249.1,12744.9,12744.9
2023-10-26,"Computer Accesossories",Unknown,1,8,11992,0,11992,11992
2023-10-26,"Mobile Devices",Store,1,3,38997,1169.91,37827.09,37827.09
2023-10-27,"Computer Accesossories",Online,1,8,11992,1199.2,10792.8,10792.8
2023-10-28,"Computer Accesossories",Online,2,17,25483,0,25483,12741.5
2023-10-28,"Computer Accesossories",Store,1,4,13996,2099.4,11896.6,11896.6
2023-10-28,"Mobile Devices",Store,2,9,80991,449.95,80541.05,40270.525
2023-10-28,Networking,Online,1,8,11992,1798.8,10193.2,10193.2
2023-10-28,"Office Furniture",Unknown,1,4,19996,0,19996,19996
2023-10-29,"Computer Accesossories",Store,1,7,10493,524.65,9968.35,9968.35
2023-10-29,Electronics,Unknown,1,5,24995,4999,19996,19996
2023-10-29,Networking,Online,1,10,14990,449.7,14540.3,14540.3
2023-10-29,Networking,Store,1,7,10493,0,10493,10493
2023-10-29,"Office Furniture",Online,1,5,24995,2499.5,22495.5,22495.5
2023-10-30,"Computer Accesossories",Store,2,10,14990,0,14990,7495
2023-10-30,"Mobile Devices",Store,1,2,59998,0,59998,59998
2023-10-31,NULL,Marketplace,1,1,799,0,799,799
2023-10-31,Electronics,Store,1,1,4999,499.9,4499.1,4499.1
2023-10-31,"Mobile Devices",Unknown,2,8,222992,11149.6,211842.4,105921.2
2023-10-31,Networking,Online,1,8,11992,359.76,11632.24,11632.24
2023-10-31,"Office Furniture",Marketplace,1,5,99995,14999.25,84995.75,84995.75
2023-11-01,"Computer Accesossories",Marketplace,1,8,19992,599.76,19392.24,19392.24
2023-11-01,"Computer Accesossories",Online,1,6,8994,449.7,8544.3,8544.3
2023-11-01,"Computer Accesossories",Store,1,4,9996,0,9996,9996
2023-11-02,"Computer Accesossories",Marketplace,1,9,31491,0,31491,31491
2023-11-02,Electronics,Unknown,1,9,44991,0,44991,44991
2023-11-02,"Mobile Devices",Online,1,9,116991,11699.1,105291.9,105291.9
2023-11-03,"Mobile Devices",Store,1,5,44995,4499.5,40495.5,40495.5
2023-11-04,"Computer Accesossories",Marketplace,1,9,22491,0,22491,22491
2023-11-04,"Computer Accesossories",Online,1,9,13491,0,13491,13491
2023-11-04,"Computer Accesossories",Unknown,1,10,14990,749.5,14240.5,14240.5
2023-11-04,"Mobile Devices",Online,1,9,116991,3509.73,113481.27,113481.27
2023-11-04,"Mobile Devices",Store,1,8,239992,0,239992,239992
2023-11-05,"Computer Accesossories",Store,1,9,22491,0,22491,22491
2023-11-05,Electronics,Marketplace,1,2,1998,399.6,1598.4,1598.4
2023-11-06,"Computer Accesossories",Online,1,4,5996,179.88,5816.12,5816.12
2023-11-06,"Computer Accesossories",Store,1,8,79992,11998.8,67993.2,67993.2
2023-11-06,"Computer Accesossories",Unknown,1,5,7495,1499,5996,5996
2023-11-07,Networking,Marketplace,1,8,11992,2398.4,9593.6,9593.6
2023-11-08,Electronics,Marketplace,1,3,2997,449.55,2547.45,2547.45
2023-11-08,Electronics,Store,1,1,4000,0,4000,4000
2023-11-08,"Office Furniture",Store,1,1,19999,1999.9,17999.1,17999.1
2023-11-09,Electronics,Online,1,5,4995,0,4995,4995
2023-11-09,Electronics,Store,1,5,20000,0,20000,20000
2023-11-10,"Computer Accesossories",Unknown,1,3,4497,134.91,4362.09,4362.09
2023-11-11,NULL,Marketplace,1,4,19996,0,19996,19996
2023-11-11,"Computer Accesossories",Marketplace,1,6,20994,629.82,20364.18,20364.18
2023-11-11,Networking,Store,1,8,11992,1199.2,10792.8,10792.8
2023-11-12,"Computer Accesossories",Online,1,5,7495,224.85,7270.15,7270.15
2023-11-12,"Computer Accesossories",Store,1,5,7495,0,7495,7495
2023-11-12,Electronics,Store,1,8,7992,0,7992,7992
2023-11-12,Networking,Online,1,10,14990,0,14990,14990
2023-11-13,"Computer Accesossories",Marketplace,1,3,7497,749.7,6747.3,6747.3
2023-11-13,"Computer Accesossories",Online,3,11,16489,269.82,16219.18,5406.393333333333
2023-11-13,"Computer Accesossories",Store,1,5,7495,374.75,7120.25,7120.25
2023-11-13,"Computer Accesossories",Unknown,1,8,11992,599.6,11392.4,11392.4
2023-11-13,Electronics,Store,1,8,32000,3200,28800,28800
2023-11-13,Electronics,Unknown,1,0,0,0,0,0
2023-11-13,Networking,Store,1,2,2998,299.8,2698.2,2698.2
2023-11-14,"Computer Accesossories",Online,1,9,22491,2249.1,20241.9,20241.9
2023-11-14,"Computer Accesossories",Store,1,6,8994,899.4,8094.6,8094.6
2023-11-14,"Mobile Devices",Store,1,4,35996,3599.6,32396.4,32396.4
2023-11-14,"Mobile Devices",Unknown,1,1,8999,1799.8,7199.2,7199.2
2023-11-14,"Office Furniture",Online,1,7,139993,6999.65,132993.35,132993.35
2023-11-14,"Office Furniture",Unknown,1,9,179991,5399.73,174591.27,174591.27
2023-11-15,"Mobile Devices",Marketplace,1,3,26997,5399.4,21597.6,21597.6
2023-11-15,"Mobile Devices",Online,1,3,26997,0,26997,26997
2023-11-16,"Computer Accesossories",Marketplace,1,6,8994,899.4,8094.6,8094.6
2023-11-16,"Computer Accesossories",Store,2,17,109983,999.6,108983.4,54491.7
2023-11-16,"Mobile Devices",Online,1,8,239992,7199.76,232792.24,232792.24
2023-11-17,"Computer Accesossories",Online,1,5,17495,874.75,16620.25,16620.25
2023-11-17,"Computer Accesossories",Store,2,9,19491,899.4,18591.6,9295.8
2023-11-18,Electronics,Online,1,7,34993,5248.95,29744.05,29744.05
2023-11-18,Networking,Store,1,10,14990,749.5,14240.5,14240.5
2023-11-19,Electronics,Marketplace,1,6,29994,1499.7,28494.3,28494.3
2023-11-20,"Computer Accesossories",Online,1,8,79992,11998.8,67993.2,67993.2
2023-11-20,"Computer Accesossories",Store,1,2,19998,599.94,19398.06,19398.06
2023-11-20,"Computer Accesossories",Unknown,1,4,5996,899.4,5096.6,5096.6
2023-11-20,Electronics,Marketplace,1,2,1998,59.94,1938.06,1938.06
2023-11-20,Electronics,Store,1,10,9990,1998,7992,7992
2023-11-20,"Mobile Devices",Online,1,8,239992,35998.8,203993.2,203993.2
2023-11-20,"Mobile Devices",Store,1,0,0,0,0,0
2023-11-20,Networking,Online,1,3,4497,0,4497,4497
2023-11-21,"Computer Accesossories",Marketplace,1,10,14990,0,14990,14990
2023-11-21,"Computer Accesossories",Online,1,3,4497,224.85,4272.15,4272.15
2023-11-21,Electronics,Store,1,2,8000,240,7760,7760
2023-11-21,"Office Furniture",Store,1,6,119994,11999.4,107994.6,107994.6
2023-11-22,Electronics,Online,1,8,32000,0,32000,32000
2023-11-22,Electronics,Unknown,1,9,36000,1800,34200,34200
2023-11-22,"Office Furniture",Store,1,5,99995,0,99995,99995
2023-11-23,"Computer Accesossories",Marketplace,1,7,10493,1573.95,8919.05,8919.05
2023-11-23,"Mobile Devices",Unknown,1,4,35996,0,35996,35996
2023-11-23,"Office Furniture",Store,1,10,49990,0,49990,49990
2023-11-24,"Computer Accesossories",Online,2,15,38485,314.79,38170.21,19085.105
2023-11-24,Electronics,Online,2,15,41994,3600,38394,19197
2023-11-24,Electronics,Store,1,8,7992,399.6,7592.4,7592.4
2023-11-24,"Office Furniture",Unknown,1,4,79996,0,79996,79996
2023-11-25,"Computer Accesossories",Marketplace,1,8,19992,0,19992,19992
2023-11-25,Electronics,Store,1,7,34993,0,34993,34993
2023-11-26,"Mobile Devices",Online,2,10,89990,3419.62,86570.38,43285.19
2023-11-27,"Computer Accesossories",Online,1,3,4497,134.91,4362.09,4362.09
2023-11-28,"Computer Accesossories",Online,1,6,14994,2249.1,12744.9,12744.9
2023-11-28,Electronics,Online,1,0,0,0,0,0
2023-11-28,"Office Furniture",Unknown,1,2,9998,299.94,9698.06,9698.06
2023-11-30,"Computer Accesossories",Unknown,1,0,0,0,0,0
2023-11-30,"Office Furniture",Store,1,3,59997,11999.4,47997.6,47997.6
2023-12-01,NULL,Unknown,1,9,44991,8998.2,35992.8,35992.8
2023-12-01,"Computer Accesossories",Marketplace,1,2,4998,149.94,4848.06,4848.06
2023-12-01,"Computer Accesossories",Store,1,10,24990,749.7,24240.3,24240.3
2023-12-01,"Computer Accesossories",Unknown,1,2,19998,1999.8,17998.2,17998.2
2023-12-01,"Mobile Devices",Marketplace,1,8,71992,2159.76,69832.24,69832.24
2023-12-01,"Office Furniture",Online,1,3,59997,11999.4,47997.6,47997.6
2023-12-02,"Computer Accesossories",Online,2,12,93988,4419.48,89568.51999999999,44784.259999999995
2023-12-02,"Computer Accesossories",Unknown,1,4,39996,0,39996,39996
2023-12-02,"Office Furniture",Online,1,10,49990,0,49990,49990
2023-12-03,"Computer Accesossories",Online,1,5,7495,224.85,7270.15,7270.15
2023-12-03,"Mobile Devices",Marketplace,1,2,17998,0,17998,17998
2023-12-05,Electronics,Marketplace,1,8,7992,0,7992,7992
2023-12-05,"Office Furniture",Marketplace,1,2,39998,1999.9,37998.1,37998.1
2023-12-06,"Computer Accesossories",Unknown,2,13,23487,499.8,22987.2,11493.6
2023-12-06,"Mobile Devices",Unknown,1,2,25998,0,25998,25998
2023-12-07,NULL,Marketplace,1,5,7495,374.75,7120.25,7120.25
2023-12-07,"Computer Accesossories",Marketplace,1,5,49995,4999.5,44995.5,44995.5
2023-12-07,Electronics,Online,1,1,4999,749.85,4249.15,4249.15
2023-12-07,"Mobile Devices",Marketplace,1,2,17998,899.9,17098.1,17098.1
2023-12-07,"Office Furniture",Store,1,3,59997,11999.4,47997.6,47997.6
2023-12-08,"Computer Accesossories",Online,1,6,8994,269.82,8724.18,8724.18
2023-12-08,Electronics,Store,1,3,12000,600,11400,11400
2023-12-08,"Mobile Devices",Online,1,1,12999,389.97,12609.03,12609.03
2023-12-08,"Mobile Devices",Unknown,1,6,179994,8999.7,170994.3,170994.3
2023-12-09,"Computer Accesossories",Unknown,2,12,37988,449.7,37538.3,18769.15
2023-12-09,Electronics,Online,1,0,0,0,0,0
2023-12-10,"Mobile Devices",Store,1,4,119996,11999.6,107996.4,107996.4
2023-12-11,Electronics,Online,3,18,35988,399.6,35588.4,11862.800000000001
2023-12-11,Networking,Store,1,9,13491,0,13491,13491
2023-12-12,"Computer Accesossories",Online,1,5,7495,224.85,7270.15,7270.15
2023-12-12,"Computer Accesossories",Store,2,17,111483,1574.55,109908.45,54954.225
2023-12-13,"Computer Accesossories",Online,1,6,14994,1499.4,13494.6,13494.6
2023-12-13,"Mobile Devices",Store,1,8,239992,47998.4,191993.6,191993.6
2023-12-13,"Office Furniture",Online,1,7,34993,1749.65,33243.35,33243.35
2023-12-14,"Computer Accesossories",Online,1,9,31491,944.73,30546.27,30546.27
2023-12-14,"Computer Accesossories",Store,1,2,6998,0,6998,6998
2023-12-14,Electronics,Online,1,8,7992,799.2,7192.8,7192.8
2023-12-15,"Computer Accesossories",Marketplace,1,2,2998,149.9,2848.1,2848.1
2023-12-15,"Computer Accesossories",Online,1,9,89991,0,89991,89991
2023-12-15,Electronics,Unknown,1,1,4000,800,3200,3200
2023-12-16,"Computer Accesossories",Marketplace,1,3,4497,674.55,3822.45,3822.45
2023-12-16,"Mobile Devices",Online,1,5,64995,9749.25,55245.75,55245.75
2023-12-16,"Mobile Devices",Store,1,4,35996,5399.4,30596.6,30596.6
2023-12-16,Networking,Unknown,1,8,11992,0,11992,11992
2023-12-17,"Computer Accesossories",Online,2,18,52982,4048.7,48933.3,24466.65
2023-12-17,Electronics,Online,2,10,40000,960,39040,19520
2023-12-17,Electronics,Unknown,1,1,4999,149.97,4849.03,4849.03
2023-12-17,"Mobile Devices",Store,1,2,17998,2699.7,15298.3,15298.3
2023-12-18,Electronics,Store,2,10,40000,7400,32600,16300
2023-12-18,Electronics,Unknown,1,9,8991,0,8991,8991
2023-12-18,"Mobile Devices",Online,1,8,71992,0,71992,71992
2023-12-18,"Mobile Devices",Store,2,7,66993,8489.07,58503.93,29251.965
2023-12-18,Networking,Marketplace,1,8,11992,2398.4,9593.6,9593.6
2023-12-19,"Computer Accesossories",Marketplace,1,4,13996,0,13996,13996
2023-12-19,"Computer Accesossories",Store,1,10,14990,0,14990,14990
2023-12-19,"Mobile Devices",Store,1,4,119996,0,119996,119996
2023-12-19,"Mobile Devices",Unknown,1,4,35996,0,35996,35996
2023-12-20,"Computer Accesossories",Unknown,1,7,24493,2449.3,22043.7,22043.7
2023-12-20,"Mobile Devices",Marketplace,1,1,8999,1349.85,7649.15,7649.15
2023-12-21,"Computer Accesossories",Marketplace,1,2,19998,1999.8,17998.2,17998.2
2023-12-21,"Computer Accesossories",Store,1,10,24990,0,24990,24990
2023-12-21,"Computer Accesossories",Unknown,1,0,0,0,0,0
2023-12-21,"Mobile Devices",Marketplace,1,2,25998,5199.6,20798.4,20798.4
2023-12-22,"Mobile Devices",Online,1,5,64995,0,64995,64995
2023-12-23,"Computer Accesossories",Online,2,5,9495,0,9495,4747.5
2023-12-23,"Computer Accesossories",Store,1,9,22491,3373.65,19117.35,19117.35
2023-12-23,"Mobile Devices",Online,1,7,90993,0,90993,90993
2023-12-23,"Office Furniture",Store,1,10,49990,9998,39992,39992
2023-12-24,"Computer Accesossories",Store,1,2,2998,0,2998,2998
2023-12-24,Networking,Online,1,10,14990,2248.5,12741.5,12741.5
2023-12-25,NULL,Marketplace,1,7,3493,0,3493,3493
2023-12-25,"Computer Accesossories",Store,1,10,14990,0,14990,14990
2023-12-26,Electronics,Online,1,1,4000,600,3400,3400
2023-12-26,Electronics,Unknown,1,5,20000,0,20000,20000
2023-12-27,"Computer Accesossories",Online,1,1,3499,174.95,3324.05,3324.05
2023-12-27,"Computer Accesossories",Store,2,9,13491,359.76,13131.24,6565.62
2023-12-28,"Computer Accesossories",Online,1,2,6998,349.9,6648.1,6648.1
2023-12-28,Electronics,Store,1,8,32000,0,32000,32000
2023-12-28,"Mobile Devices",Marketplace,1,5,64995,0,64995,64995
2023-12-29,Electronics,Store,1,9,36000,0,36000,36000
2023-12-29,"Mobile Devices",Unknown,1,10,299990,0,299990,299990
2023-12-29,Networking,Marketplace,1,9,13491,1349.1,12141.9,12141.9
2023-12-30,NULL,Unknown,1,5,2495,0,2495,2495
2023-12-30,"Computer Accesossories",Online,1,2,2998,0,2998,2998
2023-12-30,Electronics,Online,1,9,36000,0,36000,36000
2023-12-30,"Office Furniture",Online,1,10,49990,0,49990,49990
2023-12-30,"Office Furniture",Store,1,4,19996,599.88,19396.12,19396.12
2023-12-30,"Office Furniture",Unknown,1,2,9998,0,9998,9998
2023-12-31,"Computer Accesossories",Marketplace,1,10,14990,2248.5,12741.5,12741.5
2023-12-31,"Computer Accesossories",Store,1,3,4497,0,4497,4497
2023-12-31,"Mobile Devices",Online,1,4,51996,2599.8,49396.2,49396.2
2023-12-31,"Office Furniture",Unknown,1,6,119994,3599.82,116394.18,116394.18
2024-01-01,"Computer Accesossories",Marketplace,1,7,24493,1224.65,23268.35,23268.35
2024-01-01,"Computer Accesossories",Online,1,6,8994,1349.1,7644.9,7644.9
2024-01-01,"Computer Accesossories",Store,1,8,11992,0,11992,11992
2024-01-01,Electronics,Marketplace,1,7,28000,1400,26600,26600
2024-01-01,Electronics,Unknown,1,2,8000,0,8000,8000
2024-01-01,"Office Furniture",Online,1,10,199990,39998,159992,159992
2024-01-02,"Computer Accesossories",Online,1,1,1499,149.9,1349.1,1349.1
2024-01-02,"Computer Accesossories",Store,1,6,59994,2999.7,56994.3,56994.3
2024-01-03,"Computer Accesossories",Store,1,4,5996,0,5996,5996
2024-01-03,Electronics,Online,1,5,24995,3749.25,21245.75,21245.75
2024-01-03,"Mobile Devices",Online,2,12,107988,2249.75,105738.25,52869.125
2024-01-03,Networking,Marketplace,1,6,8994,0,8994,8994
2024-01-04,"Computer Accesossories",Unknown,1,6,20994,629.82,20364.18,20364.18
2024-01-04,Electronics,Unknown,1,3,14997,449.91,14547.09,14547.09
2024-01-05,Electronics,Online,1,8,7992,1598.4,6393.6,6393.6
2024-01-05,Electronics,Store,1,1,999,29.97,969.03,969.03
2024-01-05,"Office Furniture",Online,1,3,14997,2999.4,11997.6,11997.6
2024-01-06,"Computer Accesossories",Online,1,4,5996,0,5996,5996
2024-01-06,"Computer Accesossories",Unknown,1,1,2499,0,2499,2499
2024-01-06,Electronics,Marketplace,2,12,39988,249.75,39738.25,19869.125
2024-01-06,"Mobile Devices",Online,1,1,29999,899.97,29099.03,29099.03
2024-01-07,Networking,Unknown,1,6,8994,1349.1,7644.9,7644.9
2024-01-08,Electronics,Store,1,8,7992,1198.8,6793.2,6793.2
2024-01-09,"Computer Accesossories",Store,1,7,10493,314.79,10178.21,10178.21
2024-01-09,"Mobile Devices",Online,1,9,269991,0,269991,269991
2024-01-09,"Mobile Devices",Store,1,2,25998,779.94,25218.06,25218.06
2024-01-09,"Mobile Devices",Unknown,1,4,51996,2599.8,49396.2,49396.2
2024-01-10,"Computer Accesossories",Online,1,9,13491,674.55,12816.45,12816.45
2024-01-10,"Computer Accesossories",Store,1,1,1499,0,1499,1499
2024-01-10,Electronics,Marketplace,1,2,8000,1600,6400,6400
2024-01-10,Electronics,Store,1,4,3996,0,3996,3996
2024-01-10,"Mobile Devices",Online,2,10,299990,0,299990,149995
2024-01-13,"Computer Accesossories",Marketplace,1,1,1499,149.9,1349.1,1349.1
2024-01-13,"Computer Accesossories",Unknown,1,6,8994,449.7,8544.3,8544.3
2024-01-13,Electronics,Store,1,4,19996,999.8,18996.2,18996.2
2024-01-13,"Mobile Devices",Online,1,1,8999,1349.85,7649.15,7649.15
2024-01-13,Networking,Online,1,5,7495,1124.25,6370.75,6370.75
2024-01-14,"Mobile Devices",Marketplace,2,14,157986,20798.4,137187.6,68593.8
2024-01-14,"Mobile Devices",Online,1,2,17998,539.94,17458.06,17458.06
2024-01-14,Networking,Online,1,6,8994,1349.1,7644.9,7644.9
2024-01-14,Networking,Unknown,1,5,7495,374.75,7120.25,7120.25
2024-01-15,"Computer Accesossories",Online,1,8,11992,0,11992,11992
2024-01-15,"Computer Accesossories",Store,1,3,29997,5999.4,23997.6,23997.6
2024-01-15,"Computer Accesossories",Unknown,1,8,11992,0,11992,11992
2024-01-15,Electronics,Marketplace,1,3,12000,0,12000,12000
2024-01-15,"Mobile Devices",Marketplace,1,9,80991,0,80991,80991
2024-01-16,NULL,Unknown,1,7,6993,1048.95,5944.05,5944.05
2024-01-16,"Computer Accesossories",Online,2,18,127982,24196.8,103785.2,51892.6
2024-01-16,Electronics,Marketplace,1,2,8000,240,7760,7760
2024-01-16,Electronics,Online,1,5,4995,999,3996,3996
2024-01-16,Electronics,Unknown,1,9,44991,8998.2,35992.8,35992.8
2024-01-17,"Computer Accesossories",Marketplace,1,10,14990,2248.5,12741.5,12741.5
2024-01-17,"Computer Accesossories",Unknown,1,9,13491,404.73,13086.27,13086.27
2024-01-17,"Mobile Devices",Marketplace,1,1,12999,1299.9,11699.1,11699.1
2024-01-18,"Computer Accesossories",Store,1,5,7495,1499,5996,5996
2024-01-18,"Computer Accesossories",Unknown,1,9,22491,0,22491,22491
2024-01-19,Electronics,Unknown,1,4,3996,399.6,3596.4,3596.4
2024-01-19,"Office Furniture",Online,1,3,59997,5999.7,53997.3,53997.3
2024-01-20,"Computer Accesossories",Unknown,1,4,13996,1399.6,12596.4,12596.4
2024-01-20,"Mobile Devices",Unknown,1,2,17998,1799.8,16198.2,16198.2
2024-01-21,"Computer Accesossories",Online,1,2,2998,89.94,2908.06,2908.06
2024-01-21,"Computer Accesossories",Unknown,1,8,19992,2998.8,16993.2,16993.2
2024-01-21,"Mobile Devices",Online,1,9,269991,0,269991,269991
2024-01-21,"Mobile Devices",Store,1,1,12999,1949.85,11049.15,11049.15
2024-01-21,Networking,Online,1,6,8994,0,8994,8994
2024-01-21,"Office Furniture",Unknown,1,7,139993,20998.95,118994.05,118994.05
2024-01-22,"Office Furniture",Store,1,5,99995,2999.85,96995.15,96995.15
2024-01-23,"Computer Accesossories",Online,1,6,14994,749.7,14244.3,14244.3
2024-01-23,Electronics,Online,2,9,26997,2400,24597,12298.5
2024-01-23,Electronics,Unknown,1,3,2997,0,2997,2997
2024-01-23,"Mobile Devices",Store,1,9,116991,11699.1,105291.9,105291.9
2024-01-24,"Computer Accesossories",Online,1,2,6998,349.9,6648.1,6648.1
2024-01-24,Electronics,Store,1,5,24995,4999,19996,19996
2024-01-24,"Mobile Devices",Online,1,2,17998,3599.6,14398.4,14398.4
2024-01-24,"Mobile Devices",Store,1,3,38997,5849.55,33147.45,33147.45
2024-01-25,"Computer Accesossories",Marketplace,1,0,0,0,0,0
2024-01-25,"Computer Accesossories",Unknown,1,6,59994,0,59994,59994
2024-01-25,Electronics,Online,1,6,24000,2400,21600,21600
2024-01-26,"Computer Accesossories",Marketplace,1,4,5996,0,5996,5996
2024-01-26,"Computer Accesossories",Store,1,10,14990,0,14990,14990
2024-01-26,Electronics,Store,1,3,12000,2400,9600,9600
2024-01-26,Networking,Online,1,5,7495,0,7495,7495
2024-01-27,"Mobile Devices",Marketplace,3,20,263980,42447.15,221532.85,73844.28333333334
2024-01-27,"Mobile Devices",Online,1,10,129990,12999,116991,116991
2024-01-27,"Mobile Devices",Store,2,15,194985,29247.75,165737.25,82868.625
2024-01-28,"Computer Accesossories",Online,2,17,35483,0,35483,17741.5
2024-01-28,Networking,Store,1,6,8994,1349.1,7644.9,7644.9
2024-01-28,"Office Furniture",Store,1,2,39998,3999.8,35998.2,35998.2
2024-01-29,"Computer Accesossories",Unknown,1,1,2499,0,2499,2499
2024-01-30,"Computer Accesossories",Marketplace,1,5,7495,224.85,7270.15,7270.15
2024-01-30,"Computer Accesossories",Online,1,9,13491,0,13491,13491
2024-01-31,Electronics,Online,1,2,9998,0,9998,9998
2024-01-31,"Office Furniture",Online,1,1,4999,249.95,4749.05,4749.05
2024-02-01,Electronics,Online,1,1,999,49.95,949.05,949.05
2024-02-02,"Computer Accesossories",Marketplace,1,4,39996,0,39996,39996
2024-02-02,Electronics,Online,2,7,34993,1049.79,33943.21,16971.605
2024-02-02,Electronics,Store,1,9,8991,0,8991,8991
2024-02-03,"Computer Accesossories",Online,1,3,7497,374.85,7122.15,7122.15
2024-02-03,Electronics,Online,1,1,4999,749.85,4249.15,4249.15
2024-02-03,Electronics,Store,1,9,44991,0,44991,44991
2024-02-03,"Mobile Devices",Online,1,8,71992,0,71992,71992
2024-02-03,"Office Furniture",Marketplace,1,8,39992,0,39992,39992
2024-02-04,"Computer Accesossories",Online,1,6,8994,0,8994,8994
2024-02-04,"Computer Accesossories",Store,1,7,10493,1049.3,9443.7,9443.7
2024-02-04,Electronics,Online,1,3,2997,0,2997,2997
2024-02-04,Electronics,Store,1,1,4999,999.8,3999.2,3999.2
2024-02-05,"Computer Accesossories",Unknown,1,2,4998,499.8,4498.2,4498.2
2024-02-05,Electronics,Store,1,6,5994,299.7,5694.3,5694.3
2024-02-05,"Mobile Devices",Online,1,1,8999,899.9,8099.1,8099.1
2024-02-05,"Mobile Devices",Unknown,1,9,80991,16198.2,64792.8,64792.8
2024-02-05,"Office Furniture",Store,2,17,339983,37998.1,301984.9,150992.45
2024-02-06,NULL,Store,1,0,0,0,0,0
2024-02-06,Electronics,Online,1,7,6993,1398.6,5594.4,5594.4
2024-02-06,"Mobile Devices",Online,1,0,0,0,0,0
2024-02-07,Electronics,Marketplace,1,0,0,0,0,0
2024-02-07,Electronics,Online,1,5,24995,2499.5,22495.5,22495.5
2024-02-07,"Office Furniture",Store,1,6,29994,5998.8,23995.2,23995.2
2024-02-08,NULL,Store,1,9,13491,0,13491,13491
2024-02-08,"Computer Accesossories",Online,2,5,42495,3999.6,38495.4,19247.7
2024-02-08,"Computer Accesossories",Store,1,1,1499,44.97,1454.03,1454.03
2024-02-08,Electronics,Store,1,6,24000,0,24000,24000
2024-02-08,"Mobile Devices",Marketplace,1,2,59998,0,59998,59998
2024-02-08,"Mobile Devices",Online,1,6,77994,7799.4,70194.6,70194.6
2024-02-09,"Computer Accesossories",Online,1,4,5996,0,5996,5996
2024-02-09,Electronics,Marketplace,1,4,3996,799.2,3196.8,3196.8
2024-02-09,Networking,Store,1,0,0,0,0,0
2024-02-09,"Office Furniture",Unknown,1,9,44991,0,44991,44991
2024-02-10,"Computer Accesossories",Store,1,1,1499,224.85,1274.15,1274.15
2024-02-10,"Office Furniture",Store,1,8,159992,0,159992,159992
2024-02-12,"Computer Accesossories",Online,1,9,13491,2023.65,11467.35,11467.35
2024-02-12,"Computer Accesossories",Store,2,15,112485,1874.25,110610.75,55305.375
2024-02-12,Electronics,Online,1,10,49990,0,49990,49990
2024-02-12,"Mobile Devices",Online,1,1,8999,449.95,8549.05,8549.05
2024-02-12,"Mobile Devices",Store,2,3,26997,809.91,26187.09,13093.545
2024-02-13,"Computer Accesossories",Unknown,1,6,8994,1349.1,7644.9,7644.9
2024-02-13,Electronics,Online,1,6,29994,0,29994,29994
2024-02-13,Electronics,Store,1,1,4999,749.85,4249.15,4249.15
2024-02-13,"Mobile Devices",Marketplace,1,6,53994,0,53994,53994
2024-02-13,"Office Furniture",Online,1,8,159992,31998.4,127993.6,127993.6
2024-02-13,"Office Furniture",Unknown,1,3,14997,749.85,14247.15,14247.15
2024-02-14,"Computer Accesossories",Marketplace,1,3,4497,0,4497,4497
2024-02-14,"Computer Accesossories",Store,2,10,18990,599.6,18390.4,9195.2
2024-02-14,"Mobile Devices",Store,2,15,134985,20247.75,114737.25,57368.625
2024-02-15,"Mobile Devices",Unknown,1,7,62993,0,62993,62993
2024-02-15,Networking,Online,1,4,5996,0,5996,5996
2024-02-15,"Office Furniture",Unknown,1,8,159992,4799.76,155192.24,155192.24
2024-02-16,"Computer Accesossories",Store,1,2,6998,349.9,6648.1,6648.1
2024-02-16,"Computer Accesossories",Unknown,1,4,5996,899.4,5096.6,5096.6
2024-02-16,Electronics,Marketplace,1,2,8000,240,7760,7760
2024-02-17,"Office Furniture",Online,1,1,4999,249.95,4749.05,4749.05
2024-02-17,"Office Furniture",Store,1,10,49990,2499.5,47490.5,47490.5
2024-02-18,"Computer Accesossories",Online,2,8,27992,2799.2,25192.8,12596.4
2024-02-18,"Computer Accesossories",Store,1,7,10493,2098.6,8394.4,8394.4
2024-02-19,"Computer Accesossories",Unknown,1,4,5996,179.88,5816.12,5816.12
2024-02-19,Electronics,Store,1,3,2997,449.55,2547.45,2547.45
2024-02-20,NULL,Online,1,9,44991,0,44991,44991
2024-02-20,"Computer Accesossories",Online,1,3,4497,674.55,3822.45,3822.45
2024-02-20,Electronics,Online,1,8,32000,0,32000,32000
2024-02-20,"Mobile Devices",Online,1,9,116991,0,116991,116991
2024-02-21,NULL,Unknown,1,2,5998,0,5998,5998
2024-02-21,"Mobile Devices",Store,1,6,77994,3899.7,74094.3,74094.3
2024-02-21,Networking,Marketplace,1,4,5996,599.6,5396.4,5396.4
2024-02-22,"Computer Accesossories",Store,2,13,33487,3943.77,29543.23,14771.615
2024-02-22,Electronics,Store,2,9,23996,3599.4,20396.6,10198.3
2024-02-23,"Computer Accesossories",Online,2,12,17988,3147.8999999999996,14840.099999999999,7420.049999999999
2024-02-23,"Computer Accesossories",Store,1,2,2998,149.9,2848.1,2848.1
2024-02-23,Electronics,Unknown,1,3,14997,1499.7,13497.3,13497.3
2024-02-23,"Mobile Devices",Online,1,7,90993,0,90993,90993
2024-02-24,Networking,Store,1,1,1499,0,1499,1499
2024-02-26,"Computer Accesossories",Marketplace,2,6,12994,2299,10695,5347.5
2024-02-26,"Computer Accesossories",Online,1,7,10493,0,10493,10493
2024-02-26,"Computer Accesossories",Store,1,9,22491,3373.65,19117.35,19117.35
2024-02-26,"Mobile Devices",Online,1,2,59998,0,59998,59998
2024-02-26,"Mobile Devices",Store,1,7,209993,41998.6,167994.4,167994.4
2024-02-27,NULL,Store,1,7,139993,0,139993,139993
2024-02-27,"Mobile Devices",Unknown,1,3,26997,5399.4,21597.6,21597.6
2024-02-28,Electronics,Marketplace,1,6,5994,599.4,5394.6,5394.6
2024-02-28,Electronics,Online,1,5,20000,600,19400,19400
2024-02-28,Networking,Store,1,7,10493,314.79,10178.21,10178.21
2024-02-28,"Office Furniture",Online,1,0,0,0,0,0
2024-02-29,"Computer Accesossories",Store,1,5,7495,374.75,7120.25,7120.25
2024-03-01,"Computer Accesossories",Online,1,8,11992,0,11992,11992
2024-03-01,"Computer Accesossories",Store,1,3,7497,1124.55,6372.45,6372.45
2024-03-01,Electronics,Marketplace,1,6,5994,599.4,5394.6,5394.6
2024-03-02,"Computer Accesossories",Marketplace,1,6,14994,749.7,14244.3,14244.3
2024-03-02,"Computer Accesossories",Online,1,5,17495,524.85,16970.15,16970.15
2024-03-02,Electronics,Online,1,6,29994,2999.4,26994.6,26994.6
2024-03-02,Electronics,Unknown,1,4,16000,2400,13600,13600
2024-03-02,"Mobile Devices",Store,1,2,17998,1799.8,16198.2,16198.2
2024-03-03,"Computer Accesossories",Online,1,10,34990,6998,27992,27992
2024-03-03,"Office Furniture",Store,1,6,29994,2999.4,26994.6,26994.6
2024-03-04,"Computer Accesossories",Online,1,9,89991,2699.73,87291.27,87291.27
2024-03-04,"Computer Accesossories",Store,1,2,2998,0,2998,2998
2024-03-04,Electronics,Online,1,3,14997,2249.55,12747.45,12747.45
2024-03-05,"Computer Accesossories",Unknown,1,8,19992,999.6,18992.4,18992.4
2024-03-05,Electronics,Online,1,1,4000,0,4000,4000
2024-03-05,Electronics,Store,1,5,4995,999,3996,3996
2024-03-05,"Mobile Devices",Online,1,6,77994,2339.82,75654.18,75654.18
2024-03-05,"Office Furniture",Marketplace,1,0,0,0,0,0
2024-03-06,Electronics,Online,1,9,8991,269.73,8721.27,8721.27
2024-03-06,"Mobile Devices",Unknown,1,10,299990,44998.5,254991.5,254991.5
2024-03-06,"Office Furniture",Marketplace,1,9,44991,4499.1,40491.9,40491.9
2024-03-07,NULL,Store,1,3,8997,899.7,8097.3,8097.3
2024-03-07,"Mobile Devices",Unknown,1,6,179994,5399.82,174594.18,174594.18
2024-03-08,"Mobile Devices",Online,1,0,0,0,0,0
2024-03-08,"Office Furniture",Store,1,1,19999,0,19999,19999
2024-03-09,"Computer Accesossories",Online,1,1,9999,0,9999,9999
2024-03-09,"Computer Accesossories",Unknown,1,0,0,0,0,0
2024-03-09,Electronics,Store,1,10,9990,1498.5,8491.5,8491.5
2024-03-09,"Mobile Devices",Marketplace,1,2,25998,2599.8,23398.2,23398.2
2024-03-09,"Office Furniture",Store,1,9,179991,8999.55,170991.45,170991.45
2024-03-10,"Mobile Devices",Store,1,3,38997,1949.85,37047.15,37047.15
2024-03-11,"Computer Accesossories",Marketplace,1,2,4998,149.94,4848.06,4848.06
2024-03-11,"Mobile Devices",Store,1,1,29999,5999.8,23999.2,23999.2
2024-03-12,NULL,Unknown,1,2,5998,899.7,5098.3,5098.3
2024-03-12,"Computer Accesossories",Online,1,3,10497,2099.4,8397.6,8397.6
2024-03-12,"Office Furniture",Online,3,16,229984,10899.32,219084.68,73028.22666666667
2024-03-13,"Computer Accesossories",Online,1,7,10493,524.65,9968.35,9968.35
2024-03-13,"Computer Accesossories",Unknown,1,9,89991,17998.2,71992.8,71992.8
2024-03-13,"Mobile Devices",Online,1,7,62993,1889.79,61103.21,61103.21
2024-03-14,Electronics,Marketplace,1,9,44991,1349.73,43641.27,43641.27
2024-03-15,NULL,Marketplace,1,10,199990,0,199990,199990
2024-03-15,"Computer Accesossories",Marketplace,1,5,49995,7499.25,42495.75,42495.75
2024-03-15,"Computer Accesossories",Store,1,10,14990,449.7,14540.3,14540.3
2024-03-15,"Mobile Devices",Marketplace,1,0,0,0,0,0
2024-03-16,"Computer Accesossories",Online,1,0,0,0,0,0
2024-03-16,Electronics,Store,1,2,8000,400,7600,7600
2024-03-16,"Mobile Devices",Unknown,1,4,51996,5199.6,46796.4,46796.4
2024-03-16,"Office Furniture",Unknown,1,7,34993,0,34993,34993
2024-03-17,"Computer Accesossories",Online,1,3,4497,0,4497,4497
2024-03-17,"Office Furniture",Online,1,4,79996,0,79996,79996
2024-03-17,"Office Furniture",Unknown,1,6,29994,4499.1,25494.9,25494.9
2024-03-18,Electronics,Online,1,10,49990,1499.7,48490.3,48490.3
2024-03-18,Networking,Store,1,10,14990,0,14990,14990
2024-03-19,Electronics,Online,1,5,24995,0,24995,24995
2024-03-19,Electronics,Store,1,9,36000,1800,34200,34200
2024-03-20,NULL,Store,1,9,26991,1349.55,25641.45,25641.45
2024-03-20,"Computer Accesossories",Online,1,2,2998,89.94,2908.06,2908.06
2024-03-20,Electronics,Marketplace,1,3,2997,599.4,2397.6,2397.6
2024-03-21,NULL,Store,1,8,3992,399.2,3592.8,3592.8
2024-03-21,"Computer Accesossories",Unknown,1,5,7495,1124.25,6370.75,6370.75
2024-03-21,Electronics,Store,1,3,14997,2999.4,11997.6,11997.6
2024-03-21,Networking,Online,1,7,10493,314.79,10178.21,10178.21
2024-03-21,"Office Furniture",Unknown,1,2,9998,0,9998,9998
2024-03-22,"Computer Accesossories",Unknown,1,1,9999,0,9999,9999
2024-03-22,Electronics,Online,1,3,2997,0,2997,2997
2024-03-22,Electronics,Store,1,2,8000,240,7760,7760
2024-03-23,Electronics,Marketplace,1,6,29994,0,29994,29994
2024-03-24,"Computer Accesossories",Store,2,7,52993,4999.5,47993.5,23996.75
2024-03-24,"Mobile Devices",Online,2,6,179994,15599.48,164394.52,82197.26
2024-03-25,"Computer Accesossories",Unknown,1,7,10493,1573.95,8919.05,8919.05
2024-03-25,Electronics,Marketplace,1,0,0,0,0,0
2024-03-25,Electronics,Online,1,4,19996,2999.4,16996.6,16996.6
2024-03-25,"Office Furniture",Marketplace,1,2,39998,1999.9,37998.1,37998.1
2024-03-26,"Computer Accesossories",Store,1,3,4497,0,4497,4497
2024-03-26,Electronics,Store,1,9,8991,449.55,8541.45,8541.45
2024-03-26,Electronics,Unknown,1,2,9998,499.9,9498.1,9498.1
2024-03-27,"Computer Accesossories",Online,1,3,10497,0,10497,10497
2024-03-27,"Mobile Devices",Store,1,9,80991,8099.1,72891.9,72891.9
2024-03-27,"Office Furniture",Store,1,2,39998,5999.7,33998.3,33998.3
2024-03-28,Electronics,Marketplace,1,4,16000,480,15520,15520
2024-03-28,"Mobile Devices",Store,1,2,17998,899.9,17098.1,17098.1
2024-03-28,"Office Furniture",Online,1,0,0,0,0,0
2024-03-28,"Office Furniture",Store,1,9,179991,5399.73,174591.27,174591.27
2024-03-29,NULL,Online,1,9,26991,5398.2,21592.8,21592.8
2024-03-29,"Office Furniture",Online,1,10,199990,9999.5,189990.5,189990.5
2024-03-30,NULL,Unknown,1,10,9990,0,9990,9990
2024-03-30,"Computer Accesossories",Online,2,3,4497,224.85,4272.15,2136.075
2024-03-30,"Computer Accesossories",Store,1,6,8994,449.7,8544.3,8544.3
2024-03-30,"Mobile Devices",Store,2,10,236990,5399.4,231590.6,115795.3
2024-03-30,"Office Furniture",Marketplace,1,3,14997,2999.4,11997.6,11997.6
2024-03-31,"Computer Accesossories",Online,2,15,22485,1753.83,20731.17,10365.585
2024-03-31,"Computer Accesossories",Unknown,1,2,2998,0,2998,2998
2024-03-31,Electronics,Online,1,8,39992,0,39992,39992
2024-03-31,"Mobile Devices",Store,1,1,12999,1949.85,11049.15,11049.15
2024-03-31,Networking,Online,1,5,7495,0,7495,7495
2024-03-31,"Office Furniture",Marketplace,1,9,44991,1349.73,43641.27,43641.27
2024-03-31,"Office Furniture",Store,1,2,39998,1999.9,37998.1,37998.1
2024-04-01,"Computer Accesossories",Online,1,4,39996,5999.4,33996.6,33996.6
2024-04-01,"Mobile Devices",Online,1,1,29999,899.97,29099.03,29099.03
2024-04-02,"Computer Accesossories",Unknown,1,3,7497,1499.4,5997.6,5997.6
2024-04-02,Electronics,Online,1,6,24000,1200,22800,22800
2024-04-02,Electronics,Store,1,9,8991,0,8991,8991
2024-04-02,"Mobile Devices",Store,1,7,62993,0,62993,62993
2024-04-02,"Mobile Devices",Unknown,1,4,35996,1799.8,34196.2,34196.2
2024-04-03,Electronics,Online,1,1,4999,749.85,4249.15,4249.15
2024-04-04,"Computer Accesossories",Store,2,15,47485,1424.5500000000002,46060.450000000004,23030.225000000002
2024-04-05,"Mobile Devices",Store,1,8,103992,0,103992,103992
2024-04-06,NULL,Unknown,1,4,7996,1599.2,6396.8,6396.8
2024-04-06,Electronics,Store,1,5,24995,4999,19996,19996
2024-04-06,"Mobile Devices",Store,2,3,72997,9649.650000000001,63347.350000000006,31673.675000000003
2024-04-06,"Office Furniture",Online,1,1,4999,149.97,4849.03,4849.03
2024-04-06,"Office Furniture",Store,1,1,19999,999.95,18999.05,18999.05
2024-04-07,"Computer Accesossories",Store,1,8,19992,599.76,19392.24,19392.24
2024-04-07,"Computer Accesossories",Unknown,1,8,11992,599.6,11392.4,11392.4
2024-04-07,"Mobile Devices",Store,2,5,64995,9749.25,55245.75,27622.875
2024-04-08,"Computer Accesossories",Store,2,9,13491,2398.4,11092.6,5546.3
2024-04-08,Electronics,Online,1,1,4999,999.8,3999.2,3999.2
2024-04-09,NULL,Store,1,5,7495,0,7495,7495
2024-04-09,"Computer Accesossories",Store,1,7,10493,0,10493,10493
2024-04-09,Electronics,Marketplace,1,1,999,149.85,849.15,849.15
2024-04-09,"Mobile Devices",Store,1,5,149995,4499.85,145495.15,145495.15
2024-04-09,"Office Furniture",Store,1,7,34993,6998.6,27994.4,27994.4
2024-04-10,"Computer Accesossories",Online,1,2,2998,0,2998,2998
2024-04-10,"Computer Accesossories",Store,1,9,89991,0,89991,89991
2024-04-10,"Mobile Devices",Online,1,8,103992,0,103992,103992
2024-04-11,"Computer Accesossories",Online,1,6,14994,1499.4,13494.6,13494.6
2024-04-11,"Office Furniture",Online,1,1,4999,999.8,3999.2,3999.2
2024-04-11,"Office Furniture",Store,1,2,39998,1199.94,38798.06,38798.06
2024-04-12,"Computer Accesossories",Store,1,6,8994,1349.1,7644.9,7644.9
2024-04-13,"Computer Accesossories",Marketplace,1,10,14990,449.7,14540.3,14540.3
2024-04-13,"Computer Accesossories",Online,1,8,79992,3999.6,75992.4,75992.4
2024-04-13,"Computer Accesossories",Unknown,1,10,34990,0,34990,34990
2024-04-13,"Mobile Devices",Online,1,9,269991,0,269991,269991
2024-04-13,"Mobile Devices",Store,1,8,239992,0,239992,239992
2024-04-13,Networking,Online,1,9,13491,0,13491,13491
2024-04-13,Networking,Store,1,6,8994,1349.1,7644.9,7644.9
2024-04-14,"Computer Accesossories",Online,2,9,29491,2799.2,26691.8,13345.9
2024-04-14,"Mobile Devices",Unknown,1,1,12999,0,12999,12999
2024-04-14,Networking,Unknown,1,0,0,0,0,0
2024-04-14,"Office Furniture",Marketplace,1,7,34993,0,34993,34993
2024-04-15,"Computer Accesossories",Online,1,2,19998,2999.7,16998.3,16998.3
2024-04-16,"Computer Accesossories",Marketplace,1,8,11992,2398.4,9593.6,9593.6
2024-04-16,"Computer Accesossories",Online,1,6,8994,1349.1,7644.9,7644.9
2024-04-16,Electronics,Marketplace,1,9,36000,7200,28800,28800
2024-04-16,Electronics,Online,1,1,999,0,999,999
2024-04-16,"Mobile Devices",Marketplace,1,3,38997,5849.55,33147.45,33147.45
2024-04-16,Networking,Online,1,4,5996,299.8,5696.2,5696.2
2024-04-16,"Office Furniture",Store,1,8,159992,23998.8,135993.2,135993.2
2024-04-17,Electronics,Marketplace,1,6,29994,2999.4,26994.6,26994.6
2024-04-17,"Mobile Devices",Online,1,1,29999,2999.9,26999.1,26999.1
2024-04-17,"Office Furniture",Marketplace,2,14,144986,0,144986,72493
2024-04-18,"Computer Accesossories",Marketplace,1,0,0,0,0,0
2024-04-18,"Computer Accesossories",Online,1,5,7495,0,7495,7495
2024-04-18,"Mobile Devices",Unknown,1,10,89990,4499.5,85490.5,85490.5
2024-04-19,Electronics,Store,1,10,40000,8000,32000,32000
2024-04-20,NULL,Online,1,7,104993,3149.79,101843.21,101843.21
2024-04-20,"Computer Accesossories",Marketplace,1,5,12495,2499,9996,9996
2024-04-20,Electronics,Marketplace,2,12,32995,749.25,32245.75,16122.875
2024-04-20,Electronics,Online,1,1,999,29.97,969.03,969.03
2024-04-20,"Office Furniture",Unknown,1,6,119994,17999.1,101994.9,101994.9
2024-04-21,Electronics,Marketplace,1,9,36000,1800,34200,34200
2024-04-21,Networking,Store,1,7,10493,2098.6,8394.4,8394.4
2024-04-22,Electronics,Store,1,1,4999,149.97,4849.03,4849.03
2024-04-22,Networking,Marketplace,1,2,2998,89.94,2908.06,2908.06
2024-04-23,"Computer Accesossories",Online,2,11,38489,6998,31491,15745.5
2024-04-23,"Computer Accesossories",Store,1,4,39996,0,39996,39996
2024-04-23,"Mobile Devices",Store,3,16,437984,27539.039999999997,410444.96,136814.98666666666
2024-04-24,"Computer Accesossories",Store,1,9,89991,0,89991,89991
2024-04-24,"Mobile Devices",Online,1,10,89990,0,89990,89990
2024-04-24,"Mobile Devices",Store,1,1,8999,449.95,8549.05,8549.05
2024-04-24,"Office Furniture",Online,1,7,139993,13999.3,125993.7,125993.7
2024-04-25,"Computer Accesossories",Online,1,6,59994,2999.7,56994.3,56994.3
2024-04-25,"Mobile Devices",Online,1,7,209993,0,209993,209993
2024-04-25,"Office Furniture",Store,1,9,44991,1349.73,43641.27,43641.27
2024-04-26,"Mobile Devices",Store,1,1,12999,649.95,12349.05,12349.05
2024-04-26,"Mobile Devices",Unknown,1,5,64995,3249.75,61745.25,61745.25
2024-04-27,Networking,Online,1,6,8994,899.4,8094.6,8094.6
2024-04-27,"Office Furniture",Online,1,1,4999,499.9,4499.1,4499.1
2024-04-28,"Computer Accesossories",Marketplace,1,6,14994,1499.4,13494.6,13494.6
2024-04-28,"Computer Accesossories",Unknown,1,9,13491,0,13491,13491
2024-04-28,"Mobile Devices",Marketplace,1,4,119996,23999.2,95996.8,95996.8
2024-04-28,"Office Furniture",Unknown,1,3,59997,1799.91,58197.09,58197.09
2024-04-29,"Computer Accesossories",Online,1,4,13996,2099.4,11896.6,11896.6
2024-04-29,"Computer Accesossories",Unknown,1,6,8994,1349.1,7644.9,7644.9
2024-04-30,"Computer Accesossories",Marketplace,1,2,19998,599.94,19398.06,19398.06
2024-04-30,"Computer Accesossories",Online,1,6,14994,2998.8,11995.2,11995.2
2024-04-30,"Computer Accesossories",Store,2,14,20986,1349.1,19636.9,9818.45
2024-04-30,Electronics,Online,1,4,16000,480,15520,15520
2024-04-30,"Mobile Devices",Marketplace,1,4,35996,1799.8,34196.2,34196.2
2024-04-30,"Mobile Devices",Store,1,7,90993,0,90993,90993
2024-04-30,"Office Furniture",Marketplace,1,2,9998,999.8,8998.2,8998.2
2024-05-01,"Computer Accesossories",Online,1,8,19992,1999.2,17992.8,17992.8
2024-05-01,Electronics,Store,1,4,3996,399.6,3596.4,3596.4
2024-05-01,"Mobile Devices",Store,1,10,299990,0,299990,299990
2024-05-01,"Mobile Devices",Unknown,1,4,119996,11999.6,107996.4,107996.4
2024-05-01,"Office Furniture",Store,1,0,0,0,0,0
2024-05-02,"Mobile Devices",Online,1,6,53994,8099.1,45894.9,45894.9
2024-05-03,Electronics,Online,1,7,34993,6998.6,27994.4,27994.4
2024-05-03,Electronics,Unknown,1,3,14997,1499.7,13497.3,13497.3
2024-05-03,"Mobile Devices",Marketplace,1,4,35996,7199.2,28796.8,28796.8
2024-05-03,"Mobile Devices",Store,1,7,62993,12598.6,50394.4,50394.4
2024-05-04,"Computer Accesossories",Online,2,8,17992,1274.55,16717.449999999997,8358.724999999999
2024-05-04,"Computer Accesossories",Store,2,11,16489,3072.95,13416.05,6708.025
2024-05-04,Electronics,Online,1,8,7992,1198.8,6793.2,6793.2
2024-05-05,"Computer Accesossories",Marketplace,1,9,22491,4498.2,17992.8,17992.8
2024-05-05,"Computer Accesossories",Online,1,7,10493,524.65,9968.35,9968.35
2024-05-05,"Computer Accesossories",Store,1,2,2998,449.7,2548.3,2548.3
2024-05-05,"Mobile Devices",Unknown,2,7,78993,9149.25,69843.75,34921.875
2024-05-05,"Office Furniture",Online,1,9,179991,26998.65,152992.35,152992.35
2024-05-06,"Computer Accesossories",Online,1,10,14990,2248.5,12741.5,12741.5
2024-05-06,"Mobile Devices",Store,1,2,59998,2999.9,56998.1,56998.1
2024-05-07,"Computer Accesossories",Unknown,1,4,5996,0,5996,5996
2024-05-07,Electronics,Store,1,7,6993,0,6993,6993
2024-05-08,"Computer Accesossories",Marketplace,1,7,17493,0,17493,17493
2024-05-08,"Mobile Devices",Online,1,0,0,0,0,0
2024-05-09,"Computer Accesossories",Store,1,4,5996,0,5996,5996
2024-05-09,Electronics,Marketplace,1,6,29994,0,29994,29994
2024-05-09,"Mobile Devices",Store,1,3,26997,1349.85,25647.15,25647.15
2024-05-10,"Computer Accesossories",Store,1,4,9996,299.88,9696.12,9696.12
2024-05-10,Networking,Unknown,1,8,11992,1199.2,10792.8,10792.8
2024-05-11,Electronics,Store,1,6,24000,1200,22800,22800
2024-05-11,"Mobile Devices",Marketplace,1,1,8999,1349.85,7649.15,7649.15
2024-05-12,Electronics,Unknown,1,1,4000,200,3800,3800
2024-05-13,"Office Furniture",Store,1,1,19999,3999.8,15999.2,15999.2
2024-05-14,"Computer Accesossories",Online,2,3,4497,674.55,3822.45,1911.225
2024-05-14,"Computer Accesossories",Store,1,5,7495,749.5,6745.5,6745.5
2024-05-14,Electronics,Unknown,1,1,999,149.85,849.15,849.15
2024-05-14,"Mobile Devices",Store,1,5,44995,2249.75,42745.25,42745.25
2024-05-14,"Office Furniture",Marketplace,1,1,19999,0,19999,19999
2024-05-15,"Computer Accesossories",Store,1,3,4497,449.7,4047.3,4047.3
2024-05-15,Electronics,Store,1,7,6993,1398.6,5594.4,5594.4
2024-05-15,Electronics,Unknown,1,2,8000,0,8000,8000
2024-05-15,"Mobile Devices",Online,2,9,248991,7199.76,241791.24,120895.62
2024-05-15,"Mobile Devices",Store,1,4,51996,2599.8,49396.2,49396.2
2024-05-16,"Computer Accesossories",Store,2,3,4497,224.85,4272.15,2136.075
2024-05-16,"Computer Accesossories",Unknown,1,10,99990,0,99990,99990
2024-05-16,Networking,Store,1,6,8994,0,8994,8994
2024-05-16,"Office Furniture",Store,1,9,44991,4499.1,40491.9,40491.9
2024-05-17,"Computer Accesossories",Online,1,2,2998,0,2998,2998
2024-05-17,"Computer Accesossories",Store,1,1,2499,0,2499,2499
2024-05-17,"Mobile Devices",Marketplace,1,8,71992,2159.76,69832.24,69832.24
2024-05-17,"Mobile Devices",Store,1,10,89990,17998,71992,71992
2024-05-17,"Office Furniture",Store,1,6,29994,899.82,29094.18,29094.18
2024-05-18,"Computer Accesossories",Store,2,11,16489,1648.9,14840.099999999999,7420.049999999999
2024-05-18,"Office Furniture",Unknown,1,2,9998,1999.6,7998.4,7998.4
2024-05-19,NULL,Online,1,8,119992,5999.6,113992.4,113992.4
2024-05-19,"Computer Accesossories",Marketplace,1,2,6998,1049.7,5948.3,5948.3
2024-05-19,"Computer Accesossories",Online,1,6,59994,1799.82,58194.18,58194.18
2024-05-20,"Computer Accesossories",Online,1,0,0,0,0,0
2024-05-20,"Computer Accesossories",Store,1,6,8994,899.4,8094.6,8094.6
2024-05-20,"Mobile Devices",Unknown,1,5,64995,0,64995,64995
2024-05-21,Electronics,Marketplace,1,6,29994,899.82,29094.18,29094.18
2024-05-21,Electronics,Store,2,15,54985,2499.5,52485.5,26242.75
2024-05-21,"Mobile Devices",Marketplace,1,2,59998,0,59998,59998
2024-05-22,"Computer Accesossories",Online,2,3,9497,699.8,8797.2,4398.6
2024-05-23,"Computer Accesossories",Marketplace,1,10,99990,9999,89991,89991
2024-05-23,"Computer Accesossories",Online,1,6,8994,449.7,8544.3,8544.3
2024-05-23,Electronics,Marketplace,1,2,8000,0,8000,8000
2024-05-23,"Mobile Devices",Marketplace,1,8,239992,47998.4,191993.6,191993.6
2024-05-23,"Mobile Devices",Unknown,1,5,149995,0,149995,149995
2024-05-24,"Computer Accesossories",Online,2,9,15491,174.95,15316.05,7658.025
2024-05-24,"Mobile Devices",Marketplace,1,0,0,0,0,0
2024-05-26,"Computer Accesossories",Online,1,5,49995,0,49995,49995
2024-05-27,"Mobile Devices",Online,1,2,59998,8999.7,50998.3,50998.3
2024-05-29,"Computer Accesossories",Store,1,7,10493,2098.6,8394.4,8394.4
2024-05-29,"Mobile Devices",Store,1,7,62993,12598.6,50394.4,50394.4
2024-05-29,Networking,Store,1,4,5996,0,5996,5996
2024-05-29,"Office Furniture",Store,2,8,39992,149.97,39842.03,19921.015
2024-05-30,"Computer Accesossories",Store,3,22,46978,5872.65,41105.35,13701.783333333333
2024-05-30,Networking,Online,1,10,14990,2248.5,12741.5,12741.5
2024-05-30,"Office Furniture",Marketplace,1,5,99995,19999,79996,79996
2024-05-30,"Office Furniture",Store,1,10,49990,0,49990,49990
2024-05-31,Electronics,Online,1,7,34993,1749.65,33243.35,33243.35
2024-05-31,"Mobile Devices",Online,1,0,0,0,0,0
2024-05-31,"Mobile Devices",Store,1,0,0,0,0,0
2024-06-01,"Computer Accesossories",Online,3,26,58974,5518.32,53455.68,17818.56
2024-06-01,"Mobile Devices",Marketplace,1,10,299990,14999.5,284990.5,284990.5
2024-06-01,"Mobile Devices",Store,1,10,89990,17998,71992,71992
2024-06-02,NULL,Marketplace,1,9,8991,269.73,8721.27,8721.27
2024-06-02,"Computer Accesossories",Store,2,10,28990,2799.2,26190.8,13095.4
2024-06-03,NULL,Unknown,1,2,2998,149.9,2848.1,2848.1
2024-06-03,"Computer Accesossories",Online,2,4,31496,4544.52,26951.48,13475.74
2024-06-03,"Computer Accesossories",Unknown,1,10,14990,1499,13491,13491
2024-06-03,"Mobile Devices",Store,1,2,59998,1799.94,58198.06,58198.06
2024-06-03,"Office Furniture",Marketplace,1,5,99995,9999.5,89995.5,89995.5
2024-06-03,"Office Furniture",Store,1,5,24995,1249.75,23745.25,23745.25
2024-06-04,"Computer Accesossories",Marketplace,1,2,2998,149.9,2848.1,2848.1
2024-06-04,"Computer Accesossories",Store,2,3,8497,924.65,7572.35,3786.175
2024-06-04,"Mobile Devices",Marketplace,1,5,64995,0,64995,64995
2024-06-04,Networking,Marketplace,1,4,5996,899.4,5096.6,5096.6
2024-06-05,"Computer Accesossories",Marketplace,1,1,9999,299.97,9699.03,9699.03
2024-06-05,"Computer Accesossories",Store,1,8,19992,2998.8,16993.2,16993.2
2024-06-05,"Computer Accesossories",Unknown,1,9,13491,404.73,13086.27,13086.27
2024-06-06,"Computer Accesossories",Store,1,9,22491,1124.55,21366.45,21366.45
2024-06-07,Electronics,Online,1,1,4999,0,4999,4999
2024-06-07,Electronics,Store,1,10,49990,0,49990,49990
2024-06-07,"Mobile Devices",Store,1,9,80991,4049.55,76941.45,76941.45
2024-06-07,"Mobile Devices",Unknown,1,1,29999,0,29999,29999
2024-06-08,"Computer Accesossories",Store,1,3,4497,899.4,3597.6,3597.6
2024-06-08,"Computer Accesossories",Unknown,1,2,2998,0,2998,2998
2024-06-09,"Computer Accesossories",Online,1,5,7495,749.5,6745.5,6745.5
2024-06-09,Electronics,Unknown,1,2,9998,499.9,9498.1,9498.1
2024-06-10,"Computer Accesossories",Online,1,6,14994,0,14994,14994
2024-06-10,"Computer Accesossories",Store,1,8,79992,7999.2,71992.8,71992.8
2024-06-10,"Computer Accesossories",Unknown,1,3,4497,449.7,4047.3,4047.3
2024-06-10,"Mobile Devices",Unknown,1,7,209993,0,209993,209993
2024-06-11,"Computer Accesossories",Online,2,18,44982,1979.28,43002.72,21501.36
2024-06-11,Electronics,Store,1,7,6993,1398.6,5594.4,5594.4
2024-06-11,"Mobile Devices",Marketplace,1,4,35996,0,35996,35996
2024-06-11,"Mobile Devices",Store,1,7,62993,6299.3,56693.7,56693.7
2024-06-11,"Office Furniture",Online,1,3,14997,0,14997,14997
2024-06-11,"Office Furniture",Store,1,9,179991,0,179991,179991
2024-06-12,"Computer Accesossories",Online,1,7,10493,314.79,10178.21,10178.21
2024-06-12,"Computer Accesossories",Store,1,9,89991,13498.65,76492.35,76492.35
2024-06-12,"Computer Accesossories",Unknown,1,1,9999,499.95,9499.05,9499.05
2024-06-12,Electronics,Unknown,2,17,52983,4499.1,48483.9,24241.95
2024-06-13,"Computer Accesossories",Store,1,4,39996,7999.2,31996.8,31996.8
2024-06-13,Electronics,Online,2,5,20000,2040,17960,8980
2024-06-13,"Mobile Devices",Online,1,1,12999,0,12999,12999
2024-06-13,Networking,Unknown,1,8,11992,0,11992,11992
2024-06-13,"Office Furniture",Unknown,1,8,159992,23998.8,135993.2,135993.2
2024-06-14,"Computer Accesossories",Store,1,3,4497,674.55,3822.45,3822.45
2024-06-14,Electronics,Marketplace,1,4,16000,480,15520,15520
2024-06-14,Electronics,Store,1,1,999,0,999,999
2024-06-14,Networking,Online,1,2,2998,449.7,2548.3,2548.3
2024-06-14,"Office Furniture",Online,1,1,19999,599.97,19399.03,19399.03
2024-06-15,"Computer Accesossories",Online,1,8,79992,0,79992,79992
2024-06-15,Electronics,Online,2,10,33998,1899.7,32098.3,16049.15
2024-06-15,"Mobile Devices",Marketplace,1,10,299990,8999.7,290990.3,290990.3
2024-06-16,NULL,Store,1,5,0,0,0,0
2024-06-16,Networking,Online,1,8,11992,2398.4,9593.6,9593.6
2024-06-17,"Computer Accesossories",Marketplace,1,3,4497,0,4497,4497
2024-06-17,"Computer Accesossories",Online,1,7,69993,10498.95,59494.05,59494.05
2024-06-17,"Computer Accesossories",Store,1,4,5996,599.6,5396.4,5396.4
2024-06-17,Electronics,Online,1,8,39992,1199.76,38792.24,38792.24
2024-06-17,"Mobile Devices",Unknown,1,9,269991,40498.65,229492.35,229492.35
2024-06-17,"Office Furniture",Marketplace,1,10,49990,9998,39992,39992
2024-06-17,"Office Furniture",Store,1,6,29994,1499.7,28494.3,28494.3
2024-06-17,"Office Furniture",Unknown,1,9,179991,5399.73,174591.27,174591.27
2024-06-18,Electronics,Marketplace,1,7,34993,6998.6,27994.4,27994.4
2024-06-18,Electronics,Unknown,1,8,39992,5998.8,33993.2,33993.2
2024-06-18,"Mobile Devices",Marketplace,1,8,103992,20798.4,83193.6,83193.6
2024-06-18,"Office Furniture",Marketplace,1,9,44991,2249.55,42741.45,42741.45
2024-06-19,"Computer Accesossories",Online,1,7,17493,2623.95,14869.05,14869.05
2024-06-19,Electronics,Marketplace,1,1,999,0,999,999
2024-06-19,Electronics,Online,2,3,13998,400,13598,6799
2024-06-19,Electronics,Unknown,1,2,9998,999.8,8998.2,8998.2
2024-06-19,"Mobile Devices",Marketplace,1,6,53994,5399.4,48594.6,48594.6
2024-06-19,"Mobile Devices",Unknown,1,10,299990,59998,239992,239992
2024-06-19,"Office Furniture",Online,1,4,79996,0,79996,79996
2024-06-20,"Computer Accesossories",Online,1,10,34990,1749.5,33240.5,33240.5
2024-06-20,Networking,Store,1,4,5996,1199.2,4796.8,4796.8
2024-06-21,"Computer Accesossories",Online,1,10,34990,1749.5,33240.5,33240.5
2024-06-21,"Computer Accesossories",Store,1,5,17495,3499,13996,13996
2024-06-21,Electronics,Marketplace,1,9,8991,0,8991,8991
2024-06-21,Electronics,Store,1,3,2997,0,2997,2997
2024-06-21,"Office Furniture",Store,1,1,4999,0,4999,4999
2024-06-22,"Mobile Devices",Online,1,3,38997,3899.7,35097.3,35097.3
2024-06-22,Networking,Online,1,3,4497,224.85,4272.15,4272.15
2024-06-23,Electronics,Online,1,6,24000,0,24000,24000
2024-06-23,Electronics,Unknown,2,10,43996,599.88,43396.119999999995,21698.059999999998
2024-06-23,"Office Furniture",Marketplace,1,9,44991,8998.2,35992.8,35992.8
2024-06-24,"Computer Accesossories",Marketplace,1,9,31491,0,31491,31491
2024-06-24,"Computer Accesossories",Online,1,1,2499,374.85,2124.15,2124.15
2024-06-24,"Computer Accesossories",Store,1,10,14990,0,14990,14990
2024-06-24,Electronics,Online,1,3,12000,1800,10200,10200
2024-06-24,Electronics,Store,1,6,5994,299.7,5694.3,5694.3
2024-06-24,"Mobile Devices",Online,1,2,17998,0,17998,17998
2024-06-24,"Mobile Devices",Unknown,1,1,8999,269.97,8729.03,8729.03
2024-06-25,"Computer Accesossories",Marketplace,1,7,69993,0,69993,69993
2024-06-25,"Mobile Devices",Marketplace,2,3,38997,1169.91,37827.09,18913.545
2024-06-26,"Computer Accesossories",Store,1,4,39996,0,39996,39996
2024-06-26,"Mobile Devices",Online,1,9,80991,4049.55,76941.45,76941.45
2024-06-27,"Computer Accesossories",Online,2,18,94982,749.5,94232.5,47116.25
2024-06-27,Electronics,Store,1,8,32000,3200,28800,28800
2024-06-28,"Computer Accesossories",Unknown,1,7,10493,0,10493,10493
2024-06-28,Electronics,Online,1,7,34993,3499.3,31493.7,31493.7
2024-06-28,"Mobile Devices",Marketplace,1,1,8999,0,8999,8999
2024-06-29,"Computer Accesossories",Store,1,8,11992,599.6,11392.4,11392.4
2024-06-29,"Computer Accesossories",Unknown,1,5,7495,1124.25,6370.75,6370.75
2024-06-29,"Office Furniture",Unknown,1,1,19999,1999.9,17999.1,17999.1
2024-06-30,NULL,Online,1,1,4999,249.95,4749.05,4749.05
2024-06-30,Electronics,Unknown,1,9,8991,449.55,8541.45,8541.45
2024-06-30,"Mobile Devices",Online,1,9,269991,13499.55,256491.45,256491.45
2024-07-01,"Computer Accesossories",Store,1,2,2998,149.9,2848.1,2848.1
2024-07-01,"Mobile Devices",Unknown,1,4,119996,0,119996,119996
2024-07-01,"Office Furniture",Online,1,5,24995,0,24995,24995
2024-07-02,"Computer Accesossories",Marketplace,1,10,14990,2248.5,12741.5,12741.5
2024-07-02,"Mobile Devices",Unknown,1,1,12999,0,12999,12999
2024-07-02,"Office Furniture",Unknown,1,10,49990,9998,39992,39992
2024-07-03,"Computer Accesossories",Online,4,23,65977,6298.550000000001,59678.450000000004,14919.612500000001
2024-07-03,"Mobile Devices",Online,1,4,51996,2599.8,49396.2,49396.2
2024-07-04,"Computer Accesossories",Store,1,2,2998,149.9,2848.1,2848.1
2024-07-05,"Computer Accesossories",Marketplace,1,6,8994,899.4,8094.6,8094.6
2024-07-05,"Computer Accesossories",Online,2,17,25483,2398.4,23084.6,11542.3
2024-07-05,"Mobile Devices",Unknown,1,2,25998,0,25998,25998
2024-07-06,"Computer Accesossories",Online,1,3,4497,224.85,4272.15,4272.15
2024-07-06,"Computer Accesossories",Store,2,14,88986,13797.599999999999,75188.4,37594.2
2024-07-06,"Mobile Devices",Online,1,8,103992,5199.6,98792.4,98792.4
2024-07-07,"Computer Accesossories",Unknown,1,1,9999,299.97,9699.03,9699.03
2024-07-07,"Mobile Devices",Online,1,7,62993,3149.65,59843.35,59843.35
2024-07-09,"Computer Accesossories",Marketplace,1,5,7495,749.5,6745.5,6745.5
2024-07-09,"Computer Accesossories",Online,2,11,36489,5473.35,31015.65,15507.825
2024-07-11,Electronics,Marketplace,1,8,32000,960,31040,31040
2024-07-11,"Mobile Devices",Marketplace,1,3,26997,0,26997,26997
2024-07-11,"Mobile Devices",Online,1,7,209993,41998.6,167994.4,167994.4
2024-07-11,"Office Furniture",Online,1,5,24995,1249.75,23745.25,23745.25
2024-07-11,"Office Furniture",Store,1,7,139993,27998.6,111994.4,111994.4
2024-07-12,"Computer Accesossories",Online,1,5,7495,374.75,7120.25,7120.25
2024-07-12,"Computer Accesossories",Store,2,9,16491,1499.4,14991.6,7495.8
2024-07-12,Electronics,Marketplace,1,2,8000,0,8000,8000
2024-07-13,"Computer Accesossories",Online,2,8,25992,4898.6,21093.4,10546.7
2024-07-13,Networking,Online,1,3,4497,0,4497,4497
2024-07-14,"Computer Accesossories",Online,1,2,6998,699.8,6298.2,6298.2
2024-07-14,"Computer Accesossories",Store,3,14,37986,4798.5,33187.5,11062.5
2024-07-15,"Computer Accesossories",Unknown,1,5,12495,1249.5,11245.5,11245.5
2024-07-15,"Mobile Devices",Store,1,5,44995,4499.5,40495.5,40495.5
2024-07-16,"Computer Accesossories",Online,3,13,19487,1124.25,18362.75,6120.916666666667
2024-07-16,"Computer Accesossories",Unknown,1,5,12495,1874.25,10620.75,10620.75
2024-07-16,"Mobile Devices",Online,2,8,71992,5399.4,66592.6,33296.3
2024-07-16,"Office Furniture",Online,1,4,79996,11999.4,67996.6,67996.6
2024-07-18,"Computer Accesossories",Marketplace,1,2,2998,149.9,2848.1,2848.1
2024-07-18,"Mobile Devices",Store,1,3,38997,7799.4,31197.6,31197.6
2024-07-20,"Computer Accesossories",Unknown,1,4,5996,899.4,5096.6,5096.6
2024-07-20,Electronics,Marketplace,1,1,4999,249.95,4749.05,4749.05
2024-07-20,Electronics,Online,1,3,2997,0,2997,2997
2024-07-20,"Office Furniture",Online,1,9,44991,2249.55,42741.45,42741.45
2024-07-21,"Computer Accesossories",Unknown,1,10,24990,0,24990,24990
2024-07-21,Electronics,Online,1,9,36000,1080,34920,34920
2024-07-21,"Mobile Devices",Store,1,7,62993,0,62993,62993
2024-07-21,"Office Furniture",Online,1,1,4999,149.97,4849.03,4849.03
2024-07-22,"Computer Accesossories",Store,1,9,13491,1349.1,12141.9,12141.9
2024-07-22,Electronics,Online,1,6,5994,179.82,5814.18,5814.18
2024-07-22,"Office Furniture",Store,1,7,139993,27998.6,111994.4,111994.4
2024-07-23,"Computer Accesossories",Store,1,5,7495,374.75,7120.25,7120.25
2024-07-23,"Computer Accesossories",Unknown,1,2,2998,0,2998,2998
2024-07-23,"Mobile Devices",Store,1,10,299990,59998,239992,239992
2024-07-23,"Office Furniture",Online,1,1,19999,2999.85,16999.15,16999.15
2024-07-23,"Office Furniture",Unknown,1,7,34993,1749.65,33243.35,33243.35
2024-07-24,"Office Furniture",Store,2,16,169984,31497.3,138486.7,69243.35
2024-07-25,"Computer Accesossories",Online,1,4,5996,0,5996,5996
2024-07-25,"Mobile Devices",Marketplace,1,2,25998,5199.6,20798.4,20798.4
2024-07-26,"Computer Accesossories",Unknown,1,4,9996,1499.4,8496.6,8496.6
2024-07-27,Electronics,Store,1,2,8000,400,7600,7600
2024-07-27,"Mobile Devices",Store,1,9,269991,0,269991,269991
2024-07-28,"Computer Accesossories",Unknown,1,8,27992,1399.6,26592.4,26592.4
2024-07-29,"Computer Accesossories",Store,1,1,9999,999.9,8999.1,8999.1
2024-07-30,"Computer Accesossories",Online,1,1,2499,374.85,2124.15,2124.15
2024-07-30,"Mobile Devices",Store,1,10,299990,0,299990,299990
2024-07-31,NULL,Store,1,9,179991,26998.65,152992.35,152992.35
2024-07-31,"Mobile Devices",Online,1,7,62993,1889.79,61103.21,61103.21
2024-08-01,"Computer Accesossories",Online,1,8,11992,0,11992,11992
2024-08-01,Electronics,Store,1,1,4999,149.97,4849.03,4849.03
2024-08-01,Electronics,Unknown,1,8,7992,239.76,7752.24,7752.24
2024-08-01,"Mobile Devices",Store,1,7,62993,0,62993,62993
2024-08-02,"Computer Accesossories",Store,1,9,89991,2699.73,87291.27,87291.27
2024-08-02,Electronics,Marketplace,1,7,28000,5600,22400,22400
2024-08-02,Electronics,Online,1,1,999,29.97,969.03,969.03
2024-08-02,Electronics,Unknown,1,4,19996,3999.2,15996.8,15996.8
2024-08-02,"Mobile Devices",Online,1,2,59998,2999.9,56998.1,56998.1
2024-08-02,"Office Furniture",Online,1,5,99995,0,99995,99995
2024-08-03,"Computer Accesossories",Online,1,9,13491,2698.2,10792.8,10792.8
2024-08-03,"Computer Accesossories",Unknown,1,5,7495,0,7495,7495
2024-08-03,"Mobile Devices",Online,1,7,209993,10499.65,199493.35,199493.35
2024-08-03,"Mobile Devices",Store,1,3,89997,4499.85,85497.15,85497.15
2024-08-04,"Computer Accesossories",Online,1,6,8994,1349.1,7644.9,7644.9
2024-08-04,Electronics,Marketplace,1,10,9990,499.5,9490.5,9490.5
2024-08-04,"Mobile Devices",Online,1,5,64995,0,64995,64995
2024-08-04,"Mobile Devices",Unknown,1,5,64995,12999,51996,51996
2024-08-04,Networking,Online,1,9,13491,2698.2,10792.8,10792.8
2024-08-05,"Computer Accesossories",Store,1,4,13996,419.88,13576.12,13576.12
2024-08-05,Electronics,Marketplace,1,2,8000,240,7760,7760
2024-08-05,Electronics,Unknown,1,9,36000,3600,32400,32400
2024-08-05,"Mobile Devices",Marketplace,1,10,299990,0,299990,299990
2024-08-05,"Mobile Devices",Store,1,9,80991,4049.55,76941.45,76941.45
2024-08-05,"Office Furniture",Marketplace,1,4,79996,2399.88,77596.12,77596.12
2024-08-05,"Office Furniture",Online,1,7,34993,5248.95,29744.05,29744.05
2024-08-06,NULL,Online,1,8,63992,1919.76,62072.24,62072.24
2024-08-06,"Computer Accesossories",Store,3,15,32485,3223.0499999999997,29261.95,9753.983333333334
2024-08-07,"Computer Accesossories",Store,1,0,0,0,0,0
2024-08-07,Electronics,Unknown,1,3,14997,2999.4,11997.6,11997.6
2024-08-08,NULL,Marketplace,1,10,149990,22498.5,127491.5,127491.5
2024-08-08,"Computer Accesossories",Marketplace,1,6,8994,449.7,8544.3,8544.3
2024-08-08,"Computer Accesossories",Online,3,9,13491,1873.75,11617.25,3872.4166666666665
2024-08-08,"Mobile Devices",Store,1,8,239992,11999.6,227992.4,227992.4
2024-08-08,"Office Furniture",Store,1,2,39998,0,39998,39998
2024-08-09,"Computer Accesossories",Marketplace,1,3,29997,1499.85,28497.15,28497.15
2024-08-09,"Mobile Devices",Online,1,2,17998,539.94,17458.06,17458.06
2024-08-09,"Mobile Devices",Store,1,2,59998,1799.94,58198.06,58198.06
2024-08-09,"Office Furniture",Marketplace,1,5,24995,0,24995,24995
2024-08-10,"Computer Accesossories",Marketplace,1,8,27992,2799.2,25192.8,25192.8
2024-08-10,"Computer Accesossories",Store,1,1,1499,299.8,1199.2,1199.2
2024-08-10,Electronics,Online,2,14,13986,1998,11988,5994
2024-08-10,Networking,Store,1,5,7495,224.85,7270.15,7270.15
2024-08-11,"Computer Accesossories",Store,1,10,14990,0,14990,14990
2024-08-11,Electronics,Marketplace,1,9,8991,449.55,8541.45,8541.45
2024-08-11,"Mobile Devices",Store,2,13,326987,8999.7,317987.3,158993.65
2024-08-11,Networking,Marketplace,1,5,7495,374.75,7120.25,7120.25
2024-08-11,"Office Furniture",Online,1,1,19999,599.97,19399.03,19399.03
2024-08-12,"Computer Accesossories",Marketplace,1,3,29997,2999.7,26997.3,26997.3
2024-08-13,"Mobile Devices",Unknown,1,6,53994,1619.82,52374.18,52374.18
2024-08-14,"Office Furniture",Store,1,3,59997,0,59997,59997
2024-08-15,NULL,Marketplace,1,3,44997,2249.85,42747.15,42747.15
2024-08-15,"Computer Accesossories",Online,1,7,24493,0,24493,24493
2024-08-15,"Mobile Devices",Store,1,1,29999,5999.8,23999.2,23999.2
2024-08-16,"Computer Accesossories",Marketplace,1,2,6998,349.9,6648.1,6648.1
2024-08-16,"Computer Accesossories",Online,2,7,19493,1424.5500000000002,18068.45,9034.225
2024-08-16,"Computer Accesossories",Store,1,10,34990,0,34990,34990
2024-08-16,"Computer Accesossories",Unknown,1,0,0,0,0,0
2024-08-17,"Computer Accesossories",Unknown,1,4,5996,179.88,5816.12,5816.12
2024-08-17,Electronics,Online,1,4,16000,3200,12800,12800
2024-08-18,"Computer Accesossories",Store,1,7,10493,1049.3,9443.7,9443.7
2024-08-18,Electronics,Marketplace,1,6,29994,899.82,29094.18,29094.18
2024-08-19,"Computer Accesossories",Marketplace,2,11,27489,74.97,27414.03,13707.015
2024-08-19,"Computer Accesossories",Unknown,1,2,4998,499.8,4498.2,4498.2
2024-08-19,"Office Furniture",Online,1,4,19996,0,19996,19996
2024-08-20,"Computer Accesossories",Unknown,1,4,39996,5999.4,33996.6,33996.6
2024-08-20,Electronics,Online,1,6,24000,0,24000,24000
2024-08-20,Electronics,Store,1,4,19996,2999.4,16996.6,16996.6
2024-08-20,"Mobile Devices",Marketplace,1,8,103992,3119.76,100872.24,100872.24
2024-08-20,"Office Furniture",Store,2,11,189989,28998.25,160990.75,80495.375
2024-08-21,"Mobile Devices",Marketplace,1,0,0,0,0,0
2024-08-22,Electronics,Online,1,4,3996,399.6,3596.4,3596.4
2024-08-22,Networking,Marketplace,1,0,0,0,0,0
2024-08-23,"Computer Accesossories",Online,1,4,9996,1999.2,7996.8,7996.8
2024-08-23,Electronics,Online,1,4,3996,0,3996,3996
2024-08-23,Networking,Store,1,1,1499,149.9,1349.1,1349.1
2024-08-24,"Mobile Devices",Online,1,0,0,0,0,0
2024-08-24,"Mobile Devices",Store,1,7,209993,20999.3,188993.7,188993.7
2024-08-25,"Computer Accesossories",Marketplace,1,1,2499,249.9,2249.1,2249.1
2024-08-25,"Computer Accesossories",Online,1,4,5996,0,5996,5996
2024-08-25,Networking,Online,1,9,13491,2023.65,11467.35,11467.35
2024-08-25,"Office Furniture",Marketplace,1,5,24995,3749.25,21245.75,21245.75
2024-08-26,NULL,Store,1,3,23997,0,23997,23997
2024-08-26,"Computer Accesossories",Store,1,7,10493,1573.95,8919.05,8919.05
2024-08-27,NULL,Online,1,1,2999,89.97,2909.03,2909.03
2024-08-27,"Computer Accesossories",Marketplace,1,6,8994,1798.8,7195.2,7195.2
2024-08-27,"Computer Accesossories",Store,1,8,27992,839.76,27152.24,27152.24
2024-08-27,"Mobile Devices",Online,1,5,64995,1949.85,63045.15,63045.15
2024-08-27,"Mobile Devices",Unknown,1,3,89997,17999.4,71997.6,71997.6
2024-08-27,Networking,Unknown,1,2,2998,599.6,2398.4,2398.4
2024-08-28,"Computer Accesossories",Online,1,4,39996,3999.6,35996.4,35996.4
2024-08-28,"Mobile Devices",Online,1,10,299990,44998.5,254991.5,254991.5
2024-08-29,"Mobile Devices",Online,1,1,8999,1799.8,7199.2,7199.2
2024-08-30,"Computer Accesossories",Store,2,17,110483,10313.79,100169.20999999999,50084.604999999996
2024-08-30,Networking,Store,1,9,13491,404.73,13086.27,13086.27
2024-08-30,"Office Furniture",Store,1,4,79996,2399.88,77596.12,77596.12
2024-08-31,"Computer Accesossories",Online,1,7,17493,524.79,16968.21,16968.21
2024-09-01,Electronics,Unknown,1,3,14997,0,14997,14997
2024-09-01,"Office Furniture",Online,1,4,19996,0,19996,19996
2024-09-01,"Office Furniture",Store,1,5,24995,3749.25,21245.75,21245.75
2024-09-02,"Computer Accesossories",Marketplace,1,6,8994,0,8994,8994
2024-09-02,"Computer Accesossories",Online,2,13,19487,179.88,19307.12,9653.56
2024-09-02,"Office Furniture",Online,1,5,99995,9999.5,89995.5,89995.5
2024-09-03,"Computer Accesossories",Marketplace,1,1,2499,0,2499,2499
2024-09-03,"Mobile Devices",Online,1,9,80991,0,80991,80991
2024-09-04,Electronics,Online,1,4,3996,119.88,3876.12,3876.12
2024-09-04,"Mobile Devices",Unknown,1,5,64995,0,64995,64995
2024-09-05,"Computer Accesossories",Marketplace,1,0,0,0,0,0
2024-09-05,"Computer Accesossories",Online,1,1,9999,1499.85,8499.15,8499.15
2024-09-05,Electronics,Online,1,8,32000,6400,25600,25600
2024-09-06,"Office Furniture",Unknown,1,8,39992,1199.76,38792.24,38792.24
2024-09-07,NULL,Unknown,1,10,49990,9998,39992,39992
2024-09-07,"Computer Accesossories",Marketplace,1,6,20994,0,20994,20994
2024-09-07,Electronics,Store,1,9,44991,2249.55,42741.45,42741.45
2024-09-07,"Mobile Devices",Marketplace,1,3,89997,0,89997,89997
2024-09-07,Networking,Online,1,9,13491,2023.65,11467.35,11467.35
2024-09-08,"Computer Accesossories",Store,1,1,1499,224.85,1274.15,1274.15
2024-09-09,"Computer Accesossories",Marketplace,1,6,8994,0,8994,8994
2024-09-09,"Computer Accesossories",Unknown,1,3,4497,674.55,3822.45,3822.45
2024-09-09,Networking,Online,1,9,13491,0,13491,13491
2024-09-09,Networking,Store,1,6,8994,1349.1,7644.9,7644.9
2024-09-11,"Office Furniture",Unknown,1,9,179991,0,179991,179991
2024-09-12,"Computer Accesossories",Online,1,2,2998,299.8,2698.2,2698.2
2024-09-12,"Computer Accesossories",Store,1,9,13491,0,13491,13491
2024-09-12,"Computer Accesossories",Unknown,1,10,99990,2999.7,96990.3,96990.3
2024-09-12,Electronics,Unknown,2,12,35996,4999.8,30996.2,15498.1
2024-09-12,"Mobile Devices",Online,1,4,119996,3599.88,116396.12,116396.12
2024-09-12,"Office Furniture",Online,1,8,159992,0,159992,159992
2024-09-13,"Computer Accesossories",Online,1,3,4497,899.4,3597.6,3597.6
2024-09-13,"Mobile Devices",Online,1,4,51996,7799.4,44196.6,44196.6
2024-09-13,"Mobile Devices",Store,1,2,59998,1799.94,58198.06,58198.06
2024-09-14,"Computer Accesossories",Store,2,15,22485,0,22485,11242.5
2024-09-14,Networking,Online,1,3,4497,134.91,4362.09,4362.09
2024-09-15,"Computer Accesossories",Store,1,5,7495,0,7495,7495
2024-09-15,Electronics,Unknown,1,5,20000,0,20000,20000
2024-09-15,"Mobile Devices",Marketplace,1,7,209993,6299.79,203693.21,203693.21
2024-09-15,"Mobile Devices",Unknown,1,5,149995,22499.25,127495.75,127495.75
2024-09-15,Networking,Online,1,10,14990,1499,13491,13491
2024-09-15,Networking,Store,1,8,11992,0,11992,11992
2024-09-15,"Office Furniture",Online,1,1,19999,999.95,18999.05,18999.05
2024-09-16,"Computer Accesossories",Unknown,1,5,7495,0,7495,7495
2024-09-16,Electronics,Marketplace,1,7,28000,5600,22400,22400
2024-09-16,Networking,Store,1,9,13491,2698.2,10792.8,10792.8
2024-09-16,"Office Furniture",Online,1,4,19996,599.88,19396.12,19396.12
2024-09-17,"Computer Accesossories",Online,1,4,5996,1199.2,4796.8,4796.8
2024-09-17,Networking,Store,1,5,7495,374.75,7120.25,7120.25
2024-09-17,"Office Furniture",Store,1,6,119994,3599.82,116394.18,116394.18
2024-09-18,"Computer Accesossories",Online,1,8,11992,2398.4,9593.6,9593.6
2024-09-18,Electronics,Online,1,0,0,0,0,0
2024-09-18,"Mobile Devices",Marketplace,1,5,44995,6749.25,38245.75,38245.75
2024-09-18,"Mobile Devices",Online,1,4,51996,0,51996,51996
2024-09-19,Electronics,Store,1,6,24000,2400,21600,21600
2024-09-20,NULL,Unknown,1,4,7996,239.88,7756.12,7756.12
2024-09-20,"Computer Accesossories",Marketplace,2,4,8996,374.85,8621.15,4310.575
2024-09-20,"Computer Accesossories",Online,1,8,79992,11998.8,67993.2,67993.2
2024-09-20,"Computer Accesossories",Store,1,9,31491,4723.65,26767.35,26767.35
2024-09-20,"Mobile Devices",Marketplace,1,9,269991,26999.1,242991.9,242991.9
2024-09-22,"Computer Accesossories",Online,1,3,4497,0,4497,4497
2024-09-22,"Computer Accesossories",Store,4,29,119971,15597.25,104373.75,26093.4375
2024-09-23,Electronics,Online,1,10,9990,1998,7992,7992
2024-09-23,"Mobile Devices",Marketplace,1,1,8999,449.95,8549.05,8549.05
2024-09-24,Electronics,Store,1,1,4000,120,3880,3880
2024-09-25,"Computer Accesossories",Online,1,1,9999,499.95,9499.05,9499.05
2024-09-25,Electronics,Store,1,9,36000,0,36000,36000
2024-09-26,"Computer Accesossories",Online,1,3,4497,0,4497,4497
2024-09-26,"Computer Accesossories",Unknown,1,2,2998,299.8,2698.2,2698.2
2024-09-26,Electronics,Marketplace,1,3,12000,2400,9600,9600
2024-09-26,Electronics,Online,1,1,4000,800,3200,3200
2024-09-26,"Mobile Devices",Online,1,4,51996,0,51996,51996
2024-09-27,"Computer Accesossories",Online,1,7,69993,2099.79,67893.21,67893.21
2024-09-27,Electronics,Store,1,10,49990,0,49990,49990
2024-09-28,"Computer Accesossories",Marketplace,1,6,8994,899.4,8094.6,8094.6
2024-09-28,"Computer Accesossories",Online,1,3,7497,749.7,6747.3,6747.3
2024-09-28,Electronics,Online,1,7,34993,0,34993,34993
2024-09-29,"Computer Accesossories",Online,1,3,4497,899.4,3597.6,3597.6
2024-09-29,Electronics,Online,2,6,25998,2299.7,23698.3,11849.15
2024-09-29,Electronics,Store,1,9,44991,4499.1,40491.9,40491.9
2024-09-29,"Mobile Devices",Online,1,4,119996,0,119996,119996
2024-09-29,"Office Furniture",Online,1,1,4999,249.95,4749.05,4749.05
2024-09-29,"Office Furniture",Store,2,3,14997,1299.74,13697.259999999998,6848.629999999999
2024-09-30,"Computer Accesossories",Online,1,6,8994,449.7,8544.3,8544.3
2024-09-30,"Computer Accesossories",Store,2,17,25483,1708.86,23774.14,11887.07
2024-09-30,"Office Furniture",Store,1,5,24995,2499.5,22495.5,22495.5
2024-10-01,"Computer Accesossories",Unknown,1,10,14990,1499,13491,13491
2024-10-01,Electronics,Online,1,7,34993,0,34993,34993
2024-10-02,"Computer Accesossories",Store,1,2,2998,149.9,2848.1,2848.1
2024-10-02,"Mobile Devices",Marketplace,1,4,51996,0,51996,51996
2024-10-02,"Mobile Devices",Store,1,1,8999,899.9,8099.1,8099.1
2024-10-02,Networking,Online,1,7,10493,0,10493,10493
2024-10-02,"Office Furniture",Online,1,6,29994,4499.1,25494.9,25494.9
2024-10-03,"Computer Accesossories",Online,2,6,14994,224.85,14769.15,7384.575
2024-10-03,"Computer Accesossories",Store,1,1,2499,74.97,2424.03,2424.03
2024-10-03,"Computer Accesossories",Unknown,1,1,1499,0,1499,1499
2024-10-04,NULL,Marketplace,1,10,9990,1998,7992,7992
2024-10-04,"Computer Accesossories",Online,1,2,2998,0,2998,2998
2024-10-04,Networking,Online,1,1,1499,299.8,1199.2,1199.2
2024-10-04,"Office Furniture",Marketplace,1,6,29994,1499.7,28494.3,28494.3
2024-10-05,"Computer Accesossories",Online,1,5,49995,7499.25,42495.75,42495.75
2024-10-05,"Office Furniture",Marketplace,1,10,199990,0,199990,199990
2024-10-05,"Office Furniture",Online,1,1,4999,0,4999,4999
2024-10-07,"Computer Accesossories",Marketplace,1,8,11992,2398.4,9593.6,9593.6
2024-10-07,"Computer Accesossories",Store,1,2,19998,3999.6,15998.4,15998.4
2024-10-07,Electronics,Online,1,5,24995,749.85,24245.15,24245.15
2024-10-07,"Mobile Devices",Store,1,9,269991,8099.73,261891.27,261891.27
2024-10-07,"Office Furniture",Online,1,8,39992,3999.2,35992.8,35992.8
2024-10-09,"Computer Accesossories",Online,2,14,30986,6197.2,24788.8,12394.4
2024-10-09,"Computer Accesossories",Store,2,17,25483,0,25483,12741.5
2024-10-10,"Computer Accesossories",Store,1,7,10493,2098.6,8394.4,8394.4
2024-10-10,Electronics,Marketplace,1,0,0,0,0,0
2024-10-10,"Mobile Devices",Store,1,10,89990,17998,71992,71992
2024-10-11,"Computer Accesossories",Store,1,2,19998,999.9,18998.1,18998.1
2024-10-11,Electronics,Marketplace,1,9,44991,1349.73,43641.27,43641.27
2024-10-11,"Mobile Devices",Online,1,5,44995,8999,35996,35996
2024-10-12,Electronics,Store,1,2,8000,0,8000,8000
2024-10-12,Networking,Online,1,6,8994,0,8994,8994
2024-10-12,"Office Furniture",Unknown,1,1,4999,249.95,4749.05,4749.05
2024-10-13,"Computer Accesossories",Online,2,2,11498,2224.65,9273.35,4636.675
2024-10-13,"Mobile Devices",Online,1,1,8999,269.97,8729.03,8729.03
2024-10-13,Networking,Online,1,2,2998,299.8,2698.2,2698.2
2024-10-14,"Computer Accesossories",Store,1,8,19992,599.76,19392.24,19392.24
2024-10-15,"Computer Accesossories",Online,1,8,19992,0,19992,19992
2024-10-15,"Computer Accesossories",Unknown,1,1,3499,0,3499,3499
2024-10-15,"Office Furniture",Store,1,10,199990,39998,159992,159992
2024-10-16,"Computer Accesossories",Online,2,5,11495,449.7,11045.3,5522.65
2024-10-16,Electronics,Online,1,4,19996,1999.6,17996.4,17996.4
2024-10-16,"Mobile Devices",Store,1,9,116991,3509.73,113481.27,113481.27
2024-10-17,"Computer Accesossories",Online,1,2,6998,0,6998,6998
2024-10-17,"Computer Accesossories",Store,1,8,27992,4198.8,23793.2,23793.2
2024-10-18,"Computer Accesossories",Online,1,2,2998,449.7,2548.3,2548.3
2024-10-18,Electronics,Online,1,4,16000,2400,13600,13600
2024-10-18,Electronics,Store,1,3,12000,1800,10200,10200
2024-10-18,"Mobile Devices",Store,1,4,35996,0,35996,35996
2024-10-19,"Computer Accesossories",Store,1,5,12495,624.75,11870.25,11870.25
2024-10-20,Electronics,Online,1,2,9998,1499.7,8498.3,8498.3
2024-10-20,Networking,Online,1,3,4497,674.55,3822.45,3822.45
2024-10-21,"Computer Accesossories",Online,2,19,38481,5197.2,33283.8,16641.9
2024-10-22,"Computer Accesossories",Online,2,9,21491,224.85,21266.15,10633.075
2024-10-22,Electronics,Store,1,4,16000,800,15200,15200
2024-10-22,"Mobile Devices",Store,1,6,77994,2339.82,75654.18,75654.18
2024-10-23,"Computer Accesossories",Online,1,3,29997,0,29997,29997
2024-10-23,"Computer Accesossories",Unknown,1,7,10493,524.65,9968.35,9968.35
2024-10-23,Electronics,Online,1,7,6993,209.79,6783.21,6783.21
2024-10-24,"Computer Accesossories",Store,1,6,14994,0,14994,14994
2024-10-24,"Mobile Devices",Online,2,13,168987,20668.41,148318.59,74159.295
2024-10-24,"Office Furniture",Store,1,4,79996,7999.6,71996.4,71996.4
2024-10-25,"Computer Accesossories",Marketplace,1,5,12495,2499,9996,9996
2024-10-25,"Computer Accesossories",Online,1,4,39996,3999.6,35996.4,35996.4
2024-10-25,Electronics,Store,1,0,0,0,0,0
2024-10-26,"Computer Accesossories",Marketplace,1,2,2998,299.8,2698.2,2698.2
2024-10-26,"Computer Accesossories",Store,1,4,9996,0,9996,9996
2024-10-26,Electronics,Store,1,7,34993,3499.3,31493.7,31493.7
2024-10-26,"Mobile Devices",Marketplace,1,1,12999,1949.85,11049.15,11049.15
2024-10-26,Networking,Store,1,10,14990,1499,13491,13491
2024-10-27,"Computer Accesossories",Online,1,4,9996,1499.4,8496.6,8496.6
2024-10-27,"Computer Accesossories",Store,1,10,34990,0,34990,34990
2024-10-27,Electronics,Unknown,1,8,39992,0,39992,39992
2024-10-27,"Mobile Devices",Unknown,1,8,239992,35998.8,203993.2,203993.2
2024-10-28,"Computer Accesossories",Unknown,1,6,8994,1349.1,7644.9,7644.9
2024-10-28,"Mobile Devices",Online,1,10,129990,19498.5,110491.5,110491.5
2024-10-28,Networking,Online,2,9,13491,1678.88,11812.119999999999,5906.0599999999995
2024-10-28,"Office Furniture",Store,1,5,24995,2499.5,22495.5,22495.5
2024-10-29,"Computer Accesossories",Marketplace,2,7,17493,2623.95,14869.05,7434.525
2024-10-29,"Computer Accesossories",Store,1,1,1499,149.9,1349.1,1349.1
2024-10-29,"Computer Accesossories",Unknown,1,6,8994,0,8994,8994
2024-10-29,Electronics,Unknown,1,4,3996,0,3996,3996
2024-10-29,"Mobile Devices",Unknown,1,10,129990,25998,103992,103992
2024-10-30,"Computer Accesossories",Online,1,5,7495,0,7495,7495
2024-10-30,Electronics,Unknown,2,12,23992,799.2,23192.8,11596.4
2024-10-30,"Office Furniture",Marketplace,1,8,159992,0,159992,159992
2024-10-31,NULL,Store,1,1,19999,3999.8,15999.2,15999.2
2024-10-31,"Computer Accesossories",Store,1,5,12495,1874.25,10620.75,10620.75
2024-10-31,Electronics,Store,1,6,5994,299.7,5694.3,5694.3
2024-11-01,"Computer Accesossories",Unknown,1,8,27992,5598.4,22393.6,22393.6
2024-11-01,Electronics,Store,1,7,28000,0,28000,28000
2024-11-01,"Office Furniture",Unknown,2,8,54992,2049.74,52942.259999999995,26471.129999999997
2024-11-02,"Computer Accesossories",Marketplace,2,8,25992,5198.400000000001,20793.600000000002,10396.800000000001
2024-11-02,"Computer Accesossories",Store,1,10,34990,0,34990,34990
2024-11-02,"Mobile Devices",Store,1,8,239992,47998.4,191993.6,191993.6
2024-11-02,Networking,Store,1,8,11992,599.6,11392.4,11392.4
2024-11-03,Electronics,Marketplace,1,8,39992,0,39992,39992
2024-11-03,Electronics,Online,1,4,16000,1600,14400,14400
2024-11-03,"Mobile Devices",Online,1,10,89990,8999,80991,80991
2024-11-04,"Computer Accesossories",Marketplace,1,9,13491,2023.65,11467.35,11467.35
2024-11-04,"Computer Accesossories",Online,1,2,4998,999.6,3998.4,3998.4
2024-11-04,Electronics,Store,1,9,8991,899.1,8091.9,8091.9
2024-11-04,"Mobile Devices",Store,1,1,29999,2999.9,26999.1,26999.1
2024-11-04,"Office Furniture",Online,1,7,139993,0,139993,139993
2024-11-04,"Office Furniture",Store,1,6,119994,11999.4,107994.6,107994.6
2024-11-05,"Computer Accesossories",Unknown,1,8,11992,1798.8,10193.2,10193.2
2024-11-05,Electronics,Store,1,9,36000,3600,32400,32400
2024-11-06,"Computer Accesossories",Online,1,7,10493,0,10493,10493
2024-11-06,"Mobile Devices",Online,1,9,80991,8099.1,72891.9,72891.9
2024-11-06,"Mobile Devices",Store,1,5,149995,4499.85,145495.15,145495.15
2024-11-06,"Mobile Devices",Unknown,2,12,254988,38248.2,216739.8,108369.9
2024-11-07,"Computer Accesossories",Store,1,6,8994,449.7,8544.3,8544.3
2024-11-07,Electronics,Store,1,0,0,0,0,0
2024-11-07,Electronics,Unknown,1,1,999,29.97,969.03,969.03
2024-11-07,"Mobile Devices",Online,1,4,35996,5399.4,30596.6,30596.6
2024-11-08,NULL,Store,1,5,2495,0,2495,2495
2024-11-08,"Computer Accesossories",Store,1,9,13491,404.73,13086.27,13086.27
2024-11-09,NULL,Store,1,6,2994,0,2994,2994
2024-11-09,Electronics,Marketplace,1,4,3996,399.6,3596.4,3596.4
2024-11-09,Electronics,Store,1,2,9998,299.94,9698.06,9698.06
2024-11-09,Electronics,Unknown,1,4,16000,2400,13600,13600
2024-11-09,"Mobile Devices",Unknown,1,5,64995,3249.75,61745.25,61745.25
2024-11-09,Networking,Online,1,7,10493,2098.6,8394.4,8394.4
2024-11-10,"Computer Accesossories",Online,1,10,14990,0,14990,14990
2024-11-10,Electronics,Store,1,7,34993,5248.95,29744.05,29744.05
2024-11-10,Networking,Store,1,10,14990,749.5,14240.5,14240.5
2024-11-10,"Office Furniture",Online,1,8,159992,0,159992,159992
2024-11-10,"Office Furniture",Unknown,1,2,9998,299.94,9698.06,9698.06
2024-11-12,"Computer Accesossories",Online,1,6,59994,0,59994,59994
2024-11-12,Electronics,Marketplace,1,10,49990,1499.7,48490.3,48490.3
2024-11-12,Networking,Unknown,1,1,1499,0,1499,1499
2024-11-13,"Computer Accesossories",Online,1,9,13491,0,13491,13491
2024-11-13,"Mobile Devices",Store,1,7,90993,4549.65,86443.35,86443.35
2024-11-14,"Computer Accesossories",Store,1,0,0,0,0,0
2024-11-14,"Computer Accesossories",Unknown,1,6,8994,0,8994,8994
2024-11-14,"Mobile Devices",Store,1,0,0,0,0,0
2024-11-14,"Office Furniture",Online,1,6,29994,2999.4,26994.6,26994.6
2024-11-14,"Office Furniture",Unknown,1,1,19999,1999.9,17999.1,17999.1
2024-11-15,"Computer Accesossories",Store,1,2,2998,599.6,2398.4,2398.4
2024-11-15,"Computer Accesossories",Unknown,2,12,23988,2023.65,21964.35,10982.175
2024-11-16,Electronics,Online,1,6,29994,0,29994,29994
2024-11-17,"Computer Accesossories",Unknown,1,6,8994,1349.1,7644.9,7644.9
2024-11-17,"Mobile Devices",Marketplace,1,5,149995,7499.75,142495.25,142495.25
2024-11-18,"Computer Accesossories",Store,1,3,29997,2999.7,26997.3,26997.3
2024-11-18,Electronics,Marketplace,1,7,28000,4200,23800,23800
2024-11-18,Electronics,Online,1,4,16000,0,16000,16000
2024-11-18,"Mobile Devices",Online,2,14,149986,15598.8,134387.2,67193.6
2024-11-18,Networking,Store,1,8,11992,2398.4,9593.6,9593.6
2024-11-19,NULL,Marketplace,1,4,39996,0,39996,39996
2024-11-19,"Computer Accesossories",Online,2,15,98985,3599.13,95385.87000000001,47692.935000000005
2024-11-19,"Computer Accesossories",Store,1,4,9996,1499.4,8496.6,8496.6
2024-11-19,Electronics,Online,1,2,1998,299.7,1698.3,1698.3
2024-11-19,Electronics,Store,1,7,6993,1048.95,5944.05,5944.05
2024-11-20,"Computer Accesossories",Marketplace,1,8,19992,0,19992,19992
2024-11-20,"Computer Accesossories",Store,3,17,84983,6999.3,77983.7,25994.566666666666
2024-11-20,Electronics,Marketplace,1,2,8000,1200,6800,6800
2024-11-20,"Mobile Devices",Marketplace,1,10,129990,12999,116991,116991
2024-11-20,Networking,Marketplace,1,10,14990,0,14990,14990
2024-11-21,"Computer Accesossories",Online,1,7,69993,10498.95,59494.05,59494.05
2024-11-21,Electronics,Marketplace,1,0,0,0,0,0
2024-11-21,Networking,Marketplace,1,6,8994,0,8994,8994
2024-11-22,"Computer Accesossories",Marketplace,1,9,22491,674.73,21816.27,21816.27
2024-11-22,"Mobile Devices",Marketplace,1,8,239992,7199.76,232792.24,232792.24
2024-11-22,"Office Furniture",Store,1,4,79996,7999.6,71996.4,71996.4
2024-11-23,Electronics,Online,1,9,44991,0,44991,44991
2024-11-24,"Computer Accesossories",Online,3,21,48479,3448.3,45030.7,15010.233333333332
2024-11-24,"Computer Accesossories",Store,1,6,8994,1798.8,7195.2,7195.2
2024-11-24,"Computer Accesossories",Unknown,1,5,7495,1124.25,6370.75,6370.75
2024-11-25,"Computer Accesossories",Online,1,9,22491,3373.65,19117.35,19117.35
2024-11-25,"Computer Accesossories",Store,3,13,87487,16313.19,71173.81,23724.603333333333
2024-11-26,"Computer Accesossories",Online,2,17,110483,15523.15,94959.85,47479.925
2024-11-26,"Computer Accesossories",Store,1,2,2998,89.94,2908.06,2908.06
2024-11-26,Electronics,Store,1,6,29994,899.82,29094.18,29094.18
2024-11-26,Electronics,Unknown,1,2,9998,0,9998,9998
2024-11-26,"Mobile Devices",Marketplace,1,0,0,0,0,0
2024-11-26,"Office Furniture",Online,2,14,279986,25198.74,254787.26,127393.63
2024-11-26,"Office Furniture",Store,1,4,79996,3999.8,75996.2,75996.2
2024-11-27,"Computer Accesossories",Online,1,1,1499,149.9,1349.1,1349.1
2024-11-27,"Mobile Devices",Store,2,13,284987,28498.7,256488.3,128244.15
2024-11-28,Electronics,Unknown,1,8,7992,239.76,7752.24,7752.24
2024-11-28,"Mobile Devices",Store,2,15,239985,8999,230986,115493
2024-11-28,"Office Furniture",Marketplace,1,10,199990,39998,159992,159992
2024-11-29,"Mobile Devices",Online,1,0,0,0,0,0
2024-11-29,"Mobile Devices",Unknown,1,5,44995,6749.25,38245.75,38245.75
2024-11-29,"Office Furniture",Store,1,3,14997,1499.7,13497.3,13497.3
2024-11-30,"Computer Accesossories",Online,1,9,22491,2249.1,20241.9,20241.9
2024-11-30,"Computer Accesossories",Store,2,4,26996,1999.8,24996.2,12498.1
2024-11-30,Electronics,Online,1,8,7992,399.6,7592.4,7592.4
2024-11-30,"Mobile Devices",Unknown,1,8,239992,35998.8,203993.2,203993.2
2024-12-01,"Computer Accesossories",Online,1,9,13491,0,13491,13491
2024-12-01,"Computer Accesossories",Store,1,9,22491,3373.65,19117.35,19117.35
2024-12-01,Electronics,Store,1,6,24000,2400,21600,21600
2024-12-01,"Office Furniture",Online,1,5,99995,0,99995,99995
2024-12-02,"Computer Accesossories",Online,2,6,20994,3149.1,17844.9,8922.45
2024-12-02,Electronics,Marketplace,1,4,19996,2999.4,16996.6,16996.6
2024-12-02,Electronics,Store,1,5,20000,600,19400,19400
2024-12-02,Networking,Marketplace,1,5,7495,374.75,7120.25,7120.25
2024-12-03,"Computer Accesossories",Online,1,2,2998,149.9,2848.1,2848.1
2024-12-03,"Mobile Devices",Online,1,4,119996,23999.2,95996.8,95996.8
2024-12-03,"Mobile Devices",Store,1,7,90993,18198.6,72794.4,72794.4
2024-12-04,"Computer Accesossories",Marketplace,1,9,13491,0,13491,13491
2024-12-04,"Computer Accesossories",Unknown,1,2,4998,499.8,4498.2,4498.2
2024-12-04,Electronics,Store,1,4,19996,2999.4,16996.6,16996.6
2024-12-04,"Mobile Devices",Online,1,3,26997,0,26997,26997
2024-12-04,Networking,Online,1,9,13491,1349.1,12141.9,12141.9
2024-12-05,"Mobile Devices",Store,1,4,35996,1799.8,34196.2,34196.2
2024-12-05,"Office Furniture",Store,1,9,44991,0,44991,44991
2024-12-06,"Computer Accesossories",Store,3,22,48978,2898.6,46079.4,15359.800000000001
2024-12-06,Electronics,Online,1,2,8000,0,8000,8000
2024-12-06,"Mobile Devices",Marketplace,1,1,12999,1299.9,11699.1,11699.1
2024-12-06,"Mobile Devices",Online,1,9,116991,17548.65,99442.35,99442.35
2024-12-07,"Computer Accesossories",Online,1,10,34990,1749.5,33240.5,33240.5
2024-12-07,"Computer Accesossories",Store,1,0,0,0,0,0
2024-12-07,Electronics,Unknown,1,10,9990,999,8991,8991
2024-12-07,"Mobile Devices",Online,1,8,103992,0,103992,103992
2024-12-07,"Mobile Devices",Store,1,4,119996,23999.2,95996.8,95996.8
2024-12-07,Networking,Store,1,10,14990,0,14990,14990
2024-12-08,"Computer Accesossories",Online,3,20,50980,6372.530000000001,44607.47,14869.156666666668
2024-12-08,"Computer Accesossories",Unknown,1,5,7495,374.75,7120.25,7120.25
2024-12-08,Electronics,Online,2,5,16999,1749.85,15249.15,7624.575
2024-12-08,Networking,Marketplace,1,5,7495,0,7495,7495
2024-12-09,Electronics,Marketplace,1,2,1998,99.9,1898.1,1898.1
2024-12-10,"Computer Accesossories",Online,2,13,77987,5598.4,72388.6,36194.3
2024-12-10,"Computer Accesossories",Store,2,9,15491,1549.1,13941.900000000001,6970.950000000001
2024-12-10,"Mobile Devices",Online,2,10,129990,12999,116991,58495.5
2024-12-10,"Office Furniture",Online,1,8,159992,0,159992,159992
2024-12-11,NULL,Online,1,8,15992,1599.2,14392.8,14392.8
2024-12-11,"Computer Accesossories",Online,1,7,17493,524.79,16968.21,16968.21
2024-12-11,Electronics,Store,1,5,4995,149.85,4845.15,4845.15
2024-12-13,"Computer Accesossories",Store,2,10,18990,499.8,18490.2,9245.1
2024-12-13,"Computer Accesossories",Unknown,1,3,4497,224.85,4272.15,4272.15
2024-12-13,"Office Furniture",Store,1,4,79996,2399.88,77596.12,77596.12
2024-12-15,Electronics,Marketplace,1,9,36000,0,36000,36000
2024-12-15,Electronics,Unknown,1,1,4999,149.97,4849.03,4849.03
2024-12-15,"Office Furniture",Store,1,3,59997,2999.85,56997.15,56997.15
2024-12-16,"Mobile Devices",Unknown,2,13,389987,64497.850000000006,325489.15,162744.575
2024-12-16,Networking,Online,1,2,2998,0,2998,2998
2024-12-17,"Computer Accesossories",Online,1,3,29997,0,29997,29997
2024-12-17,Electronics,Online,1,1,999,99.9,899.1,899.1
2024-12-17,"Mobile Devices",Unknown,1,1,29999,5999.8,23999.2,23999.2
2024-12-17,"Office Furniture",Store,1,2,39998,5999.7,33998.3,33998.3
2024-12-18,Electronics,Marketplace,1,9,8991,0,8991,8991
2024-12-18,"Mobile Devices",Marketplace,1,5,64995,6499.5,58495.5,58495.5
2024-12-19,"Computer Accesossories",Unknown,1,5,7495,0,7495,7495
2024-12-19,"Mobile Devices",Online,1,4,119996,0,119996,119996
2024-12-19,"Office Furniture",Marketplace,1,8,159992,7999.6,151992.4,151992.4
2024-12-19,"Office Furniture",Online,1,9,44991,0,44991,44991
2024-12-20,"Computer Accesossories",Online,3,17,35483,5402.7300000000005,30080.27,10026.756666666666
2024-12-20,"Office Furniture",Online,1,10,49990,2499.5,47490.5,47490.5
2024-12-22,"Computer Accesossories",Store,2,9,83491,699.8,82791.2,41395.6
2024-12-22,Electronics,Marketplace,1,4,3996,0,3996,3996
2024-12-22,"Mobile Devices",Unknown,1,7,62993,1889.79,61103.21,61103.21
2024-12-22,Networking,Store,1,3,4497,0,4497,4497
2024-12-23,"Computer Accesossories",Unknown,1,9,13491,404.73,13086.27,13086.27
2024-12-23,Electronics,Online,1,1,4999,0,4999,4999
2024-12-23,"Mobile Devices",Online,2,18,329982,16198.76,313783.24,156891.62
2024-12-23,Networking,Online,1,7,10493,1573.95,8919.05,8919.05
2024-12-24,"Computer Accesossories",Online,2,17,25483,3072.95,22410.05,11205.025
2024-12-24,"Mobile Devices",Store,1,2,59998,0,59998,59998
2024-12-25,"Computer Accesossories",Online,1,7,10493,2098.6,8394.4,8394.4
2024-12-25,"Computer Accesossories",Store,1,3,4497,899.4,3597.6,3597.6
2024-12-26,Electronics,Online,1,7,28000,5600,22400,22400
2024-12-26,Electronics,Unknown,1,6,5994,0,5994,5994
2024-12-26,"Mobile Devices",Unknown,1,5,64995,1949.85,63045.15,63045.15
2024-12-26,"Office Furniture",Unknown,1,3,14997,449.91,14547.09,14547.09
2024-12-27,"Computer Accesossories",Online,1,4,39996,7999.2,31996.8,31996.8
2024-12-27,Electronics,Store,1,6,24000,0,24000,24000
2024-12-28,"Computer Accesossories",Marketplace,1,6,8994,449.7,8544.3,8544.3
2024-12-28,"Office Furniture",Store,1,8,159992,0,159992,159992
2024-12-29,"Computer Accesossories",Marketplace,1,10,14990,0,14990,14990
2024-12-29,"Computer Accesossories",Store,1,9,22491,0,22491,22491
2024-12-29,Electronics,Store,1,0,0,0,0,0
2024-12-29,"Office Furniture",Online,1,1,19999,2999.85,16999.15,16999.15
2024-12-30,"Computer Accesossories",Store,1,4,5996,1199.2,4796.8,4796.8
2024-12-30,"Computer Accesossories",Unknown,1,2,2998,0,2998,2998
2024-12-30,"Mobile Devices",Marketplace,1,10,299990,44998.5,254991.5,254991.5
2024-12-30,"Office Furniture",Store,1,8,159992,15999.2,143992.8,143992.8
2024-12-31,Electronics,Marketplace,1,4,3996,799.2,3196.8,3196.8
2024-12-31,"Mobile Devices",Marketplace,1,8,71992,0,71992,71992
2024-12-31,"Mobile Devices",Unknown,1,9,80991,8099.1,72891.9,72891.9
2024-12-31,"Office Furniture",Marketplace,1,2,39998,0,39998,39998
2025-01-01,"Computer Accesossories",Online,2,12,43488,5999.4,37488.6,18744.3
2025-01-01,"Computer Accesossories",Store,1,2,2998,299.8,2698.2,2698.2
2025-01-01,Electronics,Online,1,10,49990,1499.7,48490.3,48490.3
2025-01-01,Electronics,Store,1,10,49990,0,49990,49990
2025-01-01,"Mobile Devices",Online,1,3,26997,5399.4,21597.6,21597.6
2025-01-02,Electronics,Store,1,9,36000,1080,34920,34920
2025-01-02,"Office Furniture",Online,1,6,29994,5998.8,23995.2,23995.2
2025-01-03,"Computer Accesossories",Online,1,0,0,0,0,0
2025-01-03,"Office Furniture",Marketplace,1,5,99995,0,99995,99995
2025-01-03,"Office Furniture",Unknown,1,6,29994,5998.8,23995.2,23995.2
2025-01-04,"Computer Accesossories",Marketplace,1,1,3499,524.85,2974.15,2974.15
2025-01-04,Electronics,Marketplace,2,15,29990,4299.7,25690.3,12845.15
2025-01-04,"Mobile Devices",Online,1,7,209993,20999.3,188993.7,188993.7
2025-01-05,"Computer Accesossories",Online,1,5,7495,224.85,7270.15,7270.15
2025-01-05,Electronics,Marketplace,1,2,9998,299.94,9698.06,9698.06
2025-01-06,"Computer Accesossories",Online,1,10,14990,1499,13491,13491
2025-01-06,"Mobile Devices",Unknown,1,8,103992,10399.2,93592.8,93592.8
2025-01-06,Networking,Unknown,1,3,4497,449.7,4047.3,4047.3
2025-01-06,"Office Furniture",Online,1,8,159992,0,159992,159992
2025-01-07,"Computer Accesossories",Unknown,1,8,11992,0,11992,11992
2025-01-07,Electronics,Online,1,8,39992,0,39992,39992
2025-01-07,"Office Furniture",Unknown,1,3,14997,0,14997,14997
2025-01-08,"Computer Accesossories",Online,1,9,31491,3149.1,28341.9,28341.9
2025-01-08,"Computer Accesossories",Store,1,5,49995,0,49995,49995
2025-01-08,"Office Furniture",Marketplace,1,0,0,0,0,0
2025-01-10,"Computer Accesossories",Store,1,8,27992,4198.8,23793.2,23793.2
2025-01-11,"Computer Accesossories",Online,2,11,22489,3373.35,19115.65,9557.825
2025-01-11,"Mobile Devices",Unknown,1,8,103992,3119.76,100872.24,100872.24
2025-01-11,"Office Furniture",Online,2,18,359982,53997.3,305984.7,152992.35
2025-01-11,"Office Furniture",Store,1,3,59997,5999.7,53997.3,53997.3
2025-01-12,"Computer Accesossories",Store,3,20,139980,5499.150000000001,134480.85,44826.950000000004
2025-01-13,NULL,Online,1,7,10493,524.65,9968.35,9968.35
2025-01-13,"Computer Accesossories",Marketplace,1,5,49995,9999,39996,39996
2025-01-13,"Mobile Devices",Online,1,4,51996,0,51996,51996
2025-01-13,"Mobile Devices",Store,1,7,62993,3149.65,59843.35,59843.35
2025-01-14,"Computer Accesossories",Marketplace,2,10,16990,2128.62,14861.380000000001,7430.6900000000005
2025-01-14,"Computer Accesossories",Online,1,9,13491,2698.2,10792.8,10792.8
2025-01-14,"Computer Accesossories",Unknown,1,9,13491,1349.1,12141.9,12141.9
2025-01-14,"Mobile Devices",Online,1,2,25998,5199.6,20798.4,20798.4
2025-01-14,Networking,Online,1,7,10493,0,10493,10493
2025-01-14,"Office Furniture",Marketplace,1,3,59997,5999.7,53997.3,53997.3
2025-01-15,"Mobile Devices",Online,1,6,53994,5399.4,48594.6,48594.6
2025-01-16,Electronics,Online,1,7,6993,1398.6,5594.4,5594.4
2025-01-16,Electronics,Store,1,8,32000,6400,25600,25600
2025-01-17,"Computer Accesossories",Store,1,4,13996,2799.2,11196.8,11196.8
2025-01-17,"Mobile Devices",Marketplace,1,7,90993,18198.6,72794.4,72794.4
2025-01-17,"Mobile Devices",Online,1,7,62993,0,62993,62993
2025-01-18,"Computer Accesossories",Online,1,2,19998,999.9,18998.1,18998.1
2025-01-18,"Computer Accesossories",Unknown,1,8,11992,359.76,11632.24,11632.24
2025-01-18,Electronics,Store,1,5,4995,0,4995,4995
2025-01-18,"Mobile Devices",Store,1,6,53994,10798.8,43195.2,43195.2
2025-01-18,Networking,Unknown,1,9,13491,2023.65,11467.35,11467.35
2025-01-19,NULL,Marketplace,1,9,89991,13498.65,76492.35,76492.35
2025-01-19,"Computer Accesossories",Store,1,9,13491,2698.2,10792.8,10792.8
2025-01-19,Networking,Marketplace,1,2,2998,299.8,2698.2,2698.2
2025-01-19,"Office Furniture",Online,1,8,39992,7998.4,31993.6,31993.6
2025-01-19,"Office Furniture",Unknown,1,7,139993,0,139993,139993
2025-01-20,NULL,Store,1,4,31996,4799.4,27196.6,27196.6
2025-01-22,"Computer Accesossories",Marketplace,1,8,11992,359.76,11632.24,11632.24
2025-01-22,"Computer Accesossories",Store,1,4,5996,179.88,5816.12,5816.12
2025-01-22,Electronics,Online,1,7,34993,1749.65,33243.35,33243.35
2025-01-22,"Mobile Devices",Marketplace,1,8,71992,0,71992,71992
2025-01-23,"Mobile Devices",Store,1,10,89990,2699.7,87290.3,87290.3
2025-01-23,"Mobile Devices",Unknown,2,11,329989,53998.200000000004,275990.80000000005,137995.40000000002
2025-01-24,"Computer Accesossories",Marketplace,1,9,89991,0,89991,89991
2025-01-24,"Computer Accesossories",Store,1,8,27992,839.76,27152.24,27152.24
2025-01-24,"Mobile Devices",Online,1,3,89997,2699.91,87297.09,87297.09
2025-01-25,"Computer Accesossories",Marketplace,1,1,9999,1999.8,7999.2,7999.2
2025-01-25,"Computer Accesossories",Online,1,4,39996,5999.4,33996.6,33996.6
2025-01-25,"Computer Accesossories",Store,1,7,10493,314.79,10178.21,10178.21
2025-01-25,"Office Furniture",Unknown,1,10,49990,9998,39992,39992
2025-01-26,"Computer Accesossories",Store,3,13,19487,299.8,19187.2,6395.733333333334
2025-01-26,"Mobile Devices",Store,1,2,25998,0,25998,25998
2025-01-27,"Computer Accesossories",Online,2,11,16489,644.5699999999999,15844.43,7922.215
2025-01-27,"Computer Accesossories",Unknown,1,9,13491,1349.1,12141.9,12141.9
2025-01-27,Networking,Store,1,8,11992,0,11992,11992
2025-01-28,NULL,Unknown,1,9,13491,674.55,12816.45,12816.45
2025-01-28,"Computer Accesossories",Store,2,6,19994,1874.45,18119.55,9059.775
2025-01-28,"Computer Accesossories",Unknown,1,6,8994,449.7,8544.3,8544.3
2025-01-29,Electronics,Marketplace,1,7,34993,6998.6,27994.4,27994.4
2025-01-30,NULL,Store,1,3,59997,0,59997,59997
2025-01-30,"Computer Accesossories",Online,1,10,14990,749.5,14240.5,14240.5
2025-01-30,Electronics,Online,1,4,19996,1999.6,17996.4,17996.4
2025-01-30,"Mobile Devices",Online,1,8,239992,11999.6,227992.4,227992.4
2025-01-31,"Computer Accesossories",Marketplace,1,4,5996,1199.2,4796.8,4796.8
2025-01-31,"Computer Accesossories",Store,1,6,20994,629.82,20364.18,20364.18
2025-01-31,"Computer Accesossories",Unknown,2,8,23992,89.94,23902.06,11951.03
2025-01-31,Electronics,Store,1,8,7992,239.76,7752.24,7752.24
2025-01-31,"Mobile Devices",Marketplace,1,1,8999,0,8999,8999
2025-01-31,Networking,Marketplace,1,1,1499,0,1499,1499
2025-01-31,Networking,Online,1,5,7495,1499,5996,5996
2025-02-01,"Computer Accesossories",Store,1,5,7495,0,7495,7495
2025-02-01,"Computer Accesossories",Unknown,1,9,13491,674.55,12816.45,12816.45
2025-02-01,Electronics,Store,1,10,9990,1998,7992,7992
2025-02-01,Networking,Online,1,1,1499,0,1499,1499
2025-02-01,"Office Furniture",Store,2,10,49990,3499.3,46490.7,23245.35
2025-02-02,"Computer Accesossories",Store,1,2,2998,449.7,2548.3,2548.3
2025-02-02,Electronics,Marketplace,2,11,44999,2499.9,42499.1,21249.55
2025-02-02,Electronics,Store,1,8,32000,0,32000,32000
2025-02-02,Networking,Online,1,7,10493,314.79,10178.21,10178.21
2025-02-03,"Computer Accesossories",Store,1,10,14990,1499,13491,13491
2025-02-04,"Computer Accesossories",Online,1,9,31491,3149.1,28341.9,28341.9
2025-02-04,"Computer Accesossories",Store,1,1,2499,0,2499,2499
2025-02-04,Networking,Online,2,12,17988,749.5,17238.5,8619.25
2025-02-05,Electronics,Online,1,9,44991,8998.2,35992.8,35992.8
2025-02-05,"Mobile Devices",Online,1,7,209993,20999.3,188993.7,188993.7
2025-02-06,"Computer Accesossories",Online,2,7,20493,524.85,19968.15,9984.075
2025-02-06,Electronics,Store,1,8,39992,5998.8,33993.2,33993.2
2025-02-06,"Mobile Devices",Store,1,4,119996,23999.2,95996.8,95996.8
2025-02-06,"Office Furniture",Store,1,6,29994,899.82,29094.18,29094.18
2025-02-07,Electronics,Online,1,8,32000,6400,25600,25600
2025-02-08,Electronics,Online,1,6,29994,2999.4,26994.6,26994.6
2025-02-08,"Mobile Devices",Unknown,1,2,17998,539.94,17458.06,17458.06
2025-02-08,"Office Furniture",Store,1,9,44991,1349.73,43641.27,43641.27
2025-02-09,"Computer Accesossories",Online,1,9,13491,0,13491,13491
2025-02-10,"Mobile Devices",Store,1,3,89997,0,89997,89997
2025-02-10,"Mobile Devices",Unknown,1,1,29999,4499.85,25499.15,25499.15
2025-02-10,"Office Furniture",Unknown,1,5,24995,0,24995,24995
2025-02-11,"Computer Accesossories",Online,1,2,6998,1049.7,5948.3,5948.3
2025-02-11,Electronics,Store,1,8,32000,4800,27200,27200
2025-02-11,"Office Furniture",Store,1,9,179991,35998.2,143992.8,143992.8
2025-02-12,"Computer Accesossories",Marketplace,1,8,27992,1399.6,26592.4,26592.4
2025-02-12,Electronics,Online,1,4,19996,2999.4,16996.6,16996.6
2025-02-12,"Mobile Devices",Store,1,6,53994,2699.7,51294.3,51294.3
2025-02-13,NULL,Online,1,9,13491,2698.2,10792.8,10792.8
2025-02-13,"Computer Accesossories",Marketplace,2,14,25986,674.55,25311.45,12655.725
2025-02-13,"Computer Accesossories",Unknown,1,9,13491,404.73,13086.27,13086.27
2025-02-13,Electronics,Online,1,5,4995,149.85,4845.15,4845.15
2025-02-13,Electronics,Unknown,1,5,20000,1000,19000,19000
2025-02-13,"Mobile Devices",Marketplace,1,10,89990,4499.5,85490.5,85490.5
2025-02-13,"Mobile Devices",Online,1,7,209993,6299.79,203693.21,203693.21
2025-02-13,"Mobile Devices",Store,1,5,44995,0,44995,44995
2025-02-13,"Mobile Devices",Unknown,1,9,80991,8099.1,72891.9,72891.9
2025-02-14,"Computer Accesossories",Online,1,5,7495,224.85,7270.15,7270.15
2025-02-14,"Computer Accesossories",Store,1,9,31491,6298.2,25192.8,25192.8
2025-02-14,"Computer Accesossories",Unknown,1,7,24493,4898.6,19594.4,19594.4
2025-02-14,Electronics,Online,1,5,4995,749.25,4245.75,4245.75
2025-02-14,"Office Furniture",Store,1,6,29994,0,29994,29994
2025-02-15,NULL,Unknown,1,10,149990,7499.5,142490.5,142490.5
2025-02-15,Electronics,Store,1,10,9990,999,8991,8991
2025-02-15,Electronics,Unknown,2,13,12987,1148.85,11838.15,5919.075
2025-02-15,"Office Furniture",Store,1,6,29994,899.82,29094.18,29094.18
2025-02-16,"Computer Accesossories",Store,1,10,14990,2248.5,12741.5,12741.5
2025-02-16,Electronics,Store,1,9,8991,0,8991,8991
2025-02-16,"Office Furniture",Store,2,14,159986,13998.099999999999,145987.9,72993.95
2025-02-17,"Computer Accesossories",Marketplace,1,10,99990,14998.5,84991.5,84991.5
2025-02-17,"Computer Accesossories",Online,1,6,8994,1798.8,7195.2,7195.2
2025-02-17,"Computer Accesossories",Unknown,1,5,12495,1874.25,10620.75,10620.75
2025-02-17,"Mobile Devices",Store,1,4,119996,23999.2,95996.8,95996.8
2025-02-17,"Office Furniture",Store,1,10,199990,0,199990,199990
2025-02-18,"Computer Accesossories",Unknown,1,0,0,0,0,0
2025-02-18,"Mobile Devices",Marketplace,1,6,77994,0,77994,77994
2025-02-18,"Office Furniture",Store,1,6,119994,0,119994,119994
2025-02-19,"Computer Accesossories",Online,1,6,20994,4198.8,16795.2,16795.2
2025-02-19,Networking,Online,1,10,14990,1499,13491,13491
2025-02-20,"Computer Accesossories",Marketplace,1,9,13491,404.73,13086.27,13086.27
2025-02-20,"Computer Accesossories",Store,1,5,7495,0,7495,7495
2025-02-20,"Mobile Devices",Store,1,7,209993,31498.95,178494.05,178494.05
2025-02-21,Electronics,Marketplace,1,6,24000,720,23280,23280
2025-02-21,Electronics,Online,1,10,49990,9998,39992,39992
2025-02-21,"Mobile Devices",Online,1,8,71992,3599.6,68392.4,68392.4
2025-02-21,"Office Furniture",Store,1,4,19996,1999.6,17996.4,17996.4
2025-02-21,"Office Furniture",Unknown,1,5,24995,1249.75,23745.25,23745.25
2025-02-22,"Office Furniture",Store,1,0,0,0,0,0
2025-02-23,NULL,Online,1,5,3995,119.85,3875.15,3875.15
2025-02-23,"Computer Accesossories",Store,1,2,2998,89.94,2908.06,2908.06
2025-02-23,"Mobile Devices",Marketplace,1,1,29999,899.97,29099.03,29099.03
2025-02-23,"Mobile Devices",Store,1,4,51996,10399.2,41596.8,41596.8
2025-02-23,"Office Furniture",Online,1,5,99995,2999.85,96995.15,96995.15
2025-02-24,"Computer Accesossories",Marketplace,1,10,14990,2998,11992,11992
2025-02-24,"Computer Accesossories",Store,1,2,2998,89.94,2908.06,2908.06
2025-02-25,"Computer Accesossories",Online,2,19,66481,6823.05,59657.95,29828.975
2025-02-25,"Computer Accesossories",Store,1,0,0,0,0,0
2025-02-25,"Computer Accesossories",Unknown,1,9,13491,2698.2,10792.8,10792.8
2025-02-25,Electronics,Unknown,1,4,19996,0,19996,19996
2025-02-26,"Computer Accesossories",Online,1,7,10493,524.65,9968.35,9968.35
2025-02-27,"Computer Accesossories",Store,1,10,99990,19998,79992,79992
2025-02-28,"Computer Accesossories",Marketplace,2,3,12997,1299.7,11697.3,5848.65
2025-03-01,"Computer Accesossories",Marketplace,1,10,24990,2499,22491,22491
2025-03-01,"Mobile Devices",Online,1,9,269991,53998.2,215992.8,215992.8
2025-03-01,"Mobile Devices",Store,2,14,181986,36397.2,145588.8,72794.4
2025-03-02,"Computer Accesossories",Online,2,10,48990,3798.6,45191.399999999994,22595.699999999997
2025-03-02,"Computer Accesossories",Store,1,3,4497,674.55,3822.45,3822.45
2025-03-02,Electronics,Marketplace,1,5,20000,2000,18000,18000
2025-03-02,Electronics,Store,1,6,29994,1499.7,28494.3,28494.3
2025-03-02,"Office Furniture",Store,1,4,79996,0,79996,79996
2025-03-03,"Computer Accesossories",Store,1,1,1499,299.8,1199.2,1199.2
2025-03-03,Electronics,Online,1,8,39992,1999.6,37992.4,37992.4
2025-03-03,"Mobile Devices",Marketplace,1,3,89997,0,89997,89997
2025-03-03,"Mobile Devices",Online,1,3,89997,8999.7,80997.3,80997.3
2025-03-04,"Computer Accesossories",Marketplace,2,15,31485,899.4,30585.6,15292.8
2025-03-04,"Computer Accesossories",Store,1,5,12495,1249.5,11245.5,11245.5
2025-03-05,"Computer Accesossories",Online,1,5,7495,749.5,6745.5,6745.5
2025-03-05,Electronics,Marketplace,1,10,40000,8000,32000,32000
2025-03-05,Electronics,Online,1,2,8000,1200,6800,6800
2025-03-05,Networking,Online,1,2,2998,149.9,2848.1,2848.1
2025-03-05,"Office Furniture",Unknown,1,2,39998,0,39998,39998
2025-03-06,"Computer Accesossories",Online,1,6,20994,0,20994,20994
2025-03-06,"Mobile Devices",Online,1,7,209993,0,209993,209993
2025-03-07,"Computer Accesossories",Store,2,12,77488,7374.05,70113.95,35056.975
2025-03-07,"Mobile Devices",Online,1,6,53994,10798.8,43195.2,43195.2
2025-03-07,"Mobile Devices",Store,2,12,325988,65197.6,260790.4,130395.2
2025-03-08,"Computer Accesossories",Online,1,9,22491,4498.2,17992.8,17992.8
2025-03-08,"Computer Accesossories",Store,1,7,10493,1573.95,8919.05,8919.05
2025-03-08,"Computer Accesossories",Unknown,1,3,10497,0,10497,10497
2025-03-08,Electronics,Store,1,9,8991,1348.65,7642.35,7642.35
2025-03-08,"Mobile Devices",Unknown,1,5,149995,14999.5,134995.5,134995.5
2025-03-08,"Office Furniture",Online,1,7,34993,1749.65,33243.35,33243.35
2025-03-08,"Office Furniture",Unknown,1,8,39992,7998.4,31993.6,31993.6
2025-03-09,"Computer Accesossories",Marketplace,1,1,3499,0,3499,3499
2025-03-09,"Computer Accesossories",Store,1,2,2998,299.8,2698.2,2698.2
2025-03-09,Electronics,Online,1,5,24995,3749.25,21245.75,21245.75
2025-03-09,Electronics,Store,1,10,40000,6000,34000,34000
2025-03-09,Electronics,Unknown,1,7,6993,0,6993,6993
2025-03-09,"Mobile Devices",Marketplace,1,1,8999,269.97,8729.03,8729.03
2025-03-09,"Mobile Devices",Online,1,10,129990,25998,103992,103992
2025-03-10,"Office Furniture",Store,1,7,34993,6998.6,27994.4,27994.4
2025-03-12,"Computer Accesossories",Online,1,5,7495,1499,5996,5996
2025-03-12,Electronics,Online,1,4,16000,3200,12800,12800
2025-03-12,Electronics,Store,1,3,14997,0,14997,14997
2025-03-13,"Computer Accesossories",Marketplace,1,1,9999,499.95,9499.05,9499.05
2025-03-13,"Computer Accesossories",Store,2,6,27494,499.95,26994.05,13497.025
2025-03-13,"Mobile Devices",Unknown,1,0,0,0,0,0
2025-03-14,"Computer Accesossories",Online,1,8,19992,1999.2,17992.8,17992.8
2025-03-14,Electronics,Unknown,1,4,19996,0,19996,19996
2025-03-14,"Mobile Devices",Unknown,1,7,209993,6299.79,203693.21,203693.21
2025-03-15,"Computer Accesossories",Marketplace,1,8,11992,0,11992,11992
2025-03-15,"Computer Accesossories",Store,1,10,14990,0,14990,14990
2025-03-15,"Mobile Devices",Online,1,1,29999,1499.95,28499.05,28499.05
2025-03-15,"Mobile Devices",Store,1,3,38997,3899.7,35097.3,35097.3
2025-03-15,Networking,Unknown,1,6,8994,899.4,8094.6,8094.6
2025-03-16,"Computer Accesossories",Online,1,6,14994,2998.8,11995.2,11995.2
2025-03-16,Electronics,Marketplace,2,9,20995,1229.25,19765.75,9882.875
2025-03-16,Networking,Online,1,6,8994,449.7,8544.3,8544.3
2025-03-17,Electronics,Online,1,4,19996,3999.2,15996.8,15996.8
2025-03-17,Electronics,Unknown,1,10,49990,2499.5,47490.5,47490.5
2025-03-19,"Computer Accesossories",Unknown,1,0,0,0,0,0
2025-03-19,"Mobile Devices",Online,1,4,51996,2599.8,49396.2,49396.2
2025-03-20,"Computer Accesossories",Store,1,6,8994,449.7,8544.3,8544.3
2025-03-20,"Mobile Devices",Marketplace,1,9,269991,0,269991,269991
2025-03-20,"Mobile Devices",Online,1,5,64995,0,64995,64995
2025-03-21,"Computer Accesossories",Online,1,6,8994,449.7,8544.3,8544.3
2025-03-21,"Computer Accesossories",Store,1,3,29997,2999.7,26997.3,26997.3
2025-03-21,Networking,Online,1,2,2998,89.94,2908.06,2908.06
2025-03-21,"Office Furniture",Marketplace,1,8,159992,23998.8,135993.2,135993.2
2025-03-22,Electronics,Online,1,4,3996,799.2,3196.8,3196.8
2025-03-22,"Mobile Devices",Unknown,1,8,103992,5199.6,98792.4,98792.4
2025-03-24,"Computer Accesossories",Store,1,6,8994,1798.8,7195.2,7195.2
2025-03-24,"Computer Accesossories",Unknown,1,8,11992,1798.8,10193.2,10193.2
2025-03-24,"Office Furniture",Store,1,7,34993,1749.65,33243.35,33243.35
2025-03-25,"Computer Accesossories",Online,1,8,11992,599.6,11392.4,11392.4
2025-03-25,"Computer Accesossories",Store,1,7,69993,3499.65,66493.35,66493.35
2025-03-25,"Office Furniture",Unknown,1,9,179991,5399.73,174591.27,174591.27
2025-03-27,"Computer Accesossories",Store,2,12,80988,13197.900000000001,67790.1,33895.05
2025-03-27,"Mobile Devices",Online,1,4,35996,1079.88,34916.12,34916.12
2025-03-27,"Mobile Devices",Store,1,5,44995,8999,35996,35996
2025-03-27,"Mobile Devices",Unknown,1,10,89990,8999,80991,80991
2025-03-27,"Office Furniture",Marketplace,1,6,119994,0,119994,119994
2025-03-28,NULL,Store,1,9,134991,13499.1,121491.9,121491.9
2025-03-28,"Computer Accesossories",Online,1,1,1499,299.8,1199.2,1199.2
2025-03-28,"Computer Accesossories",Store,1,2,2998,299.8,2698.2,2698.2
2025-03-28,"Mobile Devices",Marketplace,1,2,59998,1799.94,58198.06,58198.06
2025-03-28,"Mobile Devices",Unknown,1,4,51996,0,51996,51996
2025-03-29,"Computer Accesossories",Store,1,4,39996,3999.6,35996.4,35996.4
2025-03-29,"Mobile Devices",Online,1,9,80991,0,80991,80991
2025-03-30,"Mobile Devices",Online,2,8,239992,7199.76,232792.24,116396.12
2025-03-30,"Mobile Devices",Store,1,7,209993,6299.79,203693.21,203693.21
2025-03-31,"Mobile Devices",Unknown,1,10,299990,59998,239992,239992
2025-03-31,"Office Furniture",Online,1,8,39992,5998.8,33993.2,33993.2
2025-04-01,"Computer Accesossories",Online,1,2,4998,499.8,4498.2,4498.2
2025-04-01,"Computer Accesossories",Store,1,4,9996,1999.2,7996.8,7996.8
2025-04-01,Electronics,Unknown,1,6,24000,720,23280,23280
2025-04-02,"Computer Accesossories",Marketplace,1,5,7495,374.75,7120.25,7120.25
2025-04-02,"Computer Accesossories",Online,1,10,34990,5248.5,29741.5,29741.5
2025-04-02,"Mobile Devices",Store,2,6,95994,5399.54,90594.45999999999,45297.229999999996
2025-04-02,"Mobile Devices",Unknown,1,4,51996,10399.2,41596.8,41596.8
2025-04-02,Networking,Store,1,2,2998,0,2998,2998
2025-04-03,"Computer Accesossories",Online,1,6,59994,5999.4,53994.6,53994.6
2025-04-03,"Mobile Devices",Store,2,16,143984,9448.95,134535.05,67267.525
2025-04-03,"Office Furniture",Unknown,1,7,139993,6999.65,132993.35,132993.35
2025-04-04,NULL,Online,1,1,4999,149.97,4849.03,4849.03
2025-04-05,"Computer Accesossories",Marketplace,1,0,0,0,0,0
2025-04-05,"Computer Accesossories",Unknown,1,2,6998,1399.6,5598.4,5598.4
2025-04-05,Electronics,Online,2,9,12991,1549.0500000000002,11441.95,5720.975
2025-04-05,"Mobile Devices",Store,1,1,12999,0,12999,12999
2025-04-06,"Computer Accesossories",Online,1,3,4497,134.91,4362.09,4362.09
2025-04-06,Electronics,Marketplace,1,9,8991,0,8991,8991
2025-04-06,"Office Furniture",Marketplace,1,4,19996,999.8,18996.2,18996.2
2025-04-06,"Office Furniture",Store,1,9,179991,17999.1,161991.9,161991.9
2025-04-07,"Computer Accesossories",Online,1,0,0,0,0,0
2025-04-07,"Mobile Devices",Store,1,10,299990,14999.5,284990.5,284990.5
2025-04-07,"Mobile Devices",Unknown,2,9,201991,32598.8,169392.2,84696.1
2025-04-08,"Computer Accesossories",Unknown,2,11,16489,704.53,15784.470000000001,7892.235000000001
2025-04-08,Electronics,Store,1,6,24000,1200,22800,22800
2025-04-08,Networking,Store,1,7,10493,314.79,10178.21,10178.21
2025-04-09,NULL,Marketplace,1,2,15998,0,15998,15998
2025-04-09,"Computer Accesossories",Online,1,6,59994,2999.7,56994.3,56994.3
2025-04-09,"Computer Accesossories",Store,4,22,104978,14697,90281,22570.25
2025-04-09,Electronics,Store,1,8,39992,5998.8,33993.2,33993.2
2025-04-10,"Mobile Devices",Store,1,3,89997,17999.4,71997.6,71997.6
2025-04-10,Networking,Online,1,4,5996,0,5996,5996
2025-04-11,"Computer Accesossories",Store,1,2,2998,0,2998,2998
2025-04-11,"Mobile Devices",Online,1,5,64995,0,64995,64995
2025-04-13,"Computer Accesossories",Marketplace,1,6,14994,1499.4,13494.6,13494.6
2025-04-13,"Computer Accesossories",Store,1,4,39996,0,39996,39996
2025-04-13,"Computer Accesossories",Unknown,1,9,13491,674.55,12816.45,12816.45
2025-04-13,Electronics,Online,1,8,39992,0,39992,39992
2025-04-14,"Computer Accesossories",Marketplace,1,6,14994,749.7,14244.3,14244.3
2025-04-14,"Computer Accesossories",Online,1,6,8994,0,8994,8994
2025-04-14,"Computer Accesossories",Unknown,1,7,10493,2098.6,8394.4,8394.4
2025-04-14,"Office Furniture",Online,1,6,29994,0,29994,29994
2025-04-15,"Computer Accesossories",Store,1,4,5996,0,5996,5996
2025-04-15,"Office Furniture",Store,1,1,19999,0,19999,19999
2025-04-15,"Office Furniture",Unknown,1,4,19996,0,19996,19996
2025-04-16,"Computer Accesossories",Store,1,9,22491,1124.55,21366.45,21366.45
2025-04-16,"Office Furniture",Marketplace,1,4,19996,1999.6,17996.4,17996.4
2025-04-18,NULL,Store,1,4,7996,399.8,7596.2,7596.2
2025-04-18,"Computer Accesossories",Online,1,7,24493,734.79,23758.21,23758.21
2025-04-18,Electronics,Unknown,1,8,7992,1198.8,6793.2,6793.2
2025-04-18,"Mobile Devices",Marketplace,1,1,8999,0,8999,8999
2025-04-18,"Mobile Devices",Online,1,5,44995,6749.25,38245.75,38245.75
2025-04-18,"Office Furniture",Online,1,10,199990,9999.5,189990.5,189990.5
2025-04-19,"Computer Accesossories",Unknown,2,12,17988,2248.5,15739.5,7869.75
2025-04-19,"Mobile Devices",Online,1,1,12999,1949.85,11049.15,11049.15
2025-04-19,Networking,Unknown,1,10,14990,2998,11992,11992
2025-04-20,NULL,Online,1,8,39992,3999.2,35992.8,35992.8
2025-04-20,"Computer Accesossories",Store,2,16,31984,2398.4,29585.6,14792.8
2025-04-20,Electronics,Online,1,5,4995,249.75,4745.25,4745.25
2025-04-21,"Computer Accesossories",Online,1,7,10493,0,10493,10493
2025-04-21,Electronics,Marketplace,1,10,40000,1200,38800,38800
2025-04-21,Electronics,Online,1,5,20000,4000,16000,16000
2025-04-21,Electronics,Store,1,6,24000,0,24000,24000
2025-04-21,Electronics,Unknown,1,4,16000,3200,12800,12800
2025-04-21,"Mobile Devices",Online,1,1,8999,1799.8,7199.2,7199.2
2025-04-22,"Computer Accesossories",Store,1,1,2499,124.95,2374.05,2374.05
2025-04-22,"Computer Accesossories",Unknown,1,4,13996,2099.4,11896.6,11896.6
2025-04-22,Electronics,Store,2,11,13990,0,13990,6995
2025-04-22,Networking,Online,1,3,4497,224.85,4272.15,4272.15
2025-04-22,"Office Furniture",Marketplace,1,8,39992,3999.2,35992.8,35992.8
2025-04-22,"Office Furniture",Store,1,10,49990,2499.5,47490.5,47490.5
2025-04-23,"Computer Accesossories",Marketplace,1,6,59994,5999.4,53994.6,53994.6
2025-04-23,"Computer Accesossories",Online,1,9,13491,0,13491,13491
2025-04-23,"Computer Accesossories",Store,3,11,34489,0,34489,11496.333333333334
2025-04-24,"Computer Accesossories",Store,1,1,1499,74.95,1424.05,1424.05
2025-04-24,"Mobile Devices",Marketplace,1,7,62993,6299.3,56693.7,56693.7
2025-04-24,Networking,Marketplace,1,7,10493,1049.3,9443.7,9443.7
2025-04-24,"Office Furniture",Unknown,1,9,179991,35998.2,143992.8,143992.8
2025-04-25,"Computer Accesossories",Online,1,6,20994,0,20994,20994
2025-04-25,"Computer Accesossories",Store,1,9,22491,674.73,21816.27,21816.27
2025-04-25,"Office Furniture",Online,1,10,49990,0,49990,49990
2025-04-26,"Computer Accesossories",Online,1,10,99990,2999.7,96990.3,96990.3
2025-04-26,Electronics,Online,1,10,40000,4000,36000,36000
2025-04-26,Electronics,Store,1,8,7992,239.76,7752.24,7752.24
2025-04-26,"Office Furniture",Online,1,6,29994,1499.7,28494.3,28494.3
2025-04-27,"Computer Accesossories",Unknown,1,7,10493,0,10493,10493
2025-04-27,"Mobile Devices",Online,1,8,103992,3119.76,100872.24,100872.24
2025-04-27,"Mobile Devices",Store,1,8,103992,3119.76,100872.24,100872.24
2025-04-27,"Mobile Devices",Unknown,1,1,8999,1799.8,7199.2,7199.2
2025-04-28,"Computer Accesossories",Online,1,8,11992,2398.4,9593.6,9593.6
2025-04-29,"Computer Accesossories",Online,1,7,10493,1049.3,9443.7,9443.7
2025-04-29,Electronics,Store,1,3,2997,449.55,2547.45,2547.45
2025-04-29,"Office Furniture",Store,1,7,34993,6998.6,27994.4,27994.4
2025-04-30,"Computer Accesossories",Online,1,8,11992,1798.8,10193.2,10193.2
2025-04-30,"Computer Accesossories",Unknown,1,6,8994,1798.8,7195.2,7195.2
2025-05-01,NULL,Unknown,1,5,7495,374.75,7120.25,7120.25
2025-05-01,"Mobile Devices",Online,1,6,77994,2339.82,75654.18,75654.18
2025-05-01,"Office Furniture",Online,1,8,159992,31998.4,127993.6,127993.6
2025-05-01,"Office Furniture",Store,1,3,59997,1799.91,58197.09,58197.09
2025-05-02,"Computer Accesossories",Marketplace,1,9,22491,0,22491,22491
2025-05-02,"Computer Accesossories",Online,1,7,69993,13998.6,55994.4,55994.4
2025-05-02,Electronics,Online,1,4,16000,2400,13600,13600
2025-05-02,"Office Furniture",Online,1,6,119994,0,119994,119994
2025-05-03,NULL,Online,2,13,54987,9598.8,45388.2,22694.1
2025-05-03,"Computer Accesossories",Online,4,24,65976,1949.1,64026.9,16006.725
2025-05-03,"Computer Accesossories",Store,1,3,7497,374.85,7122.15,7122.15
2025-05-03,Electronics,Store,1,8,39992,1199.76,38792.24,38792.24
2025-05-04,"Computer Accesossories",Marketplace,2,16,159984,2999.7,156984.3,78492.15
2025-05-04,Electronics,Unknown,1,2,1998,399.6,1598.4,1598.4
2025-05-05,"Computer Accesossories",Online,1,8,11992,1199.2,10792.8,10792.8
2025-05-05,Networking,Online,1,6,8994,899.4,8094.6,8094.6
2025-05-06,"Computer Accesossories",Online,1,8,79992,2399.76,77592.24,77592.24
2025-05-06,"Computer Accesossories",Store,1,7,24493,1224.65,23268.35,23268.35
2025-05-06,"Computer Accesossories",Unknown,1,6,8994,0,8994,8994
2025-05-07,"Computer Accesossories",Unknown,1,6,14994,2249.1,12744.9,12744.9
2025-05-07,"Mobile Devices",Marketplace,1,2,59998,0,59998,59998
2025-05-07,"Mobile Devices",Store,2,11,102989,10298.9,92690.1,46345.05
2025-05-08,"Computer Accesossories",Store,1,1,1499,74.95,1424.05,1424.05
2025-05-09,"Computer Accesossories",Unknown,1,6,59994,11998.8,47995.2,47995.2
2025-05-09,Electronics,Online,1,3,2997,299.7,2697.3,2697.3
2025-05-09,Electronics,Store,1,8,39992,1999.6,37992.4,37992.4
2025-05-10,"Computer Accesossories",Store,1,2,6998,1049.7,5948.3,5948.3
2025-05-10,Networking,Unknown,1,8,11992,1199.2,10792.8,10792.8
2025-05-11,"Mobile Devices",Online,1,10,129990,25998,103992,103992
2025-05-11,"Mobile Devices",Store,1,10,129990,0,129990,129990
2025-05-12,Electronics,Online,1,8,39992,1199.76,38792.24,38792.24
2025-05-12,"Mobile Devices",Store,1,7,90993,0,90993,90993
2025-05-12,"Office Furniture",Store,1,6,119994,23998.8,95995.2,95995.2
2025-05-13,Electronics,Store,1,1,999,0,999,999
2025-05-13,"Mobile Devices",Store,1,6,179994,0,179994,179994
2025-05-13,"Office Furniture",Store,1,4,79996,7999.6,71996.4,71996.4
2025-05-14,Electronics,Marketplace,1,2,1998,99.9,1898.1,1898.1
2025-05-14,Electronics,Store,1,4,3996,199.8,3796.2,3796.2
2025-05-15,"Computer Accesossories",Online,1,6,8994,269.82,8724.18,8724.18
2025-05-15,"Office Furniture",Store,1,4,79996,3999.8,75996.2,75996.2
2025-05-16,"Computer Accesossories",Store,1,3,29997,1499.85,28497.15,28497.15
2025-05-16,Electronics,Online,1,10,9990,1498.5,8491.5,8491.5
2025-05-16,Electronics,Store,1,5,4995,749.25,4245.75,4245.75
2025-05-17,NULL,Store,1,6,2994,89.82,2904.18,2904.18
2025-05-17,"Computer Accesossories",Marketplace,2,6,51494,0,51494,25747
2025-05-17,"Computer Accesossories",Online,2,13,53487,6023.25,47463.75,23731.875
2025-05-18,"Computer Accesossories",Marketplace,1,8,79992,0,79992,79992
2025-05-18,"Computer Accesossories",Online,3,10,47490,4998.45,42491.55,14163.85
2025-05-18,"Office Furniture",Online,1,4,19996,1999.6,17996.4,17996.4
2025-05-19,NULL,Marketplace,1,2,19998,599.94,19398.06,19398.06
2025-05-19,Electronics,Online,1,7,28000,0,28000,28000
2025-05-19,"Mobile Devices",Marketplace,1,5,149995,0,149995,149995
2025-05-19,"Mobile Devices",Unknown,1,6,77994,0,77994,77994
2025-05-20,"Computer Accesossories",Online,1,6,8994,899.4,8094.6,8094.6
2025-05-20,"Computer Accesossories",Unknown,2,13,92487,15998.4,76488.6,38244.3
2025-05-20,"Mobile Devices",Online,1,5,64995,9749.25,55245.75,55245.75
2025-05-20,"Office Furniture",Online,1,8,159992,23998.8,135993.2,135993.2
2025-05-21,"Computer Accesossories",Store,1,6,14994,0,14994,14994
2025-05-21,"Computer Accesossories",Unknown,1,3,4497,0,4497,4497
2025-05-21,"Mobile Devices",Store,1,5,64995,3249.75,61745.25,61745.25
2025-05-21,Networking,Store,1,6,8994,0,8994,8994
2025-05-21,"Office Furniture",Marketplace,1,9,44991,4499.1,40491.9,40491.9
2025-05-21,"Office Furniture",Store,1,6,29994,4499.1,25494.9,25494.9
2025-05-22,"Computer Accesossories",Online,2,14,27986,524.79,27461.21,13730.605
2025-05-22,"Office Furniture",Store,1,7,34993,6998.6,27994.4,27994.4
2025-05-23,"Computer Accesossories",Online,1,6,8994,899.4,8094.6,8094.6
2025-05-23,"Computer Accesossories",Store,1,7,24493,4898.6,19594.4,19594.4
2025-05-23,"Mobile Devices",Unknown,1,3,38997,7799.4,31197.6,31197.6
2025-05-24,"Computer Accesossories",Online,1,8,27992,5598.4,22393.6,22393.6
2025-05-24,Electronics,Marketplace,1,10,40000,2000,38000,38000
2025-05-24,"Office Furniture",Store,1,1,4999,999.8,3999.2,3999.2
2025-05-25,"Computer Accesossories",Marketplace,1,4,9996,999.6,8996.4,8996.4
2025-05-25,"Computer Accesossories",Online,1,8,11992,1199.2,10792.8,10792.8
2025-05-25,"Computer Accesossories",Store,1,9,13491,0,13491,13491
2025-05-25,"Computer Accesossories",Unknown,1,9,13491,2023.65,11467.35,11467.35
2025-05-25,Networking,Marketplace,1,5,7495,224.85,7270.15,7270.15
2025-05-26,Electronics,Store,1,7,34993,1049.79,33943.21,33943.21
2025-05-26,Electronics,Unknown,1,9,8991,899.1,8091.9,8091.9
2025-05-26,"Mobile Devices",Store,2,4,102996,17999.4,84996.6,42498.3
2025-05-27,"Computer Accesossories",Marketplace,1,9,13491,0,13491,13491
2025-05-27,"Computer Accesossories",Store,2,9,13491,89.94,13401.06,6700.53
2025-05-27,"Computer Accesossories",Unknown,1,4,39996,1199.88,38796.12,38796.12
2025-05-27,Electronics,Marketplace,1,1,4000,0,4000,4000
2025-05-27,"Mobile Devices",Unknown,1,7,90993,9099.3,81893.7,81893.7
2025-05-28,"Computer Accesossories",Marketplace,2,11,16489,2113.59,14375.41,7187.705
2025-05-28,"Computer Accesossories",Online,1,7,69993,0,69993,69993
2025-05-28,"Computer Accesossories",Unknown,1,4,5996,179.88,5816.12,5816.12
2025-05-28,Electronics,Store,1,6,29994,0,29994,29994
2025-05-28,"Mobile Devices",Online,1,9,269991,0,269991,269991
2025-05-28,"Mobile Devices",Unknown,1,9,269991,13499.55,256491.45,256491.45
2025-05-28,Networking,Unknown,1,4,5996,899.4,5096.6,5096.6
2025-05-29,"Computer Accesossories",Online,2,9,37491,6498.299999999999,30992.699999999997,15496.349999999999
2025-05-29,"Computer Accesossories",Store,1,1,2499,249.9,2249.1,2249.1
2025-05-29,"Mobile Devices",Online,1,3,89997,17999.4,71997.6,71997.6
2025-05-29,Networking,Store,1,4,5996,179.88,5816.12,5816.12
2025-05-30,"Computer Accesossories",Online,1,1,1499,149.9,1349.1,1349.1
2025-05-30,"Computer Accesossories",Store,1,0,0,0,0,0
2025-05-30,"Computer Accesossories",Unknown,1,10,24990,3748.5,21241.5,21241.5
2025-05-30,Networking,Online,1,9,13491,0,13491,13491
2025-05-31,Electronics,Marketplace,1,2,9998,299.94,9698.06,9698.06
2025-05-31,"Mobile Devices",Online,1,7,90993,9099.3,81893.7,81893.7
2025-05-31,"Office Furniture",Online,1,10,199990,5999.7,193990.3,193990.3
2025-06-01,"Computer Accesossories",Online,1,6,14994,2249.1,12744.9,12744.9
2025-06-01,"Mobile Devices",Online,1,10,299990,14999.5,284990.5,284990.5
2025-06-02,"Computer Accesossories",Marketplace,1,2,4998,999.6,3998.4,3998.4
2025-06-02,Electronics,Marketplace,1,7,34993,3499.3,31493.7,31493.7
2025-06-02,"Mobile Devices",Marketplace,1,10,89990,0,89990,89990
2025-06-02,Networking,Online,1,4,5996,0,5996,5996
2025-06-02,Networking,Unknown,1,10,14990,749.5,14240.5,14240.5
2025-06-02,"Office Furniture",Store,1,10,199990,9999.5,189990.5,189990.5
2025-06-03,"Computer Accesossories",Online,1,2,2998,0,2998,2998
2025-06-03,"Computer Accesossories",Store,1,1,1499,224.85,1274.15,1274.15
2025-06-03,"Office Furniture",Store,1,6,119994,3599.82,116394.18,116394.18
2025-06-04,"Computer Accesossories",Marketplace,1,5,7495,374.75,7120.25,7120.25
2025-06-05,"Computer Accesossories",Online,1,2,2998,0,2998,2998
2025-06-05,"Computer Accesossories",Store,1,8,79992,0,79992,79992
2025-06-05,Electronics,Online,1,7,28000,5600,22400,22400
2025-06-05,"Office Furniture",Marketplace,1,10,49990,0,49990,49990
2025-06-06,"Computer Accesossories",Online,1,4,9996,0,9996,9996
2025-06-06,"Office Furniture",Store,1,6,119994,17999.1,101994.9,101994.9
2025-06-07,"Computer Accesossories",Online,1,3,4497,449.7,4047.3,4047.3
2025-06-07,Networking,Store,1,8,11992,599.6,11392.4,11392.4
2025-06-07,"Office Furniture",Store,1,3,14997,0,14997,14997
2025-06-08,NULL,Online,1,4,31996,1599.8,30396.2,30396.2
2025-06-08,"Computer Accesossories",Marketplace,1,8,11992,359.76,11632.24,11632.24
2025-06-08,"Computer Accesossories",Online,1,3,7497,224.91,7272.09,7272.09
2025-06-08,"Computer Accesossories",Store,1,5,12495,2499,9996,9996
2025-06-08,"Office Furniture",Unknown,1,9,44991,0,44991,44991
2025-06-09,"Computer Accesossories",Online,1,4,5996,179.88,5816.12,5816.12
2025-06-09,Electronics,Store,1,7,34993,0,34993,34993
2025-06-09,"Mobile Devices",Marketplace,1,6,77994,0,77994,77994
2025-06-09,"Office Furniture",Online,1,10,49990,9998,39992,39992
2025-06-10,"Computer Accesossories",Online,1,10,24990,2499,22491,22491
2025-06-10,Electronics,Online,1,4,19996,3999.2,15996.8,15996.8
2025-06-11,Electronics,Unknown,1,8,32000,960,31040,31040
2025-06-11,"Mobile Devices",Marketplace,1,4,35996,7199.2,28796.8,28796.8
2025-06-11,"Mobile Devices",Store,2,13,132987,0,132987,66493.5
2025-06-12,"Computer Accesossories",Unknown,1,3,4497,0,4497,4497
2025-06-13,"Computer Accesossories",Unknown,1,4,9996,1999.2,7996.8,7996.8
2025-06-13,Electronics,Marketplace,1,7,6993,699.3,6293.7,6293.7
2025-06-13,Electronics,Store,1,7,34993,3499.3,31493.7,31493.7
2025-06-13,Electronics,Unknown,1,6,24000,0,24000,24000
2025-06-14,Electronics,Marketplace,1,3,14997,2999.4,11997.6,11997.6
2025-06-14,Electronics,Store,1,8,32000,3200,28800,28800
2025-06-15,"Computer Accesossories",Online,1,4,5996,599.6,5396.4,5396.4
2025-06-15,"Computer Accesossories",Unknown,1,9,13491,674.55,12816.45,12816.45
2025-06-15,"Mobile Devices",Online,2,7,62993,8099.1,54893.9,27446.95
2025-06-15,"Office Furniture",Store,1,5,24995,1249.75,23745.25,23745.25
2025-06-16,NULL,Online,1,10,7990,1198.5,6791.5,6791.5
2025-06-16,"Computer Accesossories",Online,1,3,7497,374.85,7122.15,7122.15
2025-06-16,"Computer Accesossories",Store,1,10,14990,749.5,14240.5,14240.5
2025-06-16,"Computer Accesossories",Unknown,1,9,13491,0,13491,13491
2025-06-16,Electronics,Online,1,9,44991,1349.73,43641.27,43641.27
2025-06-16,"Mobile Devices",Online,1,6,53994,10798.8,43195.2,43195.2
2025-06-16,"Office Furniture",Store,1,7,34993,1749.65,33243.35,33243.35
2025-06-17,"Computer Accesossories",Unknown,1,7,10493,0,10493,10493
2025-06-17,Electronics,Marketplace,1,8,39992,3999.2,35992.8,35992.8
2025-06-17,Electronics,Store,1,2,9998,999.8,8998.2,8998.2
2025-06-18,"Computer Accesossories",Marketplace,1,8,11992,359.76,11632.24,11632.24
2025-06-19,"Computer Accesossories",Store,1,8,11992,0,11992,11992
2025-06-19,"Mobile Devices",Marketplace,1,8,239992,35998.8,203993.2,203993.2
2025-06-19,"Mobile Devices",Online,1,7,62993,12598.6,50394.4,50394.4
2025-06-20,Electronics,Store,1,10,49990,2499.5,47490.5,47490.5
2025-06-20,"Mobile Devices",Store,1,10,89990,0,89990,89990
2025-06-21,Electronics,Online,1,8,39992,0,39992,39992
2025-06-22,Electronics,Marketplace,1,2,1998,0,1998,1998
2025-06-22,Electronics,Store,1,10,49990,7498.5,42491.5,42491.5
2025-06-23,"Computer Accesossories",Store,1,5,17495,2624.25,14870.75,14870.75
2025-06-23,"Office Furniture",Online,1,9,179991,17999.1,161991.9,161991.9
2025-06-24,"Computer Accesossories",Online,2,14,40986,2629.02,38356.979999999996,19178.489999999998
2025-06-24,Networking,Marketplace,1,8,11992,0,11992,11992
2025-06-24,Networking,Online,1,8,11992,2398.4,9593.6,9593.6
2025-06-24,"Office Furniture",Unknown,1,0,0,0,0,0
2025-06-25,"Computer Accesossories",Marketplace,1,3,4497,134.91,4362.09,4362.09
2025-06-25,"Office Furniture",Online,2,12,164988,29248.35,135739.65,67869.825
2025-06-26,"Mobile Devices",Store,1,10,299990,8999.7,290990.3,290990.3
2025-06-27,"Mobile Devices",Online,1,5,149995,14999.5,134995.5,134995.5
2025-06-28,"Computer Accesossories",Store,1,8,19992,3998.4,15993.6,15993.6
2025-06-28,"Mobile Devices",Online,1,5,64995,9749.25,55245.75,55245.75
2025-06-28,Networking,Store,1,7,10493,1049.3,9443.7,9443.7
2025-06-29,"Computer Accesossories",Store,2,13,87487,1499,85988,42994
2025-06-30,NULL,Store,1,6,4794,143.82,4650.18,4650.18
2025-06-30,"Computer Accesossories",Marketplace,1,9,13491,2023.65,11467.35,11467.35
2025-06-30,Electronics,Marketplace,1,7,28000,0,28000,28000
2025-06-30,"Mobile Devices",Store,1,7,90993,0,90993,90993
2025-06-30,"Mobile Devices",Unknown,1,9,80991,2429.73,78561.27,78561.27
2025-07-01,NULL,Store,1,4,3996,119.88,3876.12,3876.12
2025-07-01,"Mobile Devices",Marketplace,1,10,299990,0,299990,299990
2025-07-01,Networking,Store,1,7,10493,2098.6,8394.4,8394.4
2025-07-03,NULL,Marketplace,1,2,39998,5999.7,33998.3,33998.3
2025-07-03,"Computer Accesossories",Marketplace,1,9,13491,1349.1,12141.9,12141.9
2025-07-03,"Computer Accesossories",Store,1,6,20994,0,20994,20994
2025-07-03,"Computer Accesossories",Unknown,1,2,2998,0,2998,2998
2025-07-04,"Computer Accesossories",Marketplace,1,7,10493,0,10493,10493
2025-07-04,"Computer Accesossories",Online,2,5,8495,1199.2,7295.8,3647.9
2025-07-04,"Computer Accesossories",Unknown,1,1,1499,224.85,1274.15,1274.15
2025-07-04,"Mobile Devices",Unknown,1,6,77994,0,77994,77994
2025-07-04,"Office Furniture",Online,1,7,34993,5248.95,29744.05,29744.05
2025-07-05,NULL,Marketplace,1,5,4995,0,4995,4995
2025-07-05,"Computer Accesossories",Online,1,0,0,0,0,0
2025-07-05,"Computer Accesossories",Unknown,2,5,7495,1124.25,6370.75,3185.375
2025-07-05,Electronics,Unknown,2,3,12999,1049.95,11949.05,5974.525
2025-07-06,Electronics,Store,1,0,0,0,0,0
2025-07-06,"Mobile Devices",Online,1,3,38997,1169.91,37827.09,37827.09
2025-07-06,"Mobile Devices",Unknown,1,10,89990,13498.5,76491.5,76491.5
2025-07-07,"Computer Accesossories",Online,1,2,6998,0,6998,6998
2025-07-07,"Computer Accesossories",Store,1,5,7495,374.75,7120.25,7120.25
2025-07-07,Electronics,Marketplace,1,9,44991,0,44991,44991
2025-07-07,Electronics,Unknown,1,4,3996,0,3996,3996
2025-07-07,"Mobile Devices",Store,1,5,44995,1349.85,43645.15,43645.15
2025-07-08,Electronics,Online,1,10,9990,299.7,9690.3,9690.3
2025-07-08,"Mobile Devices",Online,1,3,38997,7799.4,31197.6,31197.6
2025-07-08,Networking,Unknown,1,1,1499,299.8,1199.2,1199.2
2025-07-09,"Computer Accesossories",Unknown,1,8,79992,0,79992,79992
2025-07-10,"Computer Accesossories",Store,1,8,27992,839.76,27152.24,27152.24
2025-07-10,"Computer Accesossories",Unknown,1,4,5996,179.88,5816.12,5816.12
2025-07-10,"Mobile Devices",Store,1,8,239992,0,239992,239992
2025-07-10,"Mobile Devices",Unknown,1,0,0,0,0,0
2025-07-10,"Office Furniture",Online,2,5,69995,1999.6,67995.4,33997.7
2025-07-11,"Computer Accesossories",Store,2,15,22485,4047.2999999999997,18437.699999999997,9218.849999999999
2025-07-11,Electronics,Marketplace,1,7,34993,3499.3,31493.7,31493.7
2025-07-11,Networking,Store,1,5,7495,0,7495,7495
2025-07-12,"Computer Accesossories",Online,1,8,11992,1798.8,10193.2,10193.2
2025-07-12,"Office Furniture",Online,1,8,159992,15999.2,143992.8,143992.8
2025-07-12,"Office Furniture",Store,3,8,39992,2399.52,37592.479999999996,12530.826666666666
2025-07-13,"Computer Accesossories",Store,1,8,11992,0,11992,11992
2025-07-13,Electronics,Online,1,8,32000,4800,27200,27200
2025-07-13,"Mobile Devices",Online,1,2,17998,0,17998,17998
2025-07-13,"Mobile Devices",Store,1,3,38997,1169.91,37827.09,37827.09
2025-07-14,"Computer Accesossories",Marketplace,1,0,0,0,0,0
2025-07-15,"Computer Accesossories",Store,1,3,10497,0,10497,10497
2025-07-15,Electronics,Store,1,1,4000,0,4000,4000
2025-07-16,"Computer Accesossories",Unknown,1,4,5996,179.88,5816.12,5816.12
2025-07-16,Electronics,Marketplace,1,8,7992,399.6,7592.4,7592.4
2025-07-16,"Mobile Devices",Store,1,9,116991,0,116991,116991
2025-07-16,"Office Furniture",Marketplace,1,6,29994,0,29994,29994
2025-07-17,"Computer Accesossories",Online,1,6,20994,629.82,20364.18,20364.18
2025-07-17,Electronics,Store,1,7,28000,5600,22400,22400
2025-07-17,Electronics,Unknown,1,6,5994,599.4,5394.6,5394.6
2025-07-17,"Mobile Devices",Store,1,1,29999,0,29999,29999
2025-07-17,"Office Furniture",Store,1,2,39998,0,39998,39998
2025-07-18,Electronics,Online,1,2,9998,999.8,8998.2,8998.2
2025-07-18,"Mobile Devices",Online,1,2,17998,1799.8,16198.2,16198.2
2025-07-19,"Computer Accesossories",Online,1,1,1499,74.95,1424.05,1424.05
2025-07-19,"Mobile Devices",Store,1,6,179994,5399.82,174594.18,174594.18
2025-07-20,"Computer Accesossories",Unknown,1,7,24493,1224.65,23268.35,23268.35
2025-07-20,"Mobile Devices",Unknown,1,10,129990,12999,116991,116991
2025-07-21,Electronics,Online,1,8,32000,3200,28800,28800
2025-07-22,"Computer Accesossories",Store,1,3,4497,674.55,3822.45,3822.45
2025-07-22,Electronics,Store,1,9,36000,1800,34200,34200
2025-07-22,"Mobile Devices",Marketplace,1,3,38997,0,38997,38997
2025-07-22,"Mobile Devices",Store,1,4,35996,3599.6,32396.4,32396.4
2025-07-23,"Computer Accesossories",Online,1,2,2998,149.9,2848.1,2848.1
2025-07-23,Electronics,Store,2,10,33990,899.82,33090.18,16545.09
2025-07-23,"Mobile Devices",Store,1,4,119996,5999.8,113996.2,113996.2
2025-07-24,NULL,Store,1,10,19990,999.5,18990.5,18990.5
2025-07-24,Electronics,Online,1,1,999,49.95,949.05,949.05
2025-07-24,Networking,Store,1,8,11992,0,11992,11992
2025-07-25,"Computer Accesossories",Store,1,3,4497,0,4497,4497
2025-07-25,Electronics,Marketplace,1,4,19996,3999.2,15996.8,15996.8
2025-07-25,"Mobile Devices",Store,1,9,116991,0,116991,116991
2025-07-26,"Computer Accesossories",Marketplace,1,3,29997,2999.7,26997.3,26997.3
2025-07-26,"Computer Accesossories",Online,1,5,7495,0,7495,7495
2025-07-26,Electronics,Online,1,10,49990,0,49990,49990
2025-07-26,Electronics,Unknown,1,10,9990,0,9990,9990
2025-07-26,"Mobile Devices",Store,2,10,121990,899.9,121090.1,60545.05
2025-07-27,"Computer Accesossories",Online,1,6,14994,749.7,14244.3,14244.3
2025-07-27,Networking,Online,1,9,13491,2698.2,10792.8,10792.8
2025-07-27,"Office Furniture",Online,1,8,159992,15999.2,143992.8,143992.8
2025-07-28,"Computer Accesossories",Marketplace,1,6,8994,269.82,8724.18,8724.18
2025-07-28,Electronics,Unknown,1,5,24995,749.85,24245.15,24245.15
2025-07-28,"Mobile Devices",Store,1,8,71992,7199.2,64792.8,64792.8
2025-07-28,Networking,Marketplace,1,8,11992,359.76,11632.24,11632.24
2025-07-28,Networking,Unknown,1,6,8994,1798.8,7195.2,7195.2
2025-07-29,"Computer Accesossories",Online,1,4,5996,0,5996,5996
2025-07-29,"Computer Accesossories",Store,1,2,2998,0,2998,2998
2025-07-29,Electronics,Online,1,5,24995,3749.25,21245.75,21245.75
2025-07-29,"Mobile Devices",Marketplace,1,2,25998,2599.8,23398.2,23398.2
2025-07-29,Networking,Unknown,1,7,10493,2098.6,8394.4,8394.4
2025-07-29,"Office Furniture",Unknown,1,6,29994,899.82,29094.18,29094.18
2025-07-30,"Mobile Devices",Unknown,1,10,129990,0,129990,129990
2025-07-30,"Office Furniture",Store,1,9,179991,0,179991,179991
2025-07-31,"Computer Accesossories",Store,1,9,22491,4498.2,17992.8,17992.8
2025-07-31,Electronics,Store,1,8,32000,0,32000,32000
2025-07-31,"Mobile Devices",Online,1,7,209993,0,209993,209993
2025-07-31,"Office Furniture",Marketplace,1,1,4999,999.8,3999.2,3999.2
2025-07-31,"Office Furniture",Store,1,8,159992,15999.2,143992.8,143992.8
2025-08-01,"Computer Accesossories",Store,1,3,29997,2999.7,26997.3,26997.3
2025-08-01,"Mobile Devices",Store,1,10,89990,2699.7,87290.3,87290.3
2025-08-02,"Mobile Devices",Online,1,6,53994,0,53994,53994
2025-08-02,"Mobile Devices",Store,1,1,12999,0,12999,12999
2025-08-02,"Office Furniture",Marketplace,2,20,249980,9998,239982,119991
2025-08-02,"Office Furniture",Unknown,1,5,99995,2999.85,96995.15,96995.15
2025-08-03,Electronics,Store,1,8,7992,1198.8,6793.2,6793.2
2025-08-03,"Mobile Devices",Online,1,1,29999,5999.8,23999.2,23999.2
2025-08-04,"Computer Accesossories",Online,2,8,18992,224.85,18767.15,9383.575
2025-08-04,"Computer Accesossories",Store,1,9,89991,8999.1,80991.9,80991.9
2025-08-05,"Computer Accesossories",Store,1,9,13491,0,13491,13491
2025-08-05,"Mobile Devices",Marketplace,1,3,38997,1949.85,37047.15,37047.15
2025-08-06,"Computer Accesossories",Online,1,5,7495,374.75,7120.25,7120.25
2025-08-06,"Computer Accesossories",Store,1,10,99990,2999.7,96990.3,96990.3
2025-08-06,Electronics,Unknown,1,7,28000,0,28000,28000
2025-08-06,"Mobile Devices",Marketplace,1,7,209993,41998.6,167994.4,167994.4
2025-08-06,Networking,Online,1,2,2998,449.7,2548.3,2548.3
2025-08-07,"Mobile Devices",Store,1,8,239992,11999.6,227992.4,227992.4
2025-08-08,NULL,Marketplace,2,16,18384,0,18384,9192
2025-08-08,"Computer Accesossories",Marketplace,1,10,24990,4998,19992,19992
2025-08-08,"Computer Accesossories",Online,1,0,0,0,0,0
2025-08-08,"Computer Accesossories",Store,1,3,4497,449.7,4047.3,4047.3
2025-08-08,"Mobile Devices",Unknown,1,4,119996,0,119996,119996
2025-08-09,"Computer Accesossories",Store,1,3,10497,2099.4,8397.6,8397.6
2025-08-09,Electronics,Store,1,10,9990,499.5,9490.5,9490.5
2025-08-09,"Mobile Devices",Store,1,8,71992,0,71992,71992
2025-08-09,"Office Furniture",Store,1,6,29994,4499.1,25494.9,25494.9
2025-08-10,"Computer Accesossories",Store,1,10,34990,1049.7,33940.3,33940.3
2025-08-10,"Mobile Devices",Store,1,1,29999,0,29999,29999
2025-08-11,NULL,Store,1,5,39995,5999.25,33995.75,33995.75
2025-08-11,"Computer Accesossories",Store,1,8,79992,3999.6,75992.4,75992.4
2025-08-12,Electronics,Online,1,7,34993,5248.95,29744.05,29744.05
2025-08-12,"Mobile Devices",Online,1,9,116991,17548.65,99442.35,99442.35
2025-08-12,Networking,Marketplace,1,6,8994,1798.8,7195.2,7195.2
2025-08-12,"Office Furniture",Online,1,10,49990,7498.5,42491.5,42491.5
2025-08-12,"Office Furniture",Store,1,3,14997,1499.7,13497.3,13497.3
2025-08-14,NULL,Online,1,9,8991,0,8991,8991
2025-08-14,NULL,Store,1,9,44991,1349.73,43641.27,43641.27
2025-08-14,"Computer Accesossories",Store,1,4,5996,1199.2,4796.8,4796.8
2025-08-14,"Mobile Devices",Online,1,5,149995,0,149995,149995
2025-08-14,"Mobile Devices",Store,1,10,89990,2699.7,87290.3,87290.3
2025-08-14,"Mobile Devices",Unknown,1,4,35996,5399.4,30596.6,30596.6
2025-08-14,Networking,Marketplace,1,4,5996,1199.2,4796.8,4796.8
2025-08-15,"Mobile Devices",Store,1,8,103992,15598.8,88393.2,88393.2
2025-08-15,"Office Furniture",Online,1,5,99995,14999.25,84995.75,84995.75
2025-08-16,"Mobile Devices",Online,1,2,17998,0,17998,17998
2025-08-16,"Office Furniture",Store,1,3,59997,0,59997,59997
2025-08-16,"Office Furniture",Unknown,1,6,29994,1499.7,28494.3,28494.3
2025-08-17,Electronics,Online,1,5,4995,499.5,4495.5,4495.5
2025-08-18,"Computer Accesossories",Online,2,10,16990,1599.2,15390.8,7695.4
2025-08-18,"Computer Accesossories",Store,2,11,23489,2049.1,21439.9,10719.95
2025-08-19,"Computer Accesossories",Online,1,2,19998,1999.8,17998.2,17998.2
2025-08-20,"Computer Accesossories",Unknown,1,10,34990,3499,31491,31491
2025-08-20,"Office Furniture",Online,1,6,29994,5998.8,23995.2,23995.2
2025-08-21,"Computer Accesossories",Marketplace,2,15,36485,4248.1,32236.9,16118.45
2025-08-21,"Computer Accesossories",Store,1,7,10493,1049.3,9443.7,9443.7
2025-08-21,"Computer Accesossories",Unknown,1,5,49995,9999,39996,39996
2025-08-21,Electronics,Store,2,8,39992,0,39992,19996
2025-08-21,"Office Furniture",Online,1,10,199990,9999.5,189990.5,189990.5
2025-08-22,"Computer Accesossories",Marketplace,1,7,69993,6999.3,62993.7,62993.7
2025-08-22,"Computer Accesossories",Store,1,3,4497,899.4,3597.6,3597.6
2025-08-22,"Computer Accesossories",Unknown,1,5,17495,524.85,16970.15,16970.15
2025-08-22,Electronics,Store,2,5,4995,799.2,4195.8,2097.9
2025-08-22,Electronics,Unknown,1,10,9990,0,9990,9990
2025-08-22,"Mobile Devices",Online,1,10,299990,29999,269991,269991
2025-08-22,"Mobile Devices",Store,1,4,35996,3599.6,32396.4,32396.4
2025-08-22,"Office Furniture",Unknown,1,10,199990,0,199990,199990
2025-08-23,Electronics,Marketplace,2,1,4999,0,4999,2499.5
2025-08-23,Networking,Store,1,8,11992,359.76,11632.24,11632.24
2025-08-24,"Computer Accesossories",Online,1,9,13491,1349.1,12141.9,12141.9
2025-08-24,Electronics,Store,1,1,4999,149.97,4849.03,4849.03
2025-08-24,Electronics,Unknown,1,7,34993,3499.3,31493.7,31493.7
2025-08-24,"Mobile Devices",Online,2,13,200987,26098.5,174888.5,87444.25
2025-08-25,NULL,Unknown,1,9,7191,0,7191,7191
2025-08-25,Electronics,Online,1,1,4000,600,3400,3400
2025-08-25,Electronics,Store,1,8,7992,799.2,7192.8,7192.8
2025-08-25,"Mobile Devices",Online,1,1,8999,269.97,8729.03,8729.03
2025-08-25,"Mobile Devices",Unknown,2,16,207984,17548.65,190435.35,95217.675
2025-08-25,"Office Furniture",Online,2,7,139993,4999.75,134993.25,67496.625
2025-08-26,Electronics,Unknown,1,5,4995,0,4995,4995
2025-08-26,"Mobile Devices",Unknown,1,10,299990,14999.5,284990.5,284990.5
2025-08-26,"Office Furniture",Online,1,9,44991,0,44991,44991
2025-08-27,NULL,Online,1,6,0,0,0,0
2025-08-27,"Computer Accesossories",Store,2,5,8495,179.88,8315.119999999999,4157.5599999999995
2025-08-27,"Computer Accesossories",Unknown,1,4,9996,0,9996,9996
2025-08-27,Networking,Store,1,8,11992,359.76,11632.24,11632.24
2025-08-27,"Office Furniture",Online,1,7,139993,20998.95,118994.05,118994.05
2025-08-28,NULL,Marketplace,1,8,3992,119.76,3872.24,3872.24
2025-08-28,"Computer Accesossories",Marketplace,1,7,24493,0,24493,24493
2025-08-28,Electronics,Store,1,5,4995,0,4995,4995
2025-08-28,"Mobile Devices",Marketplace,1,9,269991,0,269991,269991
2025-08-28,"Office Furniture",Online,1,1,19999,2999.85,16999.15,16999.15
2025-08-28,"Office Furniture",Store,1,4,19996,3999.2,15996.8,15996.8
2025-08-29,"Computer Accesossories",Store,2,8,22992,2399.1,20592.9,10296.45
2025-08-29,Electronics,Unknown,1,3,2997,0,2997,2997
2025-08-29,"Mobile Devices",Online,1,9,269991,8099.73,261891.27,261891.27
2025-08-29,"Office Furniture",Online,1,4,79996,11999.4,67996.6,67996.6
2025-08-30,Electronics,Online,1,0,0,0,0,0
2025-08-30,Electronics,Unknown,1,9,44991,1349.73,43641.27,43641.27
2025-08-30,"Office Furniture",Marketplace,1,10,49990,0,49990,49990
2025-08-31,"Computer Accesossories",Online,1,2,2998,449.7,2548.3,2548.3
2025-08-31,"Mobile Devices",Marketplace,1,3,38997,7799.4,31197.6,31197.6
2025-08-31,"Office Furniture",Marketplace,1,5,99995,0,99995,99995
2025-09-01,"Computer Accesossories",Online,1,8,19992,599.76,19392.24,19392.24
2025-09-01,Electronics,Marketplace,1,10,40000,1200,38800,38800
2025-09-01,Electronics,Store,1,6,24000,4800,19200,19200
2025-09-01,Electronics,Unknown,2,10,40000,7200,32800,16400
2025-09-01,"Mobile Devices",Unknown,1,5,64995,0,64995,64995
2025-09-01,Networking,Unknown,1,7,10493,524.65,9968.35,9968.35
2025-09-02,"Computer Accesossories",Unknown,1,5,17495,0,17495,17495
2025-09-02,Electronics,Online,1,1,4999,0,4999,4999
2025-09-02,"Mobile Devices",Store,1,7,62993,12598.6,50394.4,50394.4
2025-09-02,"Mobile Devices",Unknown,1,2,17998,539.94,17458.06,17458.06
2025-09-02,Networking,Store,1,4,5996,1199.2,4796.8,4796.8
2025-09-02,"Office Furniture",Store,1,5,24995,0,24995,24995
2025-09-03,"Computer Accesossories",Online,1,0,0,0,0,0
2025-09-03,"Mobile Devices",Store,1,3,26997,1349.85,25647.15,25647.15
2025-09-03,"Office Furniture",Store,2,16,214984,24997.699999999997,189986.3,94993.15
2025-09-04,"Computer Accesossories",Store,1,3,4497,0,4497,4497
2025-09-04,Electronics,Marketplace,1,1,4999,999.8,3999.2,3999.2
2025-09-05,"Mobile Devices",Unknown,2,7,125993,16198.900000000001,109794.1,54897.05
2025-09-05,"Office Furniture",Unknown,1,8,159992,31998.4,127993.6,127993.6
2025-09-06,NULL,Store,1,9,8991,0,8991,8991
2025-09-06,"Computer Accesossories",Store,1,2,4998,499.8,4498.2,4498.2
2025-09-06,"Mobile Devices",Store,1,10,129990,3899.7,126090.3,126090.3
2025-09-06,Networking,Online,1,6,8994,269.82,8724.18,8724.18
2025-09-06,"Office Furniture",Store,1,9,44991,8998.2,35992.8,35992.8
2025-09-07,"Computer Accesossories",Online,1,2,2998,0,2998,2998
2025-09-07,Electronics,Store,1,8,7992,399.6,7592.4,7592.4
2025-09-07,"Mobile Devices",Online,2,13,270987,45098.100000000006,225888.90000000002,112944.45000000001
2025-09-07,"Mobile Devices",Store,1,3,26997,1349.85,25647.15,25647.15
2025-09-08,"Computer Accesossories",Marketplace,1,1,1499,74.95,1424.05,1424.05
2025-09-08,"Computer Accesossories",Store,1,2,19998,999.9,18998.1,18998.1
2025-09-09,"Computer Accesossories",Unknown,1,10,14990,749.5,14240.5,14240.5
2025-09-09,"Office Furniture",Marketplace,1,8,159992,15999.2,143992.8,143992.8
2025-09-11,"Computer Accesossories",Store,1,8,11992,0,11992,11992
2025-09-11,Electronics,Marketplace,1,6,29994,0,29994,29994
2025-09-11,"Mobile Devices",Marketplace,1,2,17998,899.9,17098.1,17098.1
2025-09-12,"Computer Accesossories",Online,1,10,14990,749.5,14240.5,14240.5
2025-09-12,"Computer Accesossories",Unknown,1,2,4998,999.6,3998.4,3998.4
2025-09-12,Electronics,Marketplace,1,6,5994,299.7,5694.3,5694.3
2025-09-12,Electronics,Store,1,5,20000,2000,18000,18000
2025-09-12,"Mobile Devices",Online,1,1,8999,269.97,8729.03,8729.03
2025-09-12,"Mobile Devices",Unknown,1,6,179994,17999.4,161994.6,161994.6
2025-09-12,Networking,Online,1,0,0,0,0,0
2025-09-13,"Mobile Devices",Store,1,9,269991,0,269991,269991
2025-09-13,"Office Furniture",Store,1,4,19996,2999.4,16996.6,16996.6
2025-09-14,"Computer Accesossories",Store,1,6,8994,1349.1,7644.9,7644.9
2025-09-14,"Computer Accesossories",Unknown,1,8,79992,0,79992,79992
2025-09-14,Electronics,Store,1,6,24000,720,23280,23280
2025-09-14,Networking,Store,1,10,14990,2998,11992,11992
2025-09-14,Networking,Unknown,1,1,1499,149.9,1349.1,1349.1
2025-09-15,"Computer Accesossories",Marketplace,1,5,7495,374.75,7120.25,7120.25
2025-09-15,"Computer Accesossories",Store,1,6,8994,449.7,8544.3,8544.3
2025-09-15,"Computer Accesossories",Unknown,1,8,11992,2398.4,9593.6,9593.6
2025-09-17,"Computer Accesossories",Unknown,1,8,19992,3998.4,15993.6,15993.6
2025-09-17,Electronics,Store,1,10,40000,4000,36000,36000
2025-09-17,"Mobile Devices",Unknown,1,10,299990,44998.5,254991.5,254991.5
2025-09-18,"Computer Accesossories",Online,1,2,19998,3999.6,15998.4,15998.4
2025-09-18,Electronics,Marketplace,1,9,36000,1800,34200,34200
2025-09-19,NULL,Store,1,2,15998,479.94,15518.06,15518.06
2025-09-19,"Computer Accesossories",Store,1,5,7495,749.5,6745.5,6745.5
2025-09-19,"Computer Accesossories",Unknown,1,2,2998,299.8,2698.2,2698.2
2025-09-19,Electronics,Online,1,2,1998,399.6,1598.4,1598.4
2025-09-19,"Mobile Devices",Marketplace,1,1,29999,0,29999,29999
2025-09-19,"Mobile Devices",Unknown,1,1,29999,5999.8,23999.2,23999.2
2025-09-19,"Office Furniture",Unknown,1,7,139993,13999.3,125993.7,125993.7
2025-09-20,Electronics,Store,1,10,9990,299.7,9690.3,9690.3
2025-09-20,"Mobile Devices",Online,1,3,38997,7799.4,31197.6,31197.6
2025-09-21,"Computer Accesossories",Unknown,2,17,124483,12448.3,112034.7,56017.35
2025-09-21,Electronics,Store,1,4,3996,599.4,3396.6,3396.6
2025-09-21,"Mobile Devices",Online,1,2,17998,0,17998,17998
2025-09-22,"Computer Accesossories",Store,1,9,89991,4499.55,85491.45,85491.45
2025-09-22,Electronics,Online,1,4,3996,399.6,3596.4,3596.4
2025-09-23,Electronics,Online,1,9,44991,4499.1,40491.9,40491.9
2025-09-23,"Office Furniture",Online,1,2,39998,7999.6,31998.4,31998.4
2025-09-24,"Computer Accesossories",Store,2,12,26988,4273.05,22714.949999999997,11357.474999999999
2025-09-24,Electronics,Store,1,6,24000,2400,21600,21600
2025-09-25,"Mobile Devices",Store,1,2,59998,8999.7,50998.3,50998.3
2025-09-25,Networking,Store,1,0,0,0,0,0
2025-09-25,"Office Furniture",Online,1,5,24995,4999,19996,19996
2025-09-26,"Computer Accesossories",Online,2,13,19487,449.7,19037.3,9518.65
2025-09-26,Electronics,Online,1,3,14997,749.85,14247.15,14247.15
2025-09-27,"Computer Accesossories",Online,1,10,99990,2999.7,96990.3,96990.3
2025-09-27,"Computer Accesossories",Store,1,10,34990,5248.5,29741.5,29741.5
2025-09-27,"Mobile Devices",Store,1,3,26997,5399.4,21597.6,21597.6
2025-09-27,"Office Furniture",Online,1,10,199990,19999,179991,179991
2025-09-27,"Office Furniture",Unknown,1,10,199990,0,199990,199990
2025-09-28,"Computer Accesossories",Store,2,6,18994,0,18994,9497
2025-09-28,Electronics,Online,1,0,0,0,0,0
2025-09-29,"Computer Accesossories",Store,1,1,1499,149.9,1349.1,1349.1
2025-09-29,"Computer Accesossories",Unknown,1,5,49995,4999.5,44995.5,44995.5
2025-09-29,Electronics,Unknown,1,10,49990,0,49990,49990
2025-09-29,"Office Furniture",Store,1,9,179991,5399.73,174591.27,174591.27
2025-09-30,"Computer Accesossories",Online,2,12,80988,5998.62,74989.38,37494.69
2025-09-30,Electronics,Store,1,3,2997,89.91,2907.09,2907.09
2025-09-30,"Mobile Devices",Store,1,1,29999,2999.9,26999.1,26999.1
2025-09-30,"Office Furniture",Store,1,5,99995,0,99995,99995
2025-10-01,Electronics,Unknown,1,5,24995,749.85,24245.15,24245.15
2025-10-02,"Computer Accesossories",Store,3,12,55988,0,55988,18662.666666666668
2025-10-02,Electronics,Store,1,9,8991,269.73,8721.27,8721.27
2025-10-03,"Computer Accesossories",Store,1,5,49995,2499.75,47495.25,47495.25
2025-10-04,"Computer Accesossories",Marketplace,1,6,8994,1349.1,7644.9,7644.9
2025-10-04,"Computer Accesossories",Online,2,5,7495,149.9,7345.1,3672.55
2025-10-06,"Computer Accesossories",Store,1,4,5996,0,5996,5996
2025-10-06,"Computer Accesossories",Unknown,1,2,2998,299.8,2698.2,2698.2
2025-10-06,"Mobile Devices",Unknown,1,5,149995,29999,119996,119996
2025-10-07,Networking,Store,1,2,2998,599.6,2398.4,2398.4
2025-10-08,"Office Furniture",Marketplace,1,3,14997,2999.4,11997.6,11997.6
2025-10-08,"Office Furniture",Online,1,2,39998,7999.6,31998.4,31998.4
2025-10-08,"Office Furniture",Store,1,3,59997,1799.91,58197.09,58197.09
2025-10-09,"Computer Accesossories",Store,1,10,24990,3748.5,21241.5,21241.5
2025-10-09,"Office Furniture",Online,1,4,79996,7999.6,71996.4,71996.4
2025-10-09,"Office Furniture",Store,1,8,159992,4799.76,155192.24,155192.24
2025-10-10,"Computer Accesossories",Marketplace,1,4,39996,1999.8,37996.2,37996.2
2025-10-10,"Computer Accesossories",Online,1,4,5996,0,5996,5996
2025-10-10,"Mobile Devices",Marketplace,2,9,206991,0,206991,103495.5
2025-10-10,Networking,Store,1,8,11992,0,11992,11992
2025-10-11,"Computer Accesossories",Store,1,4,5996,0,5996,5996
2025-10-11,"Office Furniture",Online,1,8,39992,1199.76,38792.24,38792.24
2025-10-12,Electronics,Online,1,1,999,29.97,969.03,969.03
2025-10-12,Networking,Online,1,8,11992,1199.2,10792.8,10792.8
2025-10-13,"Computer Accesossories",Unknown,1,4,13996,0,13996,13996
2025-10-13,Electronics,Marketplace,1,7,28000,0,28000,28000
2025-10-13,"Mobile Devices",Marketplace,1,7,209993,0,209993,209993
2025-10-14,NULL,Marketplace,1,9,89991,13498.65,76492.35,76492.35
2025-10-14,"Computer Accesossories",Store,1,9,31491,4723.65,26767.35,26767.35
2025-10-14,"Mobile Devices",Online,1,7,90993,9099.3,81893.7,81893.7
2025-10-14,Networking,Online,1,3,4497,0,4497,4497
2025-10-15,"Mobile Devices",Store,1,10,89990,17998,71992,71992
2025-10-15,Networking,Online,1,8,11992,0,11992,11992
2025-10-16,"Computer Accesossories",Online,1,1,2499,0,2499,2499
2025-10-17,"Computer Accesossories",Store,1,7,10493,524.65,9968.35,9968.35
2025-10-17,"Mobile Devices",Online,1,3,89997,13499.55,76497.45,76497.45
2025-10-17,"Mobile Devices",Store,1,1,29999,1499.95,28499.05,28499.05
2025-10-17,Networking,Online,1,10,14990,1499,13491,13491
2025-10-17,"Office Furniture",Online,1,5,24995,2499.5,22495.5,22495.5
2025-10-18,"Computer Accesossories",Marketplace,1,10,24990,4998,19992,19992
2025-10-18,Electronics,Online,2,13,48987,1349.73,47637.27,23818.635
2025-10-18,Electronics,Store,1,5,24995,3749.25,21245.75,21245.75
2025-10-18,Networking,Unknown,1,9,13491,0,13491,13491
2025-10-19,NULL,Store,1,1,499,0,499,499
2025-10-19,"Computer Accesossories",Store,1,2,19998,3999.6,15998.4,15998.4
2025-10-19,"Mobile Devices",Unknown,1,8,103992,0,103992,103992
2025-10-19,"Office Furniture",Marketplace,1,9,179991,0,179991,179991
2025-10-20,Electronics,Online,1,9,8991,899.1,8091.9,8091.9
2025-10-21,"Computer Accesossories",Marketplace,1,1,9999,0,9999,9999
2025-10-21,"Computer Accesossories",Store,1,4,5996,299.8,5696.2,5696.2
2025-10-21,Networking,Unknown,1,9,13491,2698.2,10792.8,10792.8
2025-10-22,"Computer Accesossories",Marketplace,2,11,34489,6298.2,28190.8,14095.4
2025-10-22,"Mobile Devices",Store,1,0,0,0,0,0
2025-10-22,Networking,Marketplace,1,6,8994,1349.1,7644.9,7644.9
2025-10-22,"Office Furniture",Unknown,1,5,99995,14999.25,84995.75,84995.75
2025-10-23,"Computer Accesossories",Unknown,1,7,10493,524.65,9968.35,9968.35
2025-10-23,Electronics,Store,1,9,36000,0,36000,36000
2025-10-23,"Office Furniture",Online,1,4,19996,3999.2,15996.8,15996.8
2025-10-24,"Computer Accesossories",Online,1,10,14990,1499,13491,13491
2025-10-24,"Computer Accesossories",Store,3,23,48477,314.79,48162.21,16054.07
2025-10-24,Electronics,Online,1,10,49990,1499.7,48490.3,48490.3
2025-10-24,Electronics,Store,1,1,4000,200,3800,3800
2025-10-24,"Office Furniture",Online,1,1,4999,249.95,4749.05,4749.05
2025-10-25,NULL,Store,1,2,0,0,0,0
2025-10-25,"Computer Accesossories",Online,1,9,31491,3149.1,28341.9,28341.9
2025-10-25,Electronics,Online,1,10,9990,0,9990,9990
2025-10-25,"Office Furniture",Store,1,9,179991,5399.73,174591.27,174591.27
2025-10-26,"Mobile Devices",Online,1,6,77994,15598.8,62395.2,62395.2
2025-10-27,"Computer Accesossories",Marketplace,1,2,2998,89.94,2908.06,2908.06
2025-10-27,"Computer Accesossories",Store,1,1,1499,299.8,1199.2,1199.2
2025-10-27,"Mobile Devices",Store,1,8,239992,47998.4,191993.6,191993.6
2025-10-27,"Office Furniture",Unknown,1,1,4999,0,4999,4999
2025-10-28,"Computer Accesossories",Online,2,13,35487,3173.95,32313.05,16156.525
2025-10-28,Electronics,Marketplace,1,8,39992,7998.4,31993.6,31993.6
2025-10-28,"Office Furniture",Online,1,7,139993,6999.65,132993.35,132993.35
2025-10-28,"Office Furniture",Store,1,5,24995,0,24995,24995
2025-10-29,"Computer Accesossories",Online,1,10,34990,1749.5,33240.5,33240.5
2025-10-29,Electronics,Store,2,4,9998,1499.7,8498.3,4249.15
2025-10-29,"Mobile Devices",Store,1,5,149995,4499.85,145495.15,145495.15
2025-10-30,"Computer Accesossories",Marketplace,1,8,19992,0,19992,19992
2025-10-30,"Computer Accesossories",Online,4,25,129475,21412.29,108062.70999999999,27015.677499999998
2025-10-30,"Computer Accesossories",Unknown,1,6,8994,449.7,8544.3,8544.3
2025-10-30,Electronics,Online,2,7,34993,999.8,33993.2,16996.6
2025-10-30,Networking,Online,1,2,2998,0,2998,2998
2025-10-30,Networking,Unknown,1,9,13491,674.55,12816.45,12816.45
2025-10-31,"Computer Accesossories",Online,1,8,19992,0,19992,19992
2025-10-31,"Computer Accesossories",Store,3,17,48483,4023.5499999999997,44459.45,14819.816666666666
2025-10-31,Electronics,Unknown,1,6,29994,2999.4,26994.6,26994.6
2025-10-31,"Mobile Devices",Unknown,1,9,116991,11699.1,105291.9,105291.9
2025-11-01,"Computer Accesossories",Store,1,9,31491,3149.1,28341.9,28341.9
2025-11-01,Networking,Marketplace,2,12,17988,374.75,17613.25,8806.625
2025-11-01,Networking,Online,1,9,13491,674.55,12816.45,12816.45
2025-11-02,"Computer Accesossories",Unknown,1,5,7495,0,7495,7495
2025-11-03,"Computer Accesossories",Online,1,3,10497,1049.7,9447.3,9447.3
2025-11-03,"Computer Accesossories",Store,2,16,114984,2249.1,112734.9,56367.45
2025-11-03,"Computer Accesossories",Unknown,1,1,2499,499.8,1999.2,1999.2
2025-11-03,Electronics,Unknown,1,7,6993,1048.95,5944.05,5944.05
2025-11-03,"Office Furniture",Store,1,2,9998,1499.7,8498.3,8498.3
2025-11-03,"Office Furniture",Unknown,1,8,159992,23998.8,135993.2,135993.2
2025-11-04,"Computer Accesossories",Marketplace,1,7,17493,2623.95,14869.05,14869.05
2025-11-04,"Computer Accesossories",Store,1,6,8994,1798.8,7195.2,7195.2
2025-11-05,"Computer Accesossories",Marketplace,1,6,8994,899.4,8094.6,8094.6
2025-11-05,Electronics,Marketplace,1,10,9990,999,8991,8991
2025-11-05,"Mobile Devices",Online,1,10,129990,3899.7,126090.3,126090.3
2025-11-05,"Mobile Devices",Store,1,5,44995,1349.85,43645.15,43645.15
2025-11-06,"Computer Accesossories",Online,3,20,32980,1034.31,31945.690000000002,10648.563333333334
2025-11-06,Electronics,Marketplace,1,8,7992,0,7992,7992
2025-11-06,"Office Furniture",Marketplace,1,8,159992,4799.76,155192.24,155192.24
2025-11-06,"Office Furniture",Store,1,3,14997,749.85,14247.15,14247.15
2025-11-07,"Computer Accesossories",Online,1,4,39996,5999.4,33996.6,33996.6
2025-11-07,"Computer Accesossories",Store,1,6,8994,0,8994,8994
2025-11-08,"Computer Accesossories",Marketplace,1,0,0,0,0,0
2025-11-08,Electronics,Marketplace,1,3,14997,1499.7,13497.3,13497.3
2025-11-08,Electronics,Store,1,0,0,0,0,0
2025-11-08,"Mobile Devices",Store,1,4,35996,0,35996,35996
2025-11-09,"Computer Accesossories",Online,1,8,11992,359.76,11632.24,11632.24
2025-11-09,"Computer Accesossories",Store,1,4,13996,0,13996,13996
2025-11-09,Electronics,Online,2,18,49982,9996.4,39985.6,19992.8
2025-11-09,Electronics,Store,1,5,24995,1249.75,23745.25,23745.25
2025-11-09,"Mobile Devices",Marketplace,1,8,103992,0,103992,103992
2025-11-09,"Mobile Devices",Online,1,2,25998,5199.6,20798.4,20798.4
2025-11-09,Networking,Online,1,4,5996,599.6,5396.4,5396.4
2025-11-10,"Computer Accesossories",Marketplace,1,6,8994,269.82,8724.18,8724.18
2025-11-10,"Computer Accesossories",Store,2,7,61493,74.95,61418.05,30709.025
2025-11-10,Electronics,Online,1,8,32000,1600,30400,30400
2025-11-10,Networking,Unknown,1,4,5996,0,5996,5996
2025-11-11,"Computer Accesossories",Marketplace,1,5,49995,7499.25,42495.75,42495.75
2025-11-11,"Computer Accesossories",Online,1,4,5996,299.8,5696.2,5696.2
2025-11-12,"Mobile Devices",Marketplace,1,5,64995,0,64995,64995
2025-11-12,"Mobile Devices",Online,1,4,35996,1079.88,34916.12,34916.12
2025-11-13,"Computer Accesossories",Marketplace,1,1,1499,0,1499,1499
2025-11-13,"Computer Accesossories",Online,1,8,11992,599.6,11392.4,11392.4
2025-11-13,Electronics,Online,2,10,42997,4200,38797,19398.5
2025-11-14,"Computer Accesossories",Marketplace,1,1,2499,74.97,2424.03,2424.03
2025-11-14,"Computer Accesossories",Online,1,3,4497,224.85,4272.15,4272.15
2025-11-14,"Computer Accesossories",Store,2,11,36489,7222.85,29266.15,14633.075
2025-11-14,"Computer Accesossories",Unknown,2,13,87487,0,87487,43743.5
2025-11-14,Electronics,Unknown,1,4,16000,0,16000,16000
2025-11-14,"Mobile Devices",Unknown,1,7,62993,3149.65,59843.35,59843.35
2025-11-14,"Office Furniture",Marketplace,1,8,39992,5998.8,33993.2,33993.2
2025-11-14,"Office Furniture",Online,1,0,0,0,0,0
2025-11-15,"Computer Accesossories",Store,1,1,1499,44.97,1454.03,1454.03
2025-11-15,Electronics,Marketplace,1,4,16000,800,15200,15200
2025-11-15,"Office Furniture",Marketplace,1,10,49990,4999,44991,44991
2025-11-16,"Computer Accesossories",Marketplace,1,4,9996,0,9996,9996
2025-11-16,"Computer Accesossories",Online,1,9,31491,0,31491,31491
2025-11-16,"Computer Accesossories",Store,1,2,2998,449.7,2548.3,2548.3
2025-11-16,"Computer Accesossories",Unknown,1,6,20994,0,20994,20994
2025-11-16,"Mobile Devices",Store,1,7,209993,31498.95,178494.05,178494.05
2025-11-17,"Computer Accesossories",Marketplace,1,9,13491,0,13491,13491
2025-11-17,"Computer Accesossories",Unknown,1,1,1499,0,1499,1499
2025-11-17,Electronics,Store,1,7,34993,0,34993,34993
2025-11-18,"Computer Accesossories",Online,2,9,19491,0,19491,9745.5
2025-11-18,"Computer Accesossories",Unknown,1,4,13996,1399.6,12596.4,12596.4
2025-11-18,Electronics,Store,1,3,12000,2400,9600,9600
2025-11-18,Networking,Store,1,10,14990,2998,11992,11992
2025-11-19,"Computer Accesossories",Marketplace,1,6,59994,11998.8,47995.2,47995.2
2025-11-20,"Computer Accesossories",Marketplace,1,1,2499,499.8,1999.2,1999.2
2025-11-20,"Computer Accesossories",Online,1,1,1499,149.9,1349.1,1349.1
2025-11-20,Electronics,Store,1,5,4995,0,4995,4995
2025-11-20,Electronics,Unknown,2,10,9990,999,8991,4495.5
2025-11-20,"Office Furniture",Store,2,13,64987,899.82,64087.18,32043.59
2025-11-21,Electronics,Store,1,10,40000,8000,32000,32000
2025-11-22,"Computer Accesossories",Marketplace,1,9,13491,0,13491,13491
2025-11-22,"Computer Accesossories",Online,1,9,13491,1349.1,12141.9,12141.9
2025-11-22,"Computer Accesossories",Store,1,9,22491,4498.2,17992.8,17992.8
2025-11-22,Electronics,Store,1,9,36000,3600,32400,32400
2025-11-22,"Mobile Devices",Marketplace,1,9,269991,13499.55,256491.45,256491.45
2025-11-23,"Computer Accesossories",Online,1,9,89991,2699.73,87291.27,87291.27
2025-11-23,Electronics,Store,1,8,32000,6400,25600,25600
2025-11-23,"Mobile Devices",Online,1,9,116991,0,116991,116991
2025-11-24,"Computer Accesossories",Store,2,5,43495,349.9,43145.1,21572.55
2025-11-24,"Mobile Devices",Store,1,9,269991,40498.65,229492.35,229492.35
2025-11-25,"Mobile Devices",Unknown,1,7,209993,0,209993,209993
2025-11-25,Networking,Online,1,0,0,0,0,0
2025-11-26,"Computer Accesossories",Online,1,1,1499,0,1499,1499
2025-11-26,Electronics,Online,1,7,6993,1398.6,5594.4,5594.4
2025-11-26,"Mobile Devices",Marketplace,1,4,35996,0,35996,35996
2025-11-26,"Mobile Devices",Store,1,7,90993,0,90993,90993
2025-11-27,"Computer Accesossories",Marketplace,1,7,10493,1573.95,8919.05,8919.05
2025-11-27,"Computer Accesossories",Online,2,12,119988,12998.7,106989.3,53494.65
2025-11-27,Electronics,Marketplace,1,1,4999,0,4999,4999
2025-11-27,Electronics,Online,1,5,20000,2000,18000,18000
2025-11-28,"Computer Accesossories",Online,1,10,14990,449.7,14540.3,14540.3
2025-11-28,"Computer Accesossories",Store,1,3,10497,314.91,10182.09,10182.09
2025-11-29,"Computer Accesossories",Marketplace,1,3,4497,224.85,4272.15,4272.15
2025-11-29,"Computer Accesossories",Online,2,9,13491,1873.75,11617.25,5808.625
2025-11-29,"Mobile Devices",Marketplace,1,6,53994,10798.8,43195.2,43195.2
2025-11-29,"Mobile Devices",Online,1,5,149995,14999.5,134995.5,134995.5
2025-11-29,"Mobile Devices",Store,1,7,62993,0,62993,62993
2025-11-29,"Office Furniture",Store,1,2,39998,5999.7,33998.3,33998.3
2025-11-29,"Office Furniture",Unknown,1,10,49990,0,49990,49990
2025-11-30,"Mobile Devices",Store,2,13,168987,0,168987,84493.5
2025-12-01,"Computer Accesossories",Online,1,4,5996,0,5996,5996
2025-12-01,"Computer Accesossories",Store,3,19,79481,3854.13,75626.87,25208.956666666665
2025-12-02,"Computer Accesossories",Online,1,8,11992,1199.2,10792.8,10792.8
2025-12-03,"Computer Accesossories",Store,2,9,13491,674.5500000000001,12816.449999999999,6408.224999999999
2025-12-04,"Computer Accesossories",Online,1,5,7495,1124.25,6370.75,6370.75
2025-12-04,"Computer Accesossories",Unknown,1,6,8994,899.4,8094.6,8094.6
2025-12-05,"Computer Accesossories",Store,1,0,0,0,0,0
2025-12-05,"Computer Accesossories",Unknown,1,8,11992,1199.2,10792.8,10792.8
2025-12-05,"Office Furniture",Store,1,8,39992,0,39992,39992
2025-12-06,"Computer Accesossories",Unknown,1,6,8994,0,8994,8994
2025-12-06,Electronics,Online,1,8,32000,6400,25600,25600
2025-12-06,"Mobile Devices",Online,1,10,299990,0,299990,299990
2025-12-07,"Computer Accesossories",Store,3,14,34986,1124.55,33861.45,11287.15
2025-12-07,Electronics,Online,1,6,24000,4800,19200,19200
2025-12-07,Networking,Unknown,1,2,2998,0,2998,2998
2025-12-07,"Office Furniture",Unknown,1,2,39998,0,39998,39998
2025-12-08,"Computer Accesossories",Online,1,7,24493,3673.95,20819.05,20819.05
2025-12-08,"Computer Accesossories",Store,1,8,19992,599.76,19392.24,19392.24
2025-12-08,"Mobile Devices",Marketplace,1,0,0,0,0,0
2025-12-09,"Mobile Devices",Unknown,1,5,44995,8999,35996,35996
2025-12-10,Electronics,Online,1,4,16000,3200,12800,12800
2025-12-10,Electronics,Store,1,8,39992,1199.76,38792.24,38792.24
2025-12-10,"Mobile Devices",Online,1,7,90993,9099.3,81893.7,81893.7
2025-12-11,"Computer Accesossories",Store,3,14,139986,25997.4,113988.6,37996.200000000004
2025-12-11,"Office Furniture",Online,1,1,19999,999.95,18999.05,18999.05
2025-12-12,"Computer Accesossories",Online,1,1,3499,699.8,2799.2,2799.2
2025-12-12,Electronics,Marketplace,1,4,3996,119.88,3876.12,3876.12
2025-12-12,"Office Furniture",Marketplace,1,8,159992,0,159992,159992
2025-12-14,"Computer Accesossories",Online,1,10,14990,749.5,14240.5,14240.5
2025-12-14,"Computer Accesossories",Store,2,8,20492,299.97,20192.03,10096.015
2025-12-14,Electronics,Store,1,6,29994,0,29994,29994
2025-12-14,"Mobile Devices",Online,2,9,122991,3149.65,119841.35,59920.675
2025-12-14,"Mobile Devices",Store,1,9,116991,0,116991,116991
2025-12-15,Electronics,Online,1,4,3996,799.2,3196.8,3196.8
2025-12-15,Networking,Store,1,2,2998,299.8,2698.2,2698.2
2025-12-15,"Office Furniture",Unknown,1,10,49990,9998,39992,39992
2025-12-16,Electronics,Store,1,6,29994,0,29994,29994
2025-12-16,"Mobile Devices",Online,1,3,38997,0,38997,38997
2025-12-17,"Computer Accesossories",Unknown,1,9,31491,6298.2,25192.8,25192.8
2025-12-17,"Mobile Devices",Online,1,4,119996,11999.6,107996.4,107996.4
2025-12-17,"Office Furniture",Store,1,2,39998,1999.9,37998.1,37998.1
2025-12-18,Electronics,Marketplace,1,9,44991,0,44991,44991
2025-12-19,"Computer Accesossories",Marketplace,1,8,19992,1999.2,17992.8,17992.8
2025-12-19,"Computer Accesossories",Store,1,3,10497,1049.7,9447.3,9447.3
2025-12-19,"Computer Accesossories",Unknown,1,3,10497,2099.4,8397.6,8397.6
2025-12-19,Electronics,Store,2,15,68991,720,68271,34135.5
2025-12-20,NULL,Online,1,0,0,0,0,0
2025-12-20,"Computer Accesossories",Online,1,8,27992,2799.2,25192.8,25192.8
2025-12-20,"Computer Accesossories",Store,1,10,99990,0,99990,99990
2025-12-20,"Computer Accesossories",Unknown,1,5,7495,1124.25,6370.75,6370.75
2025-12-20,Electronics,Store,1,7,6993,209.79,6783.21,6783.21
2025-12-20,Electronics,Unknown,1,3,12000,1200,10800,10800
2025-12-20,"Mobile Devices",Marketplace,1,10,89990,4499.5,85490.5,85490.5
2025-12-21,"Computer Accesossories",Online,1,10,34990,1749.5,33240.5,33240.5
2025-12-21,"Computer Accesossories",Store,1,1,1499,0,1499,1499
2025-12-22,"Computer Accesossories",Online,1,9,31491,1574.55,29916.45,29916.45
2025-12-22,"Mobile Devices",Online,1,4,51996,0,51996,51996
2025-12-22,"Mobile Devices",Store,1,3,38997,1169.91,37827.09,37827.09
2025-12-23,Electronics,Marketplace,1,3,12000,0,12000,12000
2025-12-23,"Mobile Devices",Marketplace,1,6,77994,2339.82,75654.18,75654.18
2025-12-23,"Mobile Devices",Store,1,5,64995,3249.75,61745.25,61745.25
2025-12-24,Electronics,Online,1,6,5994,0,5994,5994
2025-12-25,"Computer Accesossories",Online,1,9,13491,674.55,12816.45,12816.45
2025-12-25,"Computer Accesossories",Store,1,4,5996,0,5996,5996
2025-12-26,"Computer Accesossories",Unknown,1,4,13996,1399.6,12596.4,12596.4
2025-12-26,Electronics,Online,1,1,999,199.8,799.2,799.2
2025-12-26,"Mobile Devices",Unknown,1,4,119996,11999.6,107996.4,107996.4
2025-12-26,"Office Furniture",Online,1,2,39998,3999.8,35998.2,35998.2
2025-12-27,"Computer Accesossories",Store,2,14,38986,3548.8999999999996,35437.1,17718.55
2025-12-27,"Mobile Devices",Unknown,1,5,149995,0,149995,149995
2025-12-27,"Office Furniture",Online,1,4,19996,0,19996,19996
2025-12-28,"Computer Accesossories",Store,2,11,84489,15998.4,68490.6,34245.3
2025-12-28,Electronics,Store,1,7,6993,0,6993,6993
2025-12-28,"Mobile Devices",Online,1,3,89997,0,89997,89997
2025-12-28,"Office Furniture",Online,1,8,39992,7998.4,31993.6,31993.6
2025-12-29,"Computer Accesossories",Marketplace,1,8,79992,3999.6,75992.4,75992.4
2025-12-29,"Computer Accesossories",Store,1,6,8994,0,8994,8994
2025-12-29,Electronics,Unknown,1,7,34993,6998.6,27994.4,27994.4
2025-12-29,"Mobile Devices",Online,1,9,80991,16198.2,64792.8,64792.8
2025-12-30,"Computer Accesossories",Store,1,8,27992,0,27992,27992
2025-12-30,Electronics,Store,1,4,3996,599.4,3396.6,3396.6
2025-12-30,"Mobile Devices",Online,1,6,77994,0,77994,77994
2025-12-30,"Office Furniture",Marketplace,1,4,79996,0,79996,79996
2025-12-31,"Mobile Devices",Store,1,9,80991,0,80991,80991
