shipment_id,order_id,carrier,tracking_number,ship_date,estimated_delivery,actual_delivery,shipping_cost,weight_kg,shipment_status,destination_city,delivery_attempts,delay_reason
S000001,O000001,DHL,TRK44552990,"2025-04-03 00:56:00",2025-04-09,2025-04-11,500,1,Delayed,Antipolo,0,"Address Issue"
S000002,O000002,DHL,TRK190681638,"2025-03-24 14:36:00",2025-03-30,2025-03-29,150,3,Delivered,Pasig,2,Weather
S000003,O000003,"Ninja Van",TRK76141792,"2022-05-13 06:33:00",NULL,NULL,180,20,Preparing,Manila,3,n/a
S000004,O000004,"JRS Express",n/a,"2022-05-29 23:04:00",2022-06-03,2022-06-04,250,3,Delayed,Iloilo,2,"Warehouse Delay"
S000005,O000005,DHL,TRK81422229,"2023-09-23 14:10:00",2023-09-25,2023-09-24,500,20,Delivered,Antipolo,2,"Warehouse Delay"
S000006,O000006,FedEx,TRK27248732,"2024-02-09 09:05:00",2024-02-13,2024-02-14,80,3,Delayed,"Davao city",1,Weather
S000007,O000007,2GO,n/a,"2025-03-28 20:57:00",2025-04-02,NULL,150,10,Preparing,Antipolo,1,n/a
S000008,O000008,FedEx,n/a,"2025-05-29 04:00:00",2025-06-10,2025-06-16,500,2,Delayed,"Cebu city",2,Weather
S000009,O000009,"JRS Express",TRK715569643,"2022-12-30 01:46:00",2023-01-01,2023-01-06,250,1,Delayed,Makati,0,"Carrier Backlog"
S000010,O000010,LBC,n/a,"2025-09-26 10:36:00",2025-10-08,2025-10-06,350,0,Delivered,Taguig,1,Weather
S000011,O000011,LBC,TRK27395792,"2023-04-30 15:16:00",2023-05-12,NULL,0,2,Preparing,Taguig,2,"Address Issue"
S000012,O000012,2GO,TRK783165144,"2022-07-11 10:11:00",2022-07-22,2022-07-20,250,1,Delivered,"Davao city",1,"Carrier Backlog"
S000013,O000013,"Ninja Van",TRK20550762,"2022-10-02 17:30:00",2022-10-11,2022-10-12,250,10,Delayed,Makati,1,n/a
S000014,O000014,"JRS Express",TRK679962428,"2024-09-05 06:37:00",2024-09-09,2024-09-08,100,0,Delivered,Pasig,1,"Customer Unavailable"
S000015,O000015,"J&T Express",TRK40073135,"2022-12-20 12:23:00",2022-12-27,2023-01-03,150,5,Delayed,"Cebu city",2,"Warehouse Delay"
S000016,O000016,2GO,n/a,"2024-11-07 09:54:00",2024-11-15,2024-11-20,0,0.5,Delayed,Iloilo,1,"Carrier Backlog"
S000017,O000017,"Ninja Van",n/a,"2024-09-19 20:34:00",2024-10-01,2024-10-05,350,5,Delayed,"Cebu city",0,"Address Issue"
S000018,O000018,DHL,n/a,"2025-04-13 09:13:00",2025-04-19,2025-04-25,150,3,Delayed,Antipolo,1,"Warehouse Delay"
S000019,O000019,FedEx,n/a,"2023-05-03 08:39:00",2023-05-14,NULL,250,0,Preparing,Manila,3,"Warehouse Delay"
S000020,O000020,"Ninja Van",TRK27026244,"2023-01-15 12:36:00",2023-01-24,2023-01-24,250,0.5,"Out for Delivery","Quezon city",1,"Address Issue"
S000021,O000021,FedEx,n/a,"2025-05-11 22:25:00",2025-05-19,2025-05-20,500,5,Delayed,Pasig,3,"Address Issue"
S000022,O000022,DHL,TRK351906247,"2025-10-30 20:58:00",2025-11-06,2025-11-06,120,10,"Out for Delivery",Antipolo,1,"Warehouse Delay"
S000023,O000023,"Ninja Van",n/a,"2025-10-01 20:42:00",NULL,NULL,100,3,Returned,Manila,3,"Customer Unavailable"
S000024,O000024,"J&T Express",n/a,"2022-05-23 15:26:00",2022-05-25,2022-06-01,350,0,Delayed,"Davao city",1,n/a
S000025,O000025,FedEx,n/a,"2023-09-11 18:04:00",2023-09-17,NULL,150,15,Preparing,Makati,1,"Warehouse Delay"
S000026,O000026,DHL,TRK88441730,"2025-10-27 02:46:00",2025-10-30,2025-11-05,120,3,Delayed,Manila,1,Weather
S000027,O000027,DHL,n/a,"2024-01-02 17:54:00",2024-01-14,NULL,350,20,Preparing,Taguig,2,"Address Issue"
S000028,O000028,2GO,n/a,"2025-04-07 00:56:00",2025-04-17,NULL,120,0.5,Returned,Antipolo,0,"Customer Unavailable"
S000029,O000029,"Ninja Van",TRK755805727,"2025-10-23 07:53:00",2025-11-01,NULL,100,15,Preparing,"Cebu city",1,"Address Issue"
S000030,O000030,DHL,n/a,"2024-08-25 11:57:00",2024-09-06,NULL,150,20,Preparing,Pasig,1,"Address Issue"
S000031,O000031,FedEx,TRK504081972,"2023-08-15 07:27:00",2023-08-18,2023-08-20,350,10,Delayed,"Davao city",0,"Carrier Backlog"
S000032,O000032,"Ninja Van",TRK656227618,"2025-03-27 02:12:00",2025-04-05,2025-04-11,180,0.5,Delayed,Caloocan,0,"Address Issue"
S000033,O000033,LBC,TRK97637899,"2024-03-31 13:17:00",2024-04-04,2024-04-05,80,10,Delayed,Antipolo,1,"Carrier Backlog"
S000034,O000034,2GO,n/a,"2024-01-06 10:12:00",2024-01-13,2024-01-15,150,3,Delayed,Makati,1,"Address Issue"
S000035,O000035,"Ninja Van",TRK56441405,"2024-12-27 01:21:00",NULL,NULL,350,1,Preparing,Pasig,1,"Address Issue"
S000036,O000036,FedEx,n/a,"2025-08-07 17:53:00",2025-08-18,NULL,100,3,Preparing,Antipolo,0,"Address Issue"
S000037,O000037,"J&T Express",n/a,"2023-05-29 19:56:00",2023-06-02,2023-06-01,80,15,Delivered,Iloilo,1,"Customer Unavailable"
S000038,O000038,"JRS Express",TRK603420113,"2025-09-20 10:26:00",2025-09-30,2025-10-06,120,2,Delayed,"Quezon city",3,"Warehouse Delay"
S000039,O000039,DHL,TRK89852137,"2022-07-22 22:55:00",2022-07-28,2022-07-27,120,0.5,Delivered,Manila,1,Weather
S000040,O000040,FedEx,n/a,"2023-02-23 03:39:00",2023-03-03,2023-03-09,180,5,Delayed,"Cebu city",1,n/a
S000041,O000041,LBC,TRK91531734,"2024-01-20 11:05:00",2024-01-21,2024-01-20,350,20,Delivered,Caloocan,2,n/a
S000042,O000042,"Ninja Van",TRK50835829,"2024-08-25 15:51:00",2024-09-05,2024-09-05,500,15,"Out for Delivery",Antipolo,3,n/a
S000043,O000043,LBC,TRK87201700,"2022-11-04 14:02:00",2022-11-13,NULL,500,0,Preparing,Taguig,1,Weather
S000044,O000044,"J&T Express",n/a,"2022-09-03 22:31:00",2022-09-10,2022-09-16,120,0.5,Delayed,Makati,1,"Warehouse Delay"
S000045,O000045,FedEx,TRK386487864,"2023-03-31 17:23:00",2023-04-07,NULL,0,15,Preparing,Taguig,1,"Address Issue"
S000046,O000046,DHL,n/a,"2024-09-24 14:17:00",2024-10-02,2024-10-07,180,2,Delayed,"Quezon city",1,"Customer Unavailable"
S000047,O000047,"JRS Express",TRK21065801,"2024-07-10 03:54:00",2024-07-12,2024-07-17,250,0.5,Delayed,"Quezon city",0,"Customer Unavailable"
S000048,O000048,FedEx,n/a,"2025-03-09 23:34:00",2025-03-10,2025-03-17,150,15,Delayed,"Cebu city",3,Weather
S000049,O000049,"Ninja Van",n/a,"2023-12-17 07:04:00",2023-12-19,2023-12-21,80,5,Delayed,Makati,2,Weather
S000050,O000050,FedEx,TRK38156061,"2025-11-07 00:52:00",2025-11-14,2025-11-12,180,3,Delivered,"Cebu city",3,"Carrier Backlog"
S000051,O000051,LBC,TRK952773505,"2022-08-28 12:48:00",2022-09-02,2022-09-05,250,5,Delayed,Caloocan,0,"Warehouse Delay"
S000052,O000052,"JRS Express",TRK674851554,"2023-08-07 00:50:00",2023-08-11,2023-08-15,180,3,Delayed,Makati,1,"Address Issue"
S000053,O000053,DHL,TRK339490791,"2023-04-08 05:08:00",2023-04-11,NULL,150,2,Returned,Pasig,1,"Customer Unavailable"
S000054,O000054,DHL,TRK466240925,"2023-08-18 21:39:00",2023-08-19,2023-08-19,250,5,"Out for Delivery",Caloocan,1,Weather
S000055,O000055,Unknown,n/a,"2025-11-28 17:50:00",2025-12-04,2025-12-05,80,20,Delayed,"Quezon city",2,"Address Issue"
S000056,O000056,2GO,TRK397177244,"2022-09-08 22:58:00",2022-09-15,2022-09-17,80,20,Delayed,Pasig,0,"Customer Unavailable"
S000057,O000057,LBC,TRK979353783,"2023-07-19 18:58:00",2023-07-27,2023-07-28,100,20,Delayed,"Cebu city",1,"Address Issue"
S000058,O000058,"J&T Express",n/a,"2024-06-30 21:06:00",2024-07-07,2024-07-06,350,0.5,Delivered,Pasig,2,Weather
S000059,O000059,FedEx,TRK574007037,"2023-11-11 01:11:00",2023-11-18,2023-11-16,350,15,Delivered,Makati,1,"Address Issue"
S000060,O000060,DHL,TRK55232745,"2022-12-30 18:50:00",2023-01-09,NULL,0,10,Preparing,n/a,1,"Address Issue"
S000061,O000061,"Ninja Van",TRK77258128,"2024-08-02 20:55:00",2024-08-11,2024-08-18,250,10,Delayed,"Cebu city",1,n/a
S000062,O000062,DHL,TRK209294750,"2025-11-03 22:16:00",2025-11-15,2025-11-14,0,0.5,Delivered,Manila,0,"Warehouse Delay"
S000063,O000063,FedEx,TRK32107858,"2025-12-02 09:59:00",2025-12-09,NULL,500,2,Returned,Caloocan,1,"Customer Unavailable"
S000064,O000064,2GO,TRK245300447,"2022-01-20 01:53:00",NULL,NULL,350,5,Preparing,Iloilo,1,"Carrier Backlog"
S000065,O000065,LBC,TRK45175938,"2025-07-28 15:21:00",2025-08-07,2025-08-14,150,5,Delayed,Taguig,2,"Carrier Backlog"
S000066,O000066,"Ninja Van",TRK77942042,"2022-09-30 13:23:00",NULL,NULL,100,15,Preparing,Antipolo,0,Weather
S000067,O000067,DHL,n/a,"2024-05-11 11:44:00",2024-05-15,2024-05-22,180,20,Delayed,"Davao city",1,"Address Issue"
S000068,O000068,2GO,TRK216109798,"2025-08-20 12:29:00",2025-08-31,2025-08-31,500,10,"Out for Delivery",Taguig,0,"Carrier Backlog"
S000069,O000069,"JRS Express",TRK145388938,"2022-10-14 09:46:00",2022-10-15,2022-10-22,80,0,Delayed,Manila,2,"Warehouse Delay"
S000070,O000070,FedEx,TRK295116790,"2025-05-18 06:46:00",2025-05-29,2025-06-05,180,10,Delayed,Pasig,1,"Customer Unavailable"
S000071,O000071,FedEx,n/a,"2025-10-07 15:30:00",2025-10-14,2025-10-15,150,10,Delayed,"Cebu city",1,Weather
S000072,O000072,LBC,n/a,"2023-02-27 15:47:00",2023-03-05,2023-03-05,80,1,"Out for Delivery","Quezon city",1,"Address Issue"
S000073,O000073,DHL,n/a,"2025-12-01 09:44:00",2025-12-09,2025-12-15,250,15,Delayed,"Cebu city",1,Weather
S000074,O000074,Unknown,n/a,"2023-12-14 02:09:00",2023-12-23,2023-12-21,350,5,Delivered,"Davao city",0,Weather
S000075,O000075,"JRS Express",TRK61855538,"2022-05-13 07:00:00",2022-05-25,2022-05-28,500,0.5,Delayed,"Quezon city",1,"Customer Unavailable"
S000076,O000076,2GO,TRK896983153,"2023-10-09 12:20:00",2023-10-21,2023-10-21,120,5,"Out for Delivery","Davao city",3,"Carrier Backlog"
S000077,O000077,DHL,n/a,"2025-05-28 11:46:00",2025-06-03,2025-06-03,0,2,"Out for Delivery","Quezon city",1,Weather
S000078,O000078,2GO,TRK55347372,"2023-08-15 05:08:00",2023-08-22,NULL,80,0.5,Preparing,Caloocan,3,"Carrier Backlog"
S000079,O000079,"J&T Express",TRK542987049,"2024-01-03 05:59:00",2024-01-13,2024-01-13,150,2,"Out for Delivery",Caloocan,1,"Carrier Backlog"
S000080,O000080,Unknown,TRK55348488,"2022-12-14 10:20:00",2022-12-21,2022-12-28,500,20,Delayed,Makati,1,Weather
S000081,O000081,"JRS Express",TRK770575843,"2025-08-04 10:00:00",2025-08-05,2025-08-10,120,10,Delayed,Pasig,1,n/a
S000082,O000082,"Ninja Van",TRK736331585,"2025-11-14 05:10:00",2025-11-22,NULL,180,5,Preparing,Caloocan,1,n/a
S000083,O000083,DHL,TRK731903299,"2024-11-30 03:23:00",2024-12-08,2024-12-09,80,10,Delayed,Pasig,1,"Address Issue"
S000084,O000084,DHL,n/a,"2026-01-09 19:43:00",2026-01-16,2026-01-18,0,2,Delayed,n/a,1,"Warehouse Delay"
S000085,O000085,"J&T Express",n/a,"2022-11-17 10:45:00",2022-11-27,NULL,500,15,Preparing,Caloocan,1,"Warehouse Delay"
S000086,O000086,DHL,n/a,"2025-10-05 00:16:00",2025-10-12,2025-10-18,250,5,Delayed,Manila,2,"Customer Unavailable"
S000087,O000087,DHL,TRK21730512,"2023-10-13 03:16:00",2023-10-15,2023-10-18,100,15,Delayed,Antipolo,2,Weather
S000088,O000088,"JRS Express",TRK37278264,"2024-09-09 07:30:00",2024-09-20,2024-09-25,120,10,Delayed,Pasig,1,"Warehouse Delay"
S000089,O000089,"J&T Express",TRK776068474,"2023-12-24 22:05:00",2024-01-05,2024-01-10,0,10,Delayed,Makati,2,n/a
S000090,O000090,LBC,TRK38373107,"2025-08-06 07:26:00",2025-08-15,2025-08-22,500,20,Delayed,Taguig,2,Weather
S000091,O000091,"J&T Express",TRK44892578,"2025-12-20 03:39:00",2025-12-30,2025-12-31,500,20,Delayed,Pasig,1,n/a
S000092,O000092,"J&T Express",TRK746536261,"2025-06-16 05:47:00",2025-06-24,2025-06-27,0,1,Delayed,Iloilo,2,n/a
S000093,O000093,"Ninja Van",TRK773294743,"2025-11-28 06:46:00",2025-12-01,2025-11-29,180,20,Delivered,"Quezon city",1,"Address Issue"
S000094,O000094,"J&T Express",TRK821016424,"2023-11-12 13:29:00",2023-11-20,NULL,80,1,Returned,Makati,1,"Customer Unavailable"
S000095,O000095,"Ninja Van",n/a,"2025-08-26 01:09:00",2025-09-06,2025-09-06,500,0.5,"Out for Delivery",Caloocan,3,"Warehouse Delay"
S000096,O000096,LBC,n/a,"2024-04-19 00:01:00",2024-04-22,2024-04-29,120,10,Delayed,"Cebu city",2,"Customer Unavailable"
S000097,O000097,DHL,TRK49888458,"2022-01-25 07:40:00",2022-01-31,NULL,350,5,Preparing,Iloilo,1,"Carrier Backlog"
S000098,O000098,DHL,n/a,"2025-07-10 10:55:00",2025-07-11,2025-07-18,180,1,Delayed,Manila,2,Weather
S000099,O000099,"Ninja Van",n/a,"2023-10-04 15:00:00",2023-10-07,2023-10-13,100,15,Delayed,Caloocan,3,"Customer Unavailable"
S000100,O000100,LBC,n/a,"2024-07-31 00:48:00",NULL,NULL,80,20,Preparing,"Davao city",2,Weather
S000101,O000101,FedEx,n/a,"2024-12-28 00:24:00",2025-01-07,2025-01-07,0,3,"Out for Delivery",Antipolo,0,"Address Issue"
S000102,O000102,2GO,n/a,"2023-05-27 02:53:00",2023-06-03,NULL,80,10,Preparing,"Cebu city",0,n/a
S000103,O000103,DHL,TRK972791074,"2024-10-03 16:42:00",2024-10-06,2024-10-12,350,0,Delayed,"Davao city",1,"Warehouse Delay"
S000104,O000104,"J&T Express",n/a,"2025-06-05 09:00:00",2025-06-15,2025-06-19,180,15,Delayed,Manila,0,Weather
S000105,O000105,LBC,TRK532780380,"2022-06-27 08:32:00",2022-07-05,2022-07-08,150,5,Delayed,Pasig,3,"Customer Unavailable"
S000106,O000106,"J&T Express",TRK256978601,"2022-07-05 00:15:00",2022-07-09,2022-07-09,150,15,"Out for Delivery",Makati,2,n/a
S000107,O000107,"JRS Express",n/a,"2024-07-08 02:47:00",2024-07-15,2024-07-20,500,0.5,Delayed,"Davao city",0,Weather
S000108,O000108,"Ninja Van",n/a,"2024-05-28 10:25:00",2024-06-08,2024-06-08,350,10,"Out for Delivery","Quezon city",3,"Carrier Backlog"
S000109,O000109,"J&T Express",n/a,"2024-05-16 03:07:00",2024-05-26,2024-05-27,500,10,Delayed,Antipolo,1,n/a
S000110,O000110,"Ninja Van",n/a,"2022-01-21 18:21:00",2022-01-28,2022-01-29,0,0,Delayed,Iloilo,1,"Warehouse Delay"
S000111,O000111,2GO,TRK190587084,"2022-01-08 03:26:00",2022-01-14,2022-01-14,120,0,"Out for Delivery",n/a,2,"Warehouse Delay"
S000112,O000112,"JRS Express",n/a,"2024-01-19 01:27:00",2024-01-24,2024-01-28,180,3,Delayed,"Davao city",1,"Carrier Backlog"
S000113,O000113,FedEx,TRK792589031,"2025-02-13 20:33:00",2025-02-23,2025-03-02,500,2,Delayed,Makati,1,"Customer Unavailable"
S000114,O000114,FedEx,TRK93048188,"2024-08-03 05:01:00",2024-08-08,2024-08-10,180,10,Delayed,n/a,0,"Carrier Backlog"
S000115,O000115,"Ninja Van",TRK30371833,"2023-10-28 13:41:00",2023-11-01,NULL,180,10,Preparing,"Davao city",1,n/a
S000116,O000116,FedEx,TRK76911925,"2025-01-07 14:28:00",2025-01-09,NULL,250,3,Preparing,Makati,2,"Carrier Backlog"
S000117,O000117,DHL,TRK69332060,"2024-12-29 04:28:00",2025-01-03,NULL,120,5,Preparing,Makati,3,n/a
S000118,O000118,"J&T Express",TRK186044080,"2024-05-23 09:42:00",2024-05-25,2024-05-25,180,10,"Out for Delivery",Pasig,3,"Warehouse Delay"
S000119,O000119,LBC,n/a,"2025-08-29 11:30:00",2025-09-10,2025-09-15,150,0,Delayed,Manila,1,Weather
S000120,O000120,"JRS Express",n/a,"2022-11-18 09:35:00",2022-11-30,2022-11-30,180,1,"Out for Delivery","Davao city",2,"Address Issue"
S000121,O000121,LBC,TRK97823447,"2022-01-31 22:22:00",2022-02-03,NULL,150,0.5,Returned,Pasig,0,"Customer Unavailable"
S000122,O000122,FedEx,TRK53116699,"2025-08-17 21:04:00",2025-08-25,2025-08-26,350,2,Delayed,Taguig,3,n/a
S000123,O000123,"Ninja Van",n/a,"2022-05-01 19:49:00",2022-05-10,2022-05-15,250,5,Delayed,Iloilo,2,n/a
S000124,O000124,"J&T Express",TRK883331231,"2022-12-20 16:32:00",2022-12-28,2022-12-31,350,0,Delayed,Taguig,1,"Warehouse Delay"
S000125,O000125,"Ninja Van",n/a,"2022-08-23 05:32:00",2022-08-24,NULL,180,10,Returned,"Quezon city",1,"Customer Unavailable"
S000126,O000126,DHL,n/a,"2022-08-20 20:50:00",2022-08-26,2022-08-30,100,20,Delayed,Makati,1,Weather
S000127,O000127,DHL,TRK66516633,"2025-04-16 13:24:00",2025-04-28,2025-04-27,150,10,Delivered,Antipolo,0,Weather
S000128,O000128,"J&T Express",n/a,"2024-12-20 19:28:00",2024-12-25,2024-12-29,180,10,Delayed,Caloocan,0,"Customer Unavailable"
S000129,O000129,"JRS Express",TRK81425166,"2022-12-07 21:47:00",2022-12-13,2022-12-15,0,20,Delayed,Antipolo,1,"Customer Unavailable"
S000130,O000130,DHL,n/a,"2024-08-21 00:39:00",2024-08-23,2024-08-30,0,0,Delayed,"Quezon city",1,"Customer Unavailable"
S000131,O000131,LBC,TRK233387757,"2023-11-15 14:32:00",2023-11-24,2023-12-01,80,0.5,Delayed,Makati,3,n/a
S000132,O000132,DHL,n/a,"2022-12-31 22:58:00",2023-01-04,2023-01-03,80,20,Delivered,Iloilo,3,"Address Issue"
S000133,O000133,2GO,TRK82312218,"2022-09-29 20:19:00",2022-10-06,2022-10-05,180,5,Delivered,Caloocan,3,"Carrier Backlog"
S000134,O000134,DHL,n/a,"2023-11-05 20:11:00",2023-11-07,2023-11-06,100,20,Delivered,Makati,3,"Warehouse Delay"
S000135,O000135,Unknown,TRK79245022,"2025-09-15 19:42:00",2025-09-23,2025-09-21,80,5,Delivered,"Cebu city",2,"Warehouse Delay"
S000136,O000136,"Ninja Van",TRK22859611,"2022-11-17 21:19:00",2022-11-29,2022-11-27,120,1,Delivered,"Davao city",2,"Warehouse Delay"
S000137,O000137,"Ninja Van",TRK84904451,"2022-10-10 22:38:00",2022-10-21,2022-10-23,500,2,Delayed,Pasig,3,"Customer Unavailable"
S000138,O000138,FedEx,TRK77789701,"2025-01-07 15:22:00",2025-01-10,2025-01-13,120,20,Delayed,Caloocan,1,Weather
S000139,O000139,"J&T Express",TRK365041744,"2022-07-17 20:15:00",2022-07-26,2022-07-27,150,0.5,Delayed,Iloilo,1,"Address Issue"
S000140,O000140,FedEx,TRK89218939,"2025-06-16 07:15:00",2025-06-21,2025-06-24,0,10,Delayed,Iloilo,1,n/a
S000141,O000141,"J&T Express",TRK10270490,"2024-04-29 02:38:00",2024-05-07,2024-05-14,0,2,Delayed,n/a,1,"Customer Unavailable"
S000142,O000142,2GO,n/a,"2023-03-02 13:23:00",2023-03-09,2023-03-14,350,1,Delayed,n/a,1,"Carrier Backlog"
S000143,O000143,LBC,n/a,"2022-06-22 20:33:00",2022-06-28,2022-07-03,100,0,Delayed,Makati,0,"Warehouse Delay"
S000144,O000144,"JRS Express",TRK773004888,"2022-12-14 15:26:00",2022-12-20,NULL,350,5,Preparing,"Davao city",1,"Warehouse Delay"
S000145,O000145,"Ninja Van",TRK462399795,"2026-01-12 13:06:00",2026-01-13,2026-01-14,120,3,Delayed,"Cebu city",0,Weather
S000146,O000146,"J&T Express",TRK12274704,"2023-01-19 15:56:00",NULL,NULL,120,10,Returned,Taguig,3,"Customer Unavailable"
S000147,O000147,"JRS Express",TRK722565380,"2023-01-10 22:52:00",2023-01-11,2023-01-16,80,3,Delayed,Makati,0,"Warehouse Delay"
S000148,O000148,FedEx,n/a,"2022-10-30 12:02:00",2022-11-03,2022-11-05,80,0,Delayed,Makati,1,"Address Issue"
S000149,O000149,"Ninja Van",TRK43724731,"2022-05-18 23:33:00",2022-05-25,2022-05-23,180,3,Delivered,Caloocan,0,n/a
S000150,O000150,"J&T Express",n/a,"2024-11-26 20:33:00",2024-12-07,2024-12-12,500,0,Delayed,Caloocan,0,"Address Issue"
S000151,O000151,DHL,TRK719289695,"2025-05-04 02:05:00",2025-05-05,2025-05-11,80,2,Delayed,"Davao city",3,n/a
S000152,O000152,"J&T Express",n/a,"2022-02-18 08:45:00",2022-02-22,2022-02-21,350,5,Delivered,Iloilo,1,"Customer Unavailable"
S000153,O000153,"JRS Express",TRK612828138,"2024-08-30 21:17:00",2024-09-05,2024-09-10,350,3,Delayed,"Quezon city",1,n/a
S000154,O000154,"Ninja Van",TRK75916120,"2024-09-09 19:31:00",2024-09-13,NULL,0,1,Preparing,Pasig,1,"Carrier Backlog"
S000155,O000155,FedEx,TRK729332552,"2022-02-27 04:33:00",2022-03-01,2022-03-03,0,2,Delayed,"Cebu city",0,n/a
S000156,O000156,"J&T Express",n/a,"2023-07-26 09:54:00",2023-07-30,NULL,120,2,Preparing,n/a,0,"Carrier Backlog"
S000157,O000157,"Ninja Van",TRK109541255,"2022-09-24 06:16:00",2022-09-30,2022-10-02,0,3,Delayed,Iloilo,1,n/a
S000158,O000158,Unknown,TRK15365235,"2022-11-10 14:01:00",NULL,NULL,500,2,Preparing,Pasig,3,n/a
S000159,O000159,"Ninja Van",TRK41711627,"2024-06-28 03:27:00",2024-07-06,2024-07-07,100,2,Delayed,Caloocan,1,"Customer Unavailable"
S000160,O000160,LBC,n/a,"2022-09-05 00:02:00",2022-09-11,2022-09-13,500,20,Delayed,"Davao city",1,"Customer Unavailable"
S000161,O000161,2GO,TRK298423340,"2023-07-08 05:37:00",2023-07-18,2023-07-16,500,10,Delivered,Manila,1,"Customer Unavailable"
S000162,O000162,"J&T Express",TRK11908298,"2022-07-24 21:43:00",2022-07-31,2022-08-07,120,15,Delayed,Iloilo,3,"Customer Unavailable"
S000163,O000163,FedEx,TRK976610740,"2025-11-05 15:39:00",2025-11-07,2025-11-14,120,15,Delayed,Iloilo,1,"Warehouse Delay"
S000164,O000164,2GO,TRK22783409,"2022-04-21 07:10:00",2022-04-30,2022-05-07,180,2,Delayed,Iloilo,0,"Carrier Backlog"
S000165,O000165,2GO,n/a,"2024-08-18 20:16:00",2024-08-19,2024-08-17,100,20,Delivered,"Cebu city",3,"Customer Unavailable"
S000166,O000166,FedEx,n/a,"2023-07-31 06:44:00",2023-08-09,2023-08-10,250,0,Delayed,Manila,1,n/a
S000167,O000167,LBC,TRK263310970,"2022-10-25 02:46:00",2022-11-01,NULL,80,1,Preparing,"Cebu city",2,"Address Issue"
S000168,O000168,2GO,TRK61248017,"2023-09-14 23:02:00",2023-09-23,2023-09-27,500,0.5,Delayed,Taguig,1,"Warehouse Delay"
S000169,O000169,"Ninja Van",TRK13423901,"2023-12-23 19:23:00",2023-12-27,NULL,500,15,Preparing,Antipolo,1,"Carrier Backlog"
S000170,O000170,"J&T Express",TRK14798771,"2024-01-07 17:27:00",2024-01-10,2024-01-16,0,5,Delayed,Antipolo,2,"Warehouse Delay"
S000171,O000171,2GO,TRK94031190,"2023-05-15 05:11:00",NULL,NULL,500,15,Preparing,Iloilo,1,"Warehouse Delay"
S000172,O000172,LBC,TRK81583064,"2023-05-18 04:19:00",2023-05-22,2023-05-28,80,10,Delayed,Manila,3,"Warehouse Delay"
S000173,O000173,"J&T Express",TRK72777237,"2025-04-30 04:37:00",2025-05-06,2025-05-09,500,15,Delayed,Manila,1,"Address Issue"
S000174,O000174,DHL,n/a,"2023-01-12 05:25:00",2023-01-24,2023-01-31,150,3,Delayed,Makati,1,"Address Issue"
S000175,O000175,"Ninja Van",TRK88396984,"2023-09-10 08:25:00",2023-09-22,2023-09-28,350,0,Delayed,"Davao city",0,"Warehouse Delay"
S000176,O000176,Unknown,TRK87474633,"2024-06-06 16:43:00",2024-06-16,2024-06-16,150,10,"Out for Delivery",Pasig,1,"Warehouse Delay"
S000177,O000177,DHL,TRK75652029,"2022-08-19 18:05:00",2022-08-27,2022-09-01,0,0,Delayed,Caloocan,1,"Carrier Backlog"
S000178,O000178,DHL,n/a,"2024-09-27 09:52:00",2024-09-30,2024-10-05,350,3,Delayed,Antipolo,1,"Carrier Backlog"
S000179,O000179,2GO,n/a,"2023-03-20 00:02:00",2023-03-26,2023-03-29,350,15,Delayed,Iloilo,0,n/a
S000180,O000180,LBC,TRK430151275,"2023-05-29 21:49:00",2023-06-07,2023-06-09,120,10,Delayed,Makati,1,Weather
S000181,O000181,LBC,TRK60818137,"2023-01-16 22:18:00",2023-01-27,2023-01-30,120,3,Delayed,Pasig,1,n/a
S000182,O000182,FedEx,TRK27658986,"2024-07-07 20:06:00",2024-07-11,2024-07-15,100,0.5,Delayed,Manila,0,"Customer Unavailable"
S000183,O000183,"Ninja Van",n/a,"2022-08-04 03:50:00",2022-08-14,2022-08-15,120,5,Delayed,Makati,3,"Carrier Backlog"
S000184,O000184,FedEx,n/a,"2025-03-30 03:39:00",2025-04-01,2025-04-05,120,1,Delayed,"Quezon city",3,"Carrier Backlog"
S000185,O000185,FedEx,TRK686127096,"2025-02-28 01:05:00",2025-03-04,2025-03-04,0,1,"Out for Delivery",Iloilo,1,"Warehouse Delay"
S000186,O000186,"J&T Express",n/a,"2025-01-06 15:33:00",2025-01-11,NULL,100,15,Preparing,Antipolo,0,"Address Issue"
S000187,O000187,"J&T Express",TRK722177182,"2024-05-29 22:42:00",2024-06-10,NULL,80,3,Preparing,Makati,1,"Address Issue"
S000188,O000188,"JRS Express",TRK36224255,"2024-01-23 00:41:00",2024-02-04,NULL,350,0.5,Preparing,Makati,1,"Carrier Backlog"
S000189,O000189,"Ninja Van",TRK55127734,"2025-06-19 15:39:00",2025-06-26,2025-06-29,150,0.5,Delayed,Manila,1,"Address Issue"
S000190,O000190,LBC,TRK69298093,"2025-02-23 04:19:00",2025-03-02,NULL,180,20,Preparing,Manila,2,"Carrier Backlog"
S000191,O000191,"J&T Express",TRK248388782,"2022-06-18 01:12:00",2022-06-29,2022-07-04,250,3,Delayed,"Cebu city",2,"Warehouse Delay"
S000192,O000192,DHL,n/a,"2025-01-30 22:07:00",2025-02-04,2025-02-05,0,5,Delayed,Taguig,3,"Carrier Backlog"
S000193,O000193,"JRS Express",n/a,"2024-09-08 23:39:00",2024-09-17,2024-09-16,500,10,Delivered,Taguig,3,n/a
S000194,O000194,"J&T Express",TRK36283484,"2022-02-13 00:18:00",2022-02-23,2022-03-02,250,0,Delayed,Antipolo,2,Weather
S000195,O000195,LBC,TRK56582345,"2023-10-02 01:01:00",2023-10-06,2023-10-12,80,20,Delayed,Caloocan,1,"Carrier Backlog"
S000196,O000196,"J&T Express",n/a,"2022-03-15 08:42:00",2022-03-21,2022-03-28,0,0,Delayed,Manila,1,"Address Issue"
S000197,O000197,FedEx,TRK87158291,"2023-12-06 01:48:00",2023-12-13,2023-12-14,80,1,Delayed,Taguig,1,n/a
S000198,O000198,2GO,TRK36202033,"2025-07-06 14:30:00",2025-07-13,2025-07-16,500,20,Delayed,Antipolo,1,"Address Issue"
S000199,O000199,FedEx,n/a,"2025-06-21 16:44:00",2025-06-27,2025-06-27,350,5,"Out for Delivery",Antipolo,1,"Warehouse Delay"
S000200,O000200,"J&T Express",TRK67305379,"2024-02-04 19:14:00",2024-02-05,NULL,80,10,Preparing,"Davao city",1,Weather
S000201,O000201,DHL,n/a,"2025-10-12 21:37:00",2025-10-23,2025-10-28,150,10,Delayed,Caloocan,3,Weather
S000202,O000202,"JRS Express",n/a,"2023-08-14 22:59:00",NULL,NULL,180,0,Preparing,"Quezon city",1,"Address Issue"
S000203,O000203,2GO,TRK89152915,"2025-02-01 05:03:00",2025-02-07,2025-02-13,350,20,Delayed,Makati,1,"Address Issue"
S000204,O000204,"J&T Express",TRK780384974,"2022-08-29 04:24:00",2022-09-08,2022-09-06,0,10,Delivered,Iloilo,1,Weather
S000205,O000205,"Ninja Van",TRK64445883,"2022-07-24 21:32:00",2022-08-05,2022-08-03,80,15,Delivered,Caloocan,1,"Customer Unavailable"
S000206,O000206,"J&T Express",TRK56687226,"2023-09-17 08:38:00",2023-09-20,2023-09-18,350,0,Delivered,Caloocan,2,"Warehouse Delay"
S000207,O000207,"JRS Express",TRK80398814,"2025-07-09 08:49:00",2025-07-18,2025-07-22,350,3,Delayed,Manila,3,"Carrier Backlog"
S000208,O000208,LBC,TRK45275767,"2022-03-07 22:09:00",2022-03-10,2022-03-14,80,20,Delayed,Antipolo,1,"Carrier Backlog"
S000209,O000209,"J&T Express",n/a,"2023-03-11 09:21:00",2023-03-18,2023-03-17,500,2,Delivered,"Quezon city",3,Weather
S000210,O000210,2GO,n/a,"2023-12-16 01:26:00",2023-12-22,2023-12-22,250,2,"Out for Delivery","Davao city",0,Weather
S000211,O000211,"J&T Express",TRK460836798,"2022-06-01 07:11:00",2022-06-10,2022-06-17,80,5,Delayed,Makati,1,"Address Issue"
S000212,O000212,"JRS Express",TRK993499183,"2022-03-05 10:24:00",NULL,NULL,250,1,Preparing,"Quezon city",1,"Address Issue"
S000213,O000213,DHL,n/a,"2022-09-03 07:08:00",2022-09-09,2022-09-09,100,0.5,"Out for Delivery",Caloocan,1,"Customer Unavailable"
S000214,O000214,2GO,TRK36651718,"2023-09-05 01:59:00",2023-09-08,2023-09-13,100,10,Delayed,Antipolo,0,"Customer Unavailable"
S000215,O000215,"Ninja Van",TRK77433620,"2022-08-15 13:18:00",2022-08-24,NULL,120,5,Preparing,Manila,0,"Carrier Backlog"
S000216,O000216,DHL,n/a,"2022-04-04 22:26:00",2022-04-11,2022-04-18,350,2,Delayed,Manila,1,"Carrier Backlog"
S000217,O000217,2GO,TRK90815881,"2023-07-25 17:42:00",2023-07-27,2023-07-26,180,5,Delivered,Taguig,1,"Address Issue"
S000218,O000218,2GO,n/a,"2025-01-08 14:22:00",2025-01-19,NULL,350,0.5,Preparing,Caloocan,0,"Address Issue"
S000219,O000219,2GO,TRK34999031,"2024-04-13 00:16:00",2024-04-19,2024-04-21,150,10,Delayed,Taguig,1,"Carrier Backlog"
S000220,O000220,"JRS Express",TRK217136179,"2022-08-27 01:29:00",2022-09-06,NULL,0,1,Preparing,Pasig,2,"Address Issue"
S000221,O000221,"JRS Express",TRK948500939,"2022-11-19 08:09:00",2022-11-28,2022-11-28,180,3,"Out for Delivery",Taguig,2,"Warehouse Delay"
S000222,O000222,2GO,TRK25324137,"2025-11-23 01:48:00",2025-11-28,2025-11-29,150,1,Delayed,Iloilo,1,"Address Issue"
S000223,O000223,LBC,TRK344750517,"2024-04-26 05:29:00",2024-04-29,2024-05-04,0,5,Delayed,Antipolo,1,"Address Issue"
S000224,O000224,DHL,TRK914387307,"2025-08-02 19:50:00",2025-08-08,2025-08-06,80,15,Delivered,Taguig,1,"Customer Unavailable"
S000225,O000225,DHL,TRK183125837,"2024-08-09 21:42:00",2024-08-19,2024-08-26,250,5,Delayed,Pasig,1,"Warehouse Delay"
S000226,O000226,FedEx,n/a,"2024-03-23 22:08:00",2024-03-25,2024-03-31,150,0.5,Delayed,Antipolo,1,n/a
S000227,O000227,FedEx,TRK79871309,"2022-04-14 01:42:00",2022-04-22,NULL,0,5,Preparing,Antipolo,1,n/a
S000228,O000228,"J&T Express",TRK929071456,"2023-06-11 12:54:00",2023-06-22,2023-06-23,150,0.5,Delayed,Pasig,3,"Address Issue"
S000229,O000229,LBC,TRK867130454,"2023-12-30 04:03:00",2024-01-07,2024-01-05,500,2,Delivered,Manila,1,"Carrier Backlog"
S000230,O000230,Unknown,TRK63008150,"2025-06-01 13:25:00",2025-06-03,NULL,180,20,Returned,Makati,3,"Customer Unavailable"
S000231,O000231,"Ninja Van",TRK213046822,"2025-02-08 00:31:00",2025-02-13,2025-02-12,100,0,Delivered,"Cebu city",0,"Address Issue"
S000232,O000232,2GO,TRK496060663,"2023-06-06 22:19:00",NULL,NULL,120,0,Preparing,"Cebu city",1,"Address Issue"
S000233,O000233,2GO,TRK238556130,"2022-05-28 15:51:00",2022-06-01,2022-05-31,120,20,Delivered,Caloocan,3,"Carrier Backlog"
S000234,O000234,DHL,n/a,"2024-03-16 22:55:00",2024-03-28,2024-04-03,350,20,Delayed,Manila,1,"Customer Unavailable"
S000235,O000235,LBC,TRK47727245,"2022-05-21 06:12:00",2022-05-23,2022-05-21,120,15,Delivered,Iloilo,1,"Customer Unavailable"
S000236,O000236,"JRS Express",TRK18553134,"2023-02-04 23:54:00",2023-02-12,2023-02-11,500,15,Delivered,Pasig,2,"Warehouse Delay"
S000237,O000237,"J&T Express",TRK399675963,"2025-12-16 17:58:00",2025-12-26,2025-12-25,500,0.5,Delivered,Iloilo,1,Weather
S000238,O000238,"J&T Express",TRK737135634,"2022-04-23 15:39:00",2022-05-05,2022-05-06,250,3,Delayed,Taguig,1,n/a
S000239,O000239,"J&T Express",TRK72543408,"2026-01-12 19:39:00",2026-01-13,2026-01-15,0,3,Delayed,Iloilo,1,Weather
S000240,O000240,"Ninja Van",TRK211843482,"2024-12-17 20:09:00",2024-12-24,2024-12-30,180,0,Delayed,"Davao city",3,"Carrier Backlog"
S000241,O000241,"J&T Express",n/a,"2023-02-09 22:29:00",2023-02-18,2023-02-18,0,5,"Out for Delivery",Pasig,2,"Address Issue"
S000242,O000242,DHL,TRK666069729,"2025-11-26 19:23:00",2025-12-01,2025-11-30,500,20,Delivered,Pasig,0,"Address Issue"
S000243,O000243,LBC,n/a,"2022-01-08 05:53:00",NULL,NULL,250,5,Preparing,Taguig,1,"Warehouse Delay"
S000244,O000244,2GO,TRK12743556,"2025-06-23 15:06:00",2025-06-24,NULL,80,1,Returned,Antipolo,1,"Customer Unavailable"
S000245,O000245,"JRS Express",TRK99051774,"2022-02-20 03:41:00",2022-02-21,2022-02-20,180,10,Delivered,Pasig,0,n/a
S000246,O000246,"J&T Express",n/a,"2025-02-11 00:03:00",2025-02-21,2025-02-27,500,3,Delayed,Manila,0,"Warehouse Delay"
S000247,O000247,FedEx,n/a,"2024-05-31 00:17:00",NULL,NULL,120,1,Preparing,Caloocan,1,"Carrier Backlog"
S000248,O000248,"J&T Express",n/a,"2022-06-15 12:08:00",2022-06-25,2022-06-28,500,15,Delayed,"Quezon city",1,n/a
S000249,O000249,FedEx,TRK157367580,"2024-07-15 15:08:00",2024-07-22,2024-07-23,100,1,Delayed,n/a,2,Weather
S000250,O000250,"JRS Express",TRK63354491,"2024-06-02 16:34:00",2024-06-14,2024-06-21,350,0,Delayed,"Quezon city",1,"Address Issue"
S000251,O000251,"Ninja Van",TRK214815265,"2023-09-07 17:26:00",NULL,NULL,150,0,Returned,Pasig,1,"Customer Unavailable"
S000252,O000252,LBC,TRK68471135,"2024-10-23 18:57:00",2024-11-02,NULL,100,1,Preparing,Iloilo,1,"Address Issue"
S000253,O000253,"J&T Express",TRK755591694,"2024-06-09 23:07:00",2024-06-14,2024-06-13,500,1,Delivered,"Quezon city",3,"Warehouse Delay"
S000254,O000254,FedEx,n/a,"2025-05-02 07:42:00",2025-05-13,2025-05-11,180,0,Delivered,Makati,1,"Customer Unavailable"
S000255,O000255,"JRS Express",TRK60402969,"2025-08-28 18:33:00",2025-08-29,NULL,500,3,Preparing,Taguig,3,n/a
S000256,O000256,2GO,TRK81664319,"2023-03-11 18:46:00",2023-03-20,2023-03-20,180,5,"Out for Delivery","Cebu city",2,n/a
S000257,O000257,2GO,n/a,"2025-11-08 09:58:00",NULL,NULL,500,15,Returned,Pasig,3,"Customer Unavailable"
S000258,O000258,DHL,TRK70555319,"2022-02-09 17:49:00",2022-02-18,NULL,180,1,Preparing,"Cebu city",2,"Warehouse Delay"
S000259,O000259,"J&T Express",TRK44201416,"2025-06-30 19:45:00",2025-07-07,NULL,180,20,Preparing,Caloocan,0,"Carrier Backlog"
S000260,O000260,FedEx,TRK73589534,"2025-11-15 14:48:00",2025-11-20,2025-11-23,250,10,Delayed,Makati,2,Weather
S000261,O000261,LBC,n/a,"2023-08-15 05:56:00",2023-08-25,2023-08-29,180,0.5,Delayed,Antipolo,3,Weather
S000262,O000262,FedEx,TRK67638302,"2023-11-27 21:16:00",2023-11-30,2023-12-06,120,5,Delayed,Manila,0,"Warehouse Delay"
S000263,O000263,"J&T Express",n/a,"2023-12-11 06:40:00",2023-12-18,NULL,250,1,Returned,"Quezon city",3,"Customer Unavailable"
S000264,O000264,FedEx,TRK42513909,"2025-07-17 22:12:00",2025-07-26,NULL,250,0.5,Preparing,"Cebu city",1,"Warehouse Delay"
S000265,O000265,"Ninja Van",n/a,"2022-09-09 11:29:00",2022-09-16,2022-09-21,500,0.5,Delayed,"Cebu city",1,Weather
S000266,O000266,2GO,n/a,"2022-12-28 19:08:00",2023-01-04,2023-01-07,500,2,Delayed,"Cebu city",1,Weather
S000267,O000267,"JRS Express",TRK287671593,"2024-07-21 21:38:00",2024-07-29,NULL,500,15,Returned,Iloilo,3,"Customer Unavailable"
S000268,O000268,DHL,TRK295845971,"2022-01-15 05:26:00",2022-01-16,2022-01-21,250,0.5,Delayed,Pasig,1,"Customer Unavailable"
S000269,O000269,"Ninja Van",TRK43447655,"2022-07-18 12:55:00",2022-07-28,2022-08-02,100,5,Delayed,"Cebu city",2,"Customer Unavailable"
S000270,O000270,"J&T Express",n/a,"2024-09-23 08:35:00",2024-10-04,2024-10-07,80,0,Delayed,Taguig,2,"Carrier Backlog"
S000271,O000271,DHL,TRK738183757,"2024-06-29 13:38:00",2024-07-09,2024-07-07,150,3,Delivered,n/a,1,"Carrier Backlog"
S000272,O000272,FedEx,TRK14174635,"2022-11-05 07:15:00",2022-11-15,2022-11-15,150,1,"Out for Delivery","Davao city",1,Weather
S000273,O000273,LBC,TRK955706622,"2023-05-30 09:42:00",2023-06-07,2023-06-06,250,1,Delivered,Pasig,3,"Address Issue"
S000274,O000274,FedEx,TRK12391036,"2022-11-11 10:52:00",2022-11-22,2022-11-25,80,1,Delayed,"Quezon city",0,n/a
S000275,O000275,"Ninja Van",TRK45671303,"2022-05-23 21:16:00",2022-06-03,2022-06-07,120,15,Delayed,n/a,0,"Customer Unavailable"
S000276,O000276,"J&T Express",TRK105314963,"2024-01-19 15:25:00",2024-01-21,2024-01-19,250,15,Delivered,Caloocan,1,"Warehouse Delay"
S000277,O000277,FedEx,n/a,"2023-05-20 06:43:00",2023-05-27,2023-05-28,180,2,Delayed,"Davao city",1,"Warehouse Delay"
S000278,O000278,"Ninja Van",TRK49308486,"2025-04-17 07:22:00",2025-04-20,NULL,180,5,Preparing,Makati,3,Weather
S000279,O000279,LBC,TRK13135932,"2024-04-26 18:08:00",2024-04-28,2024-04-26,180,0,Delivered,"Cebu city",3,n/a
S000280,O000280,DHL,n/a,"2022-12-03 08:19:00",2022-12-12,2022-12-19,250,5,Delayed,Taguig,3,"Address Issue"
S000281,O000281,FedEx,TRK846726989,"2022-05-08 22:39:00",2022-05-15,2022-05-18,180,3,Delayed,Antipolo,1,"Carrier Backlog"
S000282,O000282,2GO,TRK818342431,"2023-04-14 17:27:00",2023-04-19,2023-04-25,250,2,Delayed,"Davao city",0,n/a
S000283,O000283,LBC,TRK808155101,"2023-02-02 11:25:00",2023-02-09,2023-02-14,500,1,Delayed,Pasig,1,Weather
S000284,O000284,2GO,TRK659735449,"2023-12-30 14:30:00",2024-01-04,2024-01-10,150,10,Delayed,Makati,1,"Address Issue"
S000285,O000285,Unknown,n/a,"2025-01-21 06:25:00",2025-01-27,2025-02-01,100,0.5,Delayed,Manila,2,"Customer Unavailable"
S000286,O000286,FedEx,TRK994681484,"2022-06-04 11:33:00",2022-06-05,2022-06-04,250,3,Delivered,Iloilo,1,"Customer Unavailable"
S000287,O000287,FedEx,n/a,"2025-02-20 03:54:00",2025-02-21,2025-02-27,0,0,Delayed,Antipolo,0,"Customer Unavailable"
S000288,O000288,2GO,TRK276243093,"2024-03-19 07:30:00",2024-03-24,2024-03-26,350,1,Delayed,Manila,1,"Carrier Backlog"
S000289,O000289,"JRS Express",n/a,"2022-08-22 23:44:00",2022-09-01,2022-09-05,500,3,Delayed,Caloocan,1,"Address Issue"
S000290,O000290,"JRS Express",TRK512007732,"2023-11-22 20:36:00",2023-11-25,2023-11-29,150,20,Delayed,Manila,1,n/a
S000291,O000291,LBC,TRK82636417,"2024-03-12 16:58:00",NULL,NULL,120,5,Returned,n/a,2,"Customer Unavailable"
S000292,O000292,2GO,TRK242150072,"2023-11-05 00:02:00",2023-11-14,NULL,350,15,Preparing,Manila,1,"Carrier Backlog"
S000293,O000293,"JRS Express",n/a,"2025-08-07 20:15:00",2025-08-14,NULL,180,2,Preparing,"Cebu city",2,Weather
S000294,O000294,2GO,TRK63504665,"2025-09-24 04:13:00",2025-09-25,NULL,100,3,Returned,Pasig,1,"Customer Unavailable"
S000295,O000295,DHL,TRK769478921,"2022-08-07 04:19:00",2022-08-12,2022-08-19,120,15,Delayed,Taguig,0,"Address Issue"
S000296,O000296,"J&T Express",TRK53594468,"2024-07-22 13:11:00",2024-07-30,2024-08-02,250,15,Delayed,Antipolo,1,Weather
S000297,O000297,2GO,n/a,"2023-02-27 21:02:00",2023-03-02,2023-03-08,250,20,Delayed,n/a,1,Weather
S000298,O000298,"JRS Express",TRK345836180,"2024-04-11 06:23:00",2024-04-15,2024-04-19,80,1,Delayed,Makati,3,"Carrier Backlog"
S000299,O000299,LBC,TRK85111452,"2022-09-23 21:54:00",2022-09-28,NULL,0,1,Preparing,Pasig,1,Weather
S000300,O000300,LBC,TRK95624934,"2025-09-15 20:54:00",2025-09-27,NULL,150,10,Preparing,Antipolo,2,"Address Issue"
S000301,O000301,DHL,n/a,"2023-10-24 12:33:00",2023-10-29,NULL,500,20,Preparing,Iloilo,1,Weather
S000302,O000302,FedEx,n/a,"2024-03-26 16:06:00",NULL,NULL,100,0,Returned,Iloilo,1,"Customer Unavailable"
S000303,O000303,LBC,TRK813676046,"2024-09-15 05:44:00",2024-09-27,2024-10-02,0,2,Delayed,Pasig,1,"Warehouse Delay"
S000304,O000304,DHL,TRK746382528,"2023-09-14 01:44:00",2023-09-21,2023-09-19,250,0,Delivered,"Davao city",2,"Carrier Backlog"
S000305,O000305,"J&T Express",n/a,"2025-08-28 23:29:00",2025-09-04,2025-09-11,250,15,Delayed,"Davao city",2,"Carrier Backlog"
S000306,O000306,LBC,TRK657693969,"2023-09-08 10:37:00",NULL,NULL,250,15,Preparing,"Davao city",1,"Carrier Backlog"
S000307,O000307,"JRS Express",TRK673874355,"2025-10-04 18:40:00",2025-10-10,2025-10-17,100,15,Delayed,"Cebu city",2,Weather
S000308,O000308,"JRS Express",n/a,"2025-06-08 10:25:00",2025-06-14,2025-06-21,350,2,Delayed,Manila,1,n/a
S000309,O000309,LBC,n/a,"2025-07-10 03:36:00",2025-07-12,NULL,180,0,Returned,"Davao city",1,"Customer Unavailable"
S000310,O000310,FedEx,n/a,"2022-12-24 08:49:00",2023-01-04,2023-01-09,150,15,Delayed,Caloocan,0,n/a
S000311,O000311,2GO,TRK879084397,"2022-02-12 21:18:00",2022-02-15,NULL,350,0,Preparing,Caloocan,2,"Warehouse Delay"
S000312,O000312,"JRS Express",TRK863147678,"2023-03-03 06:15:00",2023-03-15,2023-03-16,100,15,Delayed,Makati,2,"Customer Unavailable"
S000313,O000313,"JRS Express",TRK546270394,"2025-01-16 20:21:00",NULL,NULL,0,10,Preparing,Taguig,1,"Warehouse Delay"
S000314,O000314,2GO,TRK75379287,"2025-04-17 06:24:00",2025-04-21,2025-04-19,500,10,Delivered,Antipolo,3,"Customer Unavailable"
S000315,O000315,"JRS Express",n/a,"2024-02-29 06:16:00",2024-03-05,2024-03-07,150,0.5,Delayed,"Quezon city",1,"Customer Unavailable"
S000316,O000316,FedEx,n/a,"2024-01-24 11:13:00",2024-01-30,2024-02-06,350,5,Delayed,Makati,0,n/a
S000317,O000317,"JRS Express",TRK369602344,"2025-05-20 23:07:00",2025-05-23,NULL,500,5,Preparing,Manila,1,Weather
S000318,O000318,LBC,TRK721508132,"2025-07-31 14:08:00",2025-08-12,2025-08-19,0,3,Delayed,Antipolo,1,"Carrier Backlog"
S000319,O000319,"J&T Express",n/a,"2023-04-13 15:33:00",2023-04-23,2023-04-23,180,15,"Out for Delivery",n/a,1,"Warehouse Delay"
S000320,O000320,FedEx,n/a,"2025-04-01 23:36:00",2025-04-10,2025-04-11,350,20,Delayed,Pasig,2,"Warehouse Delay"
S000321,O000321,"Ninja Van",n/a,"2022-03-19 02:02:00",2022-03-30,2022-03-28,100,3,Delivered,Caloocan,1,Weather
S000322,O000322,2GO,TRK79150865,"2023-05-19 12:57:00",2023-05-22,2023-05-27,0,0.5,Delayed,Pasig,2,"Address Issue"
S000323,O000323,2GO,n/a,"2024-09-22 03:12:00",2024-09-29,NULL,150,3,Preparing,Taguig,3,n/a
S000324,O000324,DHL,TRK914900194,"2023-09-07 14:41:00",2023-09-10,2023-09-13,0,15,Delayed,"Davao city",2,n/a
S000325,O000325,LBC,TRK751417970,"2023-09-19 19:38:00",2023-09-27,2023-10-03,0,10,Delayed,Manila,1,"Customer Unavailable"
S000326,O000326,"J&T Express",TRK67201579,"2024-03-27 09:11:00",2024-03-30,2024-04-04,500,1,Delayed,Manila,0,"Warehouse Delay"
S000327,O000327,"JRS Express",TRK786910877,"2023-08-11 14:06:00",2023-08-22,NULL,120,15,Preparing,Makati,3,"Carrier Backlog"
S000328,O000328,DHL,TRK55248059,"2022-11-05 16:47:00",2022-11-10,2022-11-10,180,0.5,"Out for Delivery","Quezon city",1,"Warehouse Delay"
S000329,O000329,"JRS Express",TRK270156154,"2023-10-11 02:23:00",2023-10-21,2023-10-20,500,20,Delivered,Iloilo,2,"Address Issue"
S000330,O000330,"JRS Express",n/a,"2022-04-02 20:19:00",2022-04-12,2022-04-19,100,5,Delayed,"Cebu city",1,"Carrier Backlog"
S000331,O000331,"Ninja Van",n/a,"2024-03-30 04:37:00",2024-04-09,2024-04-13,250,1,Delayed,Caloocan,1,"Carrier Backlog"
S000332,O000332,DHL,TRK79469966,"2022-06-08 09:33:00",2022-06-17,2022-06-22,250,0,Delayed,Manila,1,Weather
S000333,O000333,"Ninja Van",n/a,"2024-01-22 18:51:00",2024-01-31,2024-02-05,0,15,Delayed,"Cebu city",3,"Warehouse Delay"
S000334,O000334,LBC,TRK73726393,"2022-01-30 23:50:00",2022-01-31,2022-02-04,100,5,Delayed,Pasig,3,Weather
S000335,O000335,FedEx,TRK636374750,"2023-01-16 06:05:00",NULL,NULL,500,0.5,Preparing,Pasig,3,"Carrier Backlog"
S000336,O000336,"J&T Express",n/a,"2025-09-12 03:54:00",2025-09-15,2025-09-22,350,1,Delayed,Taguig,1,n/a
S000337,O000337,"J&T Express",TRK16987130,"2025-01-31 05:20:00",2025-02-12,2025-02-13,350,5,Delayed,Taguig,3,"Carrier Backlog"
S000338,O000338,2GO,TRK27110231,"2024-12-03 08:28:00",2024-12-11,2024-12-17,80,10,Delayed,Manila,0,Weather
S000339,O000339,LBC,n/a,"2023-03-18 22:29:00",NULL,NULL,250,1,Preparing,"Davao city",0,Weather
S000340,O000340,DHL,TRK97559662,"2022-07-07 05:04:00",2022-07-09,2022-07-15,80,3,Delayed,Pasig,1,Weather
S000341,O000341,"Ninja Van",n/a,"2024-05-07 04:23:00",2024-05-10,2024-05-14,350,0,Delayed,"Quezon city",3,"Warehouse Delay"
S000342,O000342,"J&T Express",n/a,"2024-04-26 12:14:00",2024-05-08,2024-05-10,350,10,Delayed,Taguig,1,"Address Issue"
S000343,O000343,"J&T Express",n/a,"2022-01-07 09:06:00",2022-01-12,2022-01-17,250,20,Delayed,Taguig,1,"Warehouse Delay"
S000344,O000344,"J&T Express",TRK88489006,"2023-08-02 02:13:00",2023-08-12,2023-08-13,500,10,Delayed,Manila,0,"Warehouse Delay"
S000345,O000345,DHL,n/a,"2023-10-13 10:01:00",2023-10-20,2023-10-19,0,0,Delivered,"Quezon city",1,"Customer Unavailable"
S000346,O000346,FedEx,TRK36641691,"2024-05-18 06:58:00",2024-05-27,2024-05-26,150,20,Delivered,"Cebu city",2,"Customer Unavailable"
S000347,O000347,"J&T Express",n/a,"2022-02-21 10:54:00",2022-02-23,2022-02-22,180,5,Delivered,Pasig,2,"Warehouse Delay"
S000348,O000348,2GO,TRK35935504,"2024-06-19 15:43:00",2024-06-25,2024-06-28,250,1,Delayed,Antipolo,1,"Warehouse Delay"
S000349,O000349,2GO,TRK973825276,"2025-11-23 14:08:00",2025-11-25,2025-12-02,100,10,Delayed,"Quezon city",1,"Customer Unavailable"
S000350,O000350,FedEx,TRK62686309,"2025-02-19 08:54:00",2025-02-26,2025-02-26,80,0,"Out for Delivery",Taguig,0,n/a
S000351,O000351,"J&T Express",n/a,"2023-01-11 08:53:00",2023-01-21,2023-01-21,100,0.5,"Out for Delivery",Makati,2,"Customer Unavailable"
S000352,O000352,DHL,TRK663169822,"2025-02-06 00:14:00",2025-02-14,2025-02-15,500,1,Delayed,"Quezon city",1,Weather
S000353,O000353,"JRS Express",TRK317048207,"2025-10-31 23:02:00",2025-11-01,2025-11-06,0,0.5,Delayed,Caloocan,2,n/a
S000354,O000354,Unknown,TRK35025080,"2023-06-22 12:04:00",2023-07-01,2023-07-01,100,5,"Out for Delivery",Manila,1,"Warehouse Delay"
S000355,O000355,LBC,n/a,"2024-07-17 14:45:00",2024-07-20,2024-07-20,250,10,"Out for Delivery",Pasig,1,"Carrier Backlog"
S000356,O000356,"Ninja Van",TRK773335682,"2025-03-21 10:48:00",2025-03-25,2025-03-23,180,2,Delivered,"Quezon city",1,"Address Issue"
S000357,O000357,2GO,TRK404317277,"2024-07-15 11:31:00",2024-07-22,2024-07-27,100,0.5,Delayed,Iloilo,3,Weather
S000358,O000358,LBC,n/a,"2023-10-13 17:17:00",2023-10-15,2023-10-17,180,0,Delayed,Caloocan,1,"Customer Unavailable"
S000359,O000359,DHL,n/a,"2024-02-09 23:16:00",2024-02-18,2024-02-19,150,0,Delayed,Manila,2,"Address Issue"
S000360,O000360,"J&T Express",TRK798588106,"2023-02-11 23:20:00",2023-02-12,2023-02-14,80,2,Delayed,Pasig,1,"Address Issue"
S000361,O000361,FedEx,TRK303743128,"2022-06-29 00:51:00",2022-07-10,NULL,80,0,Preparing,Caloocan,3,"Address Issue"
S000362,O000362,"Ninja Van",n/a,"2025-05-15 10:26:00",2025-05-23,2025-05-27,0,15,Delayed,Caloocan,1,"Warehouse Delay"
S000363,O000363,DHL,n/a,"2025-07-18 23:34:00",NULL,NULL,150,1,Preparing,Caloocan,1,"Warehouse Delay"
S000364,O000364,LBC,n/a,"2023-03-28 11:40:00",2023-04-03,2023-04-04,350,5,Delayed,"Cebu city",3,Weather
S000365,O000365,"JRS Express",n/a,"2024-08-26 11:14:00",2024-09-06,2024-09-04,250,1,Delivered,Taguig,1,"Warehouse Delay"
S000366,O000366,DHL,n/a,"2025-02-01 16:01:00",2025-02-02,NULL,500,2,Preparing,"Quezon city",3,"Address Issue"
S000367,O000367,Unknown,n/a,"2022-10-06 20:08:00",2022-10-14,2022-10-21,0,0,Delayed,Makati,1,"Carrier Backlog"
S000368,O000368,"Ninja Van",TRK61828820,"2025-11-15 18:49:00",2025-11-21,2025-11-23,100,3,Delayed,Makati,3,"Carrier Backlog"
S000369,O000369,DHL,TRK27633391,"2024-04-05 23:28:00",2024-04-09,2024-04-14,0,5,Delayed,Manila,1,"Carrier Backlog"
S000370,O000370,2GO,n/a,"2022-08-27 03:05:00",2022-08-31,2022-08-30,500,2,Delivered,Iloilo,2,"Warehouse Delay"
S000371,O000371,FedEx,n/a,"2024-12-22 19:23:00",2024-12-29,2024-12-29,500,2,"Out for Delivery",Taguig,1,n/a
S000372,O000372,LBC,TRK47418187,"2024-10-17 14:33:00",2024-10-26,2024-10-30,100,5,Delayed,Caloocan,1,"Carrier Backlog"
S000373,O000373,"Ninja Van",TRK974129628,"2025-02-05 18:08:00",2025-02-06,2025-02-12,250,0.5,Delayed,Manila,1,Weather
S000374,O000374,"J&T Express",TRK878800911,"2025-04-30 07:11:00",2025-05-01,2025-04-29,350,20,Delivered,Antipolo,1,"Carrier Backlog"
S000375,O000375,DHL,TRK16123100,"2024-01-05 08:20:00",2024-01-17,2024-01-21,0,0,Delayed,"Cebu city",0,"Address Issue"
S000376,O000376,"J&T Express",n/a,"2024-07-13 17:32:00",2024-07-21,2024-07-25,80,15,Delayed,Pasig,1,"Address Issue"
S000377,O000377,"J&T Express",TRK31713450,"2025-11-12 21:17:00",NULL,NULL,80,10,Preparing,Pasig,1,n/a
S000378,O000378,"JRS Express",n/a,"2025-04-26 22:13:00",2025-04-27,2025-04-29,350,2,Delayed,"Quezon city",1,"Warehouse Delay"
S000379,O000379,2GO,TRK648874017,"2022-12-31 18:51:00",2023-01-02,2023-01-02,100,5,"Out for Delivery",Makati,0,"Address Issue"
S000380,O000380,FedEx,n/a,"2025-02-19 18:03:00",2025-02-27,2025-02-26,100,0,Delivered,Makati,1,"Warehouse Delay"
S000381,O000381,"Ninja Van",n/a,"2022-03-18 06:45:00",2022-03-26,2022-03-30,180,2,Delayed,Taguig,0,"Customer Unavailable"
S000382,O000382,"Ninja Van",TRK631230250,"2025-10-24 17:33:00",2025-11-02,2025-11-08,120,3,Delayed,Antipolo,1,"Customer Unavailable"
S000383,O000383,"Ninja Van",TRK472239255,"2023-01-22 01:49:00",2023-02-02,NULL,250,5,Preparing,n/a,3,n/a
S000384,O000384,LBC,n/a,"2022-01-06 23:36:00",NULL,NULL,100,2,Preparing,Manila,3,"Carrier Backlog"
S000385,O000385,FedEx,n/a,"2023-05-26 04:38:00",2023-06-02,2023-05-31,350,5,Delivered,"Davao city",1,"Warehouse Delay"
S000386,O000386,FedEx,TRK21447271,"2025-10-15 07:26:00",NULL,NULL,150,10,Preparing,Manila,1,Weather
S000387,O000387,"J&T Express",n/a,"2022-10-28 09:02:00",2022-11-03,2022-11-04,500,20,Delayed,Makati,1,Weather
S000388,O000388,"J&T Express",n/a,"2022-02-07 07:30:00",NULL,NULL,180,3,Preparing,Caloocan,3,Weather
S000389,O000389,FedEx,TRK15030042,"2024-03-06 08:05:00",2024-03-14,2024-03-15,150,3,Delayed,Iloilo,1,"Address Issue"
S000390,O000390,"J&T Express",TRK110268648,"2024-06-29 02:19:00",2024-07-04,2024-07-04,80,20,"Out for Delivery","Quezon city",2,"Warehouse Delay"
S000391,O000391,"Ninja Van",TRK602883514,"2022-10-31 11:40:00",2022-11-09,2022-11-14,80,0,Delayed,Taguig,1,"Address Issue"
S000392,O000392,DHL,n/a,"2023-10-01 04:23:00",2023-10-08,2023-10-12,250,2,Delayed,Taguig,2,Weather
S000393,O000393,2GO,TRK496015783,"2022-08-04 09:40:00",2022-08-05,2022-08-05,80,5,"Out for Delivery",Iloilo,3,"Carrier Backlog"
S000394,O000394,"Ninja Van",n/a,"2024-04-19 16:10:00",2024-04-24,2024-04-24,150,20,"Out for Delivery",Taguig,1,"Warehouse Delay"
S000395,O000395,2GO,TRK690090106,"2025-03-28 03:46:00",2025-04-01,2025-04-03,100,1,Delayed,Manila,0,"Warehouse Delay"
S000396,O000396,DHL,TRK99042019,"2023-09-02 17:02:00",2023-09-12,2023-09-15,80,0,Delayed,"Quezon city",3,Weather
S000397,O000397,"J&T Express",TRK39507966,"2023-03-03 03:16:00",2023-03-08,2023-03-08,500,15,"Out for Delivery",Pasig,2,n/a
S000398,O000398,"Ninja Van",TRK39441442,"2025-04-02 08:22:00",2025-04-09,2025-04-10,0,2,Delayed,"Davao city",1,"Warehouse Delay"
S000399,O000399,"JRS Express",TRK12285664,"2025-03-25 11:01:00",2025-04-02,2025-04-01,100,10,Delivered,"Davao city",1,"Address Issue"
S000400,O000400,2GO,TRK974046663,"2023-09-10 10:57:00",2023-09-11,2023-09-10,0,1,Delivered,"Cebu city",1,Weather
S000401,O000401,LBC,TRK90616967,"2022-02-18 22:59:00",2022-02-22,2022-02-26,0,15,Delayed,Pasig,2,"Address Issue"
S000402,O000402,Unknown,TRK62437264,"2022-03-26 12:27:00",2022-04-05,2022-04-07,0,1,Delayed,Manila,1,"Carrier Backlog"
S000403,O000403,2GO,n/a,"2025-10-12 11:14:00",2025-10-14,2025-10-15,250,15,Delayed,Makati,1,"Address Issue"
S000404,O000404,DHL,TRK399291739,"2023-04-21 04:22:00",2023-05-03,NULL,0,10,Preparing,"Davao city",0,n/a
S000405,O000405,LBC,n/a,"2022-02-03 17:41:00",2022-02-04,NULL,500,0.5,Preparing,"Quezon city",1,n/a
S000406,O000406,LBC,n/a,"2023-10-26 21:02:00",2023-10-28,2023-10-27,80,2,Delivered,"Davao city",2,n/a
S000407,O000407,"JRS Express",TRK196861597,"2022-02-27 21:12:00",2022-03-09,2022-03-08,250,0,Delivered,Makati,1,n/a
S000408,O000408,LBC,n/a,"2022-08-14 21:09:00",2022-08-19,NULL,0,10,Returned,Manila,2,"Customer Unavailable"
S000409,O000409,2GO,TRK359869828,"2024-12-24 15:18:00",2025-01-05,2025-01-06,100,10,Delayed,Antipolo,3,"Address Issue"
S000410,O000410,FedEx,TRK701236346,"2022-04-16 09:59:00",2022-04-27,NULL,500,5,Preparing,Iloilo,0,n/a
S000411,O000411,FedEx,TRK776834902,"2024-11-04 20:18:00",2024-11-15,2024-11-21,80,10,Delayed,"Davao city",2,"Warehouse Delay"
S000412,O000412,DHL,TRK453310389,"2025-07-28 22:18:00",2025-08-04,2025-08-07,350,0,Delayed,Makati,3,n/a
S000413,O000413,FedEx,n/a,"2025-03-16 00:09:00",2025-03-26,2025-03-28,180,0.5,Delayed,Iloilo,3,"Warehouse Delay"
S000414,O000414,"Ninja Van",TRK503214401,"2022-06-09 06:00:00",NULL,NULL,500,0.5,Returned,"Quezon city",0,"Customer Unavailable"
S000415,O000415,LBC,TRK18951885,"2025-10-25 07:43:00",2025-11-04,2025-11-06,150,15,Delayed,Antipolo,0,"Customer Unavailable"
S000416,O000416,2GO,TRK35208482,"2023-02-07 07:30:00",NULL,NULL,150,10,Preparing,Antipolo,2,Weather
S000417,O000417,"Ninja Van",TRK785744889,"2023-05-02 10:42:00",2023-05-06,NULL,0,10,Preparing,"Davao city",1,Weather
S000418,O000418,"JRS Express",TRK32102375,"2022-10-26 16:26:00",2022-11-07,2022-11-07,120,10,"Out for Delivery",Antipolo,1,n/a
S000419,O000419,FedEx,n/a,"2022-06-02 16:05:00",2022-06-06,2022-06-13,100,1,Delayed,Makati,2,n/a
S000420,O000420,FedEx,TRK14625063,"2024-08-01 22:14:00",2024-08-09,2024-08-12,350,10,Delayed,Iloilo,3,"Address Issue"
S000421,O000421,FedEx,TRK19851441,"2024-04-12 17:06:00",2024-04-19,2024-04-21,100,2,Delayed,Pasig,3,Weather
S000422,O000422,"JRS Express",TRK29737214,"2024-05-17 16:16:00",2024-05-25,2024-05-23,250,0,Delivered,Antipolo,1,Weather
S000423,O000423,LBC,n/a,"2025-08-07 00:56:00",2025-08-11,2025-08-10,150,0,Delivered,Antipolo,1,"Warehouse Delay"
S000424,O000424,"J&T Express",n/a,"2025-03-18 02:57:00",2025-03-26,2025-03-29,100,1,Delayed,n/a,1,Weather
S000425,O000425,2GO,TRK187540459,"2025-10-05 07:26:00",2025-10-07,2025-10-08,120,2,Delayed,"Quezon city",0,"Carrier Backlog"
S000426,O000426,"Ninja Van",TRK53677734,"2022-12-19 21:38:00",2022-12-27,NULL,250,1,Returned,Taguig,2,"Customer Unavailable"
S000427,O000427,DHL,TRK62441571,"2024-06-18 17:59:00",2024-06-20,NULL,500,20,Preparing,"Davao city",1,"Warehouse Delay"
S000428,O000428,"Ninja Van",TRK43161879,"2024-03-14 15:37:00",2024-03-24,2024-03-24,80,0.5,"Out for Delivery",Manila,1,"Carrier Backlog"
S000429,O000429,FedEx,n/a,"2022-01-07 07:58:00",2022-01-14,2022-01-16,250,10,Delayed,Pasig,0,"Carrier Backlog"
S000430,O000430,2GO,n/a,"2023-03-03 12:58:00",2023-03-05,NULL,80,2,Preparing,Manila,3,"Carrier Backlog"
S000431,O000431,DHL,n/a,"2022-05-23 22:51:00",2022-06-04,2022-06-04,500,15,"Out for Delivery",Caloocan,2,"Carrier Backlog"
S000432,O000432,"J&T Express",TRK49542771,"2025-02-20 17:23:00",2025-03-02,2025-02-28,250,5,Delivered,Pasig,3,"Address Issue"
S000433,O000433,2GO,TRK76674760,"2024-09-22 04:58:00",2024-09-29,2024-10-01,350,0.5,Delayed,"Quezon city",0,"Address Issue"
S000434,O000434,DHL,TRK89606933,"2023-12-22 16:35:00",2023-12-25,NULL,0,0.5,Preparing,Pasig,1,n/a
S000435,O000435,DHL,TRK848335225,"2024-12-13 05:09:00",2024-12-20,2024-12-27,150,3,Delayed,"Davao city",3,n/a
S000436,O000436,2GO,n/a,"2024-10-09 07:59:00",2024-10-12,2024-10-14,350,3,Delayed,Makati,0,"Warehouse Delay"
S000437,O000437,"Ninja Van",TRK51291436,"2025-04-16 19:50:00",2025-04-28,2025-05-03,250,2,Delayed,Makati,0,"Warehouse Delay"
S000438,O000438,2GO,n/a,"2025-12-29 07:00:00",2025-12-30,2026-01-03,150,15,Delayed,"Cebu city",1,n/a
S000439,O000439,LBC,n/a,"2022-08-14 00:04:00",2022-08-24,2022-08-29,120,15,Delayed,Manila,1,"Customer Unavailable"
S000440,O000440,"J&T Express",n/a,"2023-07-04 05:36:00",2023-07-09,NULL,250,2,Returned,"Cebu city",0,"Customer Unavailable"
S000441,O000441,"JRS Express",TRK559063773,"2023-07-13 21:16:00",2023-07-21,2023-07-21,120,2,"Out for Delivery",Antipolo,2,"Carrier Backlog"
S000442,O000442,DHL,TRK240150155,"2024-08-23 11:18:00",2024-09-01,2024-09-01,250,0,"Out for Delivery","Davao city",1,"Address Issue"
S000443,O000443,DHL,TRK126347478,"2022-02-22 13:51:00",2022-03-04,2022-03-07,120,15,Delayed,Makati,1,"Carrier Backlog"
S000444,O000444,"JRS Express",TRK601311349,"2022-06-27 19:39:00",2022-06-30,2022-07-03,120,0,Delayed,Pasig,1,"Warehouse Delay"
S000445,O000445,FedEx,n/a,"2024-05-19 00:54:00",2024-05-27,2024-05-28,120,1,Delayed,Caloocan,2,n/a
S000446,O000446,2GO,TRK944498037,"2025-10-10 23:09:00",2025-10-17,2025-10-16,180,2,Delivered,"Quezon city",3,Weather
S000447,O000447,"Ninja Van",TRK55688001,"2023-04-25 07:11:00",2023-05-07,2023-05-10,150,0.5,Delayed,Antipolo,2,"Customer Unavailable"
S000448,O000448,"J&T Express",TRK90954026,"2025-09-29 11:09:00",NULL,NULL,250,0.5,Preparing,Taguig,1,"Address Issue"
S000449,O000449,DHL,TRK12394710,"2024-08-23 08:23:00",2024-09-03,NULL,180,3,Preparing,Manila,1,n/a
S000450,O000450,DHL,TRK76074636,"2025-08-10 00:17:00",2025-08-17,2025-08-24,120,0,Delayed,Caloocan,1,Weather
S000451,O000451,"J&T Express",n/a,"2024-12-05 13:55:00",2024-12-15,NULL,180,2,Returned,"Cebu city",0,"Customer Unavailable"
S000452,O000452,"Ninja Van",TRK20326430,"2023-09-15 15:23:00",NULL,NULL,180,0,Preparing,Makati,3,Weather
S000453,O000453,FedEx,TRK828658872,"2024-07-18 01:52:00",2024-07-22,2024-07-26,500,5,Delayed,"Cebu city",1,"Customer Unavailable"
S000454,O000454,FedEx,TRK648784576,"2025-01-11 03:42:00",2025-01-18,2025-01-20,150,0.5,Delayed,Taguig,3,"Carrier Backlog"
S000455,O000455,LBC,n/a,"2022-01-28 08:12:00",2022-02-06,2022-02-08,180,10,Delayed,Makati,0,n/a
S000456,O000456,"Ninja Van",TRK554615350,"2025-07-03 21:50:00",2025-07-09,2025-07-11,180,0,Delayed,"Quezon city",1,n/a
S000457,O000457,"JRS Express",TRK983812659,"2022-03-24 17:21:00",2022-03-31,2022-04-01,250,5,Delayed,Pasig,2,Weather
S000458,O000458,DHL,TRK436508592,"2024-05-06 07:30:00",2024-05-10,2024-05-14,250,3,Delayed,Makati,1,n/a
S000459,O000459,Unknown,TRK300215133,"2023-10-23 06:46:00",2023-11-04,2023-11-04,120,2,"Out for Delivery",Manila,1,"Address Issue"
S000460,O000460,"Ninja Van",TRK50000731,"2025-02-06 13:26:00",2025-02-08,2025-02-12,180,1,Delayed,n/a,1,n/a
S000461,O000461,"Ninja Van",TRK53512699,"2022-01-09 07:34:00",2022-01-11,NULL,150,3,Preparing,Makati,3,n/a
S000462,O000462,Unknown,TRK244990181,"2025-10-23 03:27:00",2025-11-03,NULL,120,5,Returned,Caloocan,3,"Customer Unavailable"
S000463,O000463,2GO,TRK275491487,"2024-11-18 18:57:00",NULL,NULL,350,3,Preparing,Pasig,1,"Warehouse Delay"
S000464,O000464,"JRS Express",TRK575651985,"2024-12-29 20:36:00",2025-01-07,2025-01-07,500,0,"Out for Delivery",Manila,1,"Customer Unavailable"
S000465,O000465,"J&T Express",n/a,"2023-09-06 06:00:00",2023-09-18,NULL,500,2,Preparing,Manila,1,Weather
S000466,O000466,"J&T Express",TRK904726517,"2024-11-16 05:21:00",2024-11-27,2024-12-03,80,5,Delayed,Caloocan,1,"Warehouse Delay"
S000467,O000467,LBC,TRK21513738,"2024-01-04 19:47:00",2024-01-10,NULL,500,20,Returned,Makati,2,"Customer Unavailable"
S000468,O000468,"Ninja Van",n/a,"2022-06-10 07:36:00",2022-06-15,2022-06-15,80,0.5,"Out for Delivery",Makati,1,"Carrier Backlog"
S000469,O000469,2GO,TRK23529413,"2023-04-27 08:38:00",2023-04-28,2023-05-05,80,5,Delayed,Taguig,3,Weather
S000470,O000470,2GO,TRK699609013,"2024-03-06 15:42:00",2024-03-11,2024-03-12,500,3,Delayed,Manila,1,Weather
S000471,O000471,LBC,TRK69520627,"2024-12-15 20:23:00",2024-12-19,2024-12-21,120,0,Delayed,Makati,1,"Carrier Backlog"
S000472,O000472,LBC,TRK539382557,"2023-09-24 12:51:00",2023-09-27,2023-10-02,120,1,Delayed,"Quezon city",1,"Carrier Backlog"
S000473,O000473,2GO,n/a,"2023-12-08 14:27:00",2023-12-15,2023-12-20,0,0.5,Delayed,Caloocan,0,Weather
S000474,O000474,"Ninja Van",n/a,"2022-10-24 23:01:00",2022-11-03,2022-11-09,80,15,Delayed,Antipolo,2,"Address Issue"
S000475,O000475,DHL,TRK587033698,"2023-12-12 21:34:00",2023-12-14,NULL,150,0.5,Preparing,Antipolo,3,"Carrier Backlog"
S000476,O000476,2GO,n/a,"2024-07-26 05:54:00",2024-08-02,2024-08-08,0,2,Delayed,Iloilo,2,"Address Issue"
S000477,O000477,LBC,n/a,"2024-12-28 19:16:00",2025-01-03,2025-01-09,150,2,Delayed,Antipolo,1,Weather
S000478,O000478,"JRS Express",TRK22306920,"2025-04-14 07:47:00",2025-04-17,2025-04-21,500,0.5,Delayed,"Quezon city",1,"Warehouse Delay"
S000479,O000479,"J&T Express",TRK65145871,"2022-06-25 21:20:00",2022-07-04,2022-07-02,350,5,Delivered,"Cebu city",1,n/a
S000480,O000480,"Ninja Van",TRK971433541,"2025-10-01 13:44:00",2025-10-09,2025-10-11,350,0,Delayed,"Quezon city",1,"Warehouse Delay"
S000481,O000481,LBC,n/a,"2025-11-27 04:29:00",2025-11-28,2025-12-05,0,5,Delayed,"Quezon city",1,"Carrier Backlog"
S000482,O000482,DHL,n/a,"2024-11-15 17:48:00",2024-11-24,2024-11-29,0,20,Delayed,Taguig,3,"Address Issue"
S000483,O000483,"J&T Express",n/a,"2025-07-27 23:52:00",2025-08-07,2025-08-07,0,0,"Out for Delivery","Davao city",2,Weather
S000484,O000484,LBC,TRK558468999,"2025-09-01 02:47:00",2025-09-02,NULL,0,20,Returned,Caloocan,1,"Customer Unavailable"
S000485,O000485,DHL,TRK24563849,"2024-10-06 01:58:00",2024-10-18,2024-10-16,80,3,Delivered,Makati,2,"Customer Unavailable"
S000486,O000486,"Ninja Van",TRK36983033,"2025-04-06 03:47:00",2025-04-10,2025-04-09,180,3,Delivered,Taguig,1,Weather
S000487,O000487,"Ninja Van",TRK493836812,"2024-09-07 01:38:00",2024-09-16,NULL,500,0.5,Returned,Antipolo,1,"Customer Unavailable"
S000488,O000488,"JRS Express",TRK11627395,"2024-10-08 17:43:00",2024-10-15,2024-10-22,100,0,Delayed,Iloilo,1,"Address Issue"
S000489,O000489,FedEx,TRK58030167,"2024-08-03 22:32:00",2024-08-14,2024-08-21,180,15,Delayed,"Cebu city",1,"Customer Unavailable"
S000490,O000490,"JRS Express",TRK353784166,"2025-08-07 19:29:00",2025-08-12,NULL,250,0,Preparing,"Davao city",2,"Address Issue"
S000491,O000491,"JRS Express",TRK78886920,"2022-09-20 23:15:00",2022-09-30,NULL,180,15,Preparing,"Davao city",3,"Warehouse Delay"
S000492,O000492,2GO,TRK833305070,"2022-03-14 19:13:00",2022-03-17,2022-03-20,500,0,Delayed,Iloilo,1,Weather
S000493,O000493,"J&T Express",TRK658866898,"2022-10-17 11:12:00",2022-10-28,NULL,80,10,Preparing,Iloilo,2,"Address Issue"
S000494,O000494,"Ninja Van",n/a,"2025-12-23 22:03:00",2026-01-01,2026-01-02,0,1,Delayed,Makati,1,"Customer Unavailable"
S000495,O000495,LBC,TRK404325542,"2025-05-30 16:04:00",2025-06-10,2025-06-12,500,2,Delayed,Taguig,1,"Carrier Backlog"
S000496,O000496,LBC,n/a,"2023-10-11 11:08:00",2023-10-16,2023-10-23,250,2,Delayed,Taguig,1,"Customer Unavailable"
S000497,O000497,FedEx,TRK45648426,"2024-01-31 20:12:00",2024-02-07,2024-02-13,80,0.5,Delayed,Pasig,1,n/a
S000498,O000498,LBC,n/a,"2024-04-30 01:29:00",2024-05-11,NULL,350,3,Preparing,Iloilo,1,"Carrier Backlog"
S000499,O000499,"JRS Express",TRK44926460,"2024-12-26 18:42:00",2024-12-30,2025-01-05,100,0.5,Delayed,Antipolo,0,"Customer Unavailable"
S000500,O000500,DHL,n/a,"2025-03-18 18:06:00",NULL,NULL,100,0.5,Preparing,Taguig,3,n/a
S000501,O000501,"JRS Express",n/a,"2022-12-23 01:00:00",NULL,NULL,350,0,Preparing,Taguig,3,Weather
S000502,O000502,2GO,n/a,"2022-07-23 04:19:00",2022-07-25,2022-08-01,0,5,Delayed,Taguig,1,"Address Issue"
S000503,O000503,2GO,TRK958353257,"2025-06-24 00:33:00",2025-06-28,2025-06-27,180,1,Delivered,Antipolo,2,n/a
S000504,O000504,2GO,TRK91270009,"2023-04-09 15:02:00",2023-04-18,NULL,0,0,Preparing,Manila,1,Weather
S000505,O000505,DHL,n/a,"2023-03-07 22:26:00",2023-03-08,2023-03-12,120,3,Delayed,"Davao city",3,"Warehouse Delay"
S000506,O000506,"J&T Express",n/a,"2025-01-14 23:01:00",2025-01-26,2025-01-28,500,5,Delayed,"Davao city",3,n/a
S000507,O000507,"Ninja Van",TRK88442361,"2022-10-23 05:40:00",2022-10-25,NULL,350,1,Preparing,Antipolo,1,"Warehouse Delay"
S000508,O000508,DHL,TRK14532940,"2025-09-05 06:52:00",2025-09-13,NULL,120,3,Preparing,Caloocan,0,n/a
S000509,O000509,FedEx,TRK16516564,"2025-07-11 06:34:00",2025-07-23,2025-07-27,120,0,Delayed,"Quezon city",3,"Carrier Backlog"
S000510,O000510,2GO,TRK57869075,"2024-07-13 13:24:00",2024-07-19,NULL,180,5,Preparing,Manila,2,"Carrier Backlog"
S000511,O000511,Unknown,TRK791195431,"2025-11-22 04:24:00",2025-11-29,2025-12-02,350,0,Delayed,"Quezon city",1,"Warehouse Delay"
S000512,O000512,LBC,TRK856693668,"2025-07-15 15:35:00",2025-07-26,NULL,180,10,Preparing,Taguig,1,"Address Issue"
S000513,O000513,FedEx,TRK94945126,"2022-10-08 20:11:00",2022-10-12,2022-10-17,250,2,Delayed,"Davao city",1,"Carrier Backlog"
S000514,O000514,FedEx,TRK21973870,"2023-05-23 10:34:00",2023-05-28,2023-05-29,150,10,Delayed,"Davao city",1,"Carrier Backlog"
S000515,O000515,"Ninja Van",n/a,"2024-10-13 20:45:00",2024-10-14,2024-10-17,150,0,Delayed,Iloilo,1,"Carrier Backlog"
S000516,O000516,"JRS Express",TRK85386703,"2023-10-03 17:08:00",2023-10-12,NULL,150,0,Preparing,Iloilo,1,n/a
S000517,O000517,"Ninja Van",TRK925770065,"2025-11-10 14:04:00",2025-11-12,2025-11-18,150,5,Delayed,"Cebu city",0,"Carrier Backlog"
S000518,O000518,LBC,TRK137999194,"2024-07-21 18:56:00",2024-07-27,2024-08-03,0,0.5,Delayed,"Davao city",1,"Carrier Backlog"
S000519,O000519,LBC,n/a,"2022-08-07 22:57:00",NULL,NULL,180,5,Preparing,"Cebu city",2,"Warehouse Delay"
S000520,O000520,"Ninja Van",TRK214751956,"2024-03-08 00:17:00",2024-03-17,NULL,120,15,Preparing,Pasig,2,Weather
S000521,O000521,FedEx,n/a,"2023-05-30 12:00:00",2023-06-03,2023-06-04,250,15,Delayed,Antipolo,1,"Warehouse Delay"
S000522,O000522,"Ninja Van",n/a,"2022-02-16 05:29:00",2022-02-18,NULL,250,15,Returned,Taguig,0,"Customer Unavailable"
S000523,O000523,LBC,TRK67869873,"2022-11-20 09:17:00",2022-11-23,NULL,0,3,Preparing,Caloocan,1,"Carrier Backlog"
S000524,O000524,"Ninja Van",n/a,"2022-01-05 13:08:00",2022-01-16,2022-01-14,500,1,Delivered,Taguig,1,"Warehouse Delay"
S000525,O000525,FedEx,n/a,"2023-01-24 08:19:00",2023-02-03,2023-02-02,100,5,Delivered,"Davao city",2,"Carrier Backlog"
S000526,O000526,DHL,TRK28352423,"2022-05-03 21:19:00",2022-05-09,2022-05-12,180,15,Delayed,Antipolo,1,"Customer Unavailable"
S000527,O000527,FedEx,TRK152156808,"2024-01-16 22:12:00",2024-01-21,NULL,180,2,Preparing,Taguig,1,n/a
S000528,O000528,FedEx,n/a,"2024-04-07 03:28:00",NULL,NULL,150,10,Preparing,Makati,1,Weather
S000529,O000529,"JRS Express",TRK51087160,"2023-08-08 11:56:00",2023-08-20,NULL,250,15,Preparing,Caloocan,2,"Warehouse Delay"
S000530,O000530,"Ninja Van",n/a,"2022-11-11 09:43:00",2022-11-18,2022-11-22,180,1,Delayed,Caloocan,0,"Warehouse Delay"
S000531,O000531,DHL,TRK11011735,"2026-01-12 02:16:00",2026-01-21,2026-01-24,350,10,Delayed,Manila,1,"Carrier Backlog"
S000532,O000532,"Ninja Van",TRK22484565,"2023-09-23 18:23:00",2023-10-01,2023-10-05,120,0.5,Delayed,Taguig,2,Weather
S000533,O000533,"JRS Express",n/a,"2022-05-03 16:10:00",2022-05-12,NULL,250,0.5,Preparing,Caloocan,0,"Carrier Backlog"
S000534,O000534,FedEx,n/a,"2023-03-23 09:34:00",2023-03-26,2023-03-24,500,20,Delivered,"Davao city",0,"Address Issue"
S000535,O000535,2GO,n/a,"2025-12-13 19:23:00",2025-12-21,2025-12-19,150,15,Delivered,Caloocan,3,n/a
S000536,O000536,"J&T Express",TRK54549325,"2024-04-29 06:58:00",2024-05-01,2024-05-03,0,20,Delayed,"Quezon city",3,"Carrier Backlog"
S000537,O000537,LBC,TRK944444482,"2025-09-26 09:06:00",2025-09-28,2025-09-27,350,10,Delivered,"Quezon city",1,Weather
S000538,O000538,"JRS Express",TRK43305740,"2024-03-06 14:27:00",2024-03-08,2024-03-06,500,2,Delivered,Taguig,2,"Address Issue"
S000539,O000539,Unknown,n/a,"2023-06-27 22:57:00",2023-06-30,2023-06-28,80,5,Delivered,"Quezon city",3,n/a
S000540,O000540,LBC,TRK561951316,"2025-10-05 21:05:00",2025-10-15,2025-10-15,0,0,"Out for Delivery",Antipolo,0,"Warehouse Delay"
S000541,O000541,"J&T Express",TRK69040447,"2024-07-29 18:25:00",2024-08-08,2024-08-14,80,20,Delayed,Caloocan,1,"Warehouse Delay"
S000542,O000542,"J&T Express",TRK73004940,"2023-03-14 07:09:00",2023-03-23,2023-03-22,350,5,Delivered,Manila,2,"Customer Unavailable"
S000543,O000543,"Ninja Van",TRK220069686,"2022-04-21 03:42:00",2022-04-25,2022-04-23,350,20,Delivered,Caloocan,1,"Customer Unavailable"
S000544,O000544,"J&T Express",n/a,"2025-12-26 05:34:00",2026-01-01,2026-01-06,100,5,Delayed,Taguig,0,"Address Issue"
S000545,O000545,LBC,TRK717497540,"2023-12-23 10:18:00",2023-12-27,2024-01-03,250,1,Delayed,"Davao city",1,"Warehouse Delay"
S000546,O000546,FedEx,TRK39699476,"2022-09-20 09:34:00",NULL,NULL,180,10,Returned,Iloilo,1,"Customer Unavailable"
S000547,O000547,"J&T Express",TRK54169459,"2025-01-02 14:46:00",2025-01-11,NULL,150,0,Preparing,n/a,1,"Warehouse Delay"
S000548,O000548,LBC,TRK92518831,"2025-03-01 07:26:00",2025-03-06,2025-03-12,500,10,Delayed,Taguig,2,"Warehouse Delay"
S000549,O000549,"J&T Express",n/a,"2022-09-30 22:00:00",2022-10-01,2022-10-05,500,10,Delayed,"Davao city",3,"Address Issue"
S000550,O000550,2GO,TRK196184868,"2022-11-15 21:36:00",2022-11-25,2022-12-02,180,5,Delayed,"Cebu city",1,"Customer Unavailable"
S000551,O000551,2GO,n/a,"2025-01-20 08:19:00",2025-01-21,2025-01-24,100,15,Delayed,"Davao city",2,"Address Issue"
S000552,O000552,"Ninja Van",n/a,"2024-12-25 12:50:00",2024-12-31,2024-12-29,180,3,Delivered,"Cebu city",0,n/a
S000553,O000553,"JRS Express",TRK712419819,"2025-08-14 00:09:00",2025-08-15,NULL,100,15,Preparing,Taguig,2,Weather
S000554,O000554,DHL,TRK993360661,"2025-06-15 09:27:00",2025-06-23,2025-06-26,250,1,Delayed,"Cebu city",3,n/a
S000555,O000555,"JRS Express",n/a,"2024-04-24 23:17:00",NULL,NULL,350,15,Preparing,Antipolo,1,Weather
S000556,O000556,"J&T Express",TRK36083019,"2023-05-08 16:16:00",2023-05-09,2023-05-09,250,3,"Out for Delivery","Cebu city",3,"Address Issue"
S000557,O000557,2GO,n/a,"2023-09-21 13:21:00",2023-09-30,2023-10-01,80,3,Delayed,Makati,1,"Warehouse Delay"
S000558,O000558,DHL,TRK39226424,"2024-11-11 13:29:00",2024-11-22,2024-11-24,120,15,Delayed,Iloilo,1,n/a
S000559,O000559,"Ninja Van",TRK904728883,"2023-01-05 08:54:00",2023-01-12,2023-01-15,350,2,Delayed,"Quezon city",0,"Warehouse Delay"
S000560,O000560,"J&T Express",TRK37900135,"2025-01-19 14:33:00",2025-01-24,2025-01-27,0,3,Delayed,Caloocan,1,"Customer Unavailable"
S000561,O000561,FedEx,TRK69696270,"2023-05-26 15:53:00",2023-05-28,2023-06-03,500,1,Delayed,Makati,1,Weather
S000562,O000562,"Ninja Van",TRK148307945,"2023-03-05 23:26:00",2023-03-13,2023-03-18,150,1,Delayed,Antipolo,2,n/a
S000563,O000563,FedEx,TRK463291517,"2023-02-24 04:42:00",2023-03-04,2023-03-06,0,5,Delayed,Iloilo,1,"Warehouse Delay"
S000564,O000564,"J&T Express",TRK20557509,"2025-07-01 00:43:00",2025-07-02,NULL,0,20,Preparing,Pasig,1,n/a
S000565,O000565,Unknown,n/a,"2022-08-09 19:32:00",2022-08-10,2022-08-08,350,1,Delivered,Caloocan,1,"Warehouse Delay"
S000566,O000566,DHL,TRK32702231,"2025-11-07 16:50:00",2025-11-16,2025-11-17,500,15,Delayed,Iloilo,0,"Customer Unavailable"
S000567,O000567,"JRS Express",TRK489501475,"2024-12-15 20:57:00",2024-12-16,2024-12-16,250,0,"Out for Delivery",Manila,3,"Address Issue"
S000568,O000568,FedEx,TRK815460094,"2025-12-29 15:20:00",2026-01-02,2026-01-08,120,5,Delayed,"Cebu city",0,"Address Issue"
S000569,O000569,"JRS Express",TRK23614107,"2025-07-17 19:29:00",2025-07-24,2025-07-24,350,0,"Out for Delivery","Davao city",1,n/a
S000570,O000570,"J&T Express",TRK615345049,"2025-05-20 08:16:00",2025-05-21,2025-05-22,500,1,Delayed,"Cebu city",1,n/a
S000571,O000571,"Ninja Van",TRK60858416,"2023-02-25 00:20:00",2023-02-26,2023-03-03,120,15,Delayed,Iloilo,0,"Carrier Backlog"
S000572,O000572,FedEx,TRK95136706,"2024-03-11 11:05:00",2024-03-14,NULL,150,0.5,Preparing,"Quezon city",1,Weather
S000573,O000573,"JRS Express",n/a,"2024-11-15 02:28:00",2024-11-18,2024-11-16,80,2,Delivered,Pasig,1,"Address Issue"
S000574,O000574,"JRS Express",TRK45022284,"2023-11-24 14:58:00",2023-11-28,2023-12-02,500,0.5,Delayed,Antipolo,1,"Carrier Backlog"
S000575,O000575,"J&T Express",TRK941294174,"2025-01-30 16:04:00",2025-02-01,2025-02-02,120,15,Delayed,Caloocan,1,"Customer Unavailable"
S000576,O000576,FedEx,TRK62058420,"2023-05-30 21:39:00",2023-06-06,2023-06-09,500,3,Delayed,Iloilo,1,"Carrier Backlog"
S000577,O000577,"JRS Express",TRK865519699,"2023-01-23 05:44:00",2023-01-28,2023-01-28,150,15,"Out for Delivery",Manila,1,"Carrier Backlog"
S000578,O000578,FedEx,n/a,"2022-05-21 08:00:00",2022-05-29,2022-05-31,350,5,Delayed,"Cebu city",1,"Carrier Backlog"
S000579,O000579,"J&T Express",n/a,"2025-10-12 14:21:00",2025-10-16,2025-10-16,180,5,"Out for Delivery","Davao city",1,"Customer Unavailable"
S000580,O000580,"JRS Express",TRK454983553,"2023-03-21 17:04:00",2023-04-02,NULL,250,20,Returned,Iloilo,3,"Customer Unavailable"
S000581,O000581,LBC,n/a,"2022-01-25 21:21:00",2022-02-03,2022-02-04,100,0,Delayed,Iloilo,1,"Address Issue"
S000582,O000582,"Ninja Van",n/a,"2024-12-30 07:13:00",2025-01-09,2025-01-07,150,15,Delivered,Iloilo,2,"Address Issue"
S000583,O000583,2GO,TRK371507178,"2025-08-15 23:30:00",2025-08-22,2025-08-22,80,2,"Out for Delivery",Makati,1,n/a
S000584,O000584,2GO,TRK74995224,"2022-05-21 00:13:00",2022-05-31,2022-06-02,120,15,Delayed,Caloocan,3,"Address Issue"
S000585,O000585,"J&T Express",TRK41533938,"2023-01-21 06:04:00",2023-01-25,2023-01-30,500,20,Delayed,Antipolo,1,"Customer Unavailable"
S000586,O000586,"Ninja Van",TRK45247315,"2025-07-11 21:23:00",2025-07-14,2025-07-12,80,5,Delivered,"Cebu city",0,Weather
S000587,O000587,2GO,n/a,"2023-08-15 23:32:00",2023-08-22,2023-08-23,250,3,Delayed,n/a,3,"Carrier Backlog"
S000588,O000588,LBC,TRK71048148,"2023-08-25 15:18:00",2023-08-29,2023-08-28,500,1,Delivered,"Cebu city",2,"Address Issue"
S000589,O000589,2GO,TRK580779448,"2024-04-10 22:23:00",2024-04-17,2024-04-15,500,20,Delivered,Antipolo,1,"Carrier Backlog"
S000590,O000590,"J&T Express",n/a,"2024-04-09 05:39:00",2024-04-10,2024-04-15,120,0,Delayed,Taguig,2,Weather
S000591,O000591,"Ninja Van",n/a,"2025-03-09 09:43:00",2025-03-12,2025-03-10,350,0.5,Delivered,"Cebu city",1,"Customer Unavailable"
S000592,O000592,"J&T Express",TRK20653162,"2022-04-09 13:02:00",2022-04-12,2022-04-16,500,5,Delayed,"Quezon city",0,"Customer Unavailable"
S000593,O000593,FedEx,n/a,"2025-04-17 02:32:00",2025-04-20,2025-04-24,180,2,Delayed,Makati,2,"Address Issue"
S000594,O000594,2GO,TRK630270295,"2022-04-21 10:53:00",NULL,NULL,120,0.5,Returned,Pasig,1,"Customer Unavailable"
S000595,O000595,2GO,TRK30403300,"2025-06-16 22:31:00",2025-06-20,NULL,120,0.5,Preparing,Antipolo,0,Weather
S000596,O000596,"JRS Express",TRK124218686,"2026-01-08 15:12:00",2026-01-11,2026-01-14,500,0,Delayed,Makati,1,"Address Issue"
S000597,O000597,DHL,n/a,"2022-08-26 04:26:00",2022-09-03,2022-09-09,0,5,Delayed,Antipolo,2,n/a
S000598,O000598,LBC,n/a,"2024-08-05 13:16:00",2024-08-17,2024-08-18,180,1,Delayed,"Quezon city",1,"Warehouse Delay"
S000599,O000599,FedEx,TRK82648476,"2024-03-07 14:22:00",2024-03-19,NULL,250,0,Preparing,Pasig,1,n/a
S000600,O000600,2GO,TRK226263656,"2023-01-16 13:23:00",2023-01-28,2023-02-02,80,3,Delayed,Iloilo,3,n/a
S000601,O000601,LBC,TRK400631855,"2023-11-02 21:22:00",2023-11-10,2023-11-14,80,15,Delayed,Caloocan,1,"Carrier Backlog"
S000602,O000602,DHL,TRK67205333,"2022-02-02 11:30:00",2022-02-08,2022-02-15,0,1,Delayed,"Davao city",3,n/a
S000603,O000603,"J&T Express",TRK34786839,"2025-09-04 15:55:00",2025-09-10,2025-09-13,250,10,Delayed,Taguig,1,Weather
S000604,O000604,FedEx,TRK89662944,"2023-04-05 04:34:00",2023-04-12,2023-04-11,120,0.5,Delivered,Manila,3,n/a
S000605,O000605,2GO,n/a,"2024-04-06 13:23:00",2024-04-11,2024-04-09,100,3,Delivered,Manila,2,Weather
S000606,O000606,DHL,TRK247393882,"2023-10-04 16:29:00",2023-10-11,2023-10-10,180,10,Delivered,"Cebu city",3,Weather
S000607,O000607,Unknown,TRK55594459,"2025-08-01 18:31:00",2025-08-07,2025-08-13,150,10,Delayed,"Quezon city",0,"Warehouse Delay"
S000608,O000608,"Ninja Van",TRK461265402,"2022-11-05 20:56:00",2022-11-14,2022-11-17,150,0,Delayed,Pasig,3,"Warehouse Delay"
S000609,O000609,"Ninja Van",TRK24203688,"2022-08-31 15:53:00",2022-09-06,NULL,180,0.5,Preparing,"Quezon city",0,n/a
S000610,O000610,LBC,TRK460301489,"2022-04-06 22:26:00",2022-04-11,2022-04-09,150,3,Delivered,Pasig,1,"Warehouse Delay"
S000611,O000611,"J&T Express",n/a,"2025-01-08 17:51:00",2025-01-10,2025-01-13,150,5,Delayed,"Davao city",0,Weather
S000612,O000612,DHL,TRK666014104,"2023-12-06 22:29:00",2023-12-10,2023-12-13,250,5,Delayed,Antipolo,1,n/a
S000613,O000613,Unknown,TRK76981125,"2025-04-10 22:14:00",2025-04-19,2025-04-25,120,2,Delayed,Iloilo,3,n/a
S000614,O000614,2GO,TRK499120391,"2025-08-14 06:52:00",2025-08-26,2025-08-24,0,15,Delivered,Iloilo,0,Weather
S000615,O000615,DHL,TRK23251039,"2024-11-18 03:42:00",2024-11-21,2024-11-27,80,0.5,Delayed,Pasig,1,n/a
S000616,O000616,"Ninja Van",n/a,"2023-01-04 17:39:00",2023-01-15,NULL,500,0.5,Returned,"Davao city",3,"Customer Unavailable"
S000617,O000617,FedEx,TRK36071982,"2022-05-19 08:07:00",2022-05-28,NULL,350,20,Returned,Makati,2,"Customer Unavailable"
S000618,O000618,FedEx,TRK789601795,"2024-08-06 07:57:00",2024-08-09,NULL,150,2,Preparing,"Cebu city",1,"Warehouse Delay"
S000619,O000619,LBC,TRK98977215,"2025-09-27 19:55:00",2025-10-04,NULL,350,1,Preparing,Makati,0,"Warehouse Delay"
S000620,O000620,FedEx,TRK81145254,"2025-03-20 21:36:00",2025-03-28,NULL,80,20,Returned,Makati,1,"Customer Unavailable"
S000621,O000621,FedEx,TRK42213889,"2022-07-14 10:06:00",2022-07-16,2022-07-14,80,3,Delivered,Pasig,1,n/a
S000622,O000622,DHL,TRK51871848,"2024-04-25 12:18:00",2024-05-06,NULL,350,1,Preparing,Antipolo,1,n/a
S000623,O000623,"JRS Express",TRK820213602,"2023-07-28 03:52:00",2023-08-01,NULL,180,10,Preparing,Taguig,2,Weather
S000624,O000624,"J&T Express",n/a,"2025-10-11 05:47:00",2025-10-19,2025-10-17,500,3,Delivered,"Quezon city",1,Weather
S000625,O000625,"J&T Express",TRK88989196,"2025-12-04 05:06:00",2025-12-08,2025-12-06,80,15,Delivered,Manila,3,n/a
S000626,O000626,2GO,n/a,"2023-12-10 22:14:00",2023-12-18,NULL,250,0.5,Preparing,Taguig,1,n/a
S000627,O000627,"Ninja Van",TRK82666550,"2023-12-21 05:34:00",2023-12-31,2024-01-03,0,0.5,Delayed,Manila,3,Weather
S000628,O000628,FedEx,TRK979547076,"2025-01-03 14:18:00",NULL,NULL,350,3,Preparing,"Davao city",2,"Address Issue"
S000629,O000629,FedEx,n/a,"2025-02-19 10:58:00",2025-02-27,2025-03-03,250,2,Delayed,Manila,1,"Address Issue"
S000630,O000630,"J&T Express",TRK71391803,"2025-10-26 17:37:00",2025-11-03,NULL,80,3,Preparing,Taguig,2,"Warehouse Delay"
S000631,O000631,DHL,TRK39787732,"2024-10-16 05:39:00",2024-10-18,2024-10-19,120,3,Delayed,Antipolo,1,"Customer Unavailable"
S000632,O000632,DHL,n/a,"2024-08-12 12:00:00",2024-08-21,2024-08-25,120,20,Delayed,Taguig,2,Weather
S000633,O000633,"J&T Express",TRK999577422,"2025-07-31 23:12:00",2025-08-09,2025-08-11,120,10,Delayed,Manila,1,"Warehouse Delay"
S000634,O000634,FedEx,TRK63960886,"2026-01-04 08:01:00",2026-01-11,2026-01-16,100,5,Delayed,Pasig,3,n/a
S000635,O000635,"JRS Express",n/a,"2022-02-11 15:49:00",2022-02-14,2022-02-20,80,15,Delayed,Pasig,0,Weather
S000636,O000636,DHL,n/a,"2024-02-10 18:38:00",2024-02-19,NULL,0,3,Preparing,Antipolo,1,"Warehouse Delay"
S000637,O000637,"JRS Express",n/a,"2024-09-02 19:04:00",NULL,NULL,350,5,Preparing,Manila,1,n/a
S000638,O000638,FedEx,TRK52277612,"2025-05-29 20:20:00",2025-06-06,2025-06-06,250,0,"Out for Delivery",Pasig,1,"Customer Unavailable"
S000639,O000639,DHL,TRK335003089,"2022-09-24 17:12:00",NULL,NULL,350,20,Returned,Iloilo,1,"Customer Unavailable"
S000640,O000640,"JRS Express",n/a,"2022-12-27 17:19:00",2023-01-07,2023-01-13,350,1,Delayed,"Cebu city",3,"Customer Unavailable"
S000641,O000641,"Ninja Van",TRK81945948,"2022-06-24 03:12:00",2022-07-03,2022-07-05,100,2,Delayed,"Quezon city",1,"Address Issue"
S000642,O000642,"J&T Express",n/a,"2023-08-18 15:28:00",NULL,NULL,150,0.5,Preparing,"Quezon city",1,Weather
S000643,O000643,"J&T Express",TRK672064580,"2023-09-13 13:54:00",2023-09-24,2023-09-27,120,3,Delayed,"Cebu city",0,n/a
S000644,O000644,2GO,n/a,"2023-06-29 03:58:00",2023-07-03,NULL,0,0,Preparing,"Davao city",1,"Address Issue"
S000645,O000645,2GO,TRK187492271,"2024-09-28 23:22:00",2024-10-05,2024-10-10,80,1,Delayed,"Davao city",0,"Warehouse Delay"
S000646,O000646,LBC,TRK36960592,"2023-06-01 23:45:00",2023-06-02,2023-06-06,120,0.5,Delayed,Caloocan,0,n/a
S000647,O000647,DHL,n/a,"2025-06-22 06:08:00",2025-06-25,2025-06-25,80,20,"Out for Delivery",Manila,1,n/a
S000648,O000648,"J&T Express",TRK371935283,"2023-10-26 21:41:00",2023-11-04,2023-11-06,180,3,Delayed,"Davao city",2,"Warehouse Delay"
S000649,O000649,"Ninja Van",n/a,"2023-05-18 15:23:00",2023-05-23,2023-05-22,100,3,Delivered,"Davao city",3,"Address Issue"
S000650,O000650,"Ninja Van",TRK269772321,"2023-03-07 12:00:00",2023-03-14,2023-03-12,350,2,Delivered,Makati,0,"Address Issue"
S000651,O000651,LBC,TRK80242969,"2023-07-07 18:45:00",2023-07-17,2023-07-18,180,1,Delayed,Taguig,2,"Customer Unavailable"
S000652,O000652,"Ninja Van",n/a,"2022-10-01 19:17:00",2022-10-12,2022-10-19,80,10,Delayed,Taguig,0,"Carrier Backlog"
S000653,O000653,FedEx,TRK734017196,"2025-10-05 16:03:00",2025-10-08,NULL,150,0.5,Preparing,Antipolo,3,"Carrier Backlog"
S000654,O000654,2GO,n/a,"2025-01-08 03:46:00",2025-01-13,2025-01-18,0,0.5,Delayed,Manila,0,Weather
S000655,O000655,"J&T Express",TRK71249682,"2024-07-29 21:38:00",2024-08-06,2024-08-11,0,1,Delayed,"Cebu city",1,"Carrier Backlog"
S000656,O000656,FedEx,TRK47663490,"2024-05-28 03:02:00",2024-06-03,2024-06-05,120,0,Delayed,Caloocan,3,"Carrier Backlog"
S000657,O000657,"J&T Express",TRK217360181,"2022-08-30 03:19:00",2022-09-01,2022-09-04,80,10,Delayed,"Quezon city",1,n/a
S000658,O000658,"Ninja Van",TRK95857384,"2022-01-06 02:48:00",2022-01-12,2022-01-16,100,1,Delayed,Antipolo,1,"Warehouse Delay"
S000659,O000659,"J&T Express",TRK612666054,"2024-08-12 06:18:00",2024-08-22,2024-08-25,500,2,Delayed,Iloilo,0,"Address Issue"
S000660,O000660,"J&T Express",TRK620076915,"2025-03-18 20:03:00",2025-03-25,2025-03-25,250,15,"Out for Delivery",Iloilo,1,"Address Issue"
S000661,O000661,2GO,n/a,"2022-08-12 19:39:00",2022-08-24,2022-08-30,100,20,Delayed,Iloilo,1,Weather
S000662,O000662,"JRS Express",n/a,"2023-06-24 05:02:00",2023-06-27,2023-07-01,500,5,Delayed,Antipolo,3,n/a
S000663,O000663,FedEx,n/a,"2022-09-06 21:09:00",2022-09-15,2022-09-15,100,2,"Out for Delivery",Antipolo,3,Weather
S000664,O000664,FedEx,n/a,"2023-10-16 08:25:00",2023-10-25,2023-10-29,120,20,Delayed,"Davao city",1,n/a
S000665,O000665,FedEx,n/a,"2023-01-21 00:20:00",2023-01-26,2023-01-31,500,1,Delayed,Antipolo,2,"Address Issue"
S000666,O000666,2GO,TRK80275138,"2024-04-18 11:12:00",2024-04-29,2024-04-27,120,0,Delivered,Taguig,0,Weather
S000667,O000667,2GO,TRK132547290,"2023-07-14 10:14:00",2023-07-22,NULL,150,2,Preparing,Antipolo,3,"Warehouse Delay"
S000668,O000668,2GO,TRK704277829,"2024-05-26 21:53:00",NULL,NULL,120,15,Preparing,Caloocan,1,"Warehouse Delay"
S000669,O000669,"Ninja Van",TRK88290934,"2025-03-12 23:46:00",2025-03-13,2025-03-20,80,5,Delayed,"Cebu city",3,"Carrier Backlog"
S000670,O000670,LBC,TRK76580471,"2024-11-23 00:30:00",2024-12-03,2024-12-01,150,1,Delivered,Caloocan,1,"Carrier Backlog"
S000671,O000671,"JRS Express",TRK132452334,"2023-07-04 23:24:00",2023-07-12,2023-07-10,250,10,Delivered,Caloocan,0,"Customer Unavailable"
S000672,O000672,FedEx,n/a,"2023-05-07 15:49:00",2023-05-13,2023-05-12,100,3,Delivered,"Cebu city",0,n/a
S000673,O000673,FedEx,TRK34027532,"2022-01-24 20:11:00",2022-02-01,2022-02-07,100,15,Delayed,Manila,1,n/a
S000674,O000674,"JRS Express",n/a,"2022-05-12 02:59:00",2022-05-21,2022-05-23,250,1,Delayed,Antipolo,1,"Address Issue"
S000675,O000675,Unknown,TRK894842703,"2022-10-12 00:43:00",2022-10-21,2022-10-22,180,0,Delayed,Iloilo,1,"Customer Unavailable"
S000676,O000676,FedEx,TRK292049079,"2022-05-28 09:18:00",2022-06-07,2022-06-12,80,1,Delayed,Caloocan,0,"Carrier Backlog"
S000677,O000677,DHL,n/a,"2022-08-10 22:51:00",2022-08-20,NULL,250,15,Returned,Makati,1,"Customer Unavailable"
S000678,O000678,2GO,n/a,"2024-03-29 10:13:00",2024-04-04,2024-04-08,100,5,Delayed,"Davao city",1,"Customer Unavailable"
S000679,O000679,LBC,TRK550608363,"2025-08-24 04:59:00",2025-08-30,2025-09-01,500,20,Delayed,Pasig,1,"Carrier Backlog"
S000680,O000680,DHL,n/a,"2024-01-27 08:12:00",2024-01-30,2024-01-28,100,0,Delivered,Makati,1,"Warehouse Delay"
S000681,O000681,LBC,n/a,"2025-01-07 13:12:00",NULL,NULL,100,5,Preparing,Pasig,2,"Warehouse Delay"
S000682,O000682,LBC,TRK31946077,"2023-06-23 19:14:00",2023-06-29,2023-06-28,350,10,Delivered,"Quezon city",2,"Warehouse Delay"
S000683,O000683,"JRS Express",TRK21529230,"2025-03-05 04:12:00",2025-03-13,NULL,0,10,Preparing,Caloocan,1,n/a
S000684,O000684,FedEx,TRK78867776,"2024-07-29 03:18:00",2024-07-31,2024-08-03,120,3,Delayed,Pasig,0,"Warehouse Delay"
S000685,O000685,LBC,n/a,"2023-05-31 04:16:00",2023-06-10,2023-06-08,120,10,Delivered,"Cebu city",3,Weather
S000686,O000686,DHL,TRK14745080,"2025-07-25 13:19:00",2025-08-06,2025-08-04,250,2,Delivered,Makati,1,"Customer Unavailable"
S000687,O000687,"JRS Express",TRK757869180,"2023-10-09 12:01:00",2023-10-13,2023-10-11,0,3,Delivered,Manila,3,"Warehouse Delay"
S000688,O000688,LBC,n/a,"2025-07-24 13:44:00",2025-08-02,2025-08-07,500,5,Delayed,Makati,1,"Customer Unavailable"
S000689,O000689,Unknown,n/a,"2025-10-21 14:37:00",2025-10-30,NULL,150,0,Preparing,"Cebu city",1,n/a
S000690,O000690,"JRS Express",n/a,"2025-03-10 20:26:00",2025-03-13,2025-03-15,150,2,Delayed,"Davao city",1,n/a
S000691,O000691,DHL,n/a,"2022-01-11 10:54:00",2022-01-19,2022-01-23,500,2,Delayed,Pasig,1,n/a
S000692,O000692,2GO,TRK87847125,"2024-04-07 05:27:00",2024-04-10,2024-04-09,500,0.5,Delivered,Pasig,3,"Carrier Backlog"
S000693,O000693,"JRS Express",n/a,"2022-01-19 12:20:00",2022-01-21,2022-01-27,500,5,Delayed,"Cebu city",1,n/a
S000694,O000694,2GO,n/a,"2024-11-27 10:36:00",2024-11-29,NULL,150,0.5,Preparing,Pasig,0,"Warehouse Delay"
S000695,O000695,"J&T Express",TRK53773070,"2025-11-15 08:04:00",2025-11-22,2025-11-27,100,3,Delayed,"Quezon city",2,"Warehouse Delay"
S000696,O000696,"Ninja Van",TRK294381605,"2022-04-21 16:14:00",2022-04-23,2022-04-30,0,3,Delayed,Makati,1,"Warehouse Delay"
S000697,O000697,"JRS Express",n/a,"2022-11-10 14:08:00",2022-11-17,2022-11-21,100,0,Delayed,Taguig,1,"Customer Unavailable"
S000698,O000698,LBC,n/a,"2023-09-01 00:04:00",2023-09-11,2023-09-14,150,15,Delayed,Pasig,2,"Carrier Backlog"
S000699,O000699,"Ninja Van",n/a,"2024-11-27 07:49:00",2024-11-28,2024-11-30,500,20,Delayed,"Cebu city",1,"Warehouse Delay"
S000700,O000700,2GO,n/a,"2023-03-11 13:07:00",2023-03-17,2023-03-24,80,5,Delayed,Caloocan,1,"Address Issue"
S000701,O000701,2GO,TRK34349980,"2023-10-28 18:20:00",2023-11-04,2023-11-09,120,0,Delayed,Manila,0,"Customer Unavailable"
S000702,O000702,"Ninja Van",TRK120517362,"2024-07-29 19:20:00",2024-08-04,2024-08-10,350,0.5,Delayed,Iloilo,2,"Carrier Backlog"
S000703,O000703,FedEx,TRK387768381,"2023-10-28 19:31:00",2023-11-06,NULL,80,10,Preparing,"Quezon city",3,n/a
S000704,O000704,LBC,TRK365637352,"2023-06-18 19:50:00",2023-06-20,2023-06-27,0,20,Delayed,Iloilo,1,Weather
S000705,O000705,FedEx,n/a,"2024-04-15 23:45:00",2024-04-16,2024-04-22,100,10,Delayed,"Cebu city",1,Weather
S000706,O000706,"JRS Express",n/a,"2023-09-10 13:30:00",2023-09-17,2023-09-19,120,15,Delayed,Manila,1,"Customer Unavailable"
S000707,O000707,"Ninja Van",TRK787440393,"2023-11-22 10:03:00",2023-11-23,2023-11-23,250,1,"Out for Delivery","Quezon city",3,"Carrier Backlog"
S000708,O000708,LBC,TRK504023227,"2024-12-14 03:43:00",2024-12-18,2024-12-22,250,1,Delayed,Caloocan,2,"Customer Unavailable"
S000709,O000709,FedEx,TRK97834116,"2025-03-13 04:11:00",2025-03-23,NULL,350,0.5,Preparing,Pasig,0,"Warehouse Delay"
S000710,O000710,FedEx,TRK59588155,"2022-09-26 09:06:00",2022-09-30,2022-10-02,500,1,Delayed,"Davao city",3,n/a
S000711,O000711,"Ninja Van",TRK149927931,"2024-03-20 14:10:00",2024-03-29,2024-04-03,350,2,Delayed,"Davao city",0,"Carrier Backlog"
S000712,O000712,"J&T Express",n/a,"2022-12-09 05:35:00",2022-12-21,2022-12-19,250,3,Delivered,Iloilo,3,Weather
S000713,O000713,"Ninja Van",n/a,"2023-09-23 23:46:00",2023-09-24,2023-09-27,350,2,Delayed,Iloilo,1,"Carrier Backlog"
S000714,O000714,DHL,TRK826699064,"2022-07-30 13:29:00",2022-08-05,2022-08-06,150,0.5,Delayed,Pasig,1,"Customer Unavailable"
S000715,O000715,"Ninja Van",TRK85748125,"2024-05-08 10:25:00",2024-05-12,2024-05-10,350,3,Delivered,Pasig,3,Weather
S000716,O000716,"J&T Express",n/a,"2024-11-17 07:02:00",2024-11-25,2024-11-24,180,0.5,Delivered,Pasig,3,"Customer Unavailable"
S000717,O000717,LBC,TRK36896581,"2024-03-22 22:46:00",2024-03-30,2024-03-29,0,15,Delivered,Caloocan,1,"Customer Unavailable"
S000718,O000718,FedEx,TRK227152525,"2025-04-02 08:23:00",2025-04-03,NULL,180,20,Returned,Manila,3,"Customer Unavailable"
S000719,O000719,"Ninja Van",TRK562927099,"2024-07-26 19:03:00",2024-07-31,NULL,250,5,Preparing,"Cebu city",1,Weather
S000720,O000720,"Ninja Van",n/a,"2023-12-09 22:16:00",NULL,NULL,150,0,Preparing,Makati,1,"Address Issue"
S000721,O000721,"Ninja Van",TRK971734458,"2023-10-05 17:11:00",2023-10-12,NULL,80,15,Preparing,"Quezon city",1,"Carrier Backlog"
S000722,O000722,Unknown,n/a,"2025-12-11 04:04:00",2025-12-14,2025-12-18,100,3,Delayed,Makati,1,"Customer Unavailable"
S000723,O000723,FedEx,n/a,"2023-08-28 04:43:00",2023-09-08,2023-09-08,500,1,"Out for Delivery",Pasig,0,"Warehouse Delay"
S000724,O000724,LBC,TRK28271947,"2025-02-09 11:59:00",2025-02-17,2025-02-17,150,0.5,"Out for Delivery","Quezon city",2,n/a
S000725,O000725,LBC,TRK764155674,"2022-11-09 06:49:00",2022-11-11,2022-11-18,150,5,Delayed,Antipolo,1,"Address Issue"
S000726,O000726,"JRS Express",n/a,"2024-09-26 19:04:00",2024-09-29,2024-09-29,150,2,"Out for Delivery",Manila,2,Weather
S000727,O000727,LBC,n/a,"2022-05-23 18:31:00",2022-05-24,2022-05-24,180,10,"Out for Delivery",Makati,3,"Address Issue"
S000728,O000728,"J&T Express",TRK13555790,"2025-05-29 09:32:00",2025-05-31,2025-06-04,120,1,Delayed,Iloilo,3,"Address Issue"
S000729,O000729,"Ninja Van",TRK76132827,"2025-08-31 22:03:00",2025-09-01,2025-09-05,80,15,Delayed,Caloocan,1,"Customer Unavailable"
S000730,O000730,"Ninja Van",TRK541919290,"2022-10-20 04:34:00",2022-10-27,2022-11-03,250,0.5,Delayed,"Davao city",1,"Carrier Backlog"
S000731,O000731,"J&T Express",TRK974660911,"2025-10-24 21:15:00",NULL,NULL,350,5,Preparing,Caloocan,1,"Warehouse Delay"
S000732,O000732,"JRS Express",n/a,"2022-08-25 23:58:00",2022-09-02,2022-09-08,180,20,Delayed,"Quezon city",3,"Address Issue"
S000733,O000733,LBC,TRK35565719,"2025-09-09 18:02:00",2025-09-14,2025-09-21,120,3,Delayed,"Davao city",0,"Warehouse Delay"
S000734,O000734,FedEx,TRK815116606,"2022-10-08 18:10:00",2022-10-13,2022-10-20,150,0,Delayed,Antipolo,1,n/a
S000735,O000735,"JRS Express",TRK896216400,"2022-08-25 07:59:00",2022-09-04,NULL,100,10,Returned,Iloilo,0,"Customer Unavailable"
S000736,O000736,"J&T Express",TRK544401426,"2023-11-30 00:06:00",2023-12-02,2023-12-06,120,1,Delayed,"Davao city",3,"Warehouse Delay"
S000737,O000737,"J&T Express",TRK785762320,"2025-04-23 01:33:00",2025-05-02,2025-05-02,150,0.5,"Out for Delivery",Caloocan,1,Weather
S000738,O000738,FedEx,n/a,"2022-04-29 10:01:00",2022-05-11,2022-05-14,150,10,Delayed,Manila,0,"Customer Unavailable"
S000739,O000739,FedEx,n/a,"2023-10-08 03:05:00",2023-10-19,2023-10-20,150,3,Delayed,Iloilo,1,Weather
S000740,O000740,FedEx,TRK49311985,"2024-02-17 22:13:00",2024-02-26,2024-03-03,120,5,Delayed,Pasig,1,"Carrier Backlog"
S000741,O000741,2GO,TRK65270873,"2023-07-19 00:37:00",2023-07-31,2023-08-01,100,0.5,Delayed,Pasig,1,n/a
S000742,O000742,FedEx,n/a,"2025-06-06 17:10:00",2025-06-15,2025-06-13,100,20,Delivered,Taguig,1,"Customer Unavailable"
S000743,O000743,"Ninja Van",TRK31532665,"2025-01-13 01:13:00",2025-01-16,2025-01-22,80,10,Delayed,Makati,1,n/a
S000744,O000744,"J&T Express",n/a,"2022-07-05 11:27:00",2022-07-13,2022-07-16,0,15,Delayed,Iloilo,1,"Carrier Backlog"
S000745,O000745,2GO,n/a,"2022-09-21 12:11:00",2022-09-25,2022-10-01,100,2,Delayed,Antipolo,1,n/a
S000746,O000746,"Ninja Van",n/a,"2023-06-24 07:13:00",2023-07-03,2023-07-05,500,5,Delayed,Iloilo,1,Weather
S000747,O000747,LBC,TRK95976038,"2025-05-06 14:30:00",2025-05-08,2025-05-14,150,0.5,Delayed,"Quezon city",1,"Address Issue"
S000748,O000748,DHL,TRK83988298,"2024-10-22 18:27:00",2024-10-24,2024-10-26,180,3,Delayed,Makati,0,"Warehouse Delay"
S000749,O000749,2GO,n/a,"2025-12-11 01:22:00",2025-12-19,NULL,100,1,Preparing,Caloocan,1,"Warehouse Delay"
S000750,O000750,2GO,n/a,"2024-01-13 16:32:00",2024-01-18,2024-01-21,100,15,Delayed,"Davao city",0,"Carrier Backlog"
S000751,O000751,"JRS Express",TRK389722609,"2024-09-22 21:17:00",NULL,NULL,350,5,Preparing,Manila,0,"Address Issue"
S000752,O000752,LBC,n/a,"2025-05-09 22:27:00",2025-05-21,2025-05-24,100,0.5,Delayed,"Quezon city",1,"Carrier Backlog"
S000753,O000753,2GO,TRK14469733,"2025-11-01 01:40:00",2025-11-07,NULL,100,15,Preparing,Antipolo,3,"Warehouse Delay"
S000754,O000754,2GO,TRK838260414,"2022-01-08 20:25:00",2022-01-14,2022-01-12,250,15,Delivered,Pasig,3,"Carrier Backlog"
S000755,O000755,"J&T Express",TRK792793332,"2024-04-02 02:00:00",2024-04-07,NULL,350,1,Preparing,Makati,1,Weather
S000756,O000756,DHL,TRK31651236,"2025-04-13 15:58:00",2025-04-24,2025-04-26,350,2,Delayed,"Quezon city",3,"Carrier Backlog"
S000757,O000757,"Ninja Van",TRK819741282,"2024-06-02 22:43:00",2024-06-04,2024-06-07,150,5,Delayed,"Davao city",3,"Warehouse Delay"
S000758,O000758,"JRS Express",TRK46046298,"2025-05-13 17:14:00",NULL,NULL,150,1,Preparing,"Cebu city",1,Weather
S000759,O000759,FedEx,n/a,"2023-08-23 12:18:00",2023-09-04,2023-09-11,150,20,Delayed,"Davao city",2,"Carrier Backlog"
S000760,O000760,FedEx,n/a,"2023-12-07 14:12:00",2023-12-17,2023-12-19,100,1,Delayed,Taguig,1,Weather
S000761,O000761,FedEx,TRK18343025,"2023-10-31 13:01:00",NULL,NULL,100,0.5,Preparing,"Davao city",3,"Carrier Backlog"
S000762,O000762,2GO,TRK19576586,"2022-11-09 22:54:00",2022-11-12,2022-11-12,250,15,"Out for Delivery",Antipolo,2,"Customer Unavailable"
S000763,O000763,"Ninja Van",TRK231785744,"2022-10-13 12:12:00",2022-10-18,2022-10-22,500,15,Delayed,"Davao city",2,"Warehouse Delay"
S000764,O000764,"Ninja Van",n/a,"2023-08-23 08:44:00",2023-08-26,2023-09-02,80,0,Delayed,"Davao city",0,"Customer Unavailable"
S000765,O000765,"J&T Express",n/a,"2024-07-23 08:27:00",2024-08-03,2024-08-05,0,2,Delayed,Pasig,2,"Warehouse Delay"
S000766,O000766,"Ninja Van",TRK738180531,"2024-10-02 01:06:00",2024-10-14,2024-10-20,80,5,Delayed,Manila,1,n/a
S000767,O000767,"Ninja Van",TRK33805458,"2022-09-14 16:00:00",2022-09-18,2022-09-24,180,0,Delayed,Pasig,1,"Customer Unavailable"
S000768,O000768,Unknown,n/a,"2024-12-08 22:26:00",2024-12-09,2024-12-16,500,15,Delayed,Caloocan,1,"Customer Unavailable"
S000769,O000769,2GO,TRK181257972,"2025-04-11 16:15:00",2025-04-13,2025-04-20,0,1,Delayed,"Quezon city",1,"Customer Unavailable"
S000770,O000770,FedEx,n/a,"2025-02-20 16:44:00",2025-03-01,2025-02-27,0,0,Delivered,Antipolo,3,"Address Issue"
S000771,O000771,DHL,n/a,"2025-03-29 00:32:00",2025-04-03,2025-04-02,500,20,Delivered,Antipolo,0,"Customer Unavailable"
S000772,O000772,LBC,TRK73660843,"2024-03-20 13:43:00",2024-03-27,2024-04-01,100,0,Delayed,Caloocan,0,n/a
S000773,O000773,DHL,n/a,"2025-04-14 01:49:00",2025-04-18,NULL,100,1,Returned,Makati,0,"Customer Unavailable"
S000774,O000774,LBC,TRK70899743,"2022-10-18 05:03:00",2022-10-22,2022-10-25,80,15,Delayed,"Quezon city",1,Weather
S000775,O000775,"J&T Express",TRK686159813,"2024-06-18 12:13:00",2024-06-26,2024-06-28,120,15,Delayed,Pasig,1,Weather
S000776,O000776,DHL,TRK898236054,"2022-01-17 18:56:00",2022-01-27,2022-01-25,80,15,Delivered,"Davao city",1,"Carrier Backlog"
S000777,O000777,"Ninja Van",TRK96193613,"2025-04-16 00:23:00",NULL,NULL,80,20,Preparing,Caloocan,1,Weather
S000778,O000778,"JRS Express",n/a,"2022-12-24 00:01:00",NULL,NULL,100,15,Preparing,Iloilo,3,"Warehouse Delay"
S000779,O000779,LBC,n/a,"2022-09-30 04:58:00",2022-10-05,2022-10-04,500,0,Delivered,"Davao city",1,"Customer Unavailable"
S000780,O000780,"Ninja Van",TRK125008778,"2023-07-12 13:22:00",2023-07-19,2023-07-25,250,0,Delayed,Iloilo,1,n/a
S000781,O000781,2GO,TRK47194822,"2024-01-20 01:51:00",2024-01-31,2024-02-03,100,1,Delayed,Iloilo,2,Weather
S000782,O000782,DHL,TRK81228000,"2023-02-21 09:02:00",2023-02-24,2023-02-27,180,20,Delayed,Caloocan,0,n/a
S000783,O000783,LBC,TRK395209243,"2024-07-13 12:28:00",2024-07-20,2024-07-19,350,15,Delivered,"Quezon city",1,"Address Issue"
S000784,O000784,LBC,n/a,"2023-04-15 10:15:00",2023-04-20,NULL,80,10,Preparing,Manila,1,n/a
S000785,O000785,LBC,TRK46047055,"2024-12-31 02:16:00",2025-01-12,2025-01-11,350,15,Delivered,Makati,1,"Customer Unavailable"
S000786,O000786,DHL,TRK568197899,"2023-03-15 05:54:00",2023-03-21,2023-03-20,500,20,Delivered,n/a,2,"Customer Unavailable"
S000787,O000787,DHL,TRK742357569,"2024-10-05 03:05:00",2024-10-09,2024-10-14,350,1,Delayed,"Davao city",3,n/a
S000788,O000788,FedEx,n/a,"2025-04-22 07:10:00",2025-04-30,2025-04-30,0,3,"Out for Delivery","Quezon city",1,"Carrier Backlog"
S000789,O000789,2GO,TRK44410109,"2022-07-14 01:46:00",2022-07-15,NULL,250,2,Preparing,"Davao city",2,Weather
S000790,O000790,Unknown,TRK41042071,"2025-11-25 04:21:00",2025-12-06,2025-12-09,500,10,Delayed,Iloilo,2,n/a
S000791,O000791,Unknown,n/a,"2024-12-25 14:16:00",2025-01-02,2025-01-03,0,3,Delayed,Iloilo,1,"Carrier Backlog"
S000792,O000792,LBC,TRK24091658,"2023-11-15 23:13:00",2023-11-19,2023-11-24,500,1,Delayed,Caloocan,2,n/a
S000793,O000793,"J&T Express",n/a,"2024-01-01 08:23:00",2024-01-10,2024-01-14,180,5,Delayed,Taguig,1,"Carrier Backlog"
S000794,O000794,FedEx,n/a,"2024-12-14 02:17:00",2024-12-17,2024-12-16,250,3,Delivered,"Cebu city",3,"Warehouse Delay"
S000795,O000795,"Ninja Van",TRK97136158,"2025-03-20 06:03:00",2025-03-21,2025-03-25,100,2,Delayed,Makati,1,"Warehouse Delay"
S000796,O000796,"JRS Express",n/a,"2025-08-17 16:44:00",2025-08-21,2025-08-26,180,2,Delayed,Antipolo,1,"Carrier Backlog"
S000797,O000797,"JRS Express",TRK58345709,"2023-03-28 20:22:00",2023-04-06,2023-04-08,250,0.5,Delayed,Makati,0,n/a
S000798,O000798,DHL,n/a,"2024-04-20 00:16:00",2024-05-01,NULL,80,2,Preparing,Pasig,1,n/a
S000799,O000799,"Ninja Van",TRK150164941,"2024-06-10 16:45:00",2024-06-20,2024-06-19,100,15,Delivered,"Davao city",3,"Address Issue"
S000800,O000800,"Ninja Van",n/a,"2024-11-11 09:06:00",2024-11-23,2024-11-25,350,20,Delayed,Manila,1,"Warehouse Delay"
S000801,O000801,DHL,n/a,"2023-08-31 15:46:00",2023-09-07,2023-09-14,350,1,Delayed,"Quezon city",0,Weather
S000802,O000802,"JRS Express",n/a,"2024-12-26 14:18:00",2024-12-27,2024-12-31,250,0,Delayed,Caloocan,1,"Carrier Backlog"
S000803,O000803,DHL,TRK732497203,"2023-03-21 20:02:00",2023-03-23,2023-03-21,150,2,Delivered,Manila,3,"Address Issue"
S000804,O000804,DHL,TRK749134913,"2024-11-12 21:01:00",NULL,NULL,500,3,Preparing,Caloocan,1,Weather
S000805,O000805,"J&T Express",n/a,"2025-05-31 11:57:00",2025-06-10,2025-06-17,100,1,Delayed,Antipolo,3,"Address Issue"
S000806,O000806,"J&T Express",TRK71819865,"2025-09-24 16:22:00",2025-09-27,2025-09-30,180,0,Delayed,"Quezon city",1,Weather
S000807,O000807,"Ninja Van",n/a,"2022-12-13 04:15:00",2022-12-21,2022-12-28,120,5,Delayed,Pasig,1,"Customer Unavailable"
S000808,O000808,"Ninja Van",TRK258037707,"2024-12-02 07:38:00",NULL,NULL,350,3,Preparing,n/a,1,"Address Issue"
S000809,O000809,DHL,TRK95890938,"2024-02-11 21:13:00",2024-02-22,2024-02-20,150,2,Delivered,Caloocan,1,"Customer Unavailable"
S000810,O000810,LBC,TRK592937924,"2025-08-27 12:27:00",2025-09-04,2025-09-07,250,0,Delayed,"Quezon city",1,"Warehouse Delay"
S000811,O000811,LBC,n/a,"2022-09-01 23:18:00",2022-09-04,NULL,350,3,Preparing,Iloilo,3,"Warehouse Delay"
S000812,O000812,"J&T Express",n/a,"2023-02-09 22:55:00",2023-02-21,2023-02-19,350,0.5,Delivered,Iloilo,2,"Warehouse Delay"
S000813,O000813,FedEx,n/a,"2025-06-05 18:51:00",2025-06-16,2025-06-15,0,2,Delivered,Taguig,0,n/a
S000814,O000814,FedEx,TRK402155282,"2025-10-02 11:56:00",2025-10-09,2025-10-08,120,5,Delivered,Antipolo,2,n/a
S000815,O000815,"J&T Express",TRK389391322,"2025-04-10 11:32:00",2025-04-19,NULL,180,0.5,Preparing,Taguig,2,Weather
S000816,O000816,"Ninja Van",TRK974301831,"2025-07-18 22:08:00",2025-07-27,NULL,120,1,Returned,Caloocan,3,"Customer Unavailable"
S000817,O000817,"J&T Express",n/a,"2023-01-03 20:58:00",2023-01-05,2023-01-08,0,0,Delayed,Manila,3,n/a
S000818,O000818,"Ninja Van",n/a,"2022-01-10 23:52:00",2022-01-18,2022-01-18,180,20,"Out for Delivery",Caloocan,3,"Address Issue"
S000819,O000819,LBC,TRK55300986,"2023-04-21 20:20:00",2023-04-26,2023-04-25,150,1,Delivered,n/a,1,"Carrier Backlog"
S000820,O000820,LBC,n/a,"2025-09-29 05:30:00",2025-10-10,2025-10-09,0,10,Delivered,Caloocan,0,"Carrier Backlog"
S000821,O000821,LBC,n/a,"2024-09-19 13:07:00",2024-09-23,2024-09-23,500,2,"Out for Delivery","Cebu city",3,n/a
S000822,O000822,"Ninja Van",TRK19656298,"2025-06-10 02:56:00",2025-06-12,2025-06-15,100,0.5,Delayed,Pasig,2,"Carrier Backlog"
S000823,O000823,"J&T Express",TRK43193997,"2025-06-29 18:46:00",2025-07-07,2025-07-11,100,2,Delayed,Manila,1,Weather
S000824,O000824,"J&T Express",n/a,"2025-01-30 02:47:00",2025-02-09,2025-02-14,100,5,Delayed,Caloocan,0,"Address Issue"
S000825,O000825,DHL,TRK318029987,"2022-01-24 15:36:00",2022-02-03,2022-02-07,100,5,Delayed,Antipolo,1,"Address Issue"
S000826,O000826,FedEx,TRK914302690,"2022-12-12 06:40:00",2022-12-16,2022-12-21,250,0,Delayed,"Cebu city",1,Weather
S000827,O000827,LBC,TRK754206582,"2024-05-01 09:05:00",2024-05-12,2024-05-13,500,10,Delayed,"Quezon city",0,Weather
S000828,O000828,2GO,n/a,"2025-12-22 06:22:00",2026-01-01,2026-01-06,120,1,Delayed,Antipolo,1,"Carrier Backlog"
S000829,O000829,FedEx,TRK475358957,"2022-03-19 05:10:00",2022-03-22,NULL,250,3,Preparing,Taguig,0,n/a
S000830,O000830,FedEx,TRK517956654,"2024-04-20 10:16:00",2024-04-30,2024-05-01,80,0,Delayed,"Cebu city",0,Weather
S000831,O000831,"Ninja Van",n/a,"2023-03-16 09:07:00",2023-03-20,2023-03-23,0,3,Delayed,"Quezon city",1,"Customer Unavailable"
S000832,O000832,LBC,TRK907441167,"2023-03-16 14:13:00",2023-03-18,2023-03-25,100,1,Delayed,"Davao city",1,n/a
S000833,O000833,LBC,TRK248923807,"2023-03-03 17:41:00",2023-03-08,2023-03-08,500,3,"Out for Delivery",Caloocan,1,"Carrier Backlog"
S000834,O000834,FedEx,TRK684126660,"2024-10-19 01:03:00",2024-10-23,2024-10-23,150,10,"Out for Delivery",Taguig,2,"Warehouse Delay"
S000835,O000835,LBC,n/a,"2024-04-25 16:53:00",2024-05-01,2024-05-06,350,10,Delayed,Makati,1,Weather
S000836,O000836,LBC,TRK85124347,"2025-11-09 21:49:00",2025-11-21,2025-11-25,500,15,Delayed,Caloocan,3,"Customer Unavailable"
S000837,O000837,LBC,TRK70508027,"2024-11-14 13:40:00",2024-11-22,2024-11-20,500,10,Delivered,Iloilo,1,"Warehouse Delay"
S000838,O000838,FedEx,TRK328264308,"2024-10-13 17:31:00",2024-10-24,2024-10-24,120,3,"Out for Delivery",n/a,1,n/a
S000839,O000839,DHL,TRK74794675,"2023-09-09 05:42:00",2023-09-20,2023-09-25,150,0,Delayed,Pasig,1,"Customer Unavailable"
S000840,O000840,DHL,TRK155872683,"2022-10-04 16:42:00",2022-10-10,2022-10-14,100,10,Delayed,Manila,0,"Carrier Backlog"
S000841,O000841,FedEx,TRK78599504,"2024-03-09 17:57:00",2024-03-16,2024-03-15,250,5,Delivered,"Davao city",2,"Address Issue"
S000842,O000842,2GO,TRK273147912,"2022-03-22 22:18:00",2022-04-01,2022-03-31,0,2,Delivered,Taguig,1,n/a
S000843,O000843,"J&T Express",TRK66015162,"2025-05-16 19:05:00",2025-05-22,2025-05-24,0,2,Delayed,Taguig,0,"Customer Unavailable"
S000844,O000844,LBC,TRK46548852,"2022-11-15 11:24:00",2022-11-20,2022-11-26,100,20,Delayed,Iloilo,3,"Customer Unavailable"
S000845,O000845,"Ninja Van",TRK247405125,"2024-01-12 04:46:00",2024-01-22,NULL,350,1,Preparing,"Quezon city",1,Weather
S000846,O000846,"J&T Express",TRK51320970,"2025-06-19 12:34:00",2025-06-20,NULL,180,3,Preparing,Pasig,3,Weather
S000847,O000847,"Ninja Van",TRK976696771,"2023-05-06 05:01:00",2023-05-09,2023-05-08,500,5,Delivered,Iloilo,0,"Carrier Backlog"
S000848,O000848,LBC,TRK12644324,"2026-01-12 14:36:00",2026-01-23,2026-01-23,120,3,"Out for Delivery",Antipolo,0,n/a
S000849,O000849,2GO,n/a,"2023-10-25 05:39:00",2023-10-28,2023-10-31,180,10,Delayed,Taguig,0,Weather
S000850,O000850,FedEx,TRK34352663,"2023-07-09 10:12:00",2023-07-21,NULL,0,3,Preparing,Caloocan,1,Weather
S000851,O000851,"JRS Express",n/a,"2025-12-18 03:32:00",2025-12-23,2025-12-30,350,10,Delayed,Taguig,2,"Warehouse Delay"
S000852,O000852,LBC,TRK626279699,"2022-04-02 12:58:00",2022-04-06,2022-04-11,0,3,Delayed,Taguig,0,"Address Issue"
S000853,O000853,LBC,n/a,"2024-01-04 18:26:00",2024-01-09,2024-01-10,350,5,Delayed,Makati,3,n/a
S000854,O000854,"J&T Express",TRK585641795,"2025-11-26 04:02:00",2025-12-05,2025-12-11,150,1,Delayed,Manila,3,"Carrier Backlog"
S000855,O000855,FedEx,n/a,"2023-08-29 07:53:00",2023-09-03,NULL,0,0.5,Preparing,"Quezon city",1,n/a
S000856,O000856,"Ninja Van",TRK20630536,"2022-04-01 02:20:00",2022-04-03,NULL,80,1,Preparing,"Davao city",1,"Address Issue"
S000857,O000857,DHL,n/a,"2025-04-12 03:53:00",2025-04-24,2025-04-27,120,3,Delayed,Taguig,2,Weather
S000858,O000858,DHL,TRK33908806,"2022-06-12 05:50:00",2022-06-24,2022-06-23,180,1,Delivered,Manila,1,"Customer Unavailable"
S000859,O000859,"Ninja Van",TRK96190412,"2025-09-18 22:01:00",2025-09-21,2025-09-28,250,0,Delayed,Manila,2,"Address Issue"
S000860,O000860,"JRS Express",TRK970740642,"2024-05-29 09:58:00",2024-06-09,NULL,120,5,Preparing,"Cebu city",3,"Carrier Backlog"
S000861,O000861,DHL,TRK53746669,"2024-09-05 01:23:00",NULL,NULL,100,5,Preparing,"Davao city",0,Weather
S000862,O000862,FedEx,TRK62392056,"2024-06-07 18:01:00",2024-06-09,2024-06-08,250,3,Delivered,Antipolo,0,"Carrier Backlog"
S000863,O000863,2GO,TRK54415089,"2022-10-30 19:11:00",2022-11-04,2022-11-05,0,15,Delayed,Manila,1,Weather
S000864,O000864,"Ninja Van",n/a,"2025-02-09 20:16:00",NULL,NULL,500,1,Preparing,Makati,2,"Warehouse Delay"
S000865,O000865,"J&T Express",TRK11208532,"2023-06-07 04:18:00",2023-06-13,NULL,350,3,Preparing,"Davao city",1,Weather
S000866,O000866,2GO,TRK82177640,"2023-04-02 14:28:00",2023-04-08,2023-04-06,180,1,Delivered,Iloilo,1,"Warehouse Delay"
S000867,O000867,2GO,n/a,"2024-05-31 01:29:00",2024-06-04,2024-06-06,180,20,Delayed,Caloocan,1,"Customer Unavailable"
S000868,O000868,"Ninja Van",TRK31591107,"2024-11-05 15:59:00",2024-11-09,2024-11-15,500,15,Delayed,Antipolo,2,n/a
S000869,O000869,"JRS Express",TRK832355991,"2024-09-22 04:41:00",2024-09-24,2024-09-29,150,15,Delayed,Taguig,1,"Warehouse Delay"
S000870,O000870,DHL,n/a,"2022-06-16 16:44:00",2022-06-25,2022-06-27,120,5,Delayed,Caloocan,0,n/a
S000871,O000871,"J&T Express",n/a,"2022-07-11 03:18:00",2022-07-12,2022-07-10,100,20,Delivered,"Cebu city",3,Weather
S000872,O000872,LBC,TRK575555910,"2023-08-03 03:48:00",2023-08-08,NULL,0,0,Preparing,Iloilo,0,Weather
S000873,O000873,"J&T Express",TRK429171029,"2022-01-05 13:48:00",2022-01-07,2022-01-08,100,1,Delayed,Makati,0,"Address Issue"
S000874,O000874,"JRS Express",n/a,"2022-12-16 03:33:00",2022-12-22,2022-12-21,180,1,Delivered,Caloocan,1,n/a
S000875,O000875,2GO,TRK34607646,"2023-06-16 05:11:00",2023-06-27,NULL,180,5,Preparing,"Davao city",3,"Warehouse Delay"
S000876,O000876,DHL,TRK331832903,"2022-01-05 14:26:00",2022-01-07,NULL,150,0.5,Preparing,n/a,1,"Address Issue"
S000877,O000877,DHL,TRK51895981,"2025-05-11 14:44:00",NULL,NULL,500,3,Preparing,Makati,3,"Address Issue"
S000878,O000878,DHL,TRK674579764,"2022-03-11 10:45:00",2022-03-16,2022-03-15,350,2,Delivered,Caloocan,2,"Warehouse Delay"
S000879,O000879,DHL,TRK30862004,"2022-12-13 13:55:00",2022-12-15,NULL,100,0,Returned,"Cebu city",1,"Customer Unavailable"
S000880,O000880,LBC,TRK90391384,"2025-07-11 23:28:00",2025-07-19,2025-07-19,80,3,"Out for Delivery","Cebu city",1,"Warehouse Delay"
S000881,O000881,FedEx,TRK104523165,"2024-09-14 11:50:00",NULL,NULL,180,15,Preparing,Caloocan,3,"Address Issue"
S000882,O000882,2GO,n/a,"2022-12-15 04:00:00",2022-12-16,2022-12-16,250,10,"Out for Delivery",Iloilo,1,"Address Issue"
S000883,O000883,DHL,TRK715480555,"2024-02-09 22:47:00",2024-02-18,2024-02-25,250,20,Delayed,Caloocan,1,Weather
S000884,O000884,2GO,TRK767670758,"2023-07-01 07:15:00",2023-07-10,2023-07-13,80,15,Delayed,Makati,2,"Warehouse Delay"
S000885,O000885,"JRS Express",TRK31698620,"2024-05-11 17:22:00",2024-05-20,2024-05-19,350,2,Delivered,Makati,2,"Carrier Backlog"
S000886,O000886,"J&T Express",n/a,"2023-09-14 02:59:00",NULL,NULL,250,0,Preparing,Manila,3,Weather
S000887,O000887,"JRS Express",TRK63684343,"2024-10-09 19:22:00",2024-10-13,2024-10-20,500,0,Delayed,Antipolo,1,"Customer Unavailable"
S000888,O000888,2GO,TRK89373617,"2023-09-26 04:18:00",2023-09-28,2023-10-02,100,5,Delayed,"Quezon city",1,Weather
S000889,O000889,DHL,TRK81130481,"2024-12-25 03:39:00",2025-01-05,2025-01-03,80,0.5,Delivered,Manila,2,"Carrier Backlog"
S000890,O000890,"JRS Express",n/a,"2024-09-05 01:47:00",2024-09-15,NULL,80,2,Preparing,"Quezon city",3,Weather
S000891,O000891,DHL,TRK358389545,"2024-10-28 11:40:00",2024-11-02,2024-11-07,150,10,Delayed,Pasig,1,n/a
S000892,O000892,FedEx,TRK76100057,"2025-12-14 16:02:00",2025-12-20,2025-12-22,120,5,Delayed,Caloocan,0,"Carrier Backlog"
S000893,O000893,"Ninja Van",TRK97124199,"2022-03-18 01:16:00",2022-03-29,2022-04-01,120,10,Delayed,Pasig,1,"Carrier Backlog"
S000894,O000894,2GO,TRK533189890,"2024-09-06 15:41:00",2024-09-13,2024-09-19,350,15,Delayed,Pasig,1,"Address Issue"
S000895,O000895,FedEx,TRK29126556,"2025-07-24 11:42:00",2025-08-01,2025-08-08,0,10,Delayed,Antipolo,1,Weather
S000896,O000896,Unknown,TRK548691024,"2023-08-04 00:03:00",2023-08-12,2023-08-16,180,5,Delayed,Caloocan,3,"Address Issue"
S000897,O000897,"JRS Express",TRK50138597,"2024-03-26 09:36:00",2024-03-30,2024-03-28,80,1,Delivered,Taguig,1,n/a
S000898,O000898,LBC,n/a,"2023-09-20 03:20:00",2023-09-30,2023-10-02,100,0,Delayed,"Davao city",1,Weather
S000899,O000899,"JRS Express",TRK677197127,"2022-11-30 19:51:00",2022-12-09,2022-12-08,350,20,Delivered,Taguig,1,Weather
S000900,O000900,LBC,TRK95783500,"2023-01-28 17:41:00",2023-02-03,2023-02-07,100,3,Delayed,Antipolo,3,n/a
S000901,O000901,2GO,n/a,"2025-05-13 22:52:00",2025-05-17,2025-05-21,250,3,Delayed,Pasig,1,n/a
S000902,O000902,"JRS Express",TRK618560949,"2024-07-21 02:17:00",2024-07-23,2024-07-30,100,0.5,Delayed,Caloocan,0,"Warehouse Delay"
S000903,O000903,DHL,n/a,"2023-12-30 07:42:00",2024-01-05,NULL,80,0.5,Returned,Taguig,1,"Customer Unavailable"
S000904,O000904,"Ninja Van",TRK361591214,"2024-12-10 16:16:00",2024-12-14,2024-12-19,0,0,Delayed,Pasig,3,"Customer Unavailable"
S000905,O000905,LBC,n/a,"2025-03-26 12:36:00",2025-04-03,2025-04-01,120,0,Delivered,Iloilo,2,Weather
S000906,O000906,DHL,n/a,"2022-05-01 21:15:00",2022-05-09,2022-05-15,180,20,Delayed,Antipolo,3,Weather
S000907,O000907,"J&T Express",TRK669988774,"2025-06-24 01:13:00",2025-06-28,NULL,350,15,Preparing,Taguig,1,"Warehouse Delay"
S000908,O000908,"J&T Express",TRK451726312,"2024-08-02 15:56:00",2024-08-14,2024-08-18,150,1,Delayed,Makati,2,Weather
S000909,O000909,2GO,TRK345363241,"2024-08-17 17:40:00",NULL,NULL,120,5,Preparing,Caloocan,1,"Carrier Backlog"
S000910,O000910,"J&T Express",TRK86343989,"2024-05-04 23:03:00",2024-05-09,2024-05-14,350,3,Delayed,Pasig,2,"Customer Unavailable"
S000911,O000911,2GO,TRK470283280,"2025-11-05 00:45:00",2025-11-08,2025-11-14,250,5,Delayed,Makati,1,"Carrier Backlog"
S000912,O000912,DHL,TRK646223838,"2022-11-03 11:18:00",2022-11-04,2022-11-10,0,5,Delayed,Manila,1,"Customer Unavailable"
S000913,O000913,"J&T Express",TRK53427686,"2025-04-19 19:29:00",2025-04-21,NULL,0,0.5,Preparing,"Cebu city",3,"Address Issue"
S000914,O000914,2GO,n/a,"2023-10-28 05:55:00",2023-10-31,2023-11-07,350,20,Delayed,Manila,0,"Carrier Backlog"
S000915,O000915,2GO,TRK20919767,"2022-04-05 15:24:00",NULL,NULL,250,2,Preparing,"Quezon city",0,"Carrier Backlog"
S000916,O000916,LBC,n/a,"2025-10-21 09:08:00",2025-10-23,2025-10-22,350,20,Delivered,"Cebu city",3,"Address Issue"
S000917,O000917,"J&T Express",n/a,"2026-01-03 11:13:00",2026-01-05,2026-01-04,80,0,Delivered,Makati,0,"Warehouse Delay"
S000918,O000918,"JRS Express",TRK696064817,"2023-02-17 18:23:00",2023-02-20,2023-02-23,350,0.5,Delayed,Pasig,2,"Carrier Backlog"
S000919,O000919,LBC,n/a,"2023-02-25 01:48:00",NULL,NULL,350,10,Returned,Taguig,2,"Customer Unavailable"
S000920,O000920,LBC,n/a,"2022-07-31 03:32:00",2022-08-09,2022-08-07,350,3,Delivered,"Quezon city",3,"Customer Unavailable"
S000921,O000921,"JRS Express",TRK905469196,"2025-09-03 10:11:00",2025-09-11,2025-09-15,500,5,Delayed,"Quezon city",1,"Address Issue"
S000922,O000922,"J&T Express",n/a,"2022-02-20 03:06:00",2022-03-03,2022-03-03,500,5,"Out for Delivery",Caloocan,1,"Carrier Backlog"
S000923,O000923,"Ninja Van",TRK314942536,"2025-05-01 06:51:00",2025-05-03,2025-05-03,150,0.5,"Out for Delivery",Iloilo,1,"Warehouse Delay"
S000924,O000924,2GO,TRK57431778,"2025-02-10 22:51:00",NULL,NULL,0,10,Preparing,"Davao city",2,"Warehouse Delay"
S000925,O000925,DHL,TRK106888112,"2025-07-24 01:55:00",2025-07-29,2025-08-02,150,0,Delayed,"Davao city",2,"Carrier Backlog"
S000926,O000926,DHL,n/a,"2022-12-03 00:25:00",2022-12-08,2022-12-13,120,0.5,Delayed,Taguig,1,"Warehouse Delay"
S000927,O000927,DHL,TRK42541390,"2024-08-08 08:16:00",2024-08-16,2024-08-15,150,0,Delivered,"Cebu city",0,"Customer Unavailable"
S000928,O000928,"J&T Express",TRK112757416,"2024-08-09 07:01:00",2024-08-21,2024-08-21,500,2,"Out for Delivery","Quezon city",0,"Warehouse Delay"
S000929,O000929,FedEx,TRK955107127,"2023-05-27 00:41:00",NULL,NULL,350,20,Preparing,"Cebu city",2,n/a
S000930,O000930,"Ninja Van",TRK93375052,"2022-04-20 02:22:00",2022-04-29,2022-05-03,100,0,Delayed,Makati,1,"Customer Unavailable"
S000931,O000931,"J&T Express",TRK17857740,"2023-07-16 08:36:00",2023-07-24,2023-07-31,150,15,Delayed,Taguig,2,n/a
S000932,O000932,LBC,n/a,"2024-08-08 04:02:00",2024-08-15,2024-08-18,500,3,Delayed,Manila,3,"Customer Unavailable"
S000933,O000933,"JRS Express",n/a,"2023-12-08 17:15:00",2023-12-16,2023-12-19,0,2,Delayed,Caloocan,1,Weather
S000934,O000934,FedEx,TRK59760136,"2025-05-14 23:24:00",2025-05-25,2025-05-30,180,2,Delayed,"Cebu city",1,Weather
S000935,O000935,Unknown,n/a,"2023-11-30 03:06:00",2023-12-03,2023-12-08,350,10,Delayed,Pasig,3,"Address Issue"
S000936,O000936,"J&T Express",TRK12589684,"2024-08-15 09:10:00",2024-08-27,2024-09-02,0,20,Delayed,Antipolo,0,"Customer Unavailable"
S000937,O000937,"Ninja Van",n/a,"2024-08-16 18:49:00",2024-08-23,NULL,100,0.5,Returned,Caloocan,1,"Customer Unavailable"
S000938,O000938,DHL,n/a,"2025-05-23 05:54:00",2025-05-29,2025-06-01,180,15,Delayed,Caloocan,1,"Customer Unavailable"
S000939,O000939,"JRS Express",n/a,"2025-06-21 11:20:00",2025-06-30,2025-07-04,100,15,Delayed,Pasig,2,n/a
S000940,O000940,FedEx,TRK64772152,"2025-08-27 19:15:00",2025-09-04,2025-09-08,100,1,Delayed,Iloilo,3,n/a
S000941,O000941,"JRS Express",TRK945190139,"2024-12-02 15:29:00",2024-12-10,2024-12-08,150,5,Delivered,"Davao city",1,Weather
S000942,O000942,LBC,TRK837087312,"2025-05-27 13:34:00",2025-05-30,2025-05-29,250,5,Delivered,Iloilo,3,n/a
S000943,O000943,FedEx,TRK870871930,"2022-01-11 01:03:00",2022-01-23,2022-01-25,120,15,Delayed,"Quezon city",1,"Address Issue"
S000944,O000944,LBC,TRK17292792,"2023-01-06 11:38:00",2023-01-17,2023-01-15,500,5,Delivered,"Quezon city",1,"Address Issue"
S000945,O000945,2GO,TRK777248153,"2022-04-01 14:46:00",2022-04-10,2022-04-10,500,15,"Out for Delivery",Caloocan,0,"Address Issue"
S000946,O000946,"JRS Express",TRK365310682,"2022-01-16 05:38:00",2022-01-27,2022-01-31,350,2,Delayed,"Davao city",0,"Customer Unavailable"
S000947,O000947,2GO,TRK78357771,"2023-09-11 08:03:00",2023-09-13,2023-09-11,250,5,Delivered,Iloilo,1,Weather
S000948,O000948,2GO,TRK611915410,"2022-08-27 05:39:00",2022-09-08,2022-09-09,80,0,Delayed,"Davao city",1,Weather
S000949,O000949,2GO,TRK659576029,"2022-12-30 16:52:00",2023-01-05,2023-01-04,80,3,Delivered,Antipolo,0,"Customer Unavailable"
S000950,O000950,2GO,n/a,"2024-09-10 15:22:00",2024-09-22,2024-09-22,120,0,"Out for Delivery",n/a,1,"Customer Unavailable"
S000951,O000951,FedEx,TRK68036204,"2022-10-26 04:33:00",NULL,NULL,250,5,Preparing,Manila,0,Weather
S000952,O000952,DHL,n/a,"2024-04-16 15:51:00",2024-04-19,NULL,0,2,Preparing,Pasig,1,Weather
S000953,O000953,"J&T Express",n/a,"2025-07-05 11:17:00",2025-07-17,2025-07-16,180,10,Delivered,Iloilo,1,n/a
S000954,O000954,LBC,TRK256111444,"2022-08-15 04:41:00",2022-08-19,2022-08-18,80,10,Delivered,Iloilo,2,"Address Issue"
S000955,O000955,2GO,n/a,"2023-04-18 22:16:00",2023-04-28,2023-04-26,250,1,Delivered,"Quezon city",0,Weather
S000956,O000956,"J&T Express",TRK61215997,"2025-03-14 00:51:00",2025-03-24,NULL,250,2,Preparing,Antipolo,1,Weather
S000957,O000957,"J&T Express",TRK445646260,"2025-10-02 11:54:00",2025-10-06,NULL,500,1,Preparing,Pasig,2,Weather
S000958,O000958,DHL,TRK246865892,"2026-01-03 10:09:00",2026-01-12,2026-01-13,0,2,Delayed,"Cebu city",3,n/a
S000959,O000959,DHL,n/a,"2023-06-04 12:00:00",2023-06-08,2023-06-08,150,0,"Out for Delivery",Caloocan,1,n/a
S000960,O000960,"JRS Express",TRK221601941,"2024-08-23 13:43:00",2024-08-27,2024-09-02,0,0.5,Delayed,Iloilo,0,"Address Issue"
S000961,O000961,"J&T Express",TRK630829040,"2025-05-10 08:48:00",2025-05-16,NULL,250,20,Preparing,Caloocan,1,"Carrier Backlog"
S000962,O000962,2GO,n/a,"2023-04-22 16:38:00",2023-04-26,2023-05-01,180,1,Delayed,Caloocan,2,Weather
S000963,O000963,"JRS Express",n/a,"2024-05-08 15:00:00",2024-05-13,2024-05-12,180,0.5,Delivered,Iloilo,1,"Address Issue"
S000964,O000964,LBC,n/a,"2025-08-30 07:35:00",2025-09-07,2025-09-05,150,20,Delivered,"Davao city",3,"Address Issue"
S000965,O000965,LBC,TRK61462366,"2023-11-07 22:26:00",2023-11-19,2023-11-17,500,3,Delivered,Antipolo,0,Weather
S000966,O000966,DHL,n/a,"2023-09-08 14:30:00",2023-09-15,NULL,180,0.5,Preparing,Taguig,1,"Warehouse Delay"
S000967,O000967,"J&T Express",TRK33664262,"2025-01-10 00:21:00",2025-01-14,2025-01-19,180,5,Delayed,Makati,0,"Address Issue"
S000968,O000968,"Ninja Van",TRK69208616,"2022-02-15 22:24:00",2022-02-23,2022-02-28,120,10,Delayed,"Quezon city",1,"Carrier Backlog"
S000969,O000969,2GO,TRK58334368,"2024-05-06 09:46:00",2024-05-15,2024-05-15,350,3,"Out for Delivery","Quezon city",1,"Customer Unavailable"
S000970,O000970,"J&T Express",n/a,"2025-04-09 14:41:00",2025-04-14,2025-04-15,100,1,Delayed,Caloocan,1,"Warehouse Delay"
S000971,O000971,2GO,TRK540836143,"2023-02-02 02:14:00",2023-02-13,2023-02-16,120,20,Delayed,Iloilo,1,Weather
S000972,O000972,DHL,TRK897119279,"2025-10-07 06:28:00",NULL,NULL,350,10,Preparing,Manila,1,"Warehouse Delay"
S000973,O000973,"Ninja Van",TRK78282736,"2022-08-09 10:31:00",2022-08-13,NULL,100,1,Preparing,Pasig,1,"Carrier Backlog"
S000974,O000974,"J&T Express",TRK64256512,"2022-07-28 11:38:00",NULL,NULL,150,3,Preparing,"Davao city",1,"Warehouse Delay"
S000975,O000975,"JRS Express",TRK70213929,"2024-11-23 17:55:00",NULL,NULL,150,1,Preparing,Antipolo,1,"Carrier Backlog"
S000976,O000976,"Ninja Van",TRK78147898,"2022-05-14 21:39:00",2022-05-24,2022-05-26,150,1,Delayed,Taguig,2,"Warehouse Delay"
S000977,O000977,"JRS Express",TRK652697300,"2023-05-04 14:04:00",NULL,NULL,80,5,Preparing,"Quezon city",2,"Carrier Backlog"
S000978,O000978,LBC,TRK95594604,"2025-11-10 03:50:00",NULL,NULL,180,2,Preparing,"Davao city",1,Weather
S000979,O000979,DHL,TRK33858477,"2025-06-02 10:51:00",2025-06-10,2025-06-15,350,1,Delayed,"Quezon city",1,"Address Issue"
S000980,O000980,"Ninja Van",n/a,"2025-07-06 13:32:00",2025-07-17,2025-07-23,150,20,Delayed,n/a,0,"Warehouse Delay"
S000981,O000981,DHL,TRK605727341,"2025-10-15 00:04:00",2025-10-24,2025-10-28,150,2,Delayed,"Cebu city",3,"Customer Unavailable"
S000982,O000982,"Ninja Van",n/a,"2024-02-06 16:11:00",2024-02-08,2024-02-15,150,2,Delayed,Antipolo,0,"Address Issue"
S000983,O000983,LBC,n/a,"2026-01-05 01:24:00",2026-01-12,2026-01-13,80,0,Delayed,"Quezon city",1,"Warehouse Delay"
S000984,O000984,2GO,n/a,"2024-03-06 10:48:00",2024-03-13,NULL,120,1,Preparing,n/a,0,n/a
S000985,O000985,FedEx,TRK50037013,"2023-04-07 07:46:00",2023-04-08,2023-04-06,500,20,Delivered,"Quezon city",1,"Address Issue"
S000986,O000986,DHL,TRK623074266,"2022-10-12 22:21:00",2022-10-21,2022-10-20,180,0.5,Delivered,"Quezon city",1,"Warehouse Delay"
S000987,O000987,"J&T Express",TRK908110285,"2022-08-03 18:38:00",2022-08-05,2022-08-03,100,15,Delivered,"Cebu city",1,"Carrier Backlog"
S000988,O000988,LBC,TRK22588787,"2022-05-19 08:45:00",2022-05-22,2022-05-27,150,0,Delayed,Taguig,1,"Customer Unavailable"
S000989,O000989,2GO,n/a,"2025-09-08 11:47:00",2025-09-14,2025-09-14,180,20,"Out for Delivery",Pasig,2,"Carrier Backlog"
S000990,O000990,DHL,TRK91428411,"2024-03-24 14:30:00",2024-03-25,2024-03-24,80,5,Delivered,Makati,1,n/a
S000991,O000991,DHL,n/a,"2022-12-23 22:43:00",2023-01-02,NULL,250,10,Preparing,Taguig,0,Weather
S000992,O000992,FedEx,TRK40792897,"2025-05-18 07:50:00",2025-05-30,2025-05-29,0,1,Delivered,Taguig,2,"Warehouse Delay"
S000993,O000993,2GO,TRK12533112,"2022-07-17 12:16:00",2022-07-19,2022-07-23,120,0,Delayed,Pasig,1,"Customer Unavailable"
S000994,O000994,LBC,n/a,"2024-10-30 09:38:00",2024-11-05,2024-11-08,500,0.5,Delayed,"Cebu city",3,"Address Issue"
S000995,O000995,DHL,n/a,"2022-03-03 19:02:00",2022-03-06,2022-03-13,100,3,Delayed,Pasig,3,"Warehouse Delay"
S000996,O000996,2GO,TRK19552855,"2023-08-04 12:12:00",2023-08-14,2023-08-20,0,5,Delayed,Caloocan,0,Weather
S000997,O000997,FedEx,TRK13053571,"2024-11-06 07:43:00",2024-11-12,2024-11-18,350,20,Delayed,Pasig,1,"Address Issue"
S000998,O000998,"JRS Express",TRK476776388,"2022-03-29 23:27:00",2022-04-08,2022-04-14,80,1,Delayed,"Cebu city",1,"Address Issue"
S000999,O000999,"J&T Express",TRK23550334,"2024-01-10 15:47:00",2024-01-11,2024-01-16,100,0,Delayed,Taguig,1,n/a
S001000,O001000,"J&T Express",TRK32690740,"2023-06-26 11:01:00",2023-06-28,2023-06-26,350,1,Delivered,Pasig,0,n/a
S001001,O001001,DHL,n/a,"2022-08-31 16:27:00",2022-09-02,2022-09-05,250,10,Delayed,Caloocan,0,"Warehouse Delay"
S001002,O001002,FedEx,n/a,"2024-10-04 06:34:00",2024-10-07,2024-10-11,150,15,Delayed,Antipolo,2,"Carrier Backlog"
S001003,O001003,LBC,TRK252703428,"2024-12-30 16:46:00",2025-01-10,2025-01-13,150,15,Delayed,"Cebu city",0,"Customer Unavailable"
S001004,O001004,"Ninja Van",TRK853428792,"2024-03-28 14:39:00",2024-04-09,2024-04-11,100,1,Delayed,Antipolo,3,"Carrier Backlog"
S001005,O001005,"J&T Express",TRK48542570,"2022-08-07 00:09:00",2022-08-17,2022-08-24,100,2,Delayed,Manila,1,n/a
S001006,O001006,2GO,TRK12197143,"2024-10-24 08:13:00",2024-11-03,2024-11-02,150,15,Delivered,Makati,1,n/a
S001007,O001007,DHL,n/a,"2022-02-19 19:42:00",2022-02-28,2022-02-27,100,5,Delivered,"Cebu city",2,Weather
S001008,O001008,2GO,n/a,"2025-01-11 22:36:00",2025-01-18,2025-01-23,80,3,Delayed,Antipolo,2,"Carrier Backlog"
S001009,O001009,"J&T Express",n/a,"2024-03-15 04:35:00",2024-03-22,2024-03-24,100,1,Delayed,"Cebu city",0,n/a
S001010,O001010,LBC,TRK578802600,"2022-03-06 03:30:00",2022-03-12,2022-03-15,0,15,Delayed,Iloilo,0,n/a
S001011,O001011,Unknown,n/a,"2025-08-10 18:38:00",2025-08-22,2025-08-20,80,0,Delivered,"Davao city",2,"Address Issue"
S001012,O001012,Unknown,TRK53307314,"2022-12-01 19:03:00",2022-12-11,2022-12-15,120,0.5,Delayed,"Cebu city",1,"Warehouse Delay"
S001013,O001013,"JRS Express",n/a,"2023-02-02 11:53:00",2023-02-07,2023-02-11,150,10,Delayed,"Davao city",1,n/a
S001014,O001014,2GO,n/a,"2023-05-15 01:29:00",2023-05-25,2023-05-31,100,0,Delayed,Antipolo,1,"Address Issue"
S001015,O001015,LBC,TRK994497383,"2024-05-21 10:37:00",2024-05-31,2024-05-29,0,3,Delivered,Iloilo,2,"Customer Unavailable"
S001016,O001016,"Ninja Van",TRK42118030,"2022-10-21 04:50:00",2022-11-02,NULL,120,10,Preparing,Taguig,1,n/a
S001017,O001017,LBC,TRK491932772,"2023-02-02 06:46:00",2023-02-13,2023-02-12,150,10,Delivered,Caloocan,1,"Address Issue"
S001018,O001018,"J&T Express",TRK127052159,"2024-04-11 11:54:00",2024-04-16,2024-04-16,500,20,"Out for Delivery","Davao city",1,"Customer Unavailable"
S001019,O001019,FedEx,TRK345993515,"2022-09-21 18:26:00",2022-10-01,2022-09-29,80,3,Delivered,Taguig,0,"Warehouse Delay"
S001020,O001020,"JRS Express",TRK94247074,"2023-01-18 03:16:00",NULL,NULL,350,3,Preparing,Manila,1,Weather
S001021,O001021,"JRS Express",TRK355415130,"2022-12-15 05:07:00",2022-12-17,2022-12-16,500,1,Delivered,Antipolo,2,"Warehouse Delay"
S001022,O001022,"JRS Express",TRK50655319,"2023-12-23 02:27:00",2023-12-26,2023-12-26,150,20,"Out for Delivery",Pasig,1,"Warehouse Delay"
S001023,O001023,"Ninja Van",TRK586861185,"2025-10-17 07:28:00",2025-10-19,2025-10-25,80,0.5,Delayed,Pasig,1,"Carrier Backlog"
S001024,O001024,2GO,n/a,"2025-09-08 11:18:00",2025-09-13,NULL,100,15,Preparing,"Quezon city",0,"Address Issue"
S001025,O001025,Unknown,n/a,"2023-02-25 06:28:00",2023-02-27,NULL,100,3,Preparing,"Cebu city",1,Weather
S001026,O001026,FedEx,n/a,"2024-08-20 17:22:00",2024-08-27,2024-08-26,350,3,Delivered,Iloilo,2,Weather
S001027,O001027,2GO,TRK200146485,"2025-06-13 01:55:00",2025-06-23,2025-06-30,100,15,Delayed,Caloocan,3,"Warehouse Delay"
S001028,O001028,FedEx,n/a,"2022-10-06 12:53:00",2022-10-17,2022-10-18,180,3,Delayed,"Cebu city",1,Weather
S001029,O001029,"JRS Express",TRK40731043,"2025-11-03 11:46:00",2025-11-04,2025-11-07,0,0,Delayed,Antipolo,1,Weather
S001030,O001030,DHL,n/a,"2022-05-25 19:53:00",2022-05-26,2022-05-26,500,1,"Out for Delivery",Makati,0,"Carrier Backlog"
S001031,O001031,"JRS Express",n/a,"2025-10-17 05:41:00",2025-10-24,2025-10-27,0,0,Delayed,"Cebu city",1,"Address Issue"
S001032,O001032,FedEx,n/a,"2022-04-18 19:50:00",2022-04-26,2022-04-30,350,15,Delayed,Makati,1,"Address Issue"
S001033,O001033,"Ninja Van",TRK81204271,"2024-05-03 20:56:00",2024-05-04,2024-05-06,500,1,Delayed,"Davao city",1,"Address Issue"
S001034,O001034,FedEx,TRK54418118,"2022-03-27 00:14:00",2022-04-04,2022-04-07,0,5,Delayed,Manila,0,Weather
S001035,O001035,2GO,n/a,"2023-01-08 04:58:00",2023-01-18,NULL,180,0,Preparing,Caloocan,1,Weather
S001036,O001036,"JRS Express",TRK151683277,"2022-02-10 20:56:00",2022-02-15,2022-02-15,120,10,"Out for Delivery",Pasig,2,"Customer Unavailable"
S001037,O001037,"J&T Express",TRK75987437,"2023-09-09 18:20:00",2023-09-15,2023-09-16,100,0.5,Delayed,Antipolo,2,"Warehouse Delay"
S001038,O001038,LBC,n/a,"2024-11-17 14:39:00",2024-11-18,2024-11-18,80,0.5,"Out for Delivery",n/a,3,"Customer Unavailable"
S001039,O001039,"JRS Express",TRK62359893,"2025-10-17 10:14:00",2025-10-28,2025-10-27,100,0.5,Delivered,Manila,2,"Carrier Backlog"
S001040,O001040,2GO,TRK65801637,"2025-02-16 05:51:00",2025-02-19,2025-02-22,80,3,Delayed,Makati,3,"Customer Unavailable"
S001041,O001041,"J&T Express",n/a,"2022-10-27 01:07:00",2022-11-06,NULL,80,10,Returned,"Cebu city",1,"Customer Unavailable"
S001042,O001042,"Ninja Van",TRK50456580,"2023-06-03 12:05:00",2023-06-12,2023-06-19,150,5,Delayed,"Quezon city",3,"Address Issue"
S001043,O001043,"Ninja Van",n/a,"2022-06-04 00:39:00",2022-06-08,2022-06-14,120,20,Delayed,Taguig,3,"Customer Unavailable"
S001044,O001044,LBC,n/a,"2023-09-22 09:03:00",2023-09-25,NULL,0,1,Preparing,"Quezon city",1,n/a
S001045,O001045,DHL,TRK64740632,"2022-05-20 23:03:00",2022-05-22,2022-05-29,500,5,Delayed,"Quezon city",1,"Customer Unavailable"
S001046,O001046,2GO,TRK67410719,"2023-01-26 19:55:00",2023-02-01,NULL,100,3,Returned,Antipolo,2,"Customer Unavailable"
S001047,O001047,LBC,TRK27894917,"2025-05-05 21:40:00",2025-05-06,2025-05-11,500,0.5,Delayed,Manila,2,"Warehouse Delay"
S001048,O001048,"J&T Express",TRK198533082,"2023-04-14 16:42:00",2023-04-19,2023-04-25,150,0.5,Delayed,Makati,1,"Customer Unavailable"
S001049,O001049,2GO,TRK71510691,"2024-05-15 08:16:00",2024-05-18,2024-05-17,100,10,Delivered,Taguig,2,n/a
S001050,O001050,FedEx,TRK37643970,"2023-09-14 17:51:00",2023-09-17,2023-09-16,250,15,Delivered,Makati,1,n/a
S001051,O001051,FedEx,n/a,"2025-05-26 19:44:00",2025-06-06,2025-06-08,500,15,Delayed,Makati,0,"Address Issue"
S001052,O001052,2GO,n/a,"2023-12-16 12:42:00",2023-12-20,2023-12-21,80,20,Delayed,Taguig,0,Weather
S001053,O001053,DHL,n/a,"2025-04-26 16:06:00",2025-05-06,2025-05-09,80,1,Delayed,"Cebu city",1,n/a
S001054,O001054,DHL,TRK64565492,"2025-02-03 15:26:00",2025-02-15,2025-02-20,80,2,Delayed,Makati,1,"Carrier Backlog"
S001055,O001055,"JRS Express",TRK501593334,"2022-02-23 21:50:00",2022-03-03,2022-03-02,150,2,Delivered,Taguig,3,"Warehouse Delay"
S001056,O001056,"JRS Express",n/a,"2024-09-03 16:03:00",2024-09-14,2024-09-16,180,2,Delayed,n/a,1,"Carrier Backlog"
S001057,O001057,"J&T Express",n/a,"2024-09-26 09:52:00",2024-10-03,2024-10-05,0,0.5,Delayed,"Davao city",0,"Address Issue"
S001058,O001058,DHL,n/a,"2023-06-02 12:52:00",2023-06-11,NULL,0,3,Preparing,Caloocan,1,Weather
S001059,O001059,LBC,n/a,"2022-10-31 16:15:00",2022-11-07,2022-11-07,120,10,"Out for Delivery","Davao city",1,n/a
S001060,O001060,DHL,TRK30477054,"2025-10-14 09:46:00",2025-10-20,2025-10-23,100,15,Delayed,"Quezon city",1,"Carrier Backlog"
S001061,O001061,DHL,TRK89738558,"2025-07-22 19:41:00",2025-07-24,2025-07-24,500,3,"Out for Delivery",Iloilo,0,"Address Issue"
S001062,O001062,"J&T Express",n/a,"2024-10-05 21:42:00",2024-10-11,2024-10-11,350,0,"Out for Delivery",Caloocan,1,"Address Issue"
S001063,O001063,"Ninja Van",TRK75449922,"2024-06-23 10:16:00",2024-06-29,2024-07-02,0,3,Delayed,Taguig,0,"Warehouse Delay"
S001064,O001064,"JRS Express",n/a,"2022-03-26 03:06:00",2022-04-01,2022-04-01,500,15,"Out for Delivery",Pasig,1,n/a
S001065,O001065,"Ninja Van",TRK584365940,"2024-01-02 23:13:00",2024-01-11,2024-01-13,80,1,Delayed,Iloilo,0,"Carrier Backlog"
S001066,O001066,2GO,TRK30002789,"2025-08-16 05:05:00",2025-08-25,2025-09-01,150,20,Delayed,Iloilo,1,"Address Issue"
S001067,O001067,2GO,n/a,"2025-08-16 13:32:00",2025-08-18,2025-08-18,100,1,"Out for Delivery",Taguig,2,Weather
S001068,O001068,2GO,TRK441474653,"2024-11-25 09:03:00",2024-12-01,2024-12-06,350,0.5,Delayed,Taguig,1,n/a
S001069,O001069,FedEx,n/a,"2025-03-31 01:33:00",2025-04-07,2025-04-07,500,2,"Out for Delivery",Pasig,1,n/a
S001070,O001070,FedEx,TRK95082132,"2024-12-26 10:04:00",2025-01-05,2025-01-05,350,2,"Out for Delivery",Taguig,1,n/a
S001071,O001071,"JRS Express",TRK539587176,"2022-03-09 06:20:00",2022-03-19,2022-03-18,0,3,Delivered,Iloilo,1,Weather
S001072,O001072,DHL,TRK672325468,"2025-06-30 23:05:00",NULL,NULL,80,15,Preparing,Antipolo,0,"Warehouse Delay"
S001073,O001073,"Ninja Van",TRK333240113,"2025-08-13 10:06:00",2025-08-25,2025-08-31,80,0.5,Delayed,"Quezon city",2,Weather
S001074,O001074,FedEx,TRK502951056,"2025-06-18 17:30:00",2025-06-22,2025-06-27,350,3,Delayed,Caloocan,1,"Carrier Backlog"
S001075,O001075,LBC,TRK825435789,"2022-07-16 06:36:00",2022-07-24,2022-07-28,0,0.5,Delayed,Pasig,1,"Customer Unavailable"
S001076,O001076,LBC,n/a,"2025-01-01 22:13:00",2025-01-10,2025-01-08,250,10,Delivered,"Quezon city",1,"Customer Unavailable"
S001077,O001077,FedEx,TRK698486475,"2022-06-30 18:29:00",2022-07-07,NULL,500,2,Preparing,Manila,3,"Address Issue"
S001078,O001078,2GO,TRK81523508,"2024-10-12 22:11:00",2024-10-18,NULL,500,5,Preparing,"Quezon city",2,"Address Issue"
S001079,O001079,DHL,n/a,"2023-03-22 08:20:00",2023-04-03,2023-04-03,120,0.5,"Out for Delivery",Pasig,2,"Carrier Backlog"
S001080,O001080,FedEx,n/a,"2022-06-07 22:44:00",2022-06-13,NULL,350,0,Preparing,Caloocan,1,"Warehouse Delay"
S001081,O001081,"J&T Express",n/a,"2022-09-28 14:31:00",2022-09-29,2022-09-27,500,2,Delivered,Taguig,2,"Address Issue"
S001082,O001082,"JRS Express",TRK53959699,"2022-11-19 06:02:00",2022-11-21,2022-11-19,120,3,Delivered,Manila,1,Weather
S001083,O001083,"Ninja Van",TRK732001979,"2024-04-28 14:14:00",2024-05-06,2024-05-12,0,10,Delayed,Caloocan,3,"Customer Unavailable"
S001084,O001084,LBC,TRK930535546,"2024-12-14 16:39:00",2024-12-19,2024-12-17,0,20,Delivered,Iloilo,1,n/a
S001085,O001085,"J&T Express",TRK47953992,"2022-08-07 12:12:00",2022-08-08,NULL,500,1,Preparing,Taguig,1,"Carrier Backlog"
S001086,O001086,"J&T Express",TRK48456035,"2023-07-23 23:29:00",2023-07-24,2023-07-24,100,20,"Out for Delivery",Makati,0,n/a
S001087,O001087,"Ninja Van",TRK42258180,"2024-09-01 18:33:00",2024-09-13,2024-09-16,120,15,Delayed,"Cebu city",3,"Address Issue"
S001088,O001088,"J&T Express",TRK57111232,"2023-07-13 15:59:00",2023-07-20,2023-07-26,250,0.5,Delayed,Taguig,1,"Carrier Backlog"
S001089,O001089,2GO,n/a,"2024-01-09 19:15:00",2024-01-20,2024-01-26,120,20,Delayed,"Cebu city",1,n/a
S001090,O001090,2GO,TRK97617680,"2022-12-09 07:56:00",2022-12-18,2022-12-16,350,3,Delivered,Antipolo,2,n/a
S001091,O001091,FedEx,TRK25650450,"2023-10-02 02:54:00",2023-10-14,2023-10-14,250,20,"Out for Delivery",Pasig,3,"Carrier Backlog"
S001092,O001092,FedEx,TRK984582261,"2025-03-10 15:32:00",2025-03-18,2025-03-24,100,15,Delayed,Taguig,0,"Warehouse Delay"
S001093,O001093,DHL,n/a,"2022-11-24 01:22:00",2022-12-03,2022-12-07,150,1,Delayed,"Davao city",3,"Address Issue"
S001094,O001094,"JRS Express",TRK402239073,"2022-09-25 05:59:00",2022-09-26,2022-09-26,180,0.5,"Out for Delivery",Caloocan,1,"Carrier Backlog"
S001095,O001095,"JRS Express",TRK35083360,"2022-08-13 06:01:00",2022-08-17,2022-08-15,120,10,Delivered,Pasig,2,"Carrier Backlog"
S001096,O001096,"JRS Express",n/a,"2023-06-15 18:04:00",2023-06-22,2023-06-28,150,20,Delayed,Manila,1,n/a
S001097,O001097,"JRS Express",n/a,"2024-12-26 21:13:00",2024-12-31,2025-01-04,80,1,Delayed,"Davao city",3,n/a
S001098,O001098,"JRS Express",n/a,"2025-07-29 23:45:00",2025-07-31,NULL,0,1,Preparing,Manila,1,Weather
S001099,O001099,FedEx,n/a,"2024-01-11 22:45:00",2024-01-18,NULL,350,0,Preparing,"Quezon city",1,"Carrier Backlog"
S001100,O001100,2GO,n/a,"2025-12-23 04:22:00",2025-12-31,2026-01-02,250,0,Delayed,"Cebu city",0,"Carrier Backlog"
S001101,O001101,2GO,n/a,"2024-07-02 21:34:00",2024-07-13,2024-07-12,150,15,Delivered,Pasig,0,"Address Issue"
S001102,O001102,LBC,TRK951997343,"2025-10-14 20:53:00",2025-10-17,NULL,350,20,Preparing,Antipolo,3,n/a
S001103,O001103,2GO,TRK338425818,"2023-04-20 03:48:00",2023-04-30,2023-05-04,80,0.5,Delayed,Manila,0,"Carrier Backlog"
S001104,O001104,DHL,TRK68966406,"2023-01-03 07:06:00",2023-01-12,2023-01-19,500,10,Delayed,Makati,1,Weather
S001105,O001105,"Ninja Van",TRK912720184,"2024-05-15 12:58:00",2024-05-22,2024-05-27,250,2,Delayed,Iloilo,2,n/a
S001106,O001106,DHL,TRK350910881,"2023-06-06 10:35:00",2023-06-14,2023-06-21,0,1,Delayed,"Quezon city",0,"Carrier Backlog"
S001107,O001107,2GO,TRK95841144,"2025-12-12 18:03:00",2025-12-16,NULL,250,1,Preparing,"Cebu city",1,n/a
S001108,O001108,"Ninja Van",TRK26783043,"2022-01-25 03:57:00",NULL,NULL,180,20,Preparing,Iloilo,1,n/a
S001109,O001109,"J&T Express",TRK88273299,"2025-06-15 03:02:00",2025-06-19,2025-06-18,80,2,Delivered,Antipolo,0,Weather
S001110,O001110,2GO,n/a,"2023-06-28 18:12:00",2023-07-01,2023-07-01,100,0.5,"Out for Delivery",Pasig,1,Weather
S001111,O001111,FedEx,TRK610198072,"2022-07-13 08:46:00",2022-07-24,2022-07-25,500,2,Delayed,Taguig,3,"Warehouse Delay"
S001112,O001112,"J&T Express",n/a,"2022-06-01 11:39:00",2022-06-07,2022-06-12,120,5,Delayed,Manila,1,"Warehouse Delay"
S001113,O001113,"Ninja Van",TRK577124685,"2022-03-20 21:54:00",2022-03-23,2022-03-22,100,0.5,Delivered,Antipolo,2,"Address Issue"
S001114,O001114,"Ninja Van",n/a,"2024-09-26 06:41:00",2024-10-05,2024-10-03,500,3,Delivered,Caloocan,1,"Customer Unavailable"
S001115,O001115,"J&T Express",TRK766242914,"2022-12-14 07:59:00",2022-12-18,2022-12-16,80,20,Delivered,Pasig,2,"Customer Unavailable"
S001116,O001116,"Ninja Van",TRK84804595,"2025-04-04 00:45:00",2025-04-07,2025-04-06,100,0.5,Delivered,"Quezon city",1,"Customer Unavailable"
S001117,O001117,FedEx,TRK493308097,"2025-09-01 18:35:00",2025-09-03,NULL,150,3,Returned,Pasig,2,"Customer Unavailable"
S001118,O001118,"Ninja Van",TRK75982146,"2022-07-03 21:50:00",2022-07-14,2022-07-19,500,3,Delayed,n/a,2,"Carrier Backlog"
S001119,O001119,FedEx,TRK414474168,"2022-05-31 04:33:00",2022-06-06,2022-06-13,250,1,Delayed,Iloilo,1,n/a
S001120,O001120,LBC,TRK966189724,"2025-11-18 03:18:00",2025-11-21,NULL,150,3,Returned,"Cebu city",1,"Customer Unavailable"
S001121,O001121,2GO,n/a,"2024-11-06 12:00:00",2024-11-11,2024-11-10,120,5,Delivered,Taguig,1,"Customer Unavailable"
S001122,O001122,"JRS Express",TRK199382652,"2024-01-13 23:31:00",NULL,NULL,120,3,Preparing,"Quezon city",0,"Address Issue"
S001123,O001123,"JRS Express",n/a,"2022-10-25 21:34:00",2022-10-30,2022-10-31,0,15,Delayed,Caloocan,3,"Carrier Backlog"
S001124,O001124,LBC,n/a,"2025-05-30 07:58:00",2025-06-10,NULL,500,15,Preparing,Makati,1,"Address Issue"
S001125,O001125,FedEx,TRK63564438,"2022-01-15 02:39:00",NULL,NULL,80,20,Preparing,Iloilo,1,Weather
S001126,O001126,"Ninja Van",TRK54939144,"2022-01-12 05:27:00",2022-01-16,2022-01-23,100,15,Delayed,n/a,1,"Carrier Backlog"
S001127,O001127,DHL,TRK942129613,"2024-07-28 18:30:00",2024-08-02,2024-08-09,0,20,Delayed,Pasig,1,"Customer Unavailable"
S001128,O001128,2GO,TRK411346848,"2025-02-16 10:34:00",2025-02-19,2025-02-22,500,3,Delayed,Pasig,2,Weather
S001129,O001129,DHL,n/a,"2023-07-01 04:00:00",2023-07-07,2023-07-06,250,20,Delivered,Makati,1,Weather
S001130,O001130,"JRS Express",TRK32046057,"2024-06-21 05:18:00",2024-06-28,2024-06-28,500,0,"Out for Delivery",Makati,0,n/a
S001131,O001131,"J&T Express",TRK20561806,"2024-03-14 23:31:00",2024-03-24,2024-03-24,180,5,"Out for Delivery",Iloilo,0,"Address Issue"
S001132,O001132,LBC,TRK64047937,"2023-01-04 23:07:00",NULL,NULL,0,1,Returned,"Quezon city",3,"Customer Unavailable"
S001133,O001133,FedEx,TRK66575938,"2022-10-31 03:05:00",2022-11-10,2022-11-16,80,0.5,Delayed,Iloilo,1,"Warehouse Delay"
S001134,O001134,DHL,TRK91273879,"2022-03-20 19:40:00",2022-03-25,NULL,0,0,Preparing,Caloocan,1,"Carrier Backlog"
S001135,O001135,DHL,n/a,"2023-01-21 16:34:00",2023-01-28,2023-01-26,100,15,Delivered,"Cebu city",1,"Address Issue"
S001136,O001136,FedEx,TRK391580242,"2023-01-06 05:04:00",2023-01-12,2023-01-11,250,15,Delivered,Manila,0,n/a
S001137,O001137,FedEx,TRK61633916,"2022-10-12 12:09:00",2022-10-19,NULL,180,5,Preparing,Antipolo,0,"Address Issue"
S001138,O001138,2GO,TRK40921691,"2023-09-08 20:52:00",2023-09-14,2023-09-18,180,3,Delayed,Pasig,0,"Address Issue"
S001139,O001139,2GO,n/a,"2025-01-27 18:34:00",2025-02-03,2025-02-08,150,0.5,Delayed,Iloilo,2,n/a
S001140,O001140,FedEx,n/a,"2023-09-25 02:57:00",2023-10-07,2023-10-12,80,1,Delayed,"Davao city",1,n/a
S001141,O001141,LBC,TRK623930871,"2025-01-10 06:34:00",2025-01-11,2025-01-14,250,3,Delayed,Antipolo,1,n/a
S001142,O001142,Unknown,TRK232693331,"2022-02-02 10:22:00",2022-02-13,2022-02-18,180,3,Delayed,"Cebu city",2,"Customer Unavailable"
S001143,O001143,"J&T Express",n/a,"2024-03-25 16:00:00",2024-04-06,2024-04-07,80,3,Delayed,"Davao city",1,"Customer Unavailable"
S001144,O001144,LBC,TRK336025202,"2024-08-28 09:07:00",2024-08-29,2024-08-28,250,3,Delivered,"Cebu city",0,"Address Issue"
S001145,O001145,"J&T Express",TRK27213705,"2022-12-07 19:29:00",2022-12-11,2022-12-13,180,10,Delayed,"Davao city",1,Weather
S001146,O001146,FedEx,TRK48405067,"2023-10-09 05:29:00",2023-10-14,2023-10-19,150,10,Delayed,Makati,2,"Customer Unavailable"
S001147,O001147,DHL,TRK788256962,"2024-01-19 14:13:00",NULL,NULL,180,0.5,Preparing,"Quezon city",2,Weather
S001148,O001148,"J&T Express",TRK30547762,"2022-02-12 09:01:00",2022-02-20,2022-02-20,500,5,"Out for Delivery",Iloilo,0,"Warehouse Delay"
S001149,O001149,"J&T Express",TRK24761056,"2025-11-02 21:10:00",2025-11-09,2025-11-08,0,15,Delivered,Taguig,2,n/a
S001150,O001150,FedEx,TRK826321204,"2024-04-06 00:06:00",2024-04-14,2024-04-20,250,5,Delayed,Caloocan,1,"Warehouse Delay"
S001151,O001151,LBC,TRK52201803,"2024-10-22 09:55:00",2024-10-30,2024-10-29,80,0,Delivered,Makati,3,"Customer Unavailable"
S001152,O001152,"J&T Express",TRK57708532,"2022-07-05 11:32:00",2022-07-08,2022-07-06,120,20,Delivered,Makati,0,"Carrier Backlog"
S001153,O001153,"J&T Express",TRK38293345,"2023-06-10 03:26:00",NULL,NULL,150,5,Preparing,"Quezon city",1,Weather
S001154,O001154,2GO,TRK25856622,"2024-04-08 14:18:00",2024-04-10,NULL,250,15,Preparing,Pasig,3,"Address Issue"
S001155,O001155,LBC,TRK71454716,"2025-09-08 12:57:00",2025-09-18,2025-09-18,0,10,"Out for Delivery",Antipolo,3,Weather
S001156,O001156,LBC,TRK46125329,"2023-03-16 20:41:00",2023-03-17,2023-03-24,250,2,Delayed,Manila,3,n/a
S001157,O001157,LBC,n/a,"2025-10-06 21:28:00",2025-10-10,2025-10-16,80,1,Delayed,Makati,0,"Address Issue"
S001158,O001158,2GO,TRK11708158,"2024-08-08 07:07:00",2024-08-13,2024-08-13,250,5,"Out for Delivery",Antipolo,1,"Address Issue"
S001159,O001159,DHL,n/a,"2024-03-07 20:45:00",2024-03-13,2024-03-13,120,2,"Out for Delivery",Taguig,1,n/a
S001160,O001160,2GO,n/a,"2023-12-24 09:51:00",2023-12-29,2024-01-05,180,5,Delayed,Makati,2,"Warehouse Delay"
S001161,O001161,"Ninja Van",TRK93114848,"2022-12-23 10:40:00",2022-12-26,2023-01-01,100,1,Delayed,Makati,1,"Carrier Backlog"
S001162,O001162,DHL,TRK98212910,"2024-12-11 03:33:00",NULL,NULL,100,1,Preparing,Makati,0,"Warehouse Delay"
S001163,O001163,LBC,TRK428123171,"2023-10-11 13:24:00",2023-10-19,2023-10-26,150,0,Delayed,Antipolo,1,"Customer Unavailable"
S001164,O001164,LBC,TRK149377191,"2023-12-26 23:35:00",2024-01-03,2024-01-05,250,10,Delayed,Manila,0,"Address Issue"
S001165,O001165,"JRS Express",TRK13851137,"2024-07-24 09:05:00",2024-08-01,2024-08-08,250,1,Delayed,Caloocan,3,"Address Issue"
S001166,O001166,LBC,n/a,"2024-04-21 14:19:00",2024-04-24,2024-04-22,250,10,Delivered,"Davao city",1,n/a
S001167,O001167,2GO,n/a,"2023-11-25 09:43:00",2023-12-05,2023-12-12,120,3,Delayed,Iloilo,0,n/a
S001168,O001168,FedEx,TRK412139197,"2025-03-24 02:50:00",2025-04-04,NULL,350,20,Preparing,Manila,3,"Carrier Backlog"
S001169,O001169,"J&T Express",n/a,"2025-06-05 06:15:00",NULL,NULL,100,2,Preparing,Caloocan,1,"Carrier Backlog"
S001170,O001170,"J&T Express",TRK495610949,"2024-04-22 04:18:00",2024-05-04,NULL,80,10,Preparing,"Cebu city",1,n/a
S001171,O001171,DHL,TRK756571210,"2024-05-18 21:01:00",NULL,NULL,80,1,Preparing,Pasig,1,Weather
S001172,O001172,FedEx,TRK750283340,"2022-06-07 15:45:00",2022-06-14,2022-06-14,0,1,"Out for Delivery","Cebu city",1,"Address Issue"
S001173,O001173,"JRS Express",TRK848984598,"2024-07-21 23:43:00",2024-07-22,2024-07-24,250,0.5,Delayed,"Davao city",1,"Customer Unavailable"
S001174,O001174,"JRS Express",n/a,"2022-03-05 11:12:00",2022-03-15,2022-03-20,250,0,Delayed,Pasig,1,"Warehouse Delay"
S001175,O001175,LBC,n/a,"2023-02-11 02:14:00",2023-02-23,2023-03-01,500,0,Delayed,"Quezon city",2,"Address Issue"
S001176,O001176,"JRS Express",TRK307236334,"2023-01-02 04:54:00",2023-01-09,2023-01-10,500,15,Delayed,Manila,1,n/a
S001177,O001177,FedEx,TRK58061634,"2024-11-08 11:47:00",2024-11-13,2024-11-16,350,5,Delayed,Pasig,3,"Carrier Backlog"
S001178,O001178,"Ninja Van",n/a,"2022-04-19 08:36:00",NULL,NULL,100,20,Returned,"Cebu city",3,"Customer Unavailable"
S001179,O001179,FedEx,n/a,"2022-06-20 22:19:00",2022-06-26,2022-06-29,0,20,Delayed,Pasig,1,"Carrier Backlog"
S001180,O001180,"J&T Express",TRK498877305,"2023-06-07 10:36:00",2023-06-14,2023-06-21,180,20,Delayed,"Quezon city",1,"Customer Unavailable"
S001181,O001181,DHL,n/a,"2023-11-29 16:11:00",2023-12-07,NULL,100,0,Preparing,n/a,1,"Warehouse Delay"
S001182,O001182,"Ninja Van",TRK801703851,"2022-03-07 19:00:00",NULL,NULL,80,10,Preparing,"Davao city",1,"Address Issue"
S001183,O001183,DHL,TRK819538005,"2022-10-20 11:37:00",2022-10-25,2022-10-31,180,10,Delayed,Iloilo,1,"Address Issue"
S001184,O001184,DHL,TRK33208483,"2025-10-02 01:44:00",2025-10-04,2025-10-09,80,20,Delayed,Makati,0,"Warehouse Delay"
S001185,O001185,LBC,n/a,"2022-02-10 09:59:00",2022-02-11,2022-02-15,180,2,Delayed,Makati,1,"Address Issue"
S001186,O001186,LBC,TRK78633848,"2023-03-11 17:32:00",NULL,NULL,250,2,Preparing,Caloocan,2,Weather
S001187,O001187,2GO,TRK264866523,"2024-01-08 16:58:00",2024-01-19,2024-01-22,80,3,Delayed,Taguig,1,Weather
S001188,O001188,"JRS Express",TRK15111116,"2024-01-13 01:38:00",2024-01-23,2024-01-23,500,20,"Out for Delivery",Caloocan,1,"Address Issue"
S001189,O001189,2GO,TRK103995642,"2023-04-18 17:22:00",2023-04-22,2023-04-21,350,2,Delivered,Caloocan,1,"Carrier Backlog"
S001190,O001190,DHL,TRK21276171,"2023-12-28 23:41:00",NULL,NULL,150,2,Preparing,"Quezon city",2,"Carrier Backlog"
S001191,O001191,"J&T Express",TRK84071379,"2023-12-28 16:27:00",2024-01-06,NULL,120,3,Returned,Caloocan,2,"Customer Unavailable"
S001192,O001192,DHL,n/a,"2024-10-13 02:58:00",2024-10-20,2024-10-21,100,2,Delayed,Manila,2,Weather
S001193,O001193,"J&T Express",TRK298315013,"2025-10-27 22:18:00",2025-11-01,2025-11-06,100,0.5,Delayed,Makati,1,Weather
S001194,O001194,2GO,TRK38962160,"2025-08-11 13:05:00",2025-08-14,2025-08-20,180,3,Delayed,n/a,2,"Carrier Backlog"
S001195,O001195,LBC,n/a,"2023-01-02 11:07:00",2023-01-12,2023-01-12,80,5,"Out for Delivery",Caloocan,1,"Carrier Backlog"
S001196,O001196,2GO,TRK875979180,"2022-04-22 15:33:00",2022-04-30,2022-05-01,350,1,Delayed,Makati,1,n/a
S001197,O001197,LBC,TRK62697501,"2024-09-25 18:11:00",2024-10-04,2024-10-11,0,0.5,Delayed,Manila,3,"Address Issue"
S001198,O001198,"JRS Express",TRK460899216,"2024-06-02 23:46:00",NULL,NULL,0,20,Preparing,Makati,1,"Address Issue"
S001199,O001199,"J&T Express",TRK594315233,"2025-09-29 07:18:00",2025-10-08,2025-10-14,100,10,Delayed,Makati,1,Weather
S001200,O001200,DHL,n/a,"2024-10-04 00:15:00",2024-10-11,2024-10-09,180,2,Delivered,"Cebu city",3,"Carrier Backlog"
S001201,O001201,LBC,n/a,"2024-09-16 11:23:00",2024-09-23,2024-09-21,150,10,Delivered,"Cebu city",1,"Customer Unavailable"
S001202,O001202,"J&T Express",TRK91120836,"2022-01-31 21:55:00",NULL,NULL,80,2,Preparing,Manila,3,"Address Issue"
S001203,O001203,"J&T Express",n/a,"2022-06-30 03:38:00",2022-07-06,2022-07-11,100,10,Delayed,Iloilo,1,"Carrier Backlog"
S001204,O001204,2GO,n/a,"2024-03-13 04:11:00",2024-03-21,2024-03-27,80,0.5,Delayed,Antipolo,1,"Address Issue"
S001205,O001205,"Ninja Van",TRK242772939,"2024-01-27 19:22:00",2024-01-31,2024-01-30,0,0.5,Delivered,Antipolo,1,Weather
S001206,O001206,LBC,TRK21322877,"2022-08-30 01:58:00",2022-09-04,2022-09-06,350,0,Delayed,Caloocan,3,n/a
S001207,O001207,"Ninja Van",TRK89588350,"2022-10-28 15:19:00",2022-10-30,2022-10-31,500,15,Delayed,"Davao city",3,"Warehouse Delay"
S001208,O001208,LBC,TRK343717738,"2023-10-26 00:22:00",2023-11-03,2023-11-05,150,15,Delayed,"Cebu city",2,"Carrier Backlog"
S001209,O001209,2GO,TRK447951536,"2025-04-16 23:44:00",2025-04-19,2025-04-26,250,1,Delayed,"Davao city",0,Weather
S001210,O001210,"JRS Express",n/a,"2022-09-04 01:21:00",2022-09-13,2022-09-16,350,0.5,Delayed,Taguig,0,"Customer Unavailable"
S001211,O001211,"Ninja Van",n/a,"2025-09-05 23:07:00",2025-09-08,2025-09-14,80,15,Delayed,Manila,0,"Carrier Backlog"
S001212,O001212,2GO,TRK343015525,"2023-03-18 13:05:00",2023-03-25,2023-03-30,350,1,Delayed,Taguig,1,Weather
S001213,O001213,FedEx,n/a,"2022-07-11 21:57:00",2022-07-16,2022-07-23,100,2,Delayed,n/a,1,Weather
S001214,O001214,2GO,TRK37526060,"2022-07-28 12:33:00",2022-08-08,2022-08-13,100,3,Delayed,Manila,1,"Carrier Backlog"
S001215,O001215,"JRS Express",TRK61435113,"2024-04-23 22:21:00",2024-04-26,2024-04-26,180,10,"Out for Delivery",Taguig,1,"Warehouse Delay"
S001216,O001216,FedEx,n/a,"2024-09-02 10:42:00",2024-09-13,2024-09-19,120,5,Delayed,Caloocan,1,"Warehouse Delay"
S001217,O001217,FedEx,TRK110557082,"2023-05-23 23:10:00",2023-06-03,NULL,0,10,Returned,Manila,2,"Customer Unavailable"
S001218,O001218,"JRS Express",n/a,"2024-11-20 13:11:00",2024-11-28,NULL,0,1,Preparing,Antipolo,1,n/a
S001219,O001219,"JRS Express",n/a,"2024-08-04 22:22:00",2024-08-15,2024-08-22,250,2,Delayed,Makati,1,"Customer Unavailable"
S001220,O001220,"Ninja Van",TRK834973669,"2024-11-04 13:48:00",2024-11-06,2024-11-08,120,10,Delayed,"Cebu city",0,n/a
S001221,O001221,LBC,n/a,"2025-04-23 08:53:00",2025-04-26,2025-05-03,0,5,Delayed,Pasig,2,n/a
S001222,O001222,LBC,TRK235799296,"2023-07-09 22:27:00",2023-07-16,2023-07-14,120,0.5,Delivered,Taguig,3,"Address Issue"
S001223,O001223,LBC,TRK711998559,"2024-03-23 06:23:00",2024-03-27,2024-03-27,250,0.5,"Out for Delivery","Quezon city",1,n/a
S001224,O001224,"JRS Express",TRK173505360,"2024-10-04 11:05:00",2024-10-08,2024-10-09,250,10,Delayed,Iloilo,0,"Customer Unavailable"
S001225,O001225,"Ninja Van",TRK664161476,"2024-07-16 04:51:00",2024-07-25,2024-07-23,500,0.5,Delivered,Manila,1,Weather
S001226,O001226,"Ninja Van",TRK476676949,"2024-03-31 12:04:00",2024-04-09,2024-04-11,350,1,Delayed,"Davao city",2,"Address Issue"
S001227,O001227,DHL,n/a,"2022-11-24 10:51:00",2022-12-02,2022-12-06,120,20,Delayed,"Davao city",0,"Address Issue"
S001228,O001228,FedEx,TRK97542318,"2023-05-27 06:48:00",2023-05-28,2023-05-28,0,3,"Out for Delivery","Quezon city",0,"Carrier Backlog"
S001229,O001229,FedEx,TRK916108594,"2022-04-07 21:48:00",2022-04-14,2022-04-18,500,1,Delayed,Manila,1,Weather
S001230,O001230,2GO,n/a,"2023-02-01 07:24:00",2023-02-03,2023-02-03,250,5,"Out for Delivery","Cebu city",1,"Warehouse Delay"
S001231,O001231,"J&T Express",n/a,"2024-01-16 07:25:00",2024-01-19,2024-01-18,80,1,Delivered,Pasig,1,"Warehouse Delay"
S001232,O001232,LBC,TRK70638206,"2024-03-23 05:27:00",2024-03-29,2024-03-31,350,15,Delayed,Manila,1,n/a
S001233,O001233,2GO,TRK23183265,"2024-02-02 04:25:00",2024-02-11,NULL,350,0.5,Preparing,Antipolo,3,"Address Issue"
S001234,O001234,"JRS Express",n/a,"2024-12-27 00:29:00",NULL,NULL,100,15,Preparing,Antipolo,1,n/a
S001235,O001235,2GO,TRK457424724,"2024-01-27 13:31:00",2024-01-31,2024-02-04,500,20,Delayed,"Cebu city",1,"Address Issue"
S001236,O001236,"J&T Express",TRK398814717,"2025-01-06 03:40:00",2025-01-11,2025-01-11,500,1,"Out for Delivery",Iloilo,3,"Carrier Backlog"
S001237,O001237,LBC,TRK353395771,"2025-11-04 07:48:00",2025-11-06,NULL,80,1,Preparing,Iloilo,1,"Carrier Backlog"
S001238,O001238,"J&T Express",TRK14707895,"2025-02-16 10:03:00",2025-02-23,2025-02-24,250,1,Delayed,Taguig,1,n/a
S001239,O001239,Unknown,TRK220061817,"2025-01-05 03:18:00",2025-01-12,2025-01-16,250,10,Delayed,Makati,3,"Warehouse Delay"
S001240,O001240,2GO,n/a,"2022-09-15 14:34:00",NULL,NULL,80,10,Preparing,Caloocan,2,"Carrier Backlog"
S001241,O001241,"JRS Express",n/a,"2022-09-08 21:03:00",2022-09-16,2022-09-21,150,3,Delayed,Iloilo,3,"Customer Unavailable"
S001242,O001242,LBC,TRK33318581,"2022-08-20 16:55:00",2022-08-28,2022-09-01,100,0.5,Delayed,Pasig,3,Weather
S001243,O001243,"JRS Express",TRK985875529,"2024-06-03 07:09:00",2024-06-07,2024-06-12,250,5,Delayed,Iloilo,0,Weather
S001244,O001244,"Ninja Van",TRK63837683,"2023-06-03 21:11:00",2023-06-12,2023-06-18,80,0.5,Delayed,Pasig,3,"Customer Unavailable"
S001245,O001245,"Ninja Van",n/a,"2023-12-05 16:48:00",2023-12-17,2023-12-23,180,2,Delayed,Iloilo,0,"Carrier Backlog"
S001246,O001246,"Ninja Van",n/a,"2023-07-28 12:56:00",2023-08-01,2023-07-31,0,15,Delivered,"Davao city",0,"Warehouse Delay"
S001247,O001247,"Ninja Van",n/a,"2022-12-05 11:05:00",2022-12-07,2022-12-09,100,0,Delayed,Caloocan,1,"Address Issue"
S001248,O001248,FedEx,TRK58986305,"2025-11-03 23:31:00",2025-11-12,2025-11-17,120,5,Delayed,"Cebu city",1,Weather
S001249,O001249,"Ninja Van",TRK93765650,"2024-07-10 13:51:00",2024-07-19,2024-07-22,150,0.5,Delayed,Taguig,2,"Address Issue"
S001250,O001250,DHL,TRK102187587,"2022-04-14 13:30:00",2022-04-19,2022-04-19,500,0,"Out for Delivery",Iloilo,3,"Customer Unavailable"
S001251,O001251,"JRS Express",n/a,"2025-02-26 16:23:00",2025-03-01,2025-03-08,80,1,Delayed,Makati,1,"Customer Unavailable"
S001252,O001252,"J&T Express",TRK84054691,"2025-10-23 02:48:00",2025-11-02,2025-11-03,180,2,Delayed,"Cebu city",2,Weather
S001253,O001253,"JRS Express",TRK62007072,"2022-12-02 21:47:00",2022-12-05,2022-12-07,150,0.5,Delayed,Manila,3,n/a
S001254,O001254,"JRS Express",n/a,"2026-01-02 07:17:00",2026-01-03,2026-01-07,120,20,Delayed,"Cebu city",1,n/a
S001255,O001255,"J&T Express",TRK855406610,"2025-04-28 19:08:00",2025-05-06,NULL,250,5,Preparing,Iloilo,0,n/a
S001256,O001256,2GO,n/a,"2023-02-11 08:11:00",2023-02-21,2023-02-25,150,0.5,Delayed,"Cebu city",0,"Customer Unavailable"
S001257,O001257,DHL,n/a,"2023-07-04 19:15:00",2023-07-14,2023-07-12,250,0.5,Delivered,"Cebu city",1,"Customer Unavailable"
S001258,O001258,"Ninja Van",n/a,"2024-07-23 08:46:00",2024-07-28,NULL,500,0.5,Preparing,Pasig,2,"Warehouse Delay"
S001259,O001259,DHL,TRK32356327,"2023-09-06 20:23:00",2023-09-16,2023-09-15,350,1,Delivered,Taguig,2,"Address Issue"
S001260,O001260,"J&T Express",TRK674796702,"2024-04-15 06:56:00",2024-04-27,2024-04-30,100,0.5,Delayed,Taguig,1,"Address Issue"
S001261,O001261,DHL,TRK609100225,"2025-09-21 06:33:00",2025-10-02,2025-10-04,150,15,Delayed,"Davao city",1,"Address Issue"
S001262,O001262,2GO,n/a,"2022-07-07 00:46:00",2022-07-16,2022-07-23,80,0.5,Delayed,Antipolo,0,"Warehouse Delay"
S001263,O001263,DHL,n/a,"2023-04-15 12:45:00",2023-04-24,2023-04-24,0,0.5,"Out for Delivery","Davao city",1,Weather
S001264,O001264,LBC,n/a,"2023-12-27 15:24:00",2023-12-29,2023-12-28,250,10,Delivered,Makati,1,"Warehouse Delay"
S001265,O001265,2GO,n/a,"2023-08-03 04:21:00",2023-08-06,2023-08-09,150,0.5,Delayed,"Quezon city",0,n/a
S001266,O001266,DHL,n/a,"2022-08-30 08:47:00",2022-09-05,2022-09-05,250,3,"Out for Delivery","Davao city",1,"Address Issue"
S001267,O001267,2GO,n/a,"2025-07-13 05:07:00",2025-07-17,NULL,250,2,Preparing,"Quezon city",2,"Address Issue"
S001268,O001268,"Ninja Van",TRK167872947,"2025-12-02 16:42:00",2025-12-13,2025-12-19,120,1,Delayed,Antipolo,1,Weather
S001269,O001269,LBC,n/a,"2025-02-14 23:51:00",2025-02-24,2025-02-24,0,1,"Out for Delivery",Pasig,1,"Address Issue"
S001270,O001270,2GO,TRK27453031,"2025-05-15 22:21:00",2025-05-23,2025-05-26,250,0.5,Delayed,Manila,1,"Customer Unavailable"
S001271,O001271,FedEx,TRK97241481,"2023-05-05 03:29:00",2023-05-06,2023-05-06,80,0.5,"Out for Delivery",Iloilo,1,"Carrier Backlog"
S001272,O001272,"J&T Express",TRK989656796,"2022-11-30 19:50:00",2022-12-09,2022-12-11,500,0.5,Delayed,"Cebu city",1,Weather
S001273,O001273,LBC,TRK505906027,"2025-03-30 22:16:00",2025-04-08,2025-04-12,150,0.5,Delayed,Pasig,1,"Warehouse Delay"
S001274,O001274,Unknown,TRK573491766,"2024-12-29 11:49:00",2025-01-08,2025-01-09,350,2,Delayed,Antipolo,3,"Carrier Backlog"
S001275,O001275,"JRS Express",TRK73040442,"2023-01-17 02:54:00",2023-01-27,2023-01-31,250,2,Delayed,"Cebu city",1,"Customer Unavailable"
S001276,O001276,"JRS Express",TRK21165583,"2025-06-18 22:24:00",2025-06-24,2025-06-30,100,0,Delayed,Iloilo,2,"Address Issue"
S001277,O001277,DHL,TRK407379108,"2025-02-27 07:19:00",2025-02-28,2025-03-06,180,1,Delayed,Taguig,3,"Address Issue"
S001278,O001278,2GO,TRK460013983,"2023-12-24 19:29:00",2023-12-28,2024-01-01,180,1,Delayed,"Cebu city",2,Weather
S001279,O001279,"J&T Express",TRK782245478,"2023-03-14 01:39:00",2023-03-25,2023-04-01,80,1,Delayed,Caloocan,1,n/a
S001280,O001280,DHL,TRK64954655,"2025-03-29 22:27:00",2025-03-30,2025-04-04,0,0.5,Delayed,Caloocan,2,"Customer Unavailable"
S001281,O001281,DHL,TRK125882681,"2022-05-14 12:53:00",2022-05-22,2022-05-23,150,5,Delayed,Caloocan,1,Weather
S001282,O001282,"Ninja Van",n/a,"2025-02-24 11:39:00",2025-03-07,2025-03-07,350,3,"Out for Delivery",n/a,1,"Address Issue"
S001283,O001283,DHL,n/a,"2025-12-02 08:59:00",2025-12-11,2025-12-09,0,5,Delivered,Caloocan,0,"Address Issue"
S001284,O001284,FedEx,TRK55079428,"2024-07-01 00:59:00",NULL,NULL,0,20,Preparing,"Davao city",1,"Warehouse Delay"
S001285,O001285,2GO,TRK574037580,"2022-01-21 00:32:00",2022-01-27,2022-01-25,80,15,Delivered,Antipolo,2,"Warehouse Delay"
S001286,O001286,"JRS Express",TRK83141191,"2024-12-03 15:27:00",2024-12-11,2024-12-17,350,3,Delayed,Pasig,1,n/a
S001287,O001287,"Ninja Van",TRK901355663,"2022-03-01 22:32:00",2022-03-03,2022-03-04,250,3,Delayed,Pasig,1,Weather
S001288,O001288,DHL,TRK78408752,"2025-06-28 06:31:00",2025-07-03,2025-07-04,150,2,Delayed,Pasig,1,"Customer Unavailable"
S001289,O001289,2GO,n/a,"2023-01-15 13:33:00",2023-01-23,2023-01-27,80,5,Delayed,Caloocan,1,Weather
S001290,O001290,"J&T Express",TRK52367991,"2023-02-19 11:15:00",2023-02-27,2023-03-05,350,0.5,Delayed,Taguig,1,Weather
S001291,O001291,FedEx,n/a,"2023-02-16 04:48:00",2023-02-19,2023-02-23,80,0.5,Delayed,Caloocan,1,"Customer Unavailable"
S001292,O001292,FedEx,TRK584114193,"2024-08-19 23:20:00",NULL,NULL,180,10,Preparing,Manila,1,n/a
S001293,O001293,"J&T Express",n/a,"2024-05-26 05:43:00",2024-06-07,2024-06-09,100,0.5,Delayed,Manila,1,"Warehouse Delay"
S001294,O001294,FedEx,n/a,"2023-02-02 14:17:00",2023-02-05,2023-02-09,120,5,Delayed,"Cebu city",3,"Address Issue"
S001295,O001295,FedEx,n/a,"2023-03-18 03:19:00",2023-03-21,2023-03-21,100,10,"Out for Delivery","Quezon city",1,"Customer Unavailable"
S001296,O001296,FedEx,n/a,"2023-07-26 10:33:00",2023-08-07,2023-08-10,250,3,Delayed,Caloocan,0,"Customer Unavailable"
S001297,O001297,"Ninja Van",TRK464382827,"2023-05-28 06:43:00",2023-05-30,2023-05-29,500,0,Delivered,Antipolo,1,"Address Issue"
S001298,O001298,"J&T Express",TRK76643526,"2024-08-08 14:23:00",2024-08-20,2024-08-18,150,2,Delivered,Pasig,1,n/a
S001299,O001299,"Ninja Van",n/a,"2024-11-03 15:11:00",2024-11-14,2024-11-16,120,20,Delayed,Manila,0,"Customer Unavailable"
S001300,O001300,FedEx,TRK15388423,"2023-02-08 20:37:00",2023-02-13,2023-02-17,100,1,Delayed,"Quezon city",1,"Carrier Backlog"
S001301,O001301,2GO,TRK819986997,"2025-12-20 02:20:00",2025-12-26,2025-12-28,120,5,Delayed,Makati,1,Weather
S001302,O001302,DHL,TRK41503771,"2022-04-07 23:45:00",2022-04-18,NULL,0,10,Preparing,Makati,0,"Warehouse Delay"
S001303,O001303,LBC,TRK54567559,"2022-03-08 11:27:00",2022-03-14,2022-03-12,180,0.5,Delivered,Taguig,1,n/a
S001304,O001304,2GO,n/a,"2023-05-07 03:25:00",2023-05-13,2023-05-13,180,1,"Out for Delivery","Quezon city",1,"Customer Unavailable"
S001305,O001305,LBC,n/a,"2024-08-14 16:27:00",2024-08-26,2024-09-02,250,10,Delayed,Makati,2,"Carrier Backlog"
S001306,O001306,"J&T Express",n/a,"2023-04-25 06:31:00",2023-05-01,2023-05-07,0,1,Delayed,Taguig,1,"Carrier Backlog"
S001307,O001307,LBC,TRK52237093,"2024-06-16 09:45:00",2024-06-18,2024-06-19,80,2,Delayed,"Quezon city",0,n/a
S001308,O001308,DHL,n/a,"2024-01-10 04:28:00",2024-01-11,NULL,500,0.5,Preparing,Antipolo,2,"Address Issue"
S001309,O001309,"JRS Express",n/a,"2023-01-21 10:16:00",2023-01-24,2023-01-29,250,3,Delayed,Makati,2,"Carrier Backlog"
S001310,O001310,"JRS Express",n/a,"2025-09-18 05:21:00",2025-09-20,2025-09-25,350,2,Delayed,Makati,1,"Address Issue"
S001311,O001311,FedEx,n/a,"2025-04-19 10:43:00",2025-04-20,2025-04-21,500,15,Delayed,Taguig,1,n/a
S001312,O001312,FedEx,TRK74579091,"2024-09-01 23:43:00",2024-09-03,2024-09-04,150,10,Delayed,Pasig,1,Weather
S001313,O001313,"J&T Express",n/a,"2023-10-28 00:50:00",2023-11-05,2023-11-06,100,3,Delayed,n/a,1,"Address Issue"
S001314,O001314,DHL,n/a,"2025-05-31 07:30:00",2025-06-05,2025-06-05,150,0.5,"Out for Delivery",Pasig,1,"Customer Unavailable"
S001315,O001315,DHL,n/a,"2024-01-10 11:47:00",2024-01-12,2024-01-16,150,10,Delayed,Manila,0,"Carrier Backlog"
S001316,O001316,"JRS Express",TRK80865013,"2024-04-13 17:36:00",2024-04-17,2024-04-19,500,2,Delayed,Antipolo,3,"Warehouse Delay"
S001317,O001317,DHL,TRK94545059,"2025-02-19 01:54:00",2025-02-24,2025-02-25,250,20,Delayed,"Davao city",1,"Warehouse Delay"
S001318,O001318,"Ninja Van",TRK515566606,"2022-03-18 09:08:00",2022-03-19,NULL,80,5,Preparing,Antipolo,0,"Warehouse Delay"
S001319,O001319,"JRS Express",TRK47205630,"2022-08-23 06:31:00",NULL,NULL,80,15,Preparing,"Davao city",1,Weather
S001320,O001320,DHL,TRK32453134,"2025-10-02 17:21:00",NULL,NULL,150,10,Preparing,Taguig,0,Weather
S001321,O001321,FedEx,TRK418071474,"2022-04-01 11:33:00",2022-04-03,2022-04-02,250,5,Delivered,Manila,0,"Carrier Backlog"
S001322,O001322,2GO,TRK697503661,"2025-10-26 09:41:00",2025-11-01,NULL,500,0.5,Preparing,"Cebu city",0,Weather
S001323,O001323,"Ninja Van",n/a,"2025-11-16 14:55:00",NULL,NULL,500,3,Preparing,Makati,1,"Warehouse Delay"
S001324,O001324,Unknown,TRK13753350,"2023-01-25 06:23:00",2023-02-05,2023-02-05,80,20,"Out for Delivery","Quezon city",1,"Address Issue"
S001325,O001325,LBC,TRK44423864,"2023-03-01 12:56:00",2023-03-11,2023-03-16,0,20,Delayed,Taguig,3,"Customer Unavailable"
S001326,O001326,2GO,TRK67238045,"2023-12-03 23:18:00",2023-12-11,2023-12-15,180,20,Delayed,Pasig,1,"Warehouse Delay"
S001327,O001327,"Ninja Van",n/a,"2023-08-22 18:31:00",NULL,NULL,0,0,Preparing,Makati,0,n/a
S001328,O001328,FedEx,n/a,"2023-12-12 15:59:00",2023-12-19,2023-12-19,350,10,"Out for Delivery","Cebu city",1,"Address Issue"
S001329,O001329,"J&T Express",n/a,"2023-07-21 15:15:00",2023-07-22,2023-07-27,80,0,Delayed,Caloocan,1,n/a
S001330,O001330,"Ninja Van",TRK545586240,"2022-05-24 02:08:00",2022-05-29,2022-05-31,250,0.5,Delayed,Antipolo,3,n/a
S001331,O001331,"J&T Express",TRK51838525,"2022-10-28 06:33:00",2022-11-09,NULL,80,2,Preparing,Caloocan,1,"Warehouse Delay"
S001332,O001332,"JRS Express",TRK59497678,"2022-10-16 19:56:00",2022-10-17,2022-10-23,100,15,Delayed,"Quezon city",2,"Address Issue"
S001333,O001333,DHL,TRK25962812,"2024-09-06 20:26:00",2024-09-18,NULL,120,1,Preparing,"Davao city",2,"Address Issue"
S001334,O001334,"J&T Express",TRK544225017,"2024-08-05 02:02:00",2024-08-06,NULL,80,0,Returned,Pasig,1,"Customer Unavailable"
S001335,O001335,DHL,TRK826343617,"2024-05-15 10:58:00",2024-05-18,NULL,500,3,Preparing,Pasig,3,n/a
S001336,O001336,2GO,n/a,"2025-09-02 09:16:00",NULL,NULL,0,15,Preparing,Antipolo,1,n/a
S001337,O001337,"J&T Express",TRK89072810,"2023-09-07 02:42:00",2023-09-13,2023-09-15,350,5,Delayed,Caloocan,1,"Address Issue"
S001338,O001338,FedEx,TRK722765985,"2025-08-09 05:51:00",2025-08-14,NULL,180,15,Preparing,"Quezon city",1,"Address Issue"
S001339,O001339,FedEx,TRK697277502,"2023-03-17 00:42:00",NULL,NULL,120,1,Preparing,"Davao city",3,n/a
S001340,O001340,LBC,TRK210326134,"2024-05-23 11:00:00",2024-06-03,2024-06-10,250,5,Delayed,Taguig,0,"Carrier Backlog"
S001341,O001341,"JRS Express",TRK934617515,"2025-12-25 13:35:00",2026-01-01,2026-01-07,120,1,Delayed,"Cebu city",0,"Warehouse Delay"
S001342,O001342,"Ninja Van",TRK272927067,"2023-05-28 23:23:00",2023-06-04,2023-06-06,100,0.5,Delayed,"Cebu city",1,"Warehouse Delay"
S001343,O001343,2GO,n/a,"2023-02-13 02:36:00",2023-02-20,2023-02-22,0,2,Delayed,Manila,1,"Warehouse Delay"
S001344,O001344,FedEx,TRK538003481,"2025-05-20 21:43:00",2025-05-24,2025-05-23,250,2,Delivered,n/a,1,n/a
S001345,O001345,"J&T Express",TRK925232910,"2022-01-31 05:01:00",2022-02-03,2022-02-09,250,15,Delayed,"Quezon city",1,Weather
S001346,O001346,FedEx,TRK96240330,"2024-08-26 00:12:00",2024-09-07,2024-09-07,250,3,"Out for Delivery",Manila,1,"Carrier Backlog"
S001347,O001347,Unknown,TRK85898377,"2024-09-05 18:09:00",2024-09-11,NULL,350,10,Preparing,n/a,3,Weather
S001348,O001348,"J&T Express",TRK159139250,"2023-10-19 19:22:00",2023-10-21,NULL,150,0,Preparing,Makati,0,"Carrier Backlog"
S001349,O001349,"Ninja Van",TRK577800313,"2022-09-27 08:59:00",2022-09-28,2022-09-28,80,0,"Out for Delivery",Iloilo,1,Weather
S001350,O001350,"JRS Express",n/a,"2022-06-22 00:08:00",2022-06-25,2022-06-25,120,5,"Out for Delivery",Antipolo,2,"Address Issue"
S001351,O001351,DHL,TRK391592256,"2025-03-18 18:06:00",2025-03-19,2025-03-18,100,20,Delivered,Pasig,0,Weather
S001352,O001352,LBC,n/a,"2024-01-21 10:17:00",2024-01-30,2024-02-04,250,2,Delayed,Pasig,2,n/a
S001353,O001353,"J&T Express",TRK129898362,"2026-01-14 08:28:00",2026-01-20,NULL,120,2,Returned,"Cebu city",3,"Customer Unavailable"
S001354,O001354,DHL,TRK140057679,"2025-10-08 17:58:00",2025-10-10,2025-10-13,100,3,Delayed,Pasig,3,"Address Issue"
S001355,O001355,FedEx,TRK710707026,"2024-06-18 06:19:00",2024-06-23,NULL,80,5,Preparing,Manila,1,"Address Issue"
S001356,O001356,FedEx,n/a,"2024-11-26 00:38:00",2024-12-03,2024-12-08,180,5,Delayed,"Cebu city",1,"Warehouse Delay"
S001357,O001357,LBC,n/a,"2023-07-31 00:55:00",2023-08-05,2023-08-08,150,0,Delayed,"Cebu city",1,"Warehouse Delay"
S001358,O001358,FedEx,n/a,"2023-10-05 13:04:00",2023-10-13,2023-10-20,180,10,Delayed,"Davao city",1,"Customer Unavailable"
S001359,O001359,2GO,TRK23908327,"2025-12-09 07:38:00",2025-12-13,2025-12-20,0,20,Delayed,"Davao city",3,"Carrier Backlog"
S001360,O001360,2GO,TRK970260533,"2023-12-28 07:03:00",2024-01-02,2024-01-02,120,3,"Out for Delivery",Caloocan,3,Weather
S001361,O001361,LBC,TRK485688658,"2025-09-09 16:59:00",2025-09-15,2025-09-21,120,1,Delayed,"Cebu city",1,Weather
S001362,O001362,LBC,n/a,"2022-01-25 13:59:00",2022-01-30,NULL,250,10,Preparing,"Davao city",1,"Warehouse Delay"
S001363,O001363,LBC,TRK253474792,"2025-01-16 04:53:00",2025-01-25,2025-01-30,0,10,Delayed,"Davao city",1,"Warehouse Delay"
S001364,O001364,"JRS Express",n/a,"2022-11-28 13:51:00",2022-11-30,2022-11-29,250,1,Delivered,Pasig,2,"Customer Unavailable"
S001365,O001365,DHL,TRK526468204,"2024-11-23 14:50:00",2024-12-03,2024-12-02,80,0,Delivered,Antipolo,1,Weather
S001366,O001366,LBC,TRK439571015,"2022-12-02 03:29:00",2022-12-09,2022-12-09,120,5,"Out for Delivery",Taguig,3,"Address Issue"
S001367,O001367,DHL,n/a,"2022-04-09 17:03:00",2022-04-20,2022-04-25,350,2,Delayed,Antipolo,0,"Customer Unavailable"
S001368,O001368,FedEx,TRK365967795,"2025-12-02 16:43:00",2025-12-13,2025-12-14,100,5,Delayed,"Quezon city",2,"Address Issue"
S001369,O001369,"J&T Express",TRK929619950,"2024-11-18 16:02:00",2024-11-22,2024-11-27,150,0.5,Delayed,Makati,0,"Warehouse Delay"
S001370,O001370,FedEx,TRK379023218,"2022-02-13 05:32:00",2022-02-20,NULL,250,2,Preparing,"Cebu city",1,"Address Issue"
S001371,O001371,LBC,TRK45295633,"2025-04-08 22:33:00",2025-04-20,2025-04-26,180,3,Delayed,"Quezon city",3,"Customer Unavailable"
S001372,O001372,DHL,TRK390048502,"2023-07-20 21:09:00",2023-07-31,2023-08-07,500,3,Delayed,Caloocan,2,"Carrier Backlog"
S001373,O001373,"J&T Express",TRK41851421,"2025-06-19 14:23:00",2025-06-23,NULL,100,0.5,Preparing,Makati,2,"Warehouse Delay"
S001374,O001374,"J&T Express",n/a,"2023-04-30 16:02:00",2023-05-07,NULL,80,1,Preparing,Manila,0,"Warehouse Delay"
S001375,O001375,Unknown,TRK842543910,"2023-01-14 15:12:00",2023-01-16,2023-01-23,100,10,Delayed,"Davao city",1,"Address Issue"
S001376,O001376,DHL,TRK177923123,"2023-05-05 19:47:00",2023-05-08,2023-05-15,150,2,Delayed,"Davao city",1,"Carrier Backlog"
S001377,O001377,DHL,TRK64936336,"2024-06-14 12:07:00",2024-06-15,2024-06-21,350,5,Delayed,Caloocan,1,Weather
S001378,O001378,FedEx,TRK180656001,"2023-05-05 19:45:00",2023-05-07,2023-05-13,150,0.5,Delayed,"Davao city",1,"Warehouse Delay"
S001379,O001379,FedEx,TRK79990103,"2024-08-18 03:20:00",NULL,NULL,100,3,Returned,Iloilo,1,"Customer Unavailable"
S001380,O001380,FedEx,TRK843680023,"2022-10-20 13:23:00",2022-10-25,2022-10-31,120,0.5,Delayed,Caloocan,1,n/a
S001381,O001381,LBC,TRK85116940,"2023-06-11 02:08:00",2023-06-15,2023-06-15,500,10,"Out for Delivery",Caloocan,3,"Carrier Backlog"
S001382,O001382,"J&T Express",TRK82130452,"2024-04-25 11:35:00",2024-04-28,2024-04-29,350,10,Delayed,Makati,1,"Carrier Backlog"
S001383,O001383,FedEx,TRK53344566,"2025-10-03 13:04:00",2025-10-05,NULL,0,0.5,Preparing,Manila,1,"Address Issue"
S001384,O001384,FedEx,TRK50866177,"2025-01-08 13:42:00",2025-01-20,2025-01-21,80,15,Delayed,Manila,2,"Customer Unavailable"
S001385,O001385,2GO,TRK59359394,"2025-04-14 18:07:00",2025-04-21,2025-04-20,120,1,Delivered,"Quezon city",1,Weather
S001386,O001386,2GO,TRK174002400,"2022-05-17 20:32:00",2022-05-24,NULL,180,10,Preparing,"Cebu city",1,"Warehouse Delay"
S001387,O001387,DHL,TRK641887944,"2024-01-14 03:01:00",2024-01-19,2024-01-21,150,0.5,Delayed,Caloocan,3,"Warehouse Delay"
S001388,O001388,Unknown,TRK312817400,"2023-08-20 18:11:00",2023-08-25,NULL,150,5,Preparing,"Cebu city",1,Weather
S001389,O001389,"J&T Express",TRK745704440,"2025-07-29 13:22:00",2025-07-30,NULL,250,1,Preparing,n/a,0,"Address Issue"
S001390,O001390,"J&T Express",TRK956567501,"2024-06-22 01:27:00",2024-06-23,2024-06-22,500,0,Delivered,Manila,1,n/a
S001391,O001391,2GO,n/a,"2024-07-26 01:36:00",2024-08-03,2024-08-10,80,0,Delayed,Pasig,0,Weather
S001392,O001392,"JRS Express",n/a,"2024-09-18 20:43:00",2024-09-20,2024-09-20,500,0.5,"Out for Delivery","Davao city",3,"Carrier Backlog"
S001393,O001393,"J&T Express",TRK96596637,"2022-11-09 05:06:00",2022-11-18,2022-11-23,250,15,Delayed,"Quezon city",1,n/a
S001394,O001394,DHL,TRK280086585,"2025-12-18 02:41:00",2025-12-27,2025-12-26,180,3,Delivered,"Davao city",1,"Address Issue"
S001395,O001395,FedEx,TRK35687050,"2025-04-06 03:49:00",NULL,NULL,100,20,Preparing,Taguig,0,n/a
S001396,O001396,FedEx,TRK239247149,"2024-06-28 19:58:00",2024-07-05,2024-07-04,180,10,Delivered,"Davao city",1,Weather
S001397,O001397,LBC,TRK55253841,"2024-01-07 12:23:00",2024-01-18,2024-01-23,350,0,Delayed,Manila,1,Weather
S001398,O001398,"J&T Express",TRK244498066,"2022-11-09 10:44:00",2022-11-12,2022-11-10,0,10,Delivered,"Quezon city",1,Weather
S001399,O001399,"J&T Express",TRK42750008,"2023-05-09 19:14:00",2023-05-20,2023-05-23,120,0.5,Delayed,"Cebu city",3,Weather
S001400,O001400,"Ninja Van",n/a,"2023-02-25 11:54:00",2023-02-28,2023-03-07,100,1,Delayed,Taguig,0,"Customer Unavailable"
S001401,O001401,"J&T Express",TRK287816837,"2023-04-12 02:36:00",2023-04-14,NULL,500,0,Preparing,Antipolo,3,"Address Issue"
S001402,O001402,"Ninja Van",n/a,"2024-08-26 02:33:00",2024-08-29,2024-08-31,120,20,Delayed,Taguig,3,"Carrier Backlog"
S001403,O001403,"Ninja Van",TRK49995623,"2023-10-28 19:28:00",2023-11-02,2023-11-02,120,0,"Out for Delivery",Antipolo,3,n/a
S001404,O001404,"JRS Express",TRK704368726,"2025-05-04 05:39:00",2025-05-06,2025-05-13,180,10,Delayed,"Davao city",1,Weather
S001405,O001405,"Ninja Van",TRK52415648,"2025-03-19 05:15:00",NULL,NULL,120,15,Preparing,Antipolo,2,"Address Issue"
S001406,O001406,LBC,TRK63129279,"2024-07-12 07:35:00",2024-07-21,2024-07-24,100,3,Delayed,"Cebu city",1,"Address Issue"
S001407,O001407,"Ninja Van",TRK42471410,"2022-11-12 05:34:00",2022-11-21,2022-11-23,80,10,Delayed,Makati,1,"Address Issue"
S001408,O001408,LBC,TRK64107611,"2022-02-05 00:54:00",2022-02-13,2022-02-17,120,10,Delayed,Pasig,0,"Warehouse Delay"
S001409,O001409,DHL,n/a,"2025-08-27 18:56:00",NULL,NULL,250,1,Preparing,"Davao city",2,n/a
S001410,O001410,"Ninja Van",n/a,"2024-05-04 13:41:00",2024-05-12,2024-05-18,80,0,Delayed,Caloocan,1,"Customer Unavailable"
S001411,O001411,DHL,TRK64217973,"2025-09-21 21:44:00",NULL,NULL,100,10,Preparing,"Quezon city",1,n/a
S001412,O001412,2GO,TRK98058246,"2022-07-26 19:50:00",2022-07-31,2022-08-07,120,1,Delayed,Manila,3,"Warehouse Delay"
S001413,O001413,"JRS Express",TRK67128595,"2024-08-16 22:08:00",2024-08-18,NULL,120,20,Preparing,Taguig,1,"Warehouse Delay"
S001414,O001414,"JRS Express",TRK946267334,"2022-11-17 09:27:00",2022-11-26,NULL,180,10,Preparing,Pasig,3,Weather
S001415,O001415,"Ninja Van",TRK10982757,"2022-10-23 10:07:00",2022-10-30,2022-10-29,120,5,Delivered,Iloilo,0,"Address Issue"
S001416,O001416,"Ninja Van",TRK523643182,"2022-01-12 22:54:00",NULL,NULL,100,3,Preparing,Caloocan,0,"Address Issue"
S001417,O001417,FedEx,n/a,"2022-03-08 20:12:00",2022-03-18,2022-03-21,150,10,Delayed,Makati,0,"Warehouse Delay"
S001418,O001418,LBC,TRK51728941,"2023-01-21 20:18:00",2023-01-30,2023-01-28,100,3,Delivered,Makati,2,"Warehouse Delay"
S001419,O001419,2GO,TRK22998653,"2023-12-16 08:39:00",2023-12-24,2023-12-31,500,0,Delayed,Iloilo,1,"Customer Unavailable"
S001420,O001420,"JRS Express",n/a,"2023-08-04 12:13:00",2023-08-08,2023-08-07,350,0.5,Delivered,Pasig,2,"Address Issue"
S001421,O001421,"Ninja Van",TRK372733167,"2024-05-12 05:07:00",2024-05-13,2024-05-19,150,0.5,Delayed,Caloocan,2,"Carrier Backlog"
S001422,O001422,FedEx,TRK638316713,"2025-02-05 06:05:00",2025-02-17,2025-02-17,80,15,"Out for Delivery","Cebu city",1,"Customer Unavailable"
S001423,O001423,"JRS Express",TRK81755905,"2025-05-15 12:57:00",2025-05-23,2025-05-25,80,0.5,Delayed,Caloocan,2,Weather
S001424,O001424,LBC,TRK509456536,"2022-07-29 19:57:00",2022-07-30,2022-08-03,250,3,Delayed,Pasig,3,"Address Issue"
S001425,O001425,FedEx,TRK63824238,"2023-04-20 11:14:00",2023-04-24,2023-04-23,100,15,Delivered,n/a,1,n/a
S001426,O001426,2GO,TRK359626697,"2024-06-23 06:56:00",2024-06-26,2024-06-28,180,1,Delayed,Antipolo,1,"Carrier Backlog"
S001427,O001427,"J&T Express",TRK373570728,"2025-03-23 13:02:00",NULL,NULL,120,1,Returned,Pasig,1,"Customer Unavailable"
S001428,O001428,"Ninja Van",n/a,"2022-04-16 07:32:00",2022-04-21,2022-04-24,150,10,Delayed,Caloocan,0,"Carrier Backlog"
S001429,O001429,LBC,n/a,"2022-04-20 13:34:00",2022-05-02,2022-05-09,80,0.5,Delayed,Manila,0,"Warehouse Delay"
S001430,O001430,2GO,n/a,"2023-09-23 20:22:00",2023-09-26,2023-10-02,500,0.5,Delayed,Makati,1,"Carrier Backlog"
S001431,O001431,"J&T Express",TRK66900640,"2022-04-09 02:31:00",2022-04-13,2022-04-12,0,2,Delivered,Pasig,1,"Carrier Backlog"
S001432,O001432,Unknown,TRK399488148,"2023-05-17 08:01:00",2023-05-22,2023-05-24,350,2,Delayed,"Davao city",1,"Carrier Backlog"
S001433,O001433,"J&T Express",TRK724759884,"2025-07-15 12:11:00",2025-07-19,2025-07-22,180,0,Delayed,"Cebu city",2,"Customer Unavailable"
S001434,O001434,"J&T Express",n/a,"2023-06-18 23:25:00",2023-06-22,2023-06-28,250,5,Delayed,"Davao city",1,"Carrier Backlog"
S001435,O001435,"Ninja Van",TRK72933226,"2025-10-06 02:41:00",2025-10-17,2025-10-21,80,2,Delayed,"Quezon city",1,"Carrier Backlog"
S001436,O001436,"JRS Express",TRK439559477,"2023-08-15 03:50:00",2023-08-19,2023-08-20,350,0.5,Delayed,Pasig,2,n/a
S001437,O001437,FedEx,TRK18902973,"2022-07-16 04:09:00",2022-07-20,2022-07-22,120,10,Delayed,n/a,1,Weather
S001438,O001438,DHL,TRK575657852,"2023-07-28 18:09:00",2023-07-31,2023-08-02,500,5,Delayed,Taguig,1,Weather
S001439,O001439,"Ninja Van",n/a,"2023-07-22 18:34:00",2023-07-31,2023-07-31,100,15,"Out for Delivery",Antipolo,1,"Address Issue"
S001440,O001440,LBC,TRK105949579,"2025-07-20 15:10:00",2025-07-30,2025-08-03,100,20,Delayed,Iloilo,2,"Carrier Backlog"
S001441,O001441,DHL,TRK237025314,"2025-03-28 17:17:00",2025-04-04,2025-04-07,250,15,Delayed,Taguig,1,"Warehouse Delay"
S001442,O001442,2GO,TRK95033987,"2025-09-06 04:19:00",2025-09-18,2025-09-25,180,0,Delayed,Manila,3,"Carrier Backlog"
S001443,O001443,LBC,TRK576518191,"2022-08-09 23:24:00",2022-08-19,NULL,250,2,Returned,"Davao city",0,"Customer Unavailable"
S001444,O001444,"Ninja Van",TRK543917500,"2025-12-17 09:19:00",2025-12-23,2025-12-23,100,0,"Out for Delivery","Quezon city",1,"Address Issue"
S001445,O001445,"Ninja Van",TRK878016604,"2023-07-29 05:54:00",2023-08-02,2023-08-08,0,20,Delayed,Pasig,3,"Address Issue"
S001446,O001446,"Ninja Van",TRK551169877,"2022-02-27 10:58:00",2022-03-07,2022-03-14,500,3,Delayed,Makati,0,"Carrier Backlog"
S001447,O001447,2GO,TRK136394375,"2024-08-14 01:43:00",2024-08-19,2024-08-23,150,5,Delayed,Taguig,0,"Carrier Backlog"
S001448,O001448,"J&T Express",TRK229837095,"2025-06-04 06:03:00",2025-06-14,2025-06-15,80,3,Delayed,Manila,1,Weather
S001449,O001449,FedEx,n/a,"2025-07-01 15:47:00",2025-07-12,2025-07-11,180,5,Delivered,Antipolo,1,"Carrier Backlog"
S001450,O001450,DHL,TRK966150282,"2022-04-14 13:48:00",2022-04-21,2022-04-26,120,3,Delayed,Makati,3,"Warehouse Delay"
S001451,O001451,"J&T Express",TRK826713171,"2022-02-17 04:35:00",2022-02-24,2022-02-24,120,10,"Out for Delivery","Quezon city",2,"Warehouse Delay"
S001452,O001452,FedEx,TRK27949951,"2023-07-18 00:18:00",2023-07-25,NULL,100,10,Returned,"Davao city",1,"Customer Unavailable"
S001453,O001453,"J&T Express",TRK701209126,"2025-08-22 16:46:00",2025-08-25,2025-08-27,100,20,Delayed,Iloilo,2,"Customer Unavailable"
S001454,O001454,2GO,TRK91834244,"2024-07-13 12:57:00",2024-07-18,2024-07-23,80,10,Delayed,Manila,2,"Carrier Backlog"
S001455,O001455,LBC,n/a,"2025-01-06 09:40:00",2025-01-16,NULL,120,20,Preparing,"Cebu city",1,"Address Issue"
S001456,O001456,LBC,TRK59884553,"2024-11-19 10:02:00",2024-11-21,2024-11-22,500,5,Delayed,"Quezon city",3,"Customer Unavailable"
S001457,O001457,"Ninja Van",TRK79155772,"2022-09-09 00:55:00",2022-09-12,2022-09-11,180,20,Delivered,n/a,1,Weather
S001458,O001458,LBC,n/a,"2024-07-28 15:08:00",NULL,NULL,120,10,Returned,Taguig,3,"Customer Unavailable"
S001459,O001459,"Ninja Van",n/a,"2025-09-25 14:56:00",2025-10-05,2025-10-08,350,0.5,Delayed,"Cebu city",1,"Address Issue"
S001460,O001460,DHL,TRK27632125,"2022-01-21 12:29:00",2022-01-27,NULL,0,15,Preparing,"Quezon city",1,"Carrier Backlog"
S001461,O001461,2GO,TRK49789220,"2022-07-15 01:09:00",2022-07-22,2022-07-27,80,20,Delayed,Pasig,1,"Address Issue"
S001462,O001462,Unknown,TRK519195766,"2023-08-18 09:08:00",2023-08-30,2023-09-02,250,2,Delayed,Antipolo,1,"Carrier Backlog"
S001463,O001463,"Ninja Van",TRK930067182,"2022-06-01 04:00:00",2022-06-08,2022-06-08,250,2,"Out for Delivery",Makati,1,Weather
S001464,O001464,DHL,n/a,"2025-08-03 07:02:00",2025-08-07,2025-08-14,100,5,Delayed,Iloilo,1,n/a
S001465,O001465,2GO,TRK491709959,"2023-05-03 04:19:00",2023-05-14,2023-05-20,350,5,Delayed,Pasig,1,n/a
S001466,O001466,"J&T Express",n/a,"2025-02-10 00:46:00",2025-02-13,2025-02-15,150,15,Delayed,Taguig,2,Weather
S001467,O001467,LBC,n/a,"2022-07-10 17:15:00",2022-07-18,2022-07-16,500,5,Delivered,Antipolo,0,"Warehouse Delay"
S001468,O001468,LBC,TRK283416451,"2022-10-03 01:00:00",2022-10-15,2022-10-13,0,10,Delivered,Iloilo,0,"Customer Unavailable"
S001469,O001469,Unknown,n/a,"2024-05-29 12:38:00",2024-06-04,2024-06-10,100,0,Delayed,Antipolo,1,"Warehouse Delay"
S001470,O001470,"J&T Express",TRK870023689,"2024-07-30 14:41:00",2024-08-03,2024-08-09,180,20,Delayed,Iloilo,1,"Warehouse Delay"
S001471,O001471,LBC,TRK64974072,"2025-10-20 11:52:00",2025-10-22,2025-10-28,80,15,Delayed,"Cebu city",0,"Customer Unavailable"
S001472,O001472,DHL,TRK75779437,"2022-10-28 19:40:00",NULL,NULL,100,0,Preparing,Iloilo,3,"Warehouse Delay"
S001473,O001473,2GO,n/a,"2025-07-09 13:03:00",2025-07-18,NULL,100,1,Preparing,Iloilo,0,"Carrier Backlog"
S001474,O001474,"J&T Express",TRK608794417,"2024-09-26 13:52:00",2024-09-30,NULL,150,2,Preparing,Iloilo,1,"Address Issue"
S001475,O001475,"Ninja Van",TRK670428586,"2025-08-07 23:36:00",2025-08-11,2025-08-09,350,0.5,Delivered,Antipolo,1,"Warehouse Delay"
S001476,O001476,FedEx,n/a,"2023-06-14 04:50:00",2023-06-18,2023-06-23,250,2,Delayed,Pasig,0,"Customer Unavailable"
S001477,O001477,LBC,TRK48953340,"2023-10-21 01:04:00",2023-10-29,2023-11-03,100,1,Delayed,Antipolo,1,"Carrier Backlog"
S001478,O001478,2GO,TRK55103882,"2022-04-10 17:46:00",2022-04-12,2022-04-12,350,5,"Out for Delivery",Pasig,1,Weather
S001479,O001479,"JRS Express",TRK55293320,"2022-10-26 03:55:00",NULL,NULL,120,1,Preparing,Iloilo,0,n/a
S001480,O001480,DHL,TRK63553071,"2023-11-26 18:26:00",2023-12-04,2023-12-08,100,2,Delayed,Manila,3,"Warehouse Delay"
S001481,O001481,LBC,TRK94915093,"2024-08-05 04:59:00",2024-08-06,2024-08-11,150,15,Delayed,Taguig,1,Weather
S001482,O001482,"JRS Express",TRK702685905,"2024-10-04 15:54:00",2024-10-08,2024-10-10,250,1,Delayed,Taguig,2,"Warehouse Delay"
S001483,O001483,2GO,TRK696883528,"2025-08-12 19:02:00",2025-08-22,2025-08-20,120,10,Delivered,"Quezon city",0,"Warehouse Delay"
S001484,O001484,FedEx,TRK77405097,"2025-07-21 06:53:00",2025-07-27,2025-07-27,250,0.5,"Out for Delivery",Pasig,1,Weather
S001485,O001485,"Ninja Van",TRK171821628,"2023-05-04 11:09:00",2023-05-09,2023-05-07,350,10,Delivered,Pasig,1,Weather
S001486,O001486,FedEx,TRK845340416,"2025-07-27 05:12:00",2025-08-08,2025-08-06,350,20,Delivered,"Davao city",1,"Customer Unavailable"
S001487,O001487,LBC,TRK369249092,"2022-11-06 16:29:00",2022-11-10,2022-11-09,180,3,Delivered,Taguig,0,"Warehouse Delay"
S001488,O001488,"JRS Express",TRK910236794,"2024-04-14 20:36:00",2024-04-17,2024-04-20,100,0,Delayed,"Davao city",1,"Warehouse Delay"
S001489,O001489,LBC,TRK140556232,"2022-08-10 18:17:00",2022-08-18,2022-08-22,180,1,Delayed,Makati,1,"Carrier Backlog"
S001490,O001490,DHL,n/a,"2022-08-08 14:23:00",2022-08-14,2022-08-18,180,0.5,Delayed,Antipolo,1,"Address Issue"
S001491,O001491,LBC,TRK967862200,"2023-12-07 19:26:00",2023-12-11,2023-12-11,120,0,"Out for Delivery","Quezon city",0,n/a
S001492,O001492,LBC,TRK422017580,"2022-06-22 23:58:00",2022-07-02,2022-07-01,80,1,Delivered,Antipolo,1,"Customer Unavailable"
S001493,O001493,2GO,TRK94508439,"2023-09-20 10:22:00",2023-09-26,2023-09-29,500,1,Delayed,Taguig,0,"Customer Unavailable"
S001494,O001494,"JRS Express",TRK22218046,"2025-02-12 15:00:00",2025-02-17,NULL,80,10,Preparing,Iloilo,1,"Address Issue"
S001495,O001495,"J&T Express",TRK651284645,"2022-01-06 13:20:00",2022-01-07,2022-01-11,0,5,Delayed,"Davao city",2,n/a
S001496,O001496,LBC,TRK809535914,"2025-10-06 06:40:00",2025-10-13,2025-10-20,150,10,Delayed,Iloilo,1,"Address Issue"
S001497,O001497,2GO,TRK36248753,"2022-01-09 10:55:00",2022-01-21,2022-01-21,350,0.5,"Out for Delivery",Taguig,0,n/a
S001498,O001498,"J&T Express",TRK542960646,"2024-04-13 23:00:00",2024-04-22,2024-04-26,80,10,Delayed,Antipolo,0,"Customer Unavailable"
S001499,O001499,FedEx,TRK314120383,"2025-05-14 16:23:00",2025-05-15,NULL,250,2,Preparing,Antipolo,0,Weather
S001500,O001500,"Ninja Van",TRK76814066,"2024-10-22 01:52:00",2024-10-23,2024-10-24,80,0,Delayed,"Davao city",1,"Address Issue"
S001501,O001501,LBC,TRK52396892,"2022-10-11 09:56:00",2022-10-14,2022-10-16,120,2,Delayed,"Davao city",2,Weather
S001502,O001502,"J&T Express",TRK14191926,"2023-06-22 01:35:00",NULL,NULL,120,2,Preparing,"Cebu city",1,n/a
S001503,O001503,LBC,n/a,"2025-03-30 08:49:00",2025-04-11,2025-04-10,100,10,Delivered,Manila,0,"Address Issue"
S001504,O001504,2GO,TRK849278643,"2023-09-22 13:01:00",2023-09-29,2023-09-29,0,1,"Out for Delivery","Davao city",1,"Carrier Backlog"
S001505,O001505,2GO,n/a,"2023-02-16 15:52:00",2023-02-20,2023-02-20,80,10,"Out for Delivery","Quezon city",1,"Address Issue"
S001506,O001506,"Ninja Van",TRK90326306,"2024-10-07 13:59:00",2024-10-11,2024-10-13,80,5,Delayed,Iloilo,1,"Warehouse Delay"
S001507,O001507,2GO,TRK48569168,"2023-12-05 09:41:00",2023-12-09,2023-12-14,500,5,Delayed,"Davao city",1,"Carrier Backlog"
S001508,O001508,"JRS Express",TRK115076626,"2023-02-02 12:29:00",2023-02-08,NULL,250,15,Preparing,Antipolo,1,Weather
S001509,O001509,"JRS Express",TRK692073291,"2024-10-03 11:43:00",2024-10-14,2024-10-17,0,10,Delayed,Caloocan,1,n/a
S001510,O001510,FedEx,n/a,"2023-05-26 12:30:00",2023-06-01,NULL,250,10,Preparing,Makati,1,"Carrier Backlog"
S001511,O001511,"Ninja Van",TRK16747245,"2025-10-30 06:56:00",2025-10-31,2025-10-30,120,15,Delivered,Iloilo,1,"Warehouse Delay"
S001512,O001512,LBC,TRK94427194,"2023-09-03 21:02:00",2023-09-09,2023-09-16,150,10,Delayed,"Quezon city",1,"Customer Unavailable"
S001513,O001513,2GO,n/a,"2025-02-06 01:39:00",2025-02-14,2025-02-21,250,15,Delayed,Taguig,1,"Customer Unavailable"
S001514,O001514,LBC,n/a,"2022-11-08 03:35:00",2022-11-18,2022-11-24,100,20,Delayed,Makati,2,Weather
S001515,O001515,"JRS Express",TRK13434577,"2024-10-29 07:14:00",2024-11-02,2024-10-31,120,20,Delivered,Pasig,1,n/a
S001516,O001516,"Ninja Van",n/a,"2024-06-28 18:31:00",2024-06-30,2024-07-04,350,3,Delayed,Caloocan,1,"Address Issue"
S001517,O001517,"JRS Express",TRK95735481,"2025-04-15 20:20:00",2025-04-27,2025-04-26,350,1,Delivered,Pasig,0,"Address Issue"
S001518,O001518,"JRS Express",TRK96601556,"2025-03-15 18:30:00",2025-03-25,2025-03-31,80,3,Delayed,Makati,1,n/a
S001519,O001519,DHL,n/a,"2023-11-30 10:16:00",2023-12-02,2023-12-06,350,0,Delayed,Pasig,1,"Address Issue"
S001520,O001520,"Ninja Van",TRK690805934,"2022-08-27 08:32:00",2022-08-28,2022-08-31,0,3,Delayed,"Cebu city",0,"Carrier Backlog"
S001521,O001521,FedEx,n/a,"2025-01-12 03:45:00",2025-01-14,2025-01-20,500,0.5,Delayed,Pasig,1,"Address Issue"
S001522,O001522,2GO,TRK63259814,"2024-09-21 23:45:00",2024-09-26,NULL,80,3,Preparing,"Davao city",1,"Address Issue"
S001523,O001523,2GO,n/a,"2023-06-05 00:45:00",NULL,NULL,120,5,Preparing,Pasig,1,n/a
S001524,O001524,"Ninja Van",TRK44068961,"2024-05-18 16:03:00",2024-05-22,NULL,500,0,Preparing,"Davao city",2,"Address Issue"
S001525,O001525,Unknown,TRK509582708,"2023-05-14 11:02:00",2023-05-15,2023-05-22,350,10,Delayed,Taguig,0,"Carrier Backlog"
S001526,O001526,2GO,TRK816126749,"2024-11-20 18:16:00",2024-11-26,NULL,500,3,Returned,Antipolo,3,"Customer Unavailable"
S001527,O001527,"JRS Express",n/a,"2024-11-19 21:37:00",2024-12-01,2024-12-05,80,2,Delayed,Makati,1,"Warehouse Delay"
S001528,O001528,"JRS Express",TRK722727700,"2024-02-20 16:33:00",NULL,NULL,0,0.5,Preparing,Pasig,0,"Carrier Backlog"
S001529,O001529,LBC,TRK89230362,"2024-09-25 19:30:00",2024-09-30,2024-10-02,80,10,Delayed,Antipolo,1,"Carrier Backlog"
S001530,O001530,2GO,n/a,"2025-04-12 05:59:00",2025-04-24,2025-04-27,350,0.5,Delayed,Pasig,1,"Address Issue"
S001531,O001531,LBC,TRK957226933,"2025-11-18 16:42:00",2025-11-29,2025-11-30,500,5,Delayed,Iloilo,3,"Carrier Backlog"
S001532,O001532,FedEx,TRK87233240,"2023-03-18 14:49:00",2023-03-23,2023-03-24,180,5,Delayed,"Cebu city",2,n/a
S001533,O001533,FedEx,n/a,"2023-06-16 14:18:00",2023-06-27,2023-06-28,0,2,Delayed,Taguig,1,"Warehouse Delay"
S001534,O001534,"Ninja Van",TRK42248073,"2024-05-22 03:10:00",2024-05-31,2024-05-31,500,2,"Out for Delivery",Iloilo,3,"Warehouse Delay"
S001535,O001535,FedEx,TRK93296385,"2023-03-08 19:47:00",2023-03-18,2023-03-16,350,0,Delivered,Antipolo,0,"Warehouse Delay"
S001536,O001536,FedEx,TRK204886536,"2023-04-01 16:41:00",2023-04-10,NULL,350,15,Preparing,Manila,1,"Warehouse Delay"
S001537,O001537,"JRS Express",TRK789834882,"2024-10-25 09:48:00",2024-10-30,2024-11-05,0,1,Delayed,"Quezon city",3,"Warehouse Delay"
S001538,O001538,FedEx,n/a,"2023-08-28 00:51:00",2023-09-04,2023-09-02,100,5,Delivered,Makati,0,"Warehouse Delay"
S001539,O001539,"J&T Express",n/a,"2025-11-08 19:22:00",2025-11-09,2025-11-16,120,2,Delayed,Makati,1,"Warehouse Delay"
S001540,O001540,FedEx,TRK46343948,"2025-08-10 03:48:00",2025-08-11,2025-08-17,180,10,Delayed,Manila,1,"Address Issue"
S001541,O001541,"J&T Express",n/a,"2023-11-14 12:11:00",NULL,NULL,180,2,Returned,"Cebu city",1,"Customer Unavailable"
S001542,O001542,Unknown,TRK679880614,"2023-12-19 00:17:00",2023-12-24,2023-12-23,150,10,Delivered,"Cebu city",2,n/a
S001543,O001543,"Ninja Van",n/a,"2025-02-08 12:39:00",2025-02-17,2025-02-16,150,2,Delivered,"Cebu city",1,Weather
S001544,O001544,"JRS Express",TRK74842178,"2024-08-01 15:00:00",2024-08-02,2024-07-31,0,15,Delivered,Pasig,1,n/a
S001545,O001545,LBC,TRK69172658,"2022-11-21 12:48:00",2022-12-03,2022-12-05,180,20,Delayed,Taguig,3,"Carrier Backlog"
S001546,O001546,LBC,TRK853916775,"2025-08-21 08:22:00",2025-08-29,2025-09-02,80,0,Delayed,Antipolo,3,"Carrier Backlog"
S001547,O001547,"Ninja Van",TRK156024746,"2025-02-03 13:11:00",2025-02-04,NULL,350,15,Returned,"Davao city",1,"Customer Unavailable"
S001548,O001548,FedEx,TRK280532392,"2022-11-01 05:26:00",2022-11-10,NULL,350,1,Preparing,"Quezon city",1,Weather
S001549,O001549,LBC,TRK256207480,"2022-10-15 21:42:00",2022-10-25,2022-11-01,100,3,Delayed,"Cebu city",1,"Warehouse Delay"
S001550,O001550,2GO,n/a,"2023-03-06 01:46:00",2023-03-11,2023-03-10,150,0.5,Delivered,Taguig,1,Weather
S001551,O001551,LBC,TRK91234519,"2024-10-16 20:06:00",2024-10-23,2024-10-26,150,1,Delayed,"Quezon city",1,"Warehouse Delay"
S001552,O001552,DHL,TRK63538406,"2023-06-23 06:40:00",NULL,NULL,150,3,Preparing,n/a,1,"Warehouse Delay"
S001553,O001553,FedEx,TRK94191323,"2022-09-26 01:34:00",2022-10-05,NULL,150,20,Preparing,Taguig,1,Weather
S001554,O001554,2GO,n/a,"2025-09-17 13:49:00",2025-09-27,2025-10-01,100,0.5,Delayed,Makati,2,"Warehouse Delay"
S001555,O001555,LBC,n/a,"2022-05-13 02:39:00",2022-05-16,2022-05-23,180,20,Delayed,Pasig,1,"Customer Unavailable"
S001556,O001556,FedEx,n/a,"2023-09-06 03:32:00",2023-09-10,2023-09-10,80,5,"Out for Delivery",Pasig,1,Weather
S001557,O001557,"Ninja Van",n/a,"2023-10-04 02:49:00",2023-10-09,2023-10-11,180,20,Delayed,Makati,1,"Carrier Backlog"
S001558,O001558,"JRS Express",TRK64712263,"2025-07-21 21:20:00",2025-08-02,2025-08-02,150,10,"Out for Delivery",Antipolo,1,"Warehouse Delay"
S001559,O001559,"Ninja Van",n/a,"2025-07-24 11:10:00",NULL,NULL,180,15,Preparing,Pasig,1,"Address Issue"
S001560,O001560,"JRS Express",TRK29184318,"2022-11-28 11:47:00",2022-12-06,2022-12-09,500,1,Delayed,Manila,2,"Customer Unavailable"
S001561,O001561,FedEx,n/a,"2022-04-05 05:52:00",2022-04-08,2022-04-13,100,10,Delayed,"Quezon city",3,Weather
S001562,O001562,"J&T Express",TRK49976452,"2025-07-30 11:07:00",2025-08-09,2025-08-11,0,0,Delayed,Iloilo,1,"Warehouse Delay"
S001563,O001563,FedEx,n/a,"2023-02-07 22:01:00",2023-02-16,2023-02-14,250,1,Delivered,Manila,1,Weather
S001564,O001564,FedEx,n/a,"2023-09-19 01:53:00",2023-09-21,2023-09-28,120,0,Delayed,Caloocan,1,"Carrier Backlog"
S001565,O001565,"JRS Express",n/a,"2025-12-08 22:46:00",2025-12-10,2025-12-12,120,0.5,Delayed,n/a,1,"Warehouse Delay"
S001566,O001566,"J&T Express",TRK921462604,"2023-03-26 03:40:00",2023-03-28,2023-04-02,0,10,Delayed,Taguig,1,"Customer Unavailable"
S001567,O001567,"Ninja Van",TRK319502163,"2022-06-06 14:51:00",2022-06-17,2022-06-23,150,15,Delayed,Taguig,3,n/a
S001568,O001568,"JRS Express",n/a,"2025-05-24 13:12:00",2025-06-01,2025-06-08,100,5,Delayed,Pasig,3,"Address Issue"
S001569,O001569,"J&T Express",TRK81689384,"2025-07-10 21:26:00",2025-07-14,2025-07-13,500,5,Delivered,Iloilo,1,"Customer Unavailable"
S001570,O001570,"JRS Express",TRK314800662,"2023-06-19 18:25:00",2023-06-26,2023-06-26,80,0.5,"Out for Delivery",Manila,1,"Warehouse Delay"
S001571,O001571,"JRS Express",n/a,"2025-01-23 00:07:00",2025-01-30,2025-01-31,250,10,Delayed,Manila,1,"Customer Unavailable"
S001572,O001572,"J&T Express",TRK448105781,"2022-01-17 10:26:00",2022-01-21,2022-01-25,500,3,Delayed,Taguig,0,"Warehouse Delay"
S001573,O001573,Unknown,TRK345396960,"2023-12-27 16:50:00",2024-01-07,NULL,150,0,Returned,"Davao city",0,"Customer Unavailable"
S001574,O001574,"JRS Express",TRK624956531,"2022-07-20 17:23:00",2022-07-22,NULL,100,20,Preparing,Makati,3,Weather
S001575,O001575,FedEx,TRK652576232,"2022-12-06 15:33:00",NULL,NULL,500,20,Preparing,"Cebu city",3,"Carrier Backlog"
S001576,O001576,LBC,n/a,"2022-04-28 07:21:00",2022-05-01,2022-05-01,500,5,"Out for Delivery","Quezon city",1,n/a
S001577,O001577,2GO,n/a,"2022-12-26 16:45:00",NULL,NULL,180,2,Returned,Makati,2,"Customer Unavailable"
S001578,O001578,"J&T Express",TRK49458510,"2026-01-01 01:27:00",2026-01-09,2026-01-15,150,0,Delayed,Iloilo,3,"Carrier Backlog"
S001579,O001579,"JRS Express",TRK30314197,"2022-04-12 07:14:00",2022-04-19,NULL,350,20,Preparing,Antipolo,1,n/a
S001580,O001580,"J&T Express",TRK176800761,"2023-07-07 08:45:00",2023-07-17,2023-07-17,180,5,"Out for Delivery","Davao city",3,n/a
S001581,O001581,LBC,n/a,"2024-04-08 15:20:00",2024-04-13,2024-04-14,500,2,Delayed,"Cebu city",1,"Address Issue"
S001582,O001582,"Ninja Van",TRK355181278,"2025-10-12 05:54:00",2025-10-24,2025-10-31,0,10,Delayed,"Cebu city",3,"Carrier Backlog"
S001583,O001583,"JRS Express",TRK604007855,"2024-06-06 20:11:00",2024-06-10,2024-06-09,120,10,Delivered,Antipolo,2,Weather
S001584,O001584,LBC,TRK74114723,"2023-06-27 19:41:00",2023-06-28,2023-06-27,350,10,Delivered,n/a,1,Weather
S001585,O001585,DHL,TRK768397228,"2023-01-08 20:17:00",2023-01-19,2023-01-24,180,10,Delayed,"Davao city",1,n/a
S001586,O001586,DHL,n/a,"2023-06-07 05:54:00",NULL,NULL,500,2,Preparing,"Quezon city",0,"Carrier Backlog"
S001587,O001587,LBC,TRK407304662,"2023-04-26 04:47:00",NULL,NULL,100,10,Preparing,Caloocan,3,"Warehouse Delay"
S001588,O001588,FedEx,n/a,"2025-03-27 16:41:00",2025-03-30,NULL,180,0,Preparing,Antipolo,3,n/a
S001589,O001589,2GO,n/a,"2025-06-21 09:14:00",2025-07-01,2025-07-01,80,15,"Out for Delivery",Taguig,1,"Customer Unavailable"
S001590,O001590,LBC,TRK28234575,"2023-07-14 02:19:00",NULL,NULL,350,20,Returned,"Quezon city",1,"Customer Unavailable"
S001591,O001591,LBC,TRK92421747,"2023-10-20 05:01:00",2023-10-31,2023-11-07,80,10,Delayed,"Davao city",2,"Address Issue"
S001592,O001592,"JRS Express",TRK99360361,"2025-07-03 06:27:00",2025-07-05,2025-07-05,100,10,"Out for Delivery",Iloilo,1,"Address Issue"
S001593,O001593,LBC,TRK733030192,"2024-09-02 16:53:00",2024-09-05,2024-09-10,350,1,Delayed,Antipolo,1,"Address Issue"
S001594,O001594,"Ninja Van",n/a,"2025-03-11 22:55:00",2025-03-22,2025-03-20,180,2,Delivered,"Quezon city",3,"Customer Unavailable"
S001595,O001595,"Ninja Van",TRK251300420,"2023-04-13 09:21:00",2023-04-23,2023-04-27,0,20,Delayed,Manila,0,n/a
S001596,O001596,Unknown,TRK296258333,"2025-03-21 09:44:00",2025-03-22,2025-03-22,100,15,"Out for Delivery","Quezon city",1,Weather
S001597,O001597,"Ninja Van",n/a,"2025-01-23 01:26:00",2025-01-29,2025-02-02,150,3,Delayed,Taguig,1,"Warehouse Delay"
S001598,O001598,2GO,n/a,"2022-01-19 10:16:00",NULL,NULL,100,15,Preparing,Iloilo,2,n/a
S001599,O001599,FedEx,TRK616012895,"2022-05-04 01:36:00",NULL,NULL,150,2,Preparing,Pasig,3,Weather
S001600,O001600,2GO,n/a,"2024-03-29 11:41:00",2024-03-31,2024-04-04,80,2,Delayed,Caloocan,2,n/a
S001601,O001601,2GO,TRK47506156,"2022-04-20 20:40:00",NULL,NULL,500,0.5,Preparing,"Quezon city",3,Weather
S001602,O001602,"J&T Express",TRK399229985,"2022-07-27 06:22:00",2022-08-06,2022-08-04,250,0,Delivered,Taguig,1,"Carrier Backlog"
S001603,O001603,"JRS Express",TRK582617134,"2025-06-26 20:55:00",2025-07-01,2025-06-30,250,5,Delivered,Antipolo,3,"Customer Unavailable"
S001604,O001604,FedEx,TRK979187423,"2024-01-04 23:29:00",2024-01-06,2024-01-12,150,3,Delayed,"Quezon city",0,"Address Issue"
S001605,O001605,DHL,TRK896530454,"2024-07-03 20:32:00",2024-07-15,2024-07-13,100,0.5,Delivered,Manila,1,"Address Issue"
S001606,O001606,2GO,n/a,"2025-01-21 21:37:00",2025-01-29,2025-02-04,350,20,Delayed,"Cebu city",3,n/a
S001607,O001607,FedEx,n/a,"2025-07-26 08:29:00",2025-07-30,2025-08-04,100,5,Delayed,"Davao city",0,"Customer Unavailable"
S001608,O001608,DHL,n/a,"2025-10-10 12:02:00",2025-10-21,2025-10-23,0,0,Delayed,Iloilo,1,"Address Issue"
S001609,O001609,"Ninja Van",TRK652258357,"2023-05-16 02:39:00",2023-05-28,2023-05-27,180,20,Delivered,"Cebu city",3,"Address Issue"
S001610,O001610,DHL,n/a,"2024-01-20 09:27:00",2024-01-22,2024-01-24,80,0.5,Delayed,n/a,1,"Carrier Backlog"
S001611,O001611,2GO,TRK65195469,"2022-11-05 05:38:00",2022-11-11,2022-11-09,0,0,Delivered,Manila,1,Weather
S001612,O001612,2GO,TRK350129443,"2024-09-29 13:05:00",NULL,NULL,150,20,Preparing,Taguig,1,"Warehouse Delay"
S001613,O001613,"Ninja Van",TRK988624813,"2024-11-06 15:39:00",2024-11-09,2024-11-08,100,0,Delivered,Taguig,1,"Warehouse Delay"
S001614,O001614,"J&T Express",TRK67801524,"2022-07-25 17:30:00",2022-07-31,2022-08-04,150,20,Delayed,"Cebu city",1,"Carrier Backlog"
S001615,O001615,2GO,n/a,"2023-12-26 21:39:00",2024-01-04,2024-01-05,120,20,Delayed,Taguig,3,"Warehouse Delay"
S001616,O001616,"Ninja Van",TRK236468621,"2025-02-19 23:48:00",2025-02-28,2025-02-26,250,0.5,Delivered,"Quezon city",2,"Address Issue"
S001617,O001617,FedEx,TRK841723851,"2023-06-16 20:10:00",2023-06-24,2023-06-28,250,15,Delayed,"Quezon city",3,"Customer Unavailable"
S001618,O001618,FedEx,TRK35795492,"2025-11-08 01:15:00",2025-11-17,2025-11-19,80,10,Delayed,Pasig,1,"Customer Unavailable"
S001619,O001619,"J&T Express",n/a,"2023-06-14 06:13:00",2023-06-18,2023-06-24,80,15,Delayed,"Quezon city",1,Weather
S001620,O001620,"JRS Express",TRK21219626,"2024-05-24 16:53:00",2024-05-31,2024-06-01,350,0,Delayed,Antipolo,3,"Warehouse Delay"
S001621,O001621,"JRS Express",TRK33538809,"2025-10-08 14:52:00",2025-10-11,2025-10-11,250,1,"Out for Delivery",Caloocan,1,"Warehouse Delay"
S001622,O001622,FedEx,TRK86953869,"2023-11-14 16:54:00",2023-11-16,NULL,80,15,Preparing,Makati,1,"Address Issue"
S001623,O001623,"J&T Express",TRK19304495,"2022-03-26 09:32:00",2022-04-04,2022-04-06,80,0.5,Delayed,Antipolo,2,"Warehouse Delay"
S001624,O001624,"J&T Express",TRK305715774,"2022-05-15 23:24:00",2022-05-23,2022-05-26,150,3,Delayed,Manila,0,"Carrier Backlog"
S001625,O001625,"JRS Express",TRK750038009,"2025-04-02 06:31:00",2025-04-09,2025-04-13,100,0.5,Delayed,Iloilo,1,Weather
S001626,O001626,"Ninja Van",TRK190473613,"2022-11-25 01:22:00",2022-12-05,NULL,350,10,Preparing,"Quezon city",0,n/a
S001627,O001627,"J&T Express",n/a,"2023-12-08 02:20:00",NULL,NULL,500,0,Preparing,"Cebu city",0,"Warehouse Delay"
S001628,O001628,LBC,n/a,"2022-07-29 15:07:00",NULL,NULL,120,1,Preparing,"Cebu city",2,Weather
S001629,O001629,"J&T Express",TRK152016392,"2024-10-16 19:24:00",2024-10-22,2024-10-21,120,15,Delivered,Taguig,1,Weather
S001630,O001630,"J&T Express",n/a,"2022-08-24 04:55:00",2022-09-02,2022-09-02,80,0.5,"Out for Delivery",n/a,2,Weather
S001631,O001631,LBC,TRK314001502,"2022-07-23 07:09:00",2022-08-04,2022-08-11,500,15,Delayed,Iloilo,1,"Customer Unavailable"
S001632,O001632,DHL,TRK81664110,"2022-01-20 17:40:00",2022-01-25,2022-01-29,150,10,Delayed,Antipolo,2,Weather
S001633,O001633,DHL,TRK77234072,"2023-02-20 15:31:00",2023-02-23,NULL,500,2,Returned,Caloocan,3,"Customer Unavailable"
S001634,O001634,FedEx,TRK146260472,"2023-12-29 07:07:00",2024-01-05,2024-01-06,180,3,Delayed,Iloilo,2,n/a
S001635,O001635,2GO,n/a,"2025-08-25 09:10:00",2025-08-27,2025-09-03,500,0,Delayed,"Quezon city",1,"Carrier Backlog"
S001636,O001636,2GO,n/a,"2022-04-14 05:41:00",2022-04-20,2022-04-22,350,3,Delayed,Antipolo,0,"Address Issue"
S001637,O001637,DHL,TRK96880387,"2025-04-21 20:54:00",2025-04-26,2025-05-03,250,1,Delayed,"Davao city",1,Weather
S001638,O001638,"Ninja Van",n/a,"2022-01-02 22:56:00",2022-01-09,2022-01-15,0,3,Delayed,Antipolo,2,"Carrier Backlog"
S001639,O001639,"JRS Express",TRK91758935,"2023-01-04 11:56:00",NULL,NULL,0,10,Returned,Makati,1,"Customer Unavailable"
S001640,O001640,LBC,n/a,"2023-10-10 13:08:00",2023-10-11,2023-10-17,350,15,Delayed,"Cebu city",1,n/a
S001641,O001641,LBC,TRK644708856,"2023-11-17 22:40:00",NULL,NULL,180,20,Preparing,Caloocan,1,"Warehouse Delay"
S001642,O001642,LBC,n/a,"2022-10-13 18:59:00",2022-10-18,2022-10-18,180,0.5,"Out for Delivery",Pasig,1,n/a
S001643,O001643,FedEx,TRK954681890,"2025-04-17 19:46:00",2025-04-21,2025-04-27,100,2,Delayed,Makati,2,"Carrier Backlog"
S001644,O001644,"Ninja Van",TRK556398513,"2022-03-11 19:42:00",2022-03-12,2022-03-19,180,1,Delayed,Antipolo,2,"Customer Unavailable"
S001645,O001645,LBC,TRK13214080,"2023-01-06 21:55:00",2023-01-10,NULL,120,1,Preparing,"Cebu city",3,n/a
S001646,O001646,"J&T Express",TRK85933978,"2023-03-13 15:59:00",2023-03-20,2023-03-23,150,20,Delayed,Iloilo,0,Weather
S001647,O001647,"J&T Express",TRK52339711,"2025-11-26 11:17:00",2025-12-01,NULL,180,5,Preparing,Pasig,2,"Warehouse Delay"
S001648,O001648,"J&T Express",TRK46190375,"2023-05-08 07:20:00",NULL,NULL,500,2,Returned,"Quezon city",0,"Customer Unavailable"
S001649,O001649,FedEx,n/a,"2022-09-17 10:14:00",2022-09-18,2022-09-21,150,1,Delayed,Manila,2,"Customer Unavailable"
S001650,O001650,LBC,n/a,"2025-08-01 17:06:00",2025-08-13,2025-08-20,180,3,Delayed,"Cebu city",0,Weather
S001651,O001651,DHL,n/a,"2023-10-01 21:56:00",2023-10-09,2023-10-11,80,2,Delayed,Pasig,1,"Warehouse Delay"
S001652,O001652,LBC,TRK853536165,"2022-10-11 21:22:00",2022-10-20,2022-10-27,80,15,Delayed,Iloilo,1,"Customer Unavailable"
S001653,O001653,"Ninja Van",TRK216998091,"2022-03-22 04:38:00",2022-03-30,2022-04-02,250,20,Delayed,Pasig,1,"Address Issue"
S001654,O001654,2GO,n/a,"2025-12-21 20:47:00",NULL,NULL,500,2,Returned,Makati,3,"Customer Unavailable"
S001655,O001655,"Ninja Van",TRK68923074,"2025-08-31 23:04:00",2025-09-12,2025-09-14,100,3,Delayed,"Davao city",1,"Carrier Backlog"
S001656,O001656,LBC,TRK20608279,"2025-12-20 07:22:00",2025-12-21,2025-12-26,350,1,Delayed,Caloocan,1,"Address Issue"
S001657,O001657,FedEx,n/a,"2023-11-29 09:31:00",2023-12-10,2023-12-17,150,3,Delayed,Antipolo,1,n/a
S001658,O001658,2GO,TRK285216454,"2023-03-14 06:34:00",2023-03-15,NULL,80,20,Preparing,Manila,1,"Carrier Backlog"
S001659,O001659,LBC,TRK70187974,"2022-08-27 14:45:00",2022-09-05,2022-09-11,80,2,Delayed,"Davao city",1,"Customer Unavailable"
S001660,O001660,"Ninja Van",TRK68555775,"2025-05-07 19:14:00",2025-05-15,2025-05-18,80,15,Delayed,Manila,1,"Carrier Backlog"
S001661,O001661,"JRS Express",TRK351392251,"2025-01-23 20:58:00",2025-01-29,2025-01-29,350,2,"Out for Delivery","Cebu city",3,"Customer Unavailable"
S001662,O001662,"J&T Express",TRK43328452,"2025-09-10 00:55:00",2025-09-13,2025-09-18,250,5,Delayed,Antipolo,1,Weather
S001663,O001663,"JRS Express",n/a,"2023-06-14 14:04:00",2023-06-22,2023-06-23,150,2,Delayed,Caloocan,2,n/a
S001664,O001664,DHL,n/a,"2024-08-07 04:16:00",2024-08-09,2024-08-14,80,2,Delayed,"Davao city",1,"Warehouse Delay"
S001665,O001665,"J&T Express",TRK51006910,"2022-03-01 16:14:00",NULL,NULL,0,3,Preparing,Manila,1,"Carrier Backlog"
S001666,O001666,"Ninja Van",TRK87356685,"2023-12-28 11:35:00",2024-01-07,2024-01-11,250,0.5,Delayed,"Quezon city",3,n/a
S001667,O001667,LBC,TRK40411250,"2023-05-15 20:50:00",NULL,NULL,350,15,Preparing,Iloilo,1,"Warehouse Delay"
S001668,O001668,"J&T Express",TRK509618608,"2024-11-23 14:36:00",2024-12-01,2024-12-08,500,3,Delayed,"Davao city",1,"Warehouse Delay"
S001669,O001669,"JRS Express",TRK37629192,"2024-09-30 01:11:00",2024-10-01,2024-10-07,180,20,Delayed,n/a,1,"Carrier Backlog"
S001670,O001670,FedEx,n/a,"2022-01-15 12:58:00",2022-01-19,2022-01-22,500,1,Delayed,"Quezon city",1,"Warehouse Delay"
S001671,O001671,2GO,TRK24010318,"2022-08-15 20:42:00",2022-08-19,2022-08-21,180,1,Delayed,Pasig,1,"Warehouse Delay"
S001672,O001672,2GO,TRK582473701,"2023-03-01 19:40:00",2023-03-10,2023-03-15,250,1,Delayed,"Davao city",3,"Customer Unavailable"
S001673,O001673,"J&T Express",TRK54334671,"2022-10-23 14:14:00",2022-10-30,2022-10-31,350,0,Delayed,Taguig,1,n/a
S001674,O001674,"JRS Express",TRK10565747,"2024-09-22 14:41:00",2024-10-03,2024-10-02,150,3,Delivered,Caloocan,3,"Carrier Backlog"
S001675,O001675,"Ninja Van",n/a,"2022-01-03 08:21:00",2022-01-11,2022-01-10,180,20,Delivered,Manila,1,"Carrier Backlog"
S001676,O001676,"J&T Express",n/a,"2022-11-20 07:57:00",2022-11-24,2022-11-27,100,10,Delayed,Iloilo,1,n/a
S001677,O001677,FedEx,TRK340819139,"2023-11-25 00:35:00",2023-11-26,2023-12-03,150,20,Delayed,Caloocan,1,"Carrier Backlog"
S001678,O001678,2GO,TRK725583402,"2024-10-28 05:52:00",2024-10-31,2024-10-30,120,1,Delivered,Pasig,1,n/a
S001679,O001679,Unknown,TRK42789456,"2025-10-11 18:34:00",2025-10-15,2025-10-21,100,15,Delayed,Makati,2,"Address Issue"
S001680,O001680,LBC,TRK21589720,"2022-10-27 08:53:00",2022-10-31,2022-10-29,80,15,Delivered,"Davao city",1,"Customer Unavailable"
S001681,O001681,FedEx,n/a,"2022-06-08 05:37:00",2022-06-19,2022-06-26,80,3,Delayed,"Cebu city",1,"Address Issue"
S001682,O001682,DHL,TRK75141651,"2023-10-31 09:08:00",2023-11-11,2023-11-17,350,15,Delayed,"Quezon city",0,"Customer Unavailable"
S001683,O001683,DHL,TRK164564470,"2023-01-03 16:40:00",2023-01-10,2023-01-11,0,10,Delayed,Antipolo,3,"Carrier Backlog"
S001684,O001684,"JRS Express",TRK298296705,"2024-05-27 22:19:00",2024-06-03,2024-06-09,180,1,Delayed,Taguig,3,n/a
S001685,O001685,"JRS Express",TRK475600230,"2023-02-28 22:00:00",2023-03-09,2023-03-11,250,15,Delayed,Taguig,1,"Carrier Backlog"
S001686,O001686,"JRS Express",TRK86902852,"2024-01-16 20:12:00",NULL,NULL,150,3,Preparing,Taguig,1,Weather
S001687,O001687,DHL,TRK343174903,"2025-10-02 14:19:00",2025-10-08,NULL,500,1,Preparing,Taguig,1,n/a
S001688,O001688,LBC,TRK449329282,"2023-08-02 00:57:00",2023-08-06,2023-08-11,350,0,Delayed,"Cebu city",0,"Carrier Backlog"
S001689,O001689,Unknown,TRK760374395,"2024-09-15 02:58:00",NULL,NULL,0,0,Preparing,Taguig,1,"Address Issue"
S001690,O001690,FedEx,n/a,"2025-08-08 07:39:00",2025-08-17,2025-08-22,500,20,Delayed,Manila,0,"Address Issue"
S001691,O001691,"Ninja Van",n/a,"2023-09-03 10:32:00",2023-09-09,2023-09-12,350,1,Delayed,"Davao city",1,"Warehouse Delay"
S001692,O001692,FedEx,TRK965540308,"2025-04-21 19:42:00",2025-05-01,2025-05-03,120,20,Delayed,Pasig,3,n/a
S001693,O001693,"J&T Express",n/a,"2025-11-17 04:46:00",2025-11-18,2025-11-22,150,3,Delayed,"Cebu city",1,Weather
S001694,O001694,DHL,TRK41529952,"2022-12-22 11:48:00",2022-12-31,NULL,0,20,Preparing,"Cebu city",2,n/a
S001695,O001695,"Ninja Van",TRK786657644,"2025-11-21 18:49:00",2025-11-26,NULL,180,15,Returned,Antipolo,3,"Customer Unavailable"
S001696,O001696,2GO,n/a,"2025-07-30 05:52:00",NULL,NULL,150,2,Preparing,Makati,1,"Warehouse Delay"
S001697,O001697,"J&T Express",n/a,"2024-08-20 21:27:00",2024-08-31,2024-09-03,150,10,Delayed,Makati,1,"Carrier Backlog"
S001698,O001698,"Ninja Van",n/a,"2022-12-14 20:43:00",2022-12-25,2022-12-29,0,0.5,Delayed,Iloilo,1,"Address Issue"
S001699,O001699,"J&T Express",TRK60683570,"2022-10-25 08:02:00",2022-11-02,2022-11-01,150,0,Delivered,Manila,1,Weather
S001700,O001700,FedEx,n/a,"2024-09-26 10:12:00",2024-10-05,2024-10-08,120,15,Delayed,Taguig,0,Weather
S001701,O001701,"J&T Express",TRK50848145,"2022-03-19 07:30:00",2022-03-22,2022-03-22,500,0.5,"Out for Delivery",Antipolo,3,n/a
S001702,O001702,"J&T Express",TRK394512420,"2023-09-26 21:48:00",2023-09-30,2023-10-01,80,20,Delayed,Manila,0,Weather
S001703,O001703,"Ninja Van",n/a,"2025-10-28 06:06:00",2025-11-04,NULL,500,0.5,Preparing,Antipolo,1,"Carrier Backlog"
S001704,O001704,"J&T Express",TRK987096245,"2025-06-23 18:20:00",2025-06-30,2025-06-30,0,0,"Out for Delivery","Cebu city",2,"Customer Unavailable"
S001705,O001705,LBC,TRK861701854,"2025-02-12 07:27:00",2025-02-17,2025-02-17,150,3,"Out for Delivery",Makati,1,"Carrier Backlog"
S001706,O001706,LBC,TRK854176254,"2022-09-12 18:23:00",2022-09-22,2022-09-27,80,2,Delayed,Taguig,3,"Carrier Backlog"
S001707,O001707,"J&T Express",n/a,"2024-07-08 10:37:00",2024-07-13,2024-07-14,150,3,Delayed,"Cebu city",3,Weather
S001708,O001708,"JRS Express",TRK263786843,"2025-07-06 10:06:00",2025-07-15,2025-07-18,180,3,Delayed,Caloocan,1,"Warehouse Delay"
S001709,O001709,2GO,TRK47018804,"2022-11-28 01:59:00",2022-12-08,NULL,120,2,Returned,Pasig,1,"Customer Unavailable"
S001710,O001710,"JRS Express",n/a,"2024-02-27 00:07:00",2024-03-10,2024-03-09,120,0.5,Delivered,Makati,3,"Customer Unavailable"
S001711,O001711,2GO,TRK617940696,"2025-10-02 20:16:00",2025-10-05,2025-10-12,80,0,Delayed,Makati,1,"Carrier Backlog"
S001712,O001712,DHL,n/a,"2022-02-01 08:36:00",2022-02-11,2022-02-18,250,1,Delayed,Makati,1,Weather
S001713,O001713,LBC,TRK98924294,"2025-10-04 22:44:00",2025-10-15,2025-10-13,180,10,Delivered,"Quezon city",1,"Customer Unavailable"
S001714,O001714,FedEx,n/a,"2024-04-30 03:09:00",2024-05-12,2024-05-11,500,2,Delivered,Taguig,1,"Carrier Backlog"
S001715,O001715,LBC,TRK697375910,"2023-09-10 02:46:00",2023-09-17,2023-09-21,180,1,Delayed,"Quezon city",1,"Address Issue"
S001716,O001716,"JRS Express",TRK442370555,"2022-09-08 23:27:00",2022-09-15,2022-09-19,250,0.5,Delayed,Caloocan,1,"Customer Unavailable"
S001717,O001717,LBC,TRK402584104,"2025-12-26 12:49:00",2026-01-02,2026-01-08,350,1,Delayed,Pasig,1,"Warehouse Delay"
S001718,O001718,"JRS Express",n/a,"2025-12-11 18:52:00",2025-12-13,2025-12-13,0,2,"Out for Delivery","Davao city",1,n/a
S001719,O001719,"J&T Express",TRK13125364,"2022-06-24 18:17:00",2022-06-26,2022-07-02,250,1,Delayed,Caloocan,1,Weather
S001720,O001720,2GO,TRK76237936,"2025-03-23 10:00:00",2025-03-27,2025-03-31,0,3,Delayed,Taguig,1,"Address Issue"
S001721,O001721,Unknown,n/a,"2022-03-23 01:54:00",2022-03-28,2022-03-31,180,1,Delayed,n/a,2,"Carrier Backlog"
S001722,O001722,"J&T Express",TRK23905431,"2022-09-26 20:55:00",2022-09-29,2022-09-27,0,15,Delivered,Iloilo,1,n/a
S001723,O001723,FedEx,n/a,"2024-09-29 01:27:00",2024-10-02,2024-10-08,120,5,Delayed,Taguig,1,"Customer Unavailable"
S001724,O001724,"JRS Express",TRK564447220,"2024-01-01 22:36:00",2024-01-02,2024-01-05,0,0,Delayed,Caloocan,2,"Warehouse Delay"
S001725,O001725,DHL,TRK60587680,"2022-10-21 17:13:00",2022-10-27,2022-10-25,350,20,Delivered,Makati,3,Weather
S001726,O001726,"Ninja Van",TRK373310674,"2025-03-22 04:21:00",2025-03-28,2025-04-04,80,15,Delayed,Iloilo,3,"Carrier Backlog"
S001727,O001727,DHL,n/a,"2022-08-23 02:37:00",2022-08-28,2022-09-03,80,0.5,Delayed,"Quezon city",1,Weather
S001728,O001728,DHL,TRK868649023,"2023-08-03 12:55:00",2023-08-06,2023-08-06,350,10,"Out for Delivery",Makati,1,"Warehouse Delay"
S001729,O001729,"J&T Express",TRK96670026,"2024-06-09 23:56:00",2024-06-13,NULL,350,20,Preparing,Manila,1,n/a
S001730,O001730,"J&T Express",TRK67633885,"2023-06-05 00:11:00",2023-06-08,2023-06-09,250,10,Delayed,Caloocan,0,"Address Issue"
S001731,O001731,"Ninja Van",TRK261747611,"2024-12-15 02:41:00",2024-12-26,NULL,120,20,Preparing,Caloocan,0,"Warehouse Delay"
S001732,O001732,FedEx,TRK45048970,"2022-10-02 10:20:00",2022-10-07,2022-10-08,500,10,Delayed,Makati,1,"Address Issue"
S001733,O001733,2GO,TRK90932679,"2022-05-02 07:44:00",2022-05-11,2022-05-13,250,15,Delayed,"Quezon city",1,Weather
S001734,O001734,"J&T Express",TRK816845381,"2025-09-20 12:15:00",2025-09-22,2025-09-24,0,3,Delayed,"Cebu city",2,"Carrier Backlog"
S001735,O001735,"JRS Express",n/a,"2022-02-21 02:37:00",2022-03-03,2022-03-08,100,0.5,Delayed,n/a,1,Weather
S001736,O001736,"J&T Express",n/a,"2022-11-12 20:45:00",2022-11-17,2022-11-22,120,0.5,Delayed,Taguig,1,"Carrier Backlog"
S001737,O001737,"Ninja Van",TRK489678379,"2024-05-23 07:49:00",2024-05-30,2024-06-01,250,0.5,Delayed,Caloocan,1,n/a
S001738,O001738,"J&T Express",TRK87534086,"2025-08-01 10:33:00",2025-08-06,2025-08-06,180,1,"Out for Delivery",Antipolo,0,"Carrier Backlog"
S001739,O001739,2GO,TRK34387419,"2023-11-15 04:09:00",2023-11-23,NULL,0,0.5,Preparing,Iloilo,1,"Carrier Backlog"
S001740,O001740,LBC,n/a,"2022-05-25 15:35:00",2022-06-01,2022-06-03,80,10,Delayed,"Quezon city",3,"Carrier Backlog"
S001741,O001741,LBC,TRK563727617,"2024-07-06 03:20:00",2024-07-17,2024-07-21,0,15,Delayed,Caloocan,3,"Address Issue"
S001742,O001742,LBC,TRK660508582,"2023-10-12 19:54:00",2023-10-21,2023-10-25,500,1,Delayed,Makati,2,"Address Issue"
S001743,O001743,FedEx,n/a,"2025-05-18 04:49:00",2025-05-26,NULL,100,1,Preparing,"Quezon city",1,n/a
S001744,O001744,"JRS Express",TRK85791201,"2022-07-18 12:20:00",2022-07-25,2022-07-29,120,5,Delayed,Taguig,1,"Carrier Backlog"
S001745,O001745,"J&T Express",TRK72862581,"2024-01-09 21:53:00",2024-01-16,2024-01-23,350,1,Delayed,Iloilo,3,"Carrier Backlog"
S001746,O001746,"J&T Express",TRK96550307,"2023-10-10 01:09:00",2023-10-14,2023-10-17,500,5,Delayed,"Quezon city",1,"Address Issue"
S001747,O001747,2GO,TRK64521046,"2023-10-25 22:02:00",2023-10-31,2023-11-03,120,1,Delayed,Makati,1,"Customer Unavailable"
S001748,O001748,"J&T Express",TRK645488282,"2024-03-22 10:30:00",NULL,NULL,80,10,Preparing,Pasig,0,n/a
S001749,O001749,LBC,TRK16310187,"2025-10-04 09:03:00",2025-10-11,NULL,350,0.5,Preparing,Pasig,1,n/a
S001750,O001750,FedEx,TRK487905145,"2023-12-14 23:55:00",NULL,NULL,180,2,Preparing,"Cebu city",3,"Carrier Backlog"
S001751,O001751,LBC,TRK38612535,"2025-10-25 20:08:00",2025-11-02,2025-11-06,0,10,Delayed,Manila,1,n/a
S001752,O001752,FedEx,TRK690670570,"2025-11-08 01:46:00",2025-11-09,2025-11-11,100,0.5,Delayed,"Davao city",1,"Customer Unavailable"
S001753,O001753,"Ninja Van",TRK931690598,"2024-01-15 09:54:00",NULL,NULL,100,0.5,Preparing,Makati,1,Weather
S001754,O001754,"JRS Express",TRK65900141,"2024-04-15 20:14:00",2024-04-23,2024-04-21,350,0.5,Delivered,"Cebu city",2,Weather
S001755,O001755,2GO,TRK68895809,"2024-09-20 06:56:00",2024-09-28,2024-09-26,180,10,Delivered,Pasig,1,"Carrier Backlog"
S001756,O001756,DHL,n/a,"2024-07-31 13:00:00",2024-08-11,2024-08-12,100,20,Delayed,n/a,1,"Warehouse Delay"
S001757,O001757,"JRS Express",TRK54800053,"2025-01-01 19:57:00",2025-01-09,2025-01-12,350,2,Delayed,Makati,1,n/a
S001758,O001758,LBC,TRK235370239,"2025-01-23 16:05:00",2025-02-04,2025-02-11,500,5,Delayed,Manila,2,"Address Issue"
S001759,O001759,"J&T Express",TRK26798466,"2023-02-01 14:53:00",2023-02-12,2023-02-11,250,2,Delivered,Iloilo,0,"Customer Unavailable"
S001760,O001760,"J&T Express",TRK20170377,"2024-01-08 03:28:00",2024-01-09,2024-01-15,0,0,Delayed,Taguig,0,"Carrier Backlog"
S001761,O001761,"Ninja Van",TRK462178066,"2025-07-15 10:20:00",2025-07-25,2025-07-25,0,1,"Out for Delivery",Manila,1,"Address Issue"
S001762,O001762,2GO,TRK19645923,"2025-02-19 22:53:00",2025-03-02,2025-03-09,500,3,Delayed,"Davao city",1,"Carrier Backlog"
S001763,O001763,LBC,n/a,"2024-02-02 08:55:00",2024-02-12,2024-02-16,80,15,Delayed,Makati,1,Weather
S001764,O001764,FedEx,TRK405027730,"2024-08-20 06:11:00",2024-08-21,2024-08-25,180,5,Delayed,Makati,2,"Carrier Backlog"
S001765,O001765,2GO,n/a,"2024-08-29 15:01:00",2024-09-04,2024-09-04,350,2,"Out for Delivery",Taguig,0,n/a
S001766,O001766,LBC,TRK27932269,"2023-12-24 06:28:00",2023-12-30,2023-12-30,500,0,"Out for Delivery","Cebu city",1,"Warehouse Delay"
S001767,O001767,DHL,n/a,"2022-12-04 12:55:00",2022-12-10,2022-12-11,180,1,Delayed,"Davao city",1,n/a
S001768,O001768,"JRS Express",TRK40704489,"2022-10-15 08:49:00",NULL,NULL,350,1,Preparing,Iloilo,2,Weather
S001769,O001769,"Ninja Van",TRK61964470,"2024-03-31 06:03:00",2024-04-12,2024-04-19,80,5,Delayed,n/a,3,Weather
S001770,O001770,DHL,TRK21726602,"2024-02-05 18:46:00",2024-02-15,2024-02-17,500,3,Delayed,Iloilo,0,"Carrier Backlog"
S001771,O001771,"J&T Express",TRK440361836,"2023-07-21 20:53:00",2023-07-28,2023-08-03,0,0,Delayed,Manila,0,"Warehouse Delay"
S001772,O001772,"J&T Express",TRK78209733,"2025-09-11 06:02:00",2025-09-20,2025-09-19,0,1,Delivered,Caloocan,2,"Customer Unavailable"
S001773,O001773,DHL,TRK598892872,"2024-04-08 10:09:00",2024-04-16,2024-04-14,150,1,Delivered,Taguig,1,"Address Issue"
S001774,O001774,"JRS Express",n/a,"2025-03-14 14:14:00",2025-03-16,2025-03-22,100,0,Delayed,"Cebu city",1,n/a
S001775,O001775,2GO,TRK752649269,"2024-10-04 21:58:00",2024-10-05,NULL,120,20,Preparing,Antipolo,2,"Warehouse Delay"
S001776,O001776,LBC,TRK114170384,"2024-04-09 04:41:00",2024-04-14,2024-04-21,100,0.5,Delayed,Pasig,0,n/a
S001777,O001777,FedEx,TRK87368046,"2024-07-16 10:09:00",2024-07-21,2024-07-19,80,0.5,Delivered,Manila,1,n/a
S001778,O001778,FedEx,n/a,"2023-10-01 10:53:00",2023-10-06,2023-10-09,180,2,Delayed,"Quezon city",1,Weather
S001779,O001779,"Ninja Van",TRK44079767,"2022-10-26 06:11:00",2022-11-02,2022-11-01,120,5,Delivered,Manila,2,"Address Issue"
S001780,O001780,LBC,n/a,"2023-10-13 12:13:00",2023-10-24,NULL,180,15,Preparing,"Cebu city",1,Weather
S001781,O001781,"J&T Express",n/a,"2025-08-30 15:11:00",2025-09-03,2025-09-06,500,2,Delayed,Caloocan,1,"Address Issue"
S001782,O001782,LBC,TRK131574036,"2022-09-03 05:38:00",2022-09-12,2022-09-19,500,3,Delayed,Pasig,2,"Address Issue"
S001783,O001783,"Ninja Van",TRK343124435,"2025-11-13 14:54:00",2025-11-15,2025-11-20,150,0,Delayed,Antipolo,1,Weather
S001784,O001784,LBC,n/a,"2022-07-19 03:35:00",2022-07-20,2022-07-21,100,5,Delayed,n/a,1,Weather
S001785,O001785,DHL,TRK83708540,"2023-12-29 20:34:00",2024-01-01,NULL,250,10,Preparing,Manila,1,"Warehouse Delay"
S001786,O001786,"Ninja Van",TRK31207963,"2022-10-02 05:14:00",NULL,NULL,250,15,Preparing,Manila,1,"Address Issue"
S001787,O001787,2GO,n/a,"2023-12-13 18:01:00",2023-12-15,2023-12-15,120,2,"Out for Delivery",Antipolo,1,"Warehouse Delay"
S001788,O001788,DHL,n/a,"2022-12-08 19:56:00",2022-12-11,2022-12-09,250,1,Delivered,Makati,1,"Warehouse Delay"
S001789,O001789,FedEx,n/a,"2023-01-28 01:42:00",2023-02-05,2023-02-10,150,0,Delayed,"Davao city",0,n/a
S001790,O001790,DHL,n/a,"2025-03-15 04:20:00",2025-03-19,2025-03-22,120,10,Delayed,Iloilo,0,"Warehouse Delay"
S001791,O001791,"J&T Express",n/a,"2025-04-01 16:16:00",2025-04-03,2025-04-01,150,20,Delivered,Taguig,1,n/a
S001792,O001792,"J&T Express",TRK936408045,"2024-03-02 18:20:00",2024-03-05,2024-03-09,180,0,Delayed,Pasig,3,"Warehouse Delay"
S001793,O001793,FedEx,n/a,"2023-09-02 10:59:00",2023-09-14,NULL,120,15,Returned,n/a,1,"Customer Unavailable"
S001794,O001794,FedEx,TRK57910222,"2022-04-26 17:42:00",2022-05-05,2022-05-06,0,10,Delayed,"Davao city",0,"Address Issue"
S001795,O001795,2GO,TRK77624531,"2024-05-04 04:37:00",NULL,NULL,80,2,Preparing,Manila,1,"Warehouse Delay"
S001796,O001796,DHL,TRK92518396,"2022-05-25 21:51:00",2022-06-01,2022-05-31,120,0,Delivered,Antipolo,2,"Customer Unavailable"
S001797,O001797,"J&T Express",n/a,"2023-07-08 19:29:00",2023-07-19,2023-07-18,80,20,Delivered,"Quezon city",0,"Warehouse Delay"
S001798,O001798,"JRS Express",TRK94994654,"2022-11-13 07:29:00",2022-11-25,2022-12-01,80,10,Delayed,"Davao city",1,"Carrier Backlog"
S001799,O001799,FedEx,TRK99493182,"2023-02-18 14:04:00",2023-03-01,2023-03-05,0,20,Delayed,"Cebu city",1,"Warehouse Delay"
S001800,O001800,2GO,n/a,"2023-09-27 23:02:00",NULL,NULL,250,0,Preparing,Makati,3,"Warehouse Delay"
S001801,O001801,LBC,TRK17085591,"2025-06-14 12:42:00",2025-06-18,2025-06-20,100,0.5,Delayed,Caloocan,1,"Address Issue"
S001802,O001802,"J&T Express",TRK90057584,"2022-09-13 01:28:00",2022-09-21,2022-09-20,80,5,Delivered,Iloilo,1,"Customer Unavailable"
S001803,O001803,FedEx,TRK729688056,"2025-03-07 14:12:00",2025-03-10,2025-03-12,500,0.5,Delayed,"Cebu city",2,n/a
S001804,O001804,2GO,TRK878309395,"2023-09-21 06:07:00",2023-09-29,NULL,350,15,Preparing,Taguig,1,Weather
S001805,O001805,"J&T Express",TRK538114080,"2023-07-24 09:23:00",2023-07-25,2023-07-27,350,0.5,Delayed,Iloilo,1,"Warehouse Delay"
S001806,O001806,LBC,TRK676766103,"2025-02-26 16:22:00",2025-03-03,2025-03-05,150,3,Delayed,"Davao city",0,Weather
S001807,O001807,"JRS Express",TRK53781287,"2022-03-10 17:22:00",2022-03-21,2022-03-28,250,0.5,Delayed,Antipolo,0,"Carrier Backlog"
S001808,O001808,DHL,n/a,"2023-11-21 19:32:00",2023-11-23,2023-11-23,250,1,"Out for Delivery","Quezon city",3,"Warehouse Delay"
S001809,O001809,2GO,TRK13234438,"2025-03-09 13:03:00",2025-03-14,2025-03-17,0,10,Delayed,Taguig,1,Weather
S001810,O001810,FedEx,TRK950417908,"2022-04-11 09:46:00",2022-04-21,2022-04-19,500,0.5,Delivered,Iloilo,1,"Customer Unavailable"
S001811,O001811,FedEx,TRK651651094,"2022-04-18 10:10:00",2022-04-26,2022-04-30,150,15,Delayed,Caloocan,3,"Customer Unavailable"
S001812,O001812,"Ninja Van",n/a,"2025-08-26 02:13:00",2025-09-05,2025-09-11,0,0.5,Delayed,"Quezon city",1,n/a
S001813,O001813,"J&T Express",n/a,"2023-12-08 22:19:00",2023-12-13,2023-12-18,100,10,Delayed,Iloilo,1,n/a
S001814,O001814,"J&T Express",n/a,"2023-04-23 17:16:00",2023-04-26,NULL,0,3,Preparing,Taguig,1,"Address Issue"
S001815,O001815,DHL,TRK422019694,"2025-01-27 02:29:00",2025-01-29,2025-02-05,350,10,Delayed,"Davao city",0,"Customer Unavailable"
S001816,O001816,2GO,TRK66954656,"2022-11-11 23:41:00",2022-11-20,NULL,120,2,Preparing,Pasig,1,"Address Issue"
S001817,O001817,FedEx,TRK898608560,"2025-04-12 21:44:00",NULL,NULL,250,10,Preparing,Taguig,1,"Address Issue"
S001818,O001818,2GO,n/a,"2022-08-24 11:51:00",2022-08-30,2022-08-29,0,1,Delivered,Caloocan,2,n/a
S001819,O001819,DHL,TRK20718462,"2024-09-13 16:43:00",2024-09-23,2024-09-22,500,2,Delivered,Antipolo,0,Weather
S001820,O001820,LBC,n/a,"2023-12-19 01:00:00",2023-12-30,2023-12-28,80,1,Delivered,"Quezon city",1,"Warehouse Delay"
S001821,O001821,Unknown,TRK454759725,"2023-05-10 16:41:00",2023-05-15,NULL,100,2,Preparing,Pasig,1,n/a
S001822,O001822,LBC,TRK355917452,"2023-11-07 06:50:00",2023-11-17,2023-11-15,120,2,Delivered,Antipolo,1,"Customer Unavailable"
S001823,O001823,"JRS Express",TRK575210532,"2025-06-05 13:13:00",2025-06-17,2025-06-21,120,3,Delayed,Taguig,0,"Carrier Backlog"
S001824,O001824,2GO,TRK93092826,"2022-09-16 03:10:00",2022-09-17,2022-09-21,80,2,Delayed,Makati,2,n/a
S001825,O001825,DHL,TRK548881343,"2023-06-27 09:53:00",2023-07-04,2023-07-11,350,20,Delayed,Iloilo,3,"Carrier Backlog"
S001826,O001826,"J&T Express",n/a,"2023-05-11 19:34:00",2023-05-21,2023-05-20,120,10,Delivered,Pasig,2,"Customer Unavailable"
S001827,O001827,FedEx,n/a,"2022-11-28 00:53:00",NULL,NULL,0,1,Preparing,Taguig,2,n/a
S001828,O001828,"J&T Express",TRK87433429,"2023-10-22 20:15:00",2023-10-28,2023-10-29,500,3,Delayed,Makati,3,"Customer Unavailable"
S001829,O001829,"Ninja Van",TRK72956240,"2023-03-04 13:05:00",2023-03-05,NULL,100,10,Preparing,Pasig,0,n/a
S001830,O001830,"J&T Express",n/a,"2025-02-07 16:50:00",2025-02-08,2025-02-11,150,2,Delayed,"Cebu city",1,"Customer Unavailable"
S001831,O001831,"J&T Express",TRK44635513,"2025-01-31 18:22:00",2025-02-05,2025-02-11,350,0.5,Delayed,"Davao city",1,Weather
S001832,O001832,"J&T Express",n/a,"2023-05-29 03:31:00",2023-06-10,2023-06-13,350,20,Delayed,Makati,2,"Carrier Backlog"
S001833,O001833,DHL,n/a,"2022-12-01 11:19:00",2022-12-02,2022-12-03,250,2,Delayed,Taguig,1,"Carrier Backlog"
S001834,O001834,DHL,n/a,"2025-03-13 04:40:00",2025-03-21,2025-03-22,350,1,Delayed,Iloilo,3,"Address Issue"
S001835,O001835,LBC,n/a,"2024-09-26 06:00:00",2024-09-29,2024-10-02,350,0,Delayed,n/a,1,"Carrier Backlog"
S001836,O001836,"Ninja Van",TRK43793477,"2024-09-08 00:11:00",2024-09-15,2024-09-16,150,1,Delayed,Taguig,1,"Customer Unavailable"
S001837,O001837,DHL,TRK34265175,"2025-03-08 22:25:00",2025-03-20,2025-03-23,0,5,Delayed,Pasig,1,"Customer Unavailable"
S001838,O001838,2GO,n/a,"2022-01-21 23:39:00",2022-01-29,2022-02-03,180,1,Delayed,Manila,1,"Warehouse Delay"
S001839,O001839,"J&T Express",n/a,"2025-03-29 07:55:00",2025-04-03,2025-04-06,350,0.5,Delayed,Manila,1,"Customer Unavailable"
S001840,O001840,LBC,TRK906680058,"2023-04-08 18:38:00",2023-04-20,2023-04-26,500,0,Delayed,"Davao city",0,"Address Issue"
S001841,O001841,DHL,n/a,"2025-07-03 04:28:00",2025-07-14,2025-07-21,500,20,Delayed,Caloocan,3,"Warehouse Delay"
S001842,O001842,DHL,n/a,"2026-01-07 16:30:00",NULL,NULL,80,20,Preparing,"Quezon city",1,n/a
S001843,O001843,"J&T Express",n/a,"2025-01-22 20:49:00",2025-01-26,2025-02-02,350,3,Delayed,"Davao city",1,Weather
S001844,O001844,FedEx,TRK589580414,"2025-12-20 18:02:00",NULL,NULL,100,0.5,Preparing,Taguig,1,n/a
S001845,O001845,"JRS Express",n/a,"2025-11-17 16:39:00",2025-11-29,2025-12-02,100,0.5,Delayed,Antipolo,1,"Carrier Backlog"
S001846,O001846,"J&T Express",TRK684170183,"2022-02-16 13:14:00",2022-02-18,NULL,180,2,Preparing,Caloocan,1,"Carrier Backlog"
S001847,O001847,2GO,n/a,"2025-02-07 07:34:00",2025-02-09,2025-02-11,150,2,Delayed,Manila,1,Weather
S001848,O001848,"Ninja Van",TRK43078197,"2025-10-27 04:00:00",2025-11-02,2025-11-01,100,3,Delivered,"Cebu city",3,n/a
S001849,O001849,DHL,TRK225926722,"2024-11-22 07:36:00",2024-12-03,2024-12-03,180,1,"Out for Delivery",Makati,2,"Customer Unavailable"
S001850,O001850,"J&T Express",n/a,"2024-04-21 19:12:00",2024-04-28,2024-04-28,120,5,"Out for Delivery","Davao city",1,"Carrier Backlog"
S001851,O001851,DHL,TRK757452490,"2022-11-10 18:56:00",2022-11-16,2022-11-15,150,3,Delivered,Pasig,1,"Carrier Backlog"
S001852,O001852,DHL,TRK359062090,"2023-12-27 03:14:00",2024-01-04,2024-01-07,150,1,Delayed,Taguig,0,"Carrier Backlog"
S001853,O001853,DHL,TRK33065910,"2023-02-11 22:07:00",2023-02-20,2023-02-24,120,0.5,Delayed,Manila,3,Weather
S001854,O001854,2GO,n/a,"2025-12-15 09:44:00",NULL,NULL,350,20,Preparing,Pasig,2,Weather
S001855,O001855,"Ninja Van",TRK688096844,"2022-05-10 10:13:00",2022-05-16,2022-05-21,500,3,Delayed,Makati,1,"Carrier Backlog"
S001856,O001856,FedEx,TRK79667649,"2023-10-04 11:33:00",2023-10-15,2023-10-19,100,3,Delayed,"Quezon city",3,"Warehouse Delay"
S001857,O001857,LBC,TRK30356470,"2024-07-14 22:13:00",2024-07-20,2024-07-18,100,3,Delivered,"Cebu city",1,"Warehouse Delay"
S001858,O001858,DHL,n/a,"2025-06-30 13:26:00",NULL,NULL,0,15,Preparing,Caloocan,3,Weather
S001859,O001859,"JRS Express",TRK74498667,"2022-07-07 07:04:00",2022-07-17,2022-07-21,100,20,Delayed,Makati,1,Weather
S001860,O001860,"Ninja Van",n/a,"2023-05-04 06:14:00",2023-05-06,NULL,350,20,Preparing,Iloilo,1,n/a
S001861,O001861,Unknown,n/a,"2022-06-30 18:22:00",NULL,NULL,80,15,Returned,Makati,2,"Customer Unavailable"
S001862,O001862,"J&T Express",n/a,"2023-09-17 08:07:00",2023-09-20,2023-09-25,80,3,Delayed,Taguig,1,"Warehouse Delay"
S001863,O001863,"JRS Express",TRK826941892,"2022-03-21 21:24:00",2022-03-27,2022-03-25,0,15,Delivered,Makati,1,Weather
S001864,O001864,FedEx,n/a,"2024-12-10 07:00:00",2024-12-16,2024-12-17,120,15,Delayed,"Davao city",0,"Customer Unavailable"
S001865,O001865,2GO,TRK230482894,"2024-09-30 11:56:00",NULL,NULL,0,10,Preparing,Iloilo,1,Weather
S001866,O001866,LBC,TRK98915646,"2025-02-26 18:18:00",2025-03-01,NULL,180,2,Returned,"Davao city",1,"Customer Unavailable"
S001867,O001867,"JRS Express",n/a,"2023-04-12 23:41:00",2023-04-17,2023-04-23,150,15,Delayed,Pasig,1,Weather
S001868,O001868,2GO,n/a,"2025-12-29 22:40:00",2025-12-31,2026-01-03,100,20,Delayed,Pasig,1,n/a
S001869,O001869,"J&T Express",TRK19074805,"2024-11-07 07:12:00",NULL,NULL,80,5,Returned,"Davao city",2,"Customer Unavailable"
S001870,O001870,"Ninja Van",TRK84893585,"2023-01-14 22:18:00",2023-01-19,2023-01-22,250,3,Delayed,n/a,3,"Customer Unavailable"
S001871,O001871,FedEx,TRK176057083,"2024-07-25 04:12:00",2024-08-01,2024-07-30,100,5,Delivered,"Cebu city",3,"Carrier Backlog"
S001872,O001872,2GO,TRK79138706,"2023-06-21 17:00:00",2023-07-03,NULL,0,1,Preparing,Taguig,1,Weather
S001873,O001873,2GO,TRK64637489,"2022-02-15 11:13:00",2022-02-25,2022-03-02,180,0.5,Delayed,Manila,1,"Carrier Backlog"
S001874,O001874,"JRS Express",TRK49223374,"2022-03-25 18:59:00",NULL,NULL,350,2,Preparing,Manila,1,"Warehouse Delay"
S001875,O001875,FedEx,TRK28842967,"2022-06-30 04:45:00",2022-07-02,2022-06-30,0,1,Delivered,Pasig,2,Weather
S001876,O001876,"J&T Express",TRK433677455,"2022-11-01 12:50:00",2022-11-03,2022-11-10,100,15,Delayed,"Cebu city",1,Weather
S001877,O001877,"J&T Express",TRK534914392,"2024-05-15 00:37:00",2024-05-26,2024-05-27,120,2,Delayed,Iloilo,0,n/a
S001878,O001878,Unknown,n/a,"2022-01-17 16:30:00",2022-01-19,NULL,0,0,Preparing,Antipolo,1,n/a
S001879,O001879,Unknown,TRK20347805,"2023-08-08 22:00:00",2023-08-16,2023-08-23,80,0.5,Delayed,Manila,0,"Warehouse Delay"
S001880,O001880,"Ninja Van",TRK81799622,"2023-11-01 10:04:00",2023-11-10,NULL,500,0.5,Preparing,Iloilo,0,"Address Issue"
S001881,O001881,"J&T Express",TRK546508086,"2024-03-28 22:23:00",2024-04-07,2024-04-14,250,0,Delayed,Makati,1,Weather
S001882,O001882,FedEx,n/a,"2022-08-18 09:35:00",2022-08-24,2022-08-31,180,5,Delayed,Antipolo,1,Weather
S001883,O001883,2GO,n/a,"2023-07-04 12:39:00",2023-07-06,2023-07-04,180,3,Delivered,Manila,2,"Carrier Backlog"
S001884,O001884,FedEx,n/a,"2024-07-19 03:48:00",2024-07-22,2024-07-28,500,1,Delayed,Taguig,3,"Carrier Backlog"
S001885,O001885,Unknown,TRK34190415,"2025-09-28 02:13:00",2025-10-10,NULL,80,5,Returned,Pasig,3,"Customer Unavailable"
S001886,O001886,"J&T Express",TRK91841822,"2025-07-11 23:56:00",2025-07-22,2025-07-23,80,5,Delayed,"Davao city",1,n/a
S001887,O001887,DHL,TRK297054265,"2023-12-16 18:45:00",2023-12-21,2023-12-27,180,2,Delayed,Taguig,2,"Warehouse Delay"
S001888,O001888,FedEx,TRK24185054,"2025-10-06 07:58:00",NULL,NULL,250,3,Preparing,Iloilo,0,"Carrier Backlog"
S001889,O001889,2GO,TRK65384235,"2025-06-17 01:06:00",2025-06-25,NULL,350,20,Preparing,Pasig,2,Weather
S001890,O001890,"JRS Express",TRK86747583,"2025-04-08 03:13:00",NULL,NULL,100,3,Preparing,Antipolo,3,Weather
S001891,O001891,"J&T Express",TRK92147109,"2025-11-01 21:49:00",2025-11-09,2025-11-15,0,0.5,Delayed,Manila,3,n/a
S001892,O001892,"J&T Express",n/a,"2025-02-10 07:52:00",2025-02-20,2025-02-23,100,20,Delayed,Makati,1,"Carrier Backlog"
S001893,O001893,"J&T Express",n/a,"2024-02-05 12:32:00",2024-02-17,NULL,150,5,Preparing,Pasig,1,"Carrier Backlog"
S001894,O001894,"J&T Express",TRK570229825,"2023-08-18 09:02:00",2023-08-23,NULL,180,3,Preparing,Taguig,2,"Carrier Backlog"
S001895,O001895,LBC,TRK38498917,"2023-10-31 22:35:00",NULL,NULL,150,3,Returned,Iloilo,1,"Customer Unavailable"
S001896,O001896,Unknown,TRK478088099,"2023-05-03 17:05:00",NULL,NULL,350,3,Returned,Taguig,3,"Customer Unavailable"
S001897,O001897,LBC,TRK21467859,"2023-07-22 01:37:00",2023-08-03,2023-08-09,350,0.5,Delayed,Makati,1,Weather
S001898,O001898,"Ninja Van",n/a,"2024-08-20 16:54:00",2024-08-28,2024-08-29,0,2,Delayed,"Quezon city",2,"Customer Unavailable"
S001899,O001899,"JRS Express",n/a,"2023-10-03 01:13:00",2023-10-07,2023-10-09,100,2,Delayed,"Davao city",1,Weather
S001900,O001900,DHL,n/a,"2025-03-31 06:32:00",2025-04-04,2025-04-03,250,15,Delivered,"Davao city",1,"Carrier Backlog"
S001901,O001901,"JRS Express",TRK53391642,"2022-10-29 03:08:00",2022-11-03,2022-11-06,80,15,Delayed,"Davao city",1,n/a
S001902,O001902,"JRS Express",TRK93897274,"2024-01-24 15:59:00",NULL,NULL,150,2,Preparing,"Davao city",1,Weather
S001903,O001903,"J&T Express",n/a,"2025-03-23 16:35:00",2025-04-02,2025-04-07,120,5,Delayed,"Quezon city",1,n/a
S001904,O001904,"J&T Express",TRK882673329,"2023-01-03 21:16:00",2023-01-08,2023-01-09,180,0.5,Delayed,n/a,3,"Warehouse Delay"
S001905,O001905,"J&T Express",n/a,"2025-08-20 12:18:00",2025-08-28,2025-08-28,0,2,"Out for Delivery",Taguig,0,"Carrier Backlog"
S001906,O001906,"JRS Express",TRK143892464,"2025-06-03 20:58:00",2025-06-06,2025-06-07,500,1,Delayed,Antipolo,1,n/a
S001907,O001907,"J&T Express",TRK281689166,"2024-03-31 06:11:00",2024-04-04,2024-04-04,350,0,"Out for Delivery",Pasig,3,n/a
S001908,O001908,Unknown,TRK550402409,"2025-02-26 12:51:00",2025-03-05,2025-03-05,250,10,"Out for Delivery",Manila,2,"Customer Unavailable"
S001909,O001909,LBC,TRK63396407,"2023-05-05 19:43:00",2023-05-10,2023-05-11,120,0.5,Delayed,Makati,1,n/a
S001910,O001910,"Ninja Van",n/a,"2024-11-10 02:42:00",2024-11-17,NULL,80,1,Returned,"Cebu city",0,"Customer Unavailable"
S001911,O001911,"Ninja Van",TRK675527942,"2023-02-07 20:12:00",2023-02-11,NULL,250,0.5,Preparing,"Davao city",1,"Warehouse Delay"
S001912,O001912,2GO,n/a,"2024-05-19 07:45:00",2024-05-23,2024-05-23,100,0,"Out for Delivery",Antipolo,3,"Customer Unavailable"
S001913,O001913,"Ninja Van",TRK47740860,"2022-10-22 01:55:00",NULL,NULL,250,0.5,Preparing,"Cebu city",2,"Address Issue"
S001914,O001914,LBC,TRK115430851,"2025-09-04 16:58:00",NULL,NULL,180,20,Preparing,Antipolo,0,"Carrier Backlog"
S001915,O001915,LBC,TRK183118376,"2023-10-05 22:23:00",2023-10-14,2023-10-13,180,10,Delivered,Iloilo,1,"Customer Unavailable"
S001916,O001916,"JRS Express",TRK99674554,"2022-11-28 11:47:00",NULL,NULL,150,1,Returned,Iloilo,3,"Customer Unavailable"
S001917,O001917,"Ninja Van",TRK799071223,"2022-02-15 09:09:00",2022-02-22,2022-02-27,350,0.5,Delayed,Pasig,0,"Carrier Backlog"
S001918,O001918,"J&T Express",TRK656762736,"2024-03-23 19:16:00",2024-03-31,2024-04-03,100,20,Delayed,"Cebu city",1,"Customer Unavailable"
S001919,O001919,"J&T Express",TRK14707125,"2022-07-19 12:54:00",2022-07-28,2022-07-30,0,10,Delayed,Antipolo,3,"Warehouse Delay"
S001920,O001920,"J&T Express",TRK326114665,"2025-03-18 05:52:00",2025-03-20,2025-03-26,80,2,Delayed,Manila,1,"Warehouse Delay"
S001921,O001921,FedEx,TRK66025876,"2022-08-08 20:34:00",2022-08-12,2022-08-15,500,2,Delayed,"Davao city",0,"Customer Unavailable"
S001922,O001922,FedEx,n/a,"2023-06-16 08:05:00",2023-06-20,2023-06-21,500,20,Delayed,Taguig,1,"Address Issue"
S001923,O001923,FedEx,TRK188779798,"2022-08-04 04:28:00",2022-08-09,NULL,80,3,Preparing,Caloocan,2,Weather
S001924,O001924,"J&T Express",TRK76069690,"2025-09-13 02:05:00",2025-09-21,2025-09-19,0,0,Delivered,Caloocan,0,"Carrier Backlog"
S001925,O001925,DHL,n/a,"2024-04-30 16:45:00",2024-05-01,2024-04-29,500,10,Delivered,Manila,2,n/a
S001926,O001926,DHL,TRK736348588,"2023-11-05 19:35:00",2023-11-08,2023-11-09,80,0.5,Delayed,Caloocan,1,"Customer Unavailable"
S001927,O001927,"J&T Express",TRK50158729,"2023-02-21 21:25:00",2023-02-24,2023-02-25,150,2,Delayed,n/a,3,"Warehouse Delay"
S001928,O001928,"Ninja Van",TRK709298561,"2025-11-28 02:39:00",2025-12-07,2025-12-06,500,0,Delivered,"Davao city",1,Weather
S001929,O001929,"JRS Express",n/a,"2022-11-12 00:17:00",2022-11-16,2022-11-20,150,0.5,Delayed,"Quezon city",1,Weather
S001930,O001930,"Ninja Van",n/a,"2023-07-19 09:09:00",2023-07-23,2023-07-25,0,0.5,Delayed,Manila,1,"Customer Unavailable"
S001931,O001931,LBC,TRK67028875,"2025-04-09 13:18:00",2025-04-13,2025-04-12,500,1,Delivered,"Davao city",3,"Address Issue"
S001932,O001932,DHL,TRK828730168,"2024-05-23 13:16:00",2024-05-30,2024-06-02,0,15,Delayed,"Davao city",0,"Carrier Backlog"
S001933,O001933,"J&T Express",n/a,"2023-10-02 20:55:00",2023-10-09,2023-10-11,250,10,Delayed,"Davao city",3,"Warehouse Delay"
S001934,O001934,"Ninja Van",TRK740248003,"2023-06-20 23:29:00",2023-06-24,2023-06-25,350,15,Delayed,Makati,2,Weather
S001935,O001935,2GO,n/a,"2022-02-13 09:21:00",2022-02-24,2022-02-27,150,20,Delayed,Iloilo,1,"Warehouse Delay"
S001936,O001936,LBC,TRK75844827,"2025-12-08 22:23:00",2025-12-18,2025-12-25,100,10,Delayed,"Cebu city",2,"Warehouse Delay"
S001937,O001937,"J&T Express",n/a,"2025-01-02 00:52:00",NULL,NULL,350,20,Preparing,Taguig,1,"Warehouse Delay"
S001938,O001938,2GO,TRK311108108,"2022-06-29 18:16:00",2022-07-04,2022-07-05,80,2,Delayed,"Davao city",1,"Warehouse Delay"
S001939,O001939,2GO,n/a,"2024-06-17 16:51:00",2024-06-24,2024-06-30,180,15,Delayed,Caloocan,1,"Warehouse Delay"
S001940,O001940,"J&T Express",n/a,"2024-12-29 18:55:00",2025-01-02,2025-01-06,120,0,Delayed,Makati,1,n/a
S001941,O001941,"J&T Express",TRK221992871,"2023-12-16 18:22:00",2023-12-28,2024-01-01,150,3,Delayed,Manila,0,"Warehouse Delay"
S001942,O001942,"Ninja Van",TRK264069247,"2022-01-13 00:30:00",2022-01-22,2022-01-21,120,3,Delivered,"Quezon city",0,n/a
S001943,O001943,"JRS Express",TRK172604199,"2024-12-22 07:42:00",2024-12-25,2024-12-24,250,5,Delivered,"Quezon city",0,"Warehouse Delay"
S001944,O001944,"Ninja Van",TRK87301153,"2024-02-09 08:20:00",2024-02-19,2024-02-22,100,1,Delayed,Makati,3,n/a
S001945,O001945,FedEx,TRK79378764,"2024-04-13 20:05:00",2024-04-17,2024-04-17,100,3,"Out for Delivery","Cebu city",3,n/a
S001946,O001946,"J&T Express",TRK672362455,"2023-04-28 01:13:00",2023-04-30,2023-05-07,120,3,Delayed,Caloocan,0,n/a
S001947,O001947,FedEx,TRK634868401,"2024-08-05 04:44:00",2024-08-13,NULL,120,10,Preparing,Caloocan,1,"Warehouse Delay"
S001948,O001948,FedEx,n/a,"2025-06-26 19:00:00",2025-07-01,2025-07-06,0,5,Delayed,"Davao city",1,"Warehouse Delay"
S001949,O001949,"Ninja Van",n/a,"2025-09-09 18:21:00",2025-09-17,2025-09-23,80,3,Delayed,Antipolo,2,"Warehouse Delay"
S001950,O001950,"JRS Express",TRK506244491,"2024-09-18 19:41:00",2024-09-29,2024-10-01,180,2,Delayed,Iloilo,2,"Customer Unavailable"
S001951,O001951,DHL,n/a,"2025-05-21 03:54:00",2025-05-22,2025-05-21,120,0.5,Delivered,Antipolo,3,"Carrier Backlog"
S001952,O001952,FedEx,TRK84996646,"2023-05-09 04:09:00",2023-05-14,2023-05-13,150,0,Delivered,Pasig,3,Weather
S001953,O001953,"J&T Express",n/a,"2022-05-22 00:47:00",2022-05-28,2022-05-27,500,2,Delivered,Caloocan,1,"Warehouse Delay"
S001954,O001954,"JRS Express",n/a,"2024-06-10 21:35:00",2024-06-21,2024-06-19,180,0.5,Delivered,"Cebu city",1,n/a
S001955,O001955,FedEx,TRK38926583,"2022-07-22 22:38:00",2022-07-25,2022-07-29,0,0,Delayed,Makati,2,"Warehouse Delay"
S001956,O001956,FedEx,TRK65973908,"2022-06-03 00:09:00",2022-06-09,2022-06-12,350,20,Delayed,"Davao city",1,n/a
S001957,O001957,DHL,TRK81062023,"2024-03-04 21:08:00",2024-03-15,2024-03-15,180,5,"Out for Delivery","Quezon city",3,"Customer Unavailable"
S001958,O001958,2GO,TRK14054919,"2022-10-01 07:24:00",2022-10-04,NULL,120,2,Returned,Taguig,2,"Customer Unavailable"
S001959,O001959,"JRS Express",TRK372039705,"2023-11-23 08:04:00",2023-12-03,2023-12-09,350,10,Delayed,Manila,3,"Carrier Backlog"
S001960,O001960,LBC,TRK90972821,"2022-01-14 23:36:00",2022-01-26,2022-01-29,180,20,Delayed,"Cebu city",2,"Address Issue"
S001961,O001961,2GO,TRK485885756,"2025-02-05 06:23:00",2025-02-09,2025-02-10,80,1,Delayed,Manila,3,"Warehouse Delay"
S001962,O001962,DHL,TRK136593768,"2023-09-21 05:49:00",2023-09-25,2023-09-26,0,1,Delayed,Makati,1,n/a
S001963,O001963,"Ninja Van",TRK87637943,"2022-02-27 19:22:00",2022-02-28,2022-02-26,120,0.5,Delivered,Caloocan,0,"Carrier Backlog"
S001964,O001964,LBC,TRK51640211,"2024-12-14 21:41:00",2024-12-22,2024-12-26,120,15,Delayed,Pasig,1,"Warehouse Delay"
S001965,O001965,DHL,TRK21946691,"2025-11-13 02:37:00",2025-11-17,2025-11-21,180,10,Delayed,"Cebu city",1,"Carrier Backlog"
S001966,O001966,LBC,n/a,"2022-03-10 06:07:00",2022-03-11,NULL,0,2,Preparing,Iloilo,1,"Address Issue"
S001967,O001967,"J&T Express",TRK18962009,"2022-11-21 21:07:00",2022-11-26,2022-11-28,180,2,Delayed,Antipolo,3,"Warehouse Delay"
S001968,O001968,"J&T Express",TRK689963851,"2022-04-13 08:17:00",2022-04-16,NULL,180,0.5,Preparing,"Davao city",2,"Address Issue"
S001969,O001969,LBC,n/a,"2025-11-01 18:08:00",2025-11-04,NULL,180,3,Preparing,"Davao city",1,Weather
S001970,O001970,DHL,TRK18923387,"2025-04-16 02:13:00",2025-04-19,2025-04-21,150,1,Delayed,Taguig,1,"Customer Unavailable"
S001971,O001971,"J&T Express",n/a,"2024-11-30 00:21:00",2024-12-03,2024-12-03,350,1,"Out for Delivery","Quezon city",3,"Carrier Backlog"
S001972,O001972,DHL,n/a,"2022-05-12 06:58:00",2022-05-14,2022-05-21,350,1,Delayed,Antipolo,2,n/a
S001973,O001973,Unknown,n/a,"2025-09-26 08:31:00",2025-10-04,2025-10-08,350,10,Delayed,Taguig,0,"Warehouse Delay"
S001974,O001974,FedEx,n/a,"2024-04-03 00:44:00",2024-04-09,2024-04-15,500,0,Delayed,Caloocan,1,n/a
S001975,O001975,FedEx,n/a,"2022-05-14 17:58:00",2022-05-25,2022-05-23,80,2,Delivered,Makati,0,"Warehouse Delay"
S001976,O001976,LBC,TRK39830707,"2025-10-08 18:55:00",2025-10-09,2025-10-16,80,2,Delayed,Manila,2,"Carrier Backlog"
S001977,O001977,2GO,TRK65043663,"2024-05-18 02:11:00",2024-05-27,2024-06-02,80,2,Delayed,Iloilo,1,"Carrier Backlog"
S001978,O001978,DHL,TRK90027949,"2024-12-13 03:23:00",NULL,NULL,350,10,Preparing,Antipolo,3,"Carrier Backlog"
S001979,O001979,DHL,n/a,"2024-01-02 22:41:00",2024-01-11,2024-01-18,80,3,Delayed,Makati,2,Weather
S001980,O001980,FedEx,TRK148579650,"2023-10-16 07:29:00",2023-10-19,2023-10-17,500,5,Delivered,Taguig,2,n/a
S001981,O001981,2GO,TRK215053393,"2023-06-23 04:12:00",2023-06-29,2023-07-04,500,10,Delayed,"Quezon city",1,"Customer Unavailable"
S001982,O001982,DHL,n/a,"2022-06-18 23:17:00",2022-06-25,2022-06-29,350,3,Delayed,"Davao city",0,"Carrier Backlog"
S001983,O001983,"Ninja Van",TRK374964374,"2023-05-22 12:58:00",2023-06-02,2023-06-08,120,3,Delayed,"Cebu city",0,"Customer Unavailable"
S001984,O001984,"J&T Express",TRK542663402,"2025-12-16 11:09:00",2025-12-24,2025-12-22,150,0,Delivered,Taguig,2,Weather
S001985,O001985,"Ninja Van",TRK41582890,"2024-10-23 17:34:00",2024-10-29,NULL,0,0,Preparing,"Davao city",2,"Address Issue"
S001986,O001986,"JRS Express",TRK849166369,"2022-08-15 16:29:00",2022-08-20,2022-08-27,180,0,Delayed,Caloocan,1,"Address Issue"
S001987,O001987,"Ninja Van",TRK29328102,"2025-11-11 06:34:00",2025-11-13,2025-11-20,80,2,Delayed,"Davao city",1,"Warehouse Delay"
S001988,O001988,"JRS Express",TRK528558309,"2025-07-19 14:16:00",2025-07-27,2025-07-26,0,2,Delivered,Pasig,0,"Customer Unavailable"
S001989,O001989,"J&T Express",TRK351252284,"2024-03-30 06:12:00",2024-04-03,2024-04-05,100,5,Delayed,"Cebu city",0,"Warehouse Delay"
S001990,O001990,"JRS Express",TRK793586491,"2022-03-08 06:26:00",2022-03-14,2022-03-16,250,15,Delayed,Taguig,1,"Warehouse Delay"
S001991,O001991,"Ninja Van",n/a,"2024-01-07 08:39:00",2024-01-11,2024-01-14,0,1,Delayed,n/a,2,Weather
S001992,O001992,DHL,TRK764088556,"2023-09-17 08:28:00",2023-09-18,2023-09-20,350,15,Delayed,Makati,3,"Carrier Backlog"
S001993,O001993,FedEx,n/a,"2023-07-31 01:59:00",2023-08-12,2023-08-16,80,0.5,Delayed,"Quezon city",1,"Customer Unavailable"
S001994,O001994,"Ninja Van",n/a,"2025-08-17 09:46:00",2025-08-29,2025-08-27,180,3,Delivered,Iloilo,3,n/a
S001995,O001995,"JRS Express",TRK74176667,"2023-06-22 04:40:00",2023-07-04,2023-07-09,250,20,Delayed,"Davao city",1,"Carrier Backlog"
S001996,O001996,LBC,n/a,"2023-05-03 11:16:00",2023-05-06,2023-05-04,120,10,Delivered,Makati,1,"Warehouse Delay"
S001997,O001997,Unknown,TRK54136147,"2022-05-17 09:18:00",2022-05-24,2022-05-26,100,5,Delayed,Manila,1,"Customer Unavailable"
S001998,O001998,2GO,TRK86211598,"2022-02-21 21:39:00",NULL,NULL,120,10,Preparing,Caloocan,1,"Address Issue"
S001999,O001999,FedEx,TRK391433642,"2022-10-20 16:32:00",2022-10-28,2022-10-28,350,2,"Out for Delivery",Makati,2,"Customer Unavailable"
S002000,O002000,"Ninja Van",TRK815322816,"2024-08-31 07:09:00",2024-09-09,2024-09-07,150,20,Delivered,Pasig,3,n/a
S002001,O002001,"Ninja Van",TRK533111533,"2025-10-12 01:34:00",2025-10-23,2025-10-22,250,5,Delivered,"Quezon city",2,"Customer Unavailable"
S002002,O002002,FedEx,TRK66762000,"2022-06-17 12:06:00",2022-06-21,2022-06-19,150,0.5,Delivered,Pasig,1,Weather
S002003,O002003,LBC,n/a,"2025-08-14 17:30:00",NULL,NULL,250,0.5,Preparing,Iloilo,1,"Warehouse Delay"
S002004,O002004,LBC,TRK395220858,"2023-11-27 07:58:00",NULL,NULL,180,1,Preparing,Iloilo,1,"Address Issue"
S002005,O002005,"JRS Express",TRK79555449,"2025-10-28 19:22:00",2025-11-01,2025-10-31,250,2,Delivered,Iloilo,0,"Customer Unavailable"
S002006,O002006,"JRS Express",n/a,"2024-04-14 09:34:00",2024-04-25,NULL,100,15,Preparing,Iloilo,1,n/a
S002007,O002007,DHL,n/a,"2023-11-18 20:33:00",2023-11-19,2023-11-20,500,10,Delayed,Pasig,1,"Carrier Backlog"
S002008,O002008,"Ninja Van",n/a,"2024-10-14 19:24:00",2024-10-23,2024-10-29,150,1,Delayed,"Davao city",2,"Address Issue"
S002009,O002009,LBC,TRK176089729,"2024-05-23 06:27:00",2024-06-02,2024-06-08,500,20,Delayed,Taguig,1,n/a
S002010,O002010,Unknown,n/a,"2026-01-05 16:29:00",2026-01-08,NULL,350,0,Preparing,Taguig,1,"Address Issue"
S002011,O002011,DHL,TRK880158716,"2024-05-08 06:50:00",2024-05-20,2024-05-22,120,20,Delayed,"Davao city",2,"Customer Unavailable"
S002012,O002012,FedEx,TRK813235820,"2024-05-02 00:38:00",2024-05-03,2024-05-03,250,0.5,"Out for Delivery",Antipolo,1,"Carrier Backlog"
S002013,O002013,"Ninja Van",TRK861912357,"2026-01-01 07:22:00",2026-01-03,2026-01-03,100,2,"Out for Delivery",Makati,1,n/a
S002014,O002014,LBC,TRK486200266,"2025-11-21 20:48:00",NULL,NULL,180,0.5,Preparing,Makati,1,n/a
S002015,O002015,"JRS Express",n/a,"2022-05-02 12:40:00",2022-05-09,2022-05-12,150,5,Delayed,Taguig,3,"Address Issue"
S002016,O002016,2GO,TRK60152255,"2023-04-25 04:25:00",2023-05-01,2023-05-01,150,1,"Out for Delivery",Pasig,2,"Warehouse Delay"
S002017,O002017,"J&T Express",TRK10881545,"2022-11-23 19:47:00",2022-11-28,2022-11-30,150,0,Delayed,Makati,1,Weather
S002018,O002018,"JRS Express",TRK976913963,"2023-12-10 09:07:00",2023-12-11,NULL,250,5,Preparing,Makati,3,n/a
S002019,O002019,FedEx,TRK30677479,"2023-06-06 19:28:00",2023-06-17,2023-06-23,180,0.5,Delayed,Pasig,0,"Address Issue"
S002020,O002020,DHL,TRK59710132,"2023-04-07 16:31:00",2023-04-13,2023-04-15,120,10,Delayed,Manila,1,"Address Issue"
S002021,O002021,FedEx,TRK796318692,"2025-08-11 07:46:00",2025-08-21,NULL,500,5,Preparing,Makati,3,Weather
S002022,O002022,LBC,TRK32387740,"2022-03-14 11:42:00",2022-03-22,2022-03-24,500,5,Delayed,Pasig,0,"Customer Unavailable"
S002023,O002023,2GO,TRK824856421,"2024-05-21 19:26:00",2024-05-22,2024-05-24,80,2,Delayed,Caloocan,3,n/a
S002024,O002024,"Ninja Van",TRK877196486,"2024-09-09 20:53:00",2024-09-18,2024-09-23,180,1,Delayed,Pasig,1,Weather
S002025,O002025,"J&T Express",TRK981974209,"2022-03-04 23:37:00",2022-03-05,NULL,80,5,Preparing,Manila,1,n/a
S002026,O002026,"J&T Express",TRK13620167,"2023-07-04 07:52:00",2023-07-12,2023-07-17,100,10,Delayed,Makati,1,"Warehouse Delay"
S002027,O002027,DHL,TRK22330970,"2024-05-14 12:29:00",2024-05-16,2024-05-18,180,3,Delayed,"Quezon city",2,"Address Issue"
S002028,O002028,DHL,TRK43282464,"2025-04-24 14:45:00",2025-05-04,2025-05-09,500,5,Delayed,"Davao city",3,"Address Issue"
S002029,O002029,DHL,TRK37092278,"2022-08-11 05:36:00",2022-08-16,2022-08-17,0,0.5,Delayed,Pasig,1,"Customer Unavailable"
S002030,O002030,Unknown,TRK377417093,"2023-12-23 02:32:00",2023-12-31,2023-12-29,100,1,Delivered,"Cebu city",3,"Carrier Backlog"
S002031,O002031,2GO,TRK49256087,"2025-02-24 01:00:00",2025-03-01,2025-03-04,80,2,Delayed,"Davao city",1,n/a
S002032,O002032,DHL,TRK61672160,"2024-09-21 00:49:00",2024-09-23,2024-09-27,0,0,Delayed,Iloilo,0,"Warehouse Delay"
S002033,O002033,"Ninja Van",n/a,"2025-09-11 06:12:00",NULL,NULL,500,3,Preparing,"Quezon city",3,"Warehouse Delay"
S002034,O002034,DHL,TRK40575391,"2022-03-15 04:01:00",2022-03-24,2022-03-28,100,5,Delayed,Iloilo,0,"Warehouse Delay"
S002035,O002035,"J&T Express",TRK343690749,"2025-10-10 13:33:00",2025-10-19,2025-10-19,0,0.5,"Out for Delivery",Manila,1,Weather
S002036,O002036,2GO,n/a,"2025-06-25 16:21:00",2025-07-04,2025-07-06,150,2,Delayed,Manila,0,Weather
S002037,O002037,"J&T Express",TRK22878426,"2022-12-10 02:22:00",2022-12-21,2022-12-23,250,3,Delayed,"Davao city",2,"Customer Unavailable"
S002038,O002038,"J&T Express",TRK11245260,"2024-10-03 22:04:00",2024-10-09,2024-10-09,100,15,"Out for Delivery",Iloilo,1,Weather
S002039,O002039,FedEx,TRK42848106,"2022-04-30 14:12:00",2022-05-08,2022-05-12,0,2,Delayed,Taguig,0,"Customer Unavailable"
S002040,O002040,LBC,n/a,"2023-05-07 18:50:00",2023-05-19,2023-05-25,0,1,Delayed,Makati,0,"Customer Unavailable"
S002041,O002041,"JRS Express",n/a,"2023-12-31 23:25:00",2024-01-05,2024-01-03,120,10,Delivered,n/a,0,Weather
S002042,O002042,LBC,TRK51789040,"2023-04-23 16:29:00",2023-05-01,2023-04-30,80,1,Delivered,Caloocan,3,"Address Issue"
S002043,O002043,"JRS Express",TRK86557835,"2022-04-21 15:01:00",2022-04-29,NULL,0,15,Preparing,Pasig,1,"Carrier Backlog"
S002044,O002044,"Ninja Van",TRK12422136,"2024-05-06 15:30:00",NULL,NULL,100,15,Preparing,Taguig,3,"Address Issue"
S002045,O002045,LBC,TRK93731594,"2024-01-10 03:41:00",NULL,NULL,250,3,Preparing,Antipolo,2,"Address Issue"
S002046,O002046,Unknown,n/a,"2024-06-02 14:16:00",2024-06-06,NULL,180,10,Preparing,"Quezon city",1,"Address Issue"
S002047,O002047,2GO,TRK227294508,"2023-08-15 15:58:00",2023-08-20,2023-08-26,120,5,Delayed,Makati,1,"Customer Unavailable"
S002048,O002048,"JRS Express",n/a,"2024-03-05 09:03:00",2024-03-09,2024-03-13,350,20,Delayed,Manila,3,n/a
S002049,O002049,"J&T Express",n/a,"2025-06-07 07:52:00",2025-06-16,2025-06-14,80,10,Delivered,Iloilo,3,"Carrier Backlog"
S002050,O002050,FedEx,TRK167817870,"2025-10-19 18:47:00",2025-10-27,2025-10-30,80,20,Delayed,"Quezon city",1,"Address Issue"
S002051,O002051,"J&T Express",TRK81890949,"2023-12-22 12:51:00",2023-12-31,2024-01-02,0,0.5,Delayed,Pasig,3,Weather
S002052,O002052,"J&T Express",TRK68646549,"2023-01-05 03:02:00",2023-01-06,2023-01-06,250,5,"Out for Delivery",Iloilo,3,"Customer Unavailable"
S002053,O002053,"J&T Express",TRK87196765,"2025-06-16 08:30:00",2025-06-28,2025-07-04,500,0,Delayed,Antipolo,1,"Address Issue"
S002054,O002054,FedEx,n/a,"2024-07-24 00:43:00",2024-07-29,2024-07-30,250,0.5,Delayed,Pasig,3,"Address Issue"
S002055,O002055,LBC,TRK88466375,"2025-11-05 23:04:00",2025-11-10,2025-11-14,180,2,Delayed,Iloilo,1,"Warehouse Delay"
S002056,O002056,"JRS Express",n/a,"2025-11-15 11:15:00",2025-11-26,2025-12-02,80,1,Delayed,Antipolo,0,"Customer Unavailable"
S002057,O002057,FedEx,TRK13172697,"2022-09-04 12:55:00",2022-09-08,2022-09-11,100,2,Delayed,"Davao city",1,"Carrier Backlog"
S002058,O002058,2GO,n/a,"2023-08-17 03:21:00",2023-08-28,2023-08-31,500,10,Delayed,Caloocan,1,"Warehouse Delay"
S002059,O002059,FedEx,TRK53766846,"2023-09-06 06:35:00",2023-09-07,2023-09-13,100,10,Delayed,"Davao city",1,Weather
S002060,O002060,DHL,TRK83887772,"2022-02-07 01:26:00",2022-02-13,2022-02-12,350,1,Delivered,"Cebu city",2,"Address Issue"
S002061,O002061,2GO,TRK26914626,"2025-05-10 09:28:00",2025-05-14,2025-05-17,80,20,Delayed,"Cebu city",1,"Warehouse Delay"
S002062,O002062,LBC,TRK68825395,"2022-06-11 16:03:00",2022-06-18,NULL,250,0.5,Preparing,"Quezon city",3,"Carrier Backlog"
S002063,O002063,2GO,TRK68809939,"2022-07-04 14:42:00",2022-07-14,2022-07-16,500,0.5,Delayed,"Davao city",0,"Warehouse Delay"
S002064,O002064,"JRS Express",TRK198270362,"2025-06-06 18:46:00",2025-06-09,2025-06-14,80,10,Delayed,"Davao city",0,"Customer Unavailable"
S002065,O002065,"JRS Express",TRK668456445,"2022-12-15 11:24:00",2022-12-23,2022-12-29,180,0,Delayed,Antipolo,1,"Carrier Backlog"
S002066,O002066,FedEx,TRK159190402,"2024-11-06 16:36:00",2024-11-15,2024-11-17,0,2,Delayed,"Cebu city",1,n/a
S002067,O002067,"Ninja Van",TRK502984270,"2023-11-28 01:38:00",2023-12-05,2023-12-09,0,20,Delayed,"Cebu city",0,n/a
S002068,O002068,"J&T Express",TRK78493559,"2022-03-03 23:58:00",2022-03-15,2022-03-22,0,5,Delayed,Iloilo,2,"Address Issue"
S002069,O002069,"Ninja Van",TRK72550790,"2026-01-03 04:35:00",2026-01-08,NULL,500,2,Preparing,Pasig,1,Weather
S002070,O002070,DHL,TRK11333653,"2024-12-25 05:25:00",2025-01-06,2025-01-07,150,1,Delayed,Antipolo,1,Weather
S002071,O002071,"JRS Express",n/a,"2022-12-14 08:24:00",NULL,NULL,0,3,Preparing,Makati,2,Weather
S002072,O002072,"Ninja Van",TRK894744534,"2022-11-21 17:09:00",2022-11-23,2022-11-22,350,1,Delivered,Antipolo,2,n/a
S002073,O002073,"JRS Express",n/a,"2025-06-16 21:59:00",2025-06-18,2025-06-16,120,20,Delivered,Caloocan,0,"Address Issue"
S002074,O002074,DHL,TRK77412816,"2023-02-23 07:45:00",2023-03-05,2023-03-06,120,0,Delayed,"Davao city",1,Weather
S002075,O002075,DHL,TRK252982366,"2024-07-25 13:52:00",2024-07-26,2024-08-02,80,2,Delayed,Makati,1,"Customer Unavailable"
S002076,O002076,FedEx,TRK909731489,"2025-03-15 01:19:00",2025-03-26,NULL,80,3,Preparing,"Davao city",1,"Carrier Backlog"
S002077,O002077,LBC,n/a,"2022-01-12 00:55:00",2022-01-16,2022-01-18,350,10,Delayed,"Davao city",1,Weather
S002078,O002078,Unknown,TRK929627544,"2023-11-09 14:08:00",2023-11-15,2023-11-21,80,0.5,Delayed,Antipolo,3,"Customer Unavailable"
S002079,O002079,2GO,TRK785177467,"2024-03-13 13:09:00",2024-03-16,2024-03-15,100,3,Delivered,n/a,1,"Warehouse Delay"
S002080,O002080,2GO,TRK38635489,"2025-11-22 14:59:00",2025-11-28,NULL,180,3,Preparing,Manila,2,"Address Issue"
S002081,O002081,"Ninja Van",TRK653765086,"2025-04-16 15:55:00",2025-04-17,2025-04-18,180,2,Delayed,"Cebu city",1,Weather
S002082,O002082,"Ninja Van",TRK584260586,"2023-10-06 00:05:00",2023-10-17,2023-10-23,350,0.5,Delayed,Antipolo,1,"Carrier Backlog"
S002083,O002083,"Ninja Van",TRK45120128,"2025-10-31 16:53:00",2025-11-10,2025-11-17,180,0,Delayed,Pasig,1,"Address Issue"
S002084,O002084,LBC,TRK77823653,"2025-10-28 16:28:00",2025-10-29,2025-10-27,0,0.5,Delivered,Taguig,3,"Warehouse Delay"
S002085,O002085,LBC,n/a,"2024-08-23 21:50:00",2024-08-24,2024-08-31,250,1,Delayed,Pasig,1,"Address Issue"
S002086,O002086,"JRS Express",n/a,"2022-11-16 21:20:00",2022-11-26,2022-11-26,500,20,"Out for Delivery",Caloocan,0,"Customer Unavailable"
S002087,O002087,2GO,TRK802719460,"2025-11-18 18:32:00",NULL,NULL,250,0.5,Preparing,Pasig,1,"Carrier Backlog"
S002088,O002088,"J&T Express",TRK928019249,"2022-11-08 17:35:00",2022-11-14,2022-11-20,100,5,Delayed,Antipolo,1,"Warehouse Delay"
S002089,O002089,"JRS Express",TRK763680656,"2023-02-20 16:12:00",2023-02-22,NULL,100,5,Preparing,Antipolo,1,"Address Issue"
S002090,O002090,LBC,n/a,"2025-11-26 09:39:00",2025-11-27,2025-12-01,0,2,Delayed,"Quezon city",0,"Carrier Backlog"
S002091,O002091,LBC,n/a,"2023-10-16 06:20:00",2023-10-21,2023-10-27,100,0,Delayed,Taguig,1,"Carrier Backlog"
S002092,O002092,2GO,n/a,"2024-02-01 08:23:00",2024-02-06,2024-02-08,80,5,Delayed,Manila,1,n/a
S002093,O002093,LBC,TRK76009527,"2022-10-22 22:21:00",2022-10-24,NULL,150,1,Preparing,Antipolo,3,"Carrier Backlog"
S002094,O002094,LBC,TRK47501605,"2024-12-15 08:07:00",2024-12-26,2024-12-27,500,3,Delayed,Taguig,1,n/a
S002095,O002095,"J&T Express",n/a,"2022-01-28 17:20:00",2022-02-08,2022-02-15,180,1,Delayed,Antipolo,1,"Carrier Backlog"
S002096,O002096,2GO,TRK29771984,"2024-07-27 15:17:00",2024-08-05,2024-08-10,500,5,Delayed,Manila,2,"Carrier Backlog"
S002097,O002097,LBC,TRK178019931,"2023-12-19 10:26:00",2023-12-21,2023-12-26,100,0.5,Delayed,"Cebu city",0,"Carrier Backlog"
S002098,O002098,Unknown,TRK29471912,"2023-11-06 21:07:00",2023-11-14,2023-11-20,100,3,Delayed,Caloocan,0,"Warehouse Delay"
S002099,O002099,"J&T Express",n/a,"2025-07-05 17:17:00",2025-07-06,2025-07-12,350,0.5,Delayed,Caloocan,2,"Address Issue"
S002100,O002100,2GO,TRK65847023,"2023-01-26 17:31:00",2023-01-29,2023-02-05,250,3,Delayed,n/a,1,"Customer Unavailable"
S002101,O002101,"JRS Express",TRK43269476,"2025-08-04 07:21:00",2025-08-10,2025-08-11,500,3,Delayed,Caloocan,1,"Carrier Backlog"
S002102,O002102,LBC,n/a,"2024-10-23 22:13:00",NULL,NULL,80,2,Preparing,Caloocan,1,"Carrier Backlog"
S002103,O002103,2GO,TRK26926745,"2022-09-15 23:17:00",2022-09-19,2022-09-18,350,5,Delivered,"Cebu city",2,n/a
S002104,O002104,"J&T Express",TRK229262538,"2024-09-20 16:42:00",2024-09-26,NULL,150,0.5,Preparing,Manila,1,"Address Issue"
S002105,O002105,LBC,TRK74832129,"2025-05-11 11:39:00",2025-05-19,NULL,100,15,Preparing,"Davao city",0,n/a
S002106,O002106,FedEx,TRK378821201,"2023-04-18 20:47:00",2023-04-21,2023-04-26,500,20,Delayed,Makati,1,n/a
S002107,O002107,"JRS Express",TRK60936086,"2022-06-22 06:44:00",NULL,NULL,150,0,Preparing,Taguig,1,n/a
S002108,O002108,2GO,n/a,"2024-09-18 00:36:00",2024-09-27,2024-10-01,0,10,Delayed,"Davao city",1,"Carrier Backlog"
S002109,O002109,FedEx,TRK73899342,"2023-01-11 12:20:00",2023-01-21,NULL,0,15,Preparing,Iloilo,1,"Warehouse Delay"
S002110,O002110,FedEx,TRK53718230,"2022-08-14 19:35:00",NULL,NULL,180,0.5,Preparing,Caloocan,1,"Address Issue"
S002111,O002111,"J&T Express",TRK857597092,"2025-11-23 10:15:00",2025-12-03,2025-12-09,150,15,Delayed,Makati,0,"Customer Unavailable"
S002112,O002112,"JRS Express",n/a,"2023-08-12 14:56:00",2023-08-21,2023-08-26,120,5,Delayed,Iloilo,1,Weather
S002113,O002113,"JRS Express",TRK214542549,"2022-12-08 11:41:00",2022-12-13,2022-12-12,100,10,Delivered,Antipolo,1,"Carrier Backlog"
S002114,O002114,DHL,TRK958231213,"2025-09-12 10:04:00",2025-09-15,2025-09-22,500,10,Delayed,Iloilo,0,"Customer Unavailable"
S002115,O002115,FedEx,TRK50414664,"2022-03-19 23:45:00",2022-03-29,2022-03-29,120,10,"Out for Delivery",Antipolo,1,Weather
S002116,O002116,FedEx,TRK39354489,"2024-11-13 04:39:00",2024-11-16,2024-11-17,150,0,Delayed,Iloilo,1,"Address Issue"
S002117,O002117,LBC,TRK94327390,"2024-11-05 09:52:00",2024-11-08,2024-11-11,0,3,Delayed,Pasig,3,Weather
S002118,O002118,"J&T Express",n/a,"2023-03-19 22:39:00",2023-03-22,2023-03-22,80,15,"Out for Delivery",Manila,1,"Customer Unavailable"
S002119,O002119,"Ninja Van",n/a,"2024-07-26 17:01:00",NULL,NULL,0,5,Preparing,"Cebu city",1,"Address Issue"
S002120,O002120,2GO,TRK170199042,"2023-03-11 11:04:00",2023-03-20,2023-03-22,120,0.5,Delayed,"Cebu city",2,Weather
S002121,O002121,2GO,n/a,"2024-11-07 02:06:00",2024-11-08,NULL,250,2,Preparing,Iloilo,1,Weather
S002122,O002122,"Ninja Van",n/a,"2023-03-04 08:29:00",2023-03-05,2023-03-08,100,0.5,Delayed,Antipolo,1,"Warehouse Delay"
S002123,O002123,"Ninja Van",TRK479605045,"2024-07-16 04:13:00",2024-07-17,NULL,350,5,Preparing,Taguig,1,"Warehouse Delay"
S002124,O002124,DHL,n/a,"2025-03-05 22:25:00",2025-03-07,2025-03-11,80,20,Delayed,Iloilo,2,"Customer Unavailable"
S002125,O002125,"Ninja Van",n/a,"2025-01-30 07:21:00",2025-02-06,2025-02-05,180,10,Delivered,Pasig,2,"Warehouse Delay"
S002126,O002126,LBC,n/a,"2023-03-06 07:40:00",2023-03-07,2023-03-14,500,0,Delayed,"Cebu city",0,"Carrier Backlog"
S002127,O002127,2GO,TRK238225543,"2022-11-29 12:47:00",2022-11-30,2022-12-06,80,0.5,Delayed,Pasig,3,Weather
S002128,O002128,DHL,n/a,"2023-06-16 13:25:00",2023-06-17,2023-06-16,500,3,Delivered,Makati,1,"Address Issue"
S002129,O002129,LBC,TRK159440713,"2022-04-12 19:18:00",2022-04-14,2022-04-13,0,3,Delivered,Caloocan,1,"Address Issue"
S002130,O002130,"J&T Express",TRK66454642,"2025-05-13 15:02:00",2025-05-23,2025-05-23,120,0,"Out for Delivery",Antipolo,2,n/a
S002131,O002131,Unknown,TRK454607589,"2024-09-17 16:42:00",2024-09-27,NULL,120,20,Preparing,n/a,0,"Warehouse Delay"
S002132,O002132,"J&T Express",TRK47094333,"2023-12-18 00:10:00",2023-12-24,2023-12-27,80,3,Delayed,Manila,1,n/a
S002133,O002133,2GO,n/a,"2024-04-12 20:39:00",2024-04-14,2024-04-18,350,0.5,Delayed,Taguig,3,"Carrier Backlog"
S002134,O002134,FedEx,n/a,"2022-02-08 10:46:00",NULL,NULL,150,20,Preparing,Taguig,1,Weather
S002135,O002135,DHL,n/a,"2022-01-14 14:45:00",2022-01-20,NULL,120,0,Preparing,Manila,1,"Address Issue"
S002136,O002136,"JRS Express",TRK20526397,"2022-09-07 05:14:00",NULL,NULL,250,5,Preparing,"Quezon city",1,Weather
S002137,O002137,LBC,TRK38241209,"2025-12-25 04:19:00",2026-01-02,NULL,180,5,Preparing,Caloocan,1,"Warehouse Delay"
S002138,O002138,"J&T Express",n/a,"2024-09-29 15:28:00",2024-10-05,2024-10-07,120,10,Delayed,"Davao city",0,"Carrier Backlog"
S002139,O002139,"Ninja Van",n/a,"2023-01-28 00:05:00",2023-02-04,2023-02-02,150,3,Delivered,"Davao city",0,n/a
S002140,O002140,"J&T Express",n/a,"2023-10-08 18:26:00",2023-10-10,2023-10-17,180,0,Delayed,Taguig,3,"Warehouse Delay"
S002141,O002141,"Ninja Van",n/a,"2024-07-23 11:01:00",2024-08-02,2024-08-02,120,0,"Out for Delivery",Antipolo,1,Weather
S002142,O002142,"Ninja Van",n/a,"2022-02-11 21:28:00",2022-02-19,2022-02-20,150,5,Delayed,"Quezon city",1,Weather
S002143,O002143,FedEx,n/a,"2024-08-21 16:21:00",NULL,NULL,180,15,Preparing,Iloilo,2,"Address Issue"
S002144,O002144,2GO,TRK10114128,"2025-07-05 09:35:00",2025-07-08,2025-07-11,80,2,Delayed,"Davao city",1,Weather
S002145,O002145,"J&T Express",TRK952979213,"2022-09-23 23:40:00",2022-10-02,NULL,0,10,Preparing,"Cebu city",2,"Address Issue"
S002146,O002146,"Ninja Van",n/a,"2022-03-30 18:21:00",2022-04-07,2022-04-05,150,5,Delivered,"Quezon city",2,"Warehouse Delay"
S002147,O002147,DHL,n/a,"2024-12-15 12:10:00",2024-12-22,2024-12-28,100,0,Delayed,n/a,1,Weather
S002148,O002148,LBC,TRK829450551,"2022-06-02 06:10:00",2022-06-11,2022-06-17,80,2,Delayed,"Cebu city",0,"Warehouse Delay"
S002149,O002149,"Ninja Van",n/a,"2025-02-18 13:55:00",2025-02-24,2025-02-22,0,5,Delivered,Manila,2,n/a
S002150,O002150,"J&T Express",TRK57626263,"2024-07-16 07:22:00",2024-07-24,2024-07-27,350,3,Delayed,Manila,0,Weather
S002151,O002151,FedEx,n/a,"2023-02-24 22:36:00",2023-02-25,NULL,0,3,Preparing,"Cebu city",0,"Address Issue"
S002152,O002152,DHL,TRK409633634,"2025-10-04 09:37:00",2025-10-16,NULL,350,0.5,Preparing,Iloilo,1,"Address Issue"
S002153,O002153,FedEx,TRK57242158,"2024-05-21 13:25:00",2024-06-01,2024-06-04,180,3,Delayed,Pasig,1,"Address Issue"
S002154,O002154,LBC,TRK494489611,"2022-07-16 03:24:00",2022-07-28,2022-07-30,150,10,Delayed,"Quezon city",3,"Address Issue"
S002155,O002155,2GO,TRK83212414,"2022-11-19 08:45:00",2022-11-25,2022-11-26,120,3,Delayed,Makati,0,"Warehouse Delay"
S002156,O002156,FedEx,TRK560607537,"2025-12-02 11:16:00",2025-12-14,2025-12-17,80,1,Delayed,Antipolo,3,"Carrier Backlog"
S002157,O002157,"J&T Express",TRK91371616,"2024-12-22 22:02:00",2024-12-25,2024-12-25,350,10,"Out for Delivery","Davao city",0,Weather
S002158,O002158,DHL,n/a,"2025-07-11 15:28:00",NULL,NULL,80,0,Preparing,Manila,3,n/a
S002159,O002159,"Ninja Van",TRK51183119,"2022-05-28 10:55:00",2022-06-05,2022-06-11,150,0.5,Delayed,Pasig,2,"Address Issue"
S002160,O002160,"J&T Express",n/a,"2025-01-26 14:44:00",2025-01-30,2025-02-03,350,10,Delayed,Caloocan,2,n/a
S002161,O002161,FedEx,TRK97621327,"2025-12-25 08:23:00",2026-01-05,2026-01-11,500,15,Delayed,Manila,1,"Warehouse Delay"
S002162,O002162,"Ninja Van",TRK57900893,"2023-06-28 17:42:00",2023-07-05,2023-07-08,0,10,Delayed,n/a,1,n/a
S002163,O002163,FedEx,TRK94476619,"2023-01-31 05:51:00",2023-02-12,2023-02-13,350,0.5,Delayed,"Cebu city",2,Weather
S002164,O002164,LBC,TRK347433543,"2022-11-21 01:53:00",2022-11-26,2022-11-24,250,2,Delivered,"Cebu city",1,Weather
S002165,O002165,Unknown,n/a,"2023-05-30 09:22:00",2023-06-05,NULL,0,10,Preparing,"Davao city",1,n/a
S002166,O002166,"J&T Express",TRK14379560,"2024-08-23 21:46:00",NULL,NULL,350,0,Preparing,Pasig,3,"Address Issue"
S002167,O002167,"JRS Express",TRK45988574,"2024-06-15 19:29:00",2024-06-21,2024-06-27,250,2,Delayed,Taguig,1,"Customer Unavailable"
S002168,O002168,"Ninja Van",TRK358600792,"2023-12-24 00:17:00",NULL,NULL,500,20,Returned,Manila,2,"Customer Unavailable"
S002169,O002169,"Ninja Van",n/a,"2023-03-13 12:49:00",2023-03-22,NULL,350,20,Preparing,Caloocan,2,"Carrier Backlog"
S002170,O002170,"J&T Express",TRK805367934,"2022-12-05 12:28:00",2022-12-08,2022-12-08,0,20,"Out for Delivery",Taguig,1,Weather
S002171,O002171,"Ninja Van",n/a,"2024-12-26 11:42:00",2025-01-01,2025-01-05,350,10,Delayed,Taguig,2,"Carrier Backlog"
S002172,O002172,2GO,TRK587573627,"2022-07-19 10:33:00",2022-07-31,2022-08-05,350,5,Delayed,Makati,1,"Warehouse Delay"
S002173,O002173,"Ninja Van",n/a,"2025-08-08 08:02:00",2025-08-13,2025-08-14,180,0,Delayed,"Quezon city",1,Weather
S002174,O002174,2GO,TRK80690083,"2025-11-26 07:59:00",2025-11-29,2025-12-02,350,1,Delayed,Caloocan,3,"Warehouse Delay"
S002175,O002175,2GO,TRK42337794,"2023-01-01 18:26:00",2023-01-07,2023-01-12,120,0.5,Delayed,Pasig,1,"Carrier Backlog"
S002176,O002176,FedEx,TRK820123719,"2022-09-16 05:43:00",2022-09-22,2022-09-28,500,0.5,Delayed,Manila,0,Weather
S002177,O002177,"Ninja Van",TRK84951500,"2023-01-01 01:14:00",2023-01-13,2023-01-11,250,3,Delivered,Manila,0,n/a
S002178,O002178,FedEx,TRK66296021,"2023-12-05 20:17:00",2023-12-08,2023-12-09,0,10,Delayed,Antipolo,2,"Customer Unavailable"
S002179,O002179,"J&T Express",n/a,"2022-03-27 02:12:00",2022-04-05,2022-04-12,120,10,Delayed,Taguig,2,n/a
S002180,O002180,"J&T Express",TRK83927588,"2025-03-17 13:19:00",2025-03-23,2025-03-24,350,0,Delayed,Iloilo,2,Weather
S002181,O002181,FedEx,TRK842889242,"2024-06-30 03:14:00",2024-07-10,2024-07-16,150,0,Delayed,Manila,1,Weather
S002182,O002182,2GO,TRK22731218,"2025-07-25 15:16:00",2025-07-31,2025-08-06,120,20,Delayed,Caloocan,1,"Customer Unavailable"
S002183,O002183,"JRS Express",TRK884305692,"2025-04-20 16:43:00",2025-05-01,2025-04-29,350,5,Delivered,"Cebu city",3,Weather
S002184,O002184,FedEx,TRK141091523,"2023-12-16 19:22:00",2023-12-23,2023-12-30,150,5,Delayed,"Quezon city",3,n/a
S002185,O002185,"JRS Express",TRK797222286,"2024-04-01 22:54:00",2024-04-02,2024-04-08,350,2,Delayed,Antipolo,2,"Customer Unavailable"
S002186,O002186,FedEx,TRK572379077,"2022-09-15 10:48:00",2022-09-21,2022-09-25,180,15,Delayed,Caloocan,0,"Warehouse Delay"
S002187,O002187,"Ninja Van",n/a,"2025-04-15 10:27:00",2025-04-18,2025-04-23,100,10,Delayed,Pasig,0,Weather
S002188,O002188,"Ninja Van",TRK990517376,"2025-03-23 10:09:00",2025-03-30,2025-03-31,500,20,Delayed,"Davao city",2,n/a
S002189,O002189,FedEx,TRK693308406,"2025-07-30 00:52:00",2025-08-04,NULL,180,20,Preparing,"Cebu city",1,n/a
S002190,O002190,"Ninja Van",n/a,"2023-06-23 06:21:00",2023-07-02,2023-07-04,80,15,Delayed,"Cebu city",0,"Warehouse Delay"
S002191,O002191,DHL,TRK45944766,"2023-11-04 10:28:00",2023-11-09,2023-11-16,100,0,Delayed,Taguig,2,"Address Issue"
S002192,O002192,2GO,TRK443522564,"2023-08-22 12:33:00",2023-08-24,2023-08-25,0,2,Delayed,"Cebu city",1,n/a
S002193,O002193,DHL,TRK246478548,"2023-08-24 23:52:00",2023-09-01,2023-09-03,80,3,Delayed,Iloilo,1,"Address Issue"
S002194,O002194,"J&T Express",n/a,"2023-06-10 10:40:00",NULL,NULL,100,0,Preparing,n/a,1,"Address Issue"
S002195,O002195,"JRS Express",n/a,"2025-09-28 10:47:00",2025-10-07,2025-10-10,120,2,Delayed,"Quezon city",0,"Address Issue"
S002196,O002196,2GO,n/a,"2024-11-12 02:36:00",2024-11-21,2024-11-24,500,20,Delayed,Makati,1,n/a
S002197,O002197,FedEx,TRK543532083,"2024-08-14 11:19:00",2024-08-25,2024-08-24,350,2,Delivered,Caloocan,1,"Customer Unavailable"
S002198,O002198,2GO,n/a,"2025-06-01 00:51:00",2025-06-07,2025-06-14,0,0.5,Delayed,Makati,3,"Carrier Backlog"
S002199,O002199,FedEx,TRK62979548,"2025-09-03 16:29:00",2025-09-08,NULL,80,10,Preparing,Caloocan,0,"Carrier Backlog"
S002200,O002200,Unknown,n/a,"2024-01-20 07:42:00",2024-02-01,2024-02-01,500,10,"Out for Delivery",Makati,2,Weather
S002201,O002201,LBC,TRK93209202,"2022-09-03 10:29:00",2022-09-06,2022-09-09,180,2,Delayed,Makati,1,"Customer Unavailable"
S002202,O002202,DHL,TRK379286836,"2025-09-27 01:01:00",2025-10-07,NULL,150,10,Preparing,Taguig,1,Weather
S002203,O002203,DHL,TRK66122669,"2025-03-05 18:15:00",2025-03-10,2025-03-17,350,0,Delayed,"Cebu city",1,"Warehouse Delay"
S002204,O002204,"Ninja Van",n/a,"2024-03-03 13:47:00",2024-03-11,2024-03-11,150,0,"Out for Delivery",Makati,1,"Warehouse Delay"
S002205,O002205,"Ninja Van",TRK144309496,"2023-01-17 17:44:00",2023-01-18,2023-01-25,180,1,Delayed,"Davao city",3,"Warehouse Delay"
S002206,O002206,"JRS Express",n/a,"2024-01-12 19:27:00",2024-01-17,2024-01-21,150,3,Delayed,Antipolo,1,Weather
S002207,O002207,"J&T Express",TRK25634561,"2025-07-12 03:31:00",2025-07-22,2025-07-25,80,0.5,Delayed,Taguig,1,"Warehouse Delay"
S002208,O002208,FedEx,TRK14012511,"2025-03-04 11:08:00",2025-03-06,2025-03-07,500,0,Delayed,Caloocan,1,"Warehouse Delay"
S002209,O002209,"JRS Express",n/a,"2024-10-29 19:39:00",2024-11-08,2024-11-06,150,2,Delivered,Caloocan,2,"Customer Unavailable"
S002210,O002210,"Ninja Van",TRK18964903,"2022-10-05 19:02:00",2022-10-08,2022-10-06,150,2,Delivered,Makati,3,"Carrier Backlog"
S002211,O002211,"J&T Express",TRK293749881,"2022-05-27 09:59:00",2022-05-30,2022-05-31,120,3,Delayed,Antipolo,1,n/a
S002212,O002212,"Ninja Van",n/a,"2022-02-24 00:23:00",2022-03-06,2022-03-11,80,0.5,Delayed,Makati,1,Weather
S002213,O002213,"J&T Express",TRK84423477,"2022-02-06 20:00:00",2022-02-14,2022-02-21,0,0,Delayed,Iloilo,3,"Warehouse Delay"
S002214,O002214,2GO,TRK897088717,"2022-01-19 02:16:00",2022-01-30,2022-01-31,120,10,Delayed,Pasig,1,n/a
S002215,O002215,"Ninja Van",TRK916145905,"2024-05-05 23:26:00",2024-05-17,2024-05-16,0,10,Delivered,Makati,1,"Warehouse Delay"
S002216,O002216,LBC,TRK154295591,"2025-06-17 06:53:00",2025-06-28,2025-07-02,500,2,Delayed,"Quezon city",1,"Carrier Backlog"
S002217,O002217,"JRS Express",TRK787383516,"2024-01-10 05:52:00",2024-01-20,2024-01-21,120,10,Delayed,"Davao city",1,"Warehouse Delay"
S002218,O002218,"J&T Express",TRK43380826,"2023-10-22 02:36:00",2023-10-25,2023-10-27,500,10,Delayed,Taguig,1,"Warehouse Delay"
S002219,O002219,"JRS Express",TRK743446916,"2025-01-12 06:09:00",2025-01-18,2025-01-24,100,0.5,Delayed,"Davao city",1,"Carrier Backlog"
S002220,O002220,"JRS Express",n/a,"2023-07-30 05:54:00",2023-08-09,2023-08-13,0,15,Delayed,Iloilo,2,"Customer Unavailable"
S002221,O002221,"JRS Express",TRK11582884,"2024-05-04 03:55:00",2024-05-13,2024-05-16,120,10,Delayed,"Quezon city",0,"Customer Unavailable"
S002222,O002222,DHL,TRK572802344,"2024-08-11 21:48:00",2024-08-14,2024-08-17,120,20,Delayed,Manila,1,n/a
S002223,O002223,"Ninja Van",TRK62577284,"2024-11-12 04:51:00",2024-11-23,2024-11-30,80,3,Delayed,Manila,1,"Customer Unavailable"
S002224,O002224,"JRS Express",TRK89749542,"2023-05-04 00:26:00",NULL,NULL,100,5,Preparing,"Quezon city",1,n/a
S002225,O002225,"JRS Express",TRK245241792,"2024-01-14 12:27:00",2024-01-15,NULL,350,3,Preparing,"Davao city",0,"Address Issue"
S002226,O002226,"JRS Express",TRK25943011,"2023-07-18 06:59:00",NULL,NULL,180,15,Preparing,Antipolo,1,"Carrier Backlog"
S002227,O002227,LBC,TRK757426252,"2023-02-20 05:46:00",2023-02-28,2023-03-05,350,0.5,Delayed,n/a,1,"Carrier Backlog"
S002228,O002228,"JRS Express",TRK14743514,"2025-10-22 23:54:00",2025-10-23,2025-10-30,100,2,Delayed,Antipolo,1,"Address Issue"
S002229,O002229,"Ninja Van",TRK357871137,"2022-07-14 20:56:00",2022-07-24,2022-07-24,350,10,"Out for Delivery",Makati,1,"Carrier Backlog"
S002230,O002230,DHL,TRK674126906,"2025-04-09 03:38:00",2025-04-21,2025-04-25,150,20,Delayed,Taguig,3,"Warehouse Delay"
S002231,O002231,FedEx,TRK867339291,"2023-04-07 21:55:00",2023-04-12,2023-04-15,500,0,Delayed,Pasig,1,n/a
S002232,O002232,DHL,TRK216751221,"2023-09-27 23:42:00",2023-10-02,2023-10-08,350,5,Delayed,Iloilo,1,"Carrier Backlog"
S002233,O002233,2GO,TRK20055722,"2025-06-07 14:31:00",2025-06-09,2025-06-08,180,1,Delivered,Iloilo,1,"Address Issue"
S002234,O002234,"Ninja Van",TRK43467188,"2022-05-15 12:54:00",2022-05-24,2022-05-24,100,10,"Out for Delivery",Taguig,1,"Address Issue"
S002235,O002235,"J&T Express",TRK60907979,"2022-01-31 02:26:00",2022-02-09,2022-02-12,80,3,Delayed,Caloocan,1,"Carrier Backlog"
S002236,O002236,2GO,TRK85887584,"2025-09-13 00:33:00",NULL,NULL,180,2,Preparing,"Quezon city",3,n/a
S002237,O002237,"J&T Express",TRK39926333,"2022-08-03 23:16:00",2022-08-11,NULL,350,2,Returned,Pasig,3,"Customer Unavailable"
S002238,O002238,2GO,n/a,"2023-11-27 03:23:00",2023-11-28,NULL,0,0,Preparing,"Davao city",1,Weather
S002239,O002239,LBC,TRK56142767,"2022-08-27 20:04:00",2022-09-03,2022-09-08,120,0.5,Delayed,Makati,3,"Customer Unavailable"
S002240,O002240,DHL,n/a,"2025-02-23 11:47:00",2025-03-06,2025-03-06,350,0.5,"Out for Delivery",Caloocan,3,"Customer Unavailable"
S002241,O002241,"JRS Express",TRK28442201,"2025-05-06 01:04:00",2025-05-16,2025-05-15,500,20,Delivered,Taguig,1,Weather
S002242,O002242,FedEx,TRK841135000,"2022-04-12 05:26:00",2022-04-24,2022-04-23,0,10,Delivered,Caloocan,1,"Address Issue"
S002243,O002243,2GO,TRK196555511,"2022-06-17 10:02:00",2022-06-28,NULL,250,0.5,Returned,Taguig,1,"Customer Unavailable"
S002244,O002244,2GO,TRK450221824,"2024-06-24 02:24:00",2024-07-01,NULL,120,15,Returned,Manila,2,"Customer Unavailable"
S002245,O002245,LBC,TRK130434146,"2025-02-07 19:08:00",2025-02-14,2025-02-13,0,0.5,Delivered,Manila,0,"Carrier Backlog"
S002246,O002246,FedEx,TRK499430747,"2025-11-17 18:11:00",2025-11-18,2025-11-24,180,2,Delayed,Makati,1,Weather
S002247,O002247,"J&T Express",TRK171398679,"2024-01-29 02:09:00",2024-02-03,2024-02-09,250,2,Delayed,Pasig,3,"Warehouse Delay"
S002248,O002248,2GO,TRK45827440,"2025-06-18 23:37:00",2025-06-20,2025-06-21,100,0.5,Delayed,Antipolo,2,n/a
S002249,O002249,2GO,TRK37889987,"2025-09-03 05:40:00",NULL,NULL,0,3,Preparing,Pasig,0,n/a
S002250,O002250,Unknown,TRK952601293,"2022-03-22 13:03:00",2022-03-27,2022-03-29,100,2,Delayed,Caloocan,1,"Carrier Backlog"
S002251,O002251,FedEx,n/a,"2025-06-12 22:33:00",2025-06-18,2025-06-17,500,5,Delivered,"Cebu city",1,"Carrier Backlog"
S002252,O002252,"JRS Express",n/a,"2022-03-29 15:27:00",2022-03-30,NULL,80,5,Returned,Antipolo,1,"Customer Unavailable"
S002253,O002253,"Ninja Van",TRK678353936,"2025-09-23 01:19:00",2025-10-03,2025-10-06,150,0.5,Delayed,Iloilo,0,"Address Issue"
S002254,O002254,LBC,TRK77631185,"2026-01-10 14:45:00",2026-01-13,2026-01-12,150,0,Delivered,Manila,3,"Carrier Backlog"
S002255,O002255,LBC,TRK91924510,"2023-12-05 10:19:00",2023-12-15,NULL,350,10,Preparing,Taguig,1,Weather
S002256,O002256,FedEx,TRK80189695,"2022-11-27 12:05:00",2022-12-01,2022-11-29,250,5,Delivered,"Quezon city",2,"Carrier Backlog"
S002257,O002257,Unknown,TRK376706879,"2025-10-11 02:11:00",2025-10-17,2025-10-21,250,20,Delayed,"Davao city",2,"Carrier Backlog"
S002258,O002258,"J&T Express",TRK400569568,"2023-10-09 19:09:00",2023-10-11,2023-10-17,80,10,Delayed,"Quezon city",3,Weather
S002259,O002259,FedEx,TRK828826225,"2024-03-23 22:10:00",2024-03-27,2024-03-28,500,5,Delayed,Iloilo,1,"Carrier Backlog"
S002260,O002260,DHL,n/a,"2022-05-14 01:38:00",2022-05-19,2022-05-24,120,0.5,Delayed,Caloocan,2,"Warehouse Delay"
S002261,O002261,FedEx,TRK184097929,"2024-07-10 19:49:00",2024-07-16,2024-07-23,250,0.5,Delayed,n/a,1,"Carrier Backlog"
S002262,O002262,Unknown,TRK24621809,"2022-01-27 22:43:00",2022-02-03,2022-02-05,120,5,Delayed,"Quezon city",1,Weather
S002263,O002263,FedEx,TRK84909892,"2024-11-11 21:59:00",2024-11-19,2024-11-20,250,0,Delayed,Manila,1,"Customer Unavailable"
S002264,O002264,2GO,TRK286697434,"2024-02-18 08:14:00",2024-02-22,2024-02-28,120,10,Delayed,"Cebu city",0,n/a
S002265,O002265,"Ninja Van",n/a,"2025-08-26 19:55:00",2025-09-01,NULL,500,3,Preparing,"Cebu city",2,Weather
S002266,O002266,"Ninja Van",n/a,"2024-02-09 04:34:00",2024-02-16,2024-02-20,350,0.5,Delayed,Antipolo,1,Weather
S002267,O002267,2GO,n/a,"2025-07-27 14:09:00",NULL,NULL,0,1,Preparing,"Cebu city",1,n/a
S002268,O002268,"JRS Express",TRK25492864,"2023-10-20 02:51:00",2023-10-22,2023-10-23,350,5,Delayed,Pasig,2,"Carrier Backlog"
S002269,O002269,FedEx,TRK669257566,"2025-08-25 09:32:00",2025-08-26,2025-09-01,120,15,Delayed,Caloocan,1,n/a
S002270,O002270,2GO,TRK54609955,"2025-03-25 09:06:00",NULL,NULL,80,10,Preparing,Taguig,1,"Address Issue"
S002271,O002271,2GO,TRK95117085,"2024-01-26 01:59:00",2024-01-29,2024-02-01,180,5,Delayed,Makati,1,"Customer Unavailable"
S002272,O002272,2GO,TRK79683771,"2024-09-02 17:39:00",2024-09-06,2024-09-12,80,0.5,Delayed,"Cebu city",3,"Warehouse Delay"
S002273,O002273,LBC,n/a,"2025-06-05 06:53:00",2025-06-12,2025-06-14,120,10,Delayed,Taguig,0,n/a
S002274,O002274,"Ninja Van",n/a,"2025-07-17 22:02:00",2025-07-23,2025-07-26,80,2,Delayed,Caloocan,3,"Customer Unavailable"
S002275,O002275,LBC,TRK49140030,"2024-01-08 02:09:00",2024-01-13,2024-01-13,80,2,"Out for Delivery","Davao city",0,"Carrier Backlog"
S002276,O002276,LBC,TRK965831268,"2025-01-01 19:52:00",2025-01-06,2025-01-08,180,0,Delayed,Taguig,1,"Customer Unavailable"
S002277,O002277,FedEx,TRK442128201,"2023-09-18 16:27:00",2023-09-30,2023-10-06,350,5,Delayed,Caloocan,1,Weather
S002278,O002278,2GO,TRK682767117,"2023-12-12 18:25:00",NULL,NULL,250,5,Preparing,"Quezon city",1,"Warehouse Delay"
S002279,O002279,LBC,TRK779891479,"2025-07-23 22:12:00",2025-08-04,2025-08-02,150,20,Delivered,Iloilo,1,n/a
S002280,O002280,"Ninja Van",n/a,"2024-08-13 21:27:00",2024-08-16,2024-08-17,0,2,Delayed,Taguig,1,"Carrier Backlog"
S002281,O002281,"J&T Express",TRK989034894,"2025-12-06 04:01:00",2025-12-11,2025-12-12,350,20,Delayed,Taguig,1,"Warehouse Delay"
S002282,O002282,LBC,n/a,"2022-05-27 18:28:00",2022-05-29,2022-06-04,500,15,Delayed,Taguig,1,"Carrier Backlog"
S002283,O002283,"J&T Express",n/a,"2023-09-13 04:24:00",2023-09-19,2023-09-23,120,0,Delayed,"Davao city",1,"Carrier Backlog"
S002284,O002284,"J&T Express",TRK58594416,"2023-03-26 04:07:00",2023-03-31,2023-04-04,80,5,Delayed,Taguig,0,"Warehouse Delay"
S002285,O002285,DHL,n/a,"2023-07-20 12:28:00",2023-07-23,NULL,500,10,Preparing,Iloilo,1,"Carrier Backlog"
S002286,O002286,"JRS Express",n/a,"2023-07-27 18:09:00",2023-08-02,2023-08-06,500,15,Delayed,"Quezon city",1,"Customer Unavailable"
S002287,O002287,2GO,TRK729827723,"2025-02-27 15:44:00",2025-03-02,2025-03-08,0,3,Delayed,Taguig,3,"Carrier Backlog"
S002288,O002288,LBC,TRK16837175,"2025-08-05 18:08:00",2025-08-12,2025-08-13,250,20,Delayed,Manila,1,"Address Issue"
S002289,O002289,"Ninja Van",n/a,"2025-08-03 22:26:00",NULL,NULL,250,3,Returned,Antipolo,1,"Customer Unavailable"
S002290,O002290,2GO,TRK21216495,"2023-05-14 04:09:00",2023-05-19,2023-05-19,350,0.5,"Out for Delivery",Taguig,1,"Customer Unavailable"
S002291,O002291,"J&T Express",TRK87773549,"2022-04-09 02:22:00",2022-04-19,NULL,180,0,Preparing,Antipolo,2,"Warehouse Delay"
S002292,O002292,"JRS Express",TRK92487583,"2022-01-28 20:26:00",2022-01-30,2022-02-05,120,10,Delayed,"Quezon city",0,"Customer Unavailable"
S002293,O002293,FedEx,TRK701727890,"2023-11-28 04:35:00",NULL,NULL,100,20,Preparing,Caloocan,2,"Address Issue"
S002294,O002294,DHL,TRK84811114,"2022-11-16 03:47:00",2022-11-23,2022-11-24,250,20,Delayed,"Davao city",0,Weather
S002295,O002295,"JRS Express",TRK516340053,"2023-06-29 18:12:00",2023-07-10,2023-07-16,100,5,Delayed,Iloilo,1,"Warehouse Delay"
S002296,O002296,"J&T Express",TRK97668716,"2023-10-25 00:55:00",2023-10-29,2023-10-31,100,0,Delayed,Pasig,0,"Warehouse Delay"
S002297,O002297,LBC,n/a,"2022-03-31 05:50:00",2022-04-07,2022-04-08,150,10,Delayed,Manila,1,"Customer Unavailable"
S002298,O002298,2GO,TRK89398830,"2025-06-12 16:56:00",2025-06-13,2025-06-15,180,20,Delayed,"Cebu city",3,"Address Issue"
S002299,O002299,DHL,n/a,"2022-05-12 16:35:00",2022-05-21,2022-05-22,150,2,Delayed,"Quezon city",1,"Carrier Backlog"
S002300,O002300,"Ninja Van",TRK57864741,"2023-03-28 11:42:00",2023-04-02,2023-04-02,500,0,"Out for Delivery","Quezon city",1,"Customer Unavailable"
S002301,O002301,2GO,n/a,"2024-09-22 04:13:00",NULL,NULL,80,2,Preparing,Caloocan,1,"Carrier Backlog"
S002302,O002302,"Ninja Van",n/a,"2025-03-06 08:38:00",2025-03-07,2025-03-12,0,15,Delayed,Makati,1,"Address Issue"
S002303,O002303,"JRS Express",n/a,"2024-07-09 03:52:00",NULL,NULL,180,0,Preparing,Caloocan,1,Weather
S002304,O002304,"Ninja Van",TRK468539938,"2024-04-27 17:54:00",2024-04-28,2024-05-01,500,15,Delayed,"Quezon city",1,"Carrier Backlog"
S002305,O002305,FedEx,TRK544878737,"2022-03-01 04:31:00",2022-03-13,2022-03-13,0,15,"Out for Delivery",Manila,2,"Carrier Backlog"
S002306,O002306,"Ninja Van",TRK185434066,"2023-04-16 04:45:00",2023-04-20,2023-04-19,80,0.5,Delivered,Iloilo,1,Weather
S002307,O002307,LBC,TRK412248116,"2025-10-01 03:52:00",2025-10-12,2025-10-18,150,3,Delayed,n/a,1,n/a
S002308,O002308,"JRS Express",TRK84213733,"2024-01-01 16:19:00",2024-01-08,2024-01-15,0,0.5,Delayed,Iloilo,1,"Customer Unavailable"
S002309,O002309,"J&T Express",TRK33505794,"2023-04-20 10:47:00",2023-04-22,2023-04-29,120,1,Delayed,"Quezon city",2,n/a
S002310,O002310,2GO,TRK97743442,"2023-01-06 04:37:00",NULL,NULL,350,0.5,Preparing,Caloocan,1,Weather
S002311,O002311,"JRS Express",TRK622110933,"2022-07-17 10:49:00",2022-07-22,2022-07-28,0,0,Delayed,Caloocan,0,n/a
S002312,O002312,2GO,n/a,"2022-08-12 07:39:00",2022-08-20,2022-08-19,150,3,Delivered,"Davao city",1,Weather
S002313,O002313,LBC,TRK64749894,"2025-08-25 05:42:00",2025-09-02,2025-09-04,150,0.5,Delayed,Caloocan,2,"Warehouse Delay"
S002314,O002314,"Ninja Van",TRK51378413,"2023-02-23 18:57:00",2023-02-26,NULL,250,3,Preparing,Iloilo,0,"Address Issue"
S002315,O002315,DHL,n/a,"2022-12-20 14:51:00",2022-12-30,2023-01-04,120,0.5,Delayed,Iloilo,1,n/a
S002316,O002316,"JRS Express",TRK875518627,"2022-03-19 04:07:00",2022-03-29,2022-03-30,250,0,Delayed,n/a,1,"Customer Unavailable"
S002317,O002317,"Ninja Van",TRK47854011,"2025-01-28 03:51:00",2025-02-09,2025-02-11,150,2,Delayed,Iloilo,1,Weather
S002318,O002318,"JRS Express",TRK688337563,"2024-08-17 18:47:00",2024-08-21,2024-08-22,350,0,Delayed,"Davao city",0,Weather
S002319,O002319,"J&T Express",TRK401106043,"2023-10-28 16:11:00",2023-11-09,2023-11-07,180,1,Delivered,"Quezon city",1,"Carrier Backlog"
S002320,O002320,FedEx,TRK562413675,"2022-09-25 22:14:00",2022-10-05,2022-10-03,80,0.5,Delivered,"Davao city",1,Weather
S002321,O002321,FedEx,TRK912289810,"2023-07-09 16:57:00",2023-07-15,2023-07-19,0,2,Delayed,Iloilo,1,Weather
S002322,O002322,DHL,TRK831719686,"2022-10-26 09:42:00",2022-11-02,2022-11-01,500,3,Delivered,Taguig,0,Weather
S002323,O002323,"JRS Express",n/a,"2025-09-04 16:04:00",NULL,NULL,150,15,Preparing,Pasig,1,"Warehouse Delay"
S002324,O002324,"JRS Express",TRK287007053,"2023-09-20 04:28:00",2023-10-01,2023-09-29,500,2,Delivered,Caloocan,1,n/a
S002325,O002325,"J&T Express",n/a,"2023-10-18 19:37:00",2023-10-20,NULL,120,0,Preparing,"Davao city",1,"Address Issue"
S002326,O002326,LBC,TRK167676651,"2024-03-02 02:55:00",2024-03-10,2024-03-09,250,0,Delivered,"Quezon city",3,"Address Issue"
S002327,O002327,"J&T Express",TRK39965830,"2023-10-15 11:13:00",2023-10-25,2023-10-30,150,2,Delayed,"Cebu city",1,"Customer Unavailable"
S002328,O002328,2GO,TRK24382676,"2024-07-29 01:42:00",2024-08-01,2024-08-04,250,5,Delayed,Antipolo,1,"Customer Unavailable"
S002329,O002329,DHL,n/a,"2023-03-06 01:42:00",2023-03-16,NULL,250,20,Preparing,Iloilo,1,"Warehouse Delay"
S002330,O002330,2GO,TRK581006108,"2025-03-24 15:12:00",2025-04-04,2025-04-05,0,3,Delayed,"Quezon city",2,"Warehouse Delay"
S002331,O002331,LBC,TRK890121529,"2025-07-18 15:53:00",2025-07-25,2025-07-24,250,5,Delivered,"Davao city",1,Weather
S002332,O002332,"JRS Express",TRK40102938,"2023-03-16 07:50:00",2023-03-27,2023-03-27,180,2,"Out for Delivery","Quezon city",1,n/a
S002333,O002333,"Ninja Van",n/a,"2022-04-24 13:36:00",2022-05-05,2022-05-09,500,5,Delayed,Antipolo,2,n/a
S002334,O002334,LBC,TRK754926699,"2024-02-25 10:20:00",2024-02-28,2024-02-29,0,15,Delayed,"Quezon city",0,"Address Issue"
S002335,O002335,2GO,n/a,"2022-11-10 23:05:00",2022-11-14,2022-11-20,150,15,Delayed,Taguig,1,"Customer Unavailable"
S002336,O002336,LBC,TRK249779875,"2025-04-10 07:44:00",2025-04-16,NULL,180,2,Preparing,"Davao city",1,n/a
S002337,O002337,FedEx,n/a,"2023-06-17 02:25:00",2023-06-27,2023-07-02,180,0,Delayed,Antipolo,3,Weather
S002338,O002338,DHL,TRK98538607,"2023-01-06 19:13:00",2023-01-08,2023-01-12,150,20,Delayed,Taguig,3,"Carrier Backlog"
S002339,O002339,"Ninja Van",TRK58121986,"2023-11-10 16:04:00",2023-11-14,2023-11-20,100,2,Delayed,"Cebu city",1,n/a
S002340,O002340,DHL,n/a,"2024-05-21 15:12:00",2024-05-24,2024-05-25,180,0,Delayed,Makati,1,"Carrier Backlog"
S002341,O002341,"Ninja Van",TRK44586355,"2022-02-21 04:17:00",2022-03-05,2022-03-10,500,10,Delayed,"Davao city",2,n/a
S002342,O002342,"Ninja Van",TRK28153565,"2022-05-01 08:09:00",2022-05-06,2022-05-13,180,2,Delayed,"Cebu city",1,"Carrier Backlog"
S002343,O002343,2GO,TRK648009656,"2024-10-08 20:46:00",2024-10-16,NULL,80,3,Preparing,"Cebu city",2,Weather
S002344,O002344,DHL,n/a,"2023-10-09 18:29:00",2023-10-12,NULL,0,1,Preparing,"Cebu city",1,n/a
S002345,O002345,DHL,TRK465273006,"2022-09-22 05:44:00",2022-09-30,2022-10-04,250,15,Delayed,Antipolo,1,"Carrier Backlog"
S002346,O002346,2GO,n/a,"2024-04-30 01:50:00",2024-05-09,2024-05-12,500,0.5,Delayed,"Davao city",2,"Warehouse Delay"
S002347,O002347,2GO,TRK85581218,"2022-01-24 10:54:00",2022-02-03,2022-02-08,150,1,Delayed,"Quezon city",3,"Warehouse Delay"
S002348,O002348,LBC,TRK840790019,"2024-11-16 21:17:00",2024-11-24,2024-11-29,0,20,Delayed,Taguig,1,"Warehouse Delay"
S002349,O002349,"J&T Express",TRK99684399,"2025-08-06 18:12:00",2025-08-10,2025-08-11,80,0,Delayed,Antipolo,0,"Address Issue"
S002350,O002350,2GO,TRK582345460,"2023-01-29 11:06:00",2023-01-30,2023-02-02,100,20,Delayed,Antipolo,2,n/a
S002351,O002351,LBC,n/a,"2023-07-16 15:54:00",2023-07-25,2023-07-24,250,5,Delivered,n/a,0,Weather
S002352,O002352,"JRS Express",n/a,"2023-03-16 20:46:00",2023-03-27,2023-03-27,250,5,"Out for Delivery","Cebu city",1,"Warehouse Delay"
S002353,O002353,"J&T Express",TRK90666876,"2025-02-01 10:54:00",2025-02-09,2025-02-11,350,5,Delayed,Taguig,1,"Carrier Backlog"
S002354,O002354,"Ninja Van",n/a,"2022-03-21 18:03:00",2022-03-23,2022-03-25,180,1,Delayed,Iloilo,1,"Warehouse Delay"
S002355,O002355,"J&T Express",TRK457281241,"2024-01-15 08:31:00",2024-01-19,2024-01-17,120,2,Delivered,"Cebu city",0,"Customer Unavailable"
S002356,O002356,"JRS Express",TRK49324697,"2025-08-23 23:19:00",2025-08-30,2025-09-01,500,0,Delayed,Caloocan,1,n/a
S002357,O002357,DHL,TRK72932448,"2025-08-30 01:53:00",2025-09-01,2025-09-06,250,20,Delayed,Iloilo,0,"Customer Unavailable"
S002358,O002358,"J&T Express",TRK13226519,"2022-11-13 00:43:00",2022-11-24,2022-12-01,500,5,Delayed,"Cebu city",3,Weather
S002359,O002359,"J&T Express",n/a,"2022-08-04 09:02:00",2022-08-05,2022-08-08,250,1,Delayed,"Cebu city",1,"Customer Unavailable"
S002360,O002360,DHL,TRK36225581,"2022-09-13 15:46:00",2022-09-20,2022-09-26,80,1,Delayed,"Davao city",1,"Carrier Backlog"
S002361,O002361,FedEx,TRK308315924,"2024-11-22 10:31:00",2024-11-27,2024-12-03,250,15,Delayed,"Davao city",1,Weather
S002362,O002362,FedEx,TRK91986709,"2024-05-28 22:15:00",2024-06-03,2024-06-06,100,15,Delayed,"Cebu city",1,"Carrier Backlog"
S002363,O002363,2GO,TRK55412899,"2024-09-12 16:28:00",2024-09-16,2024-09-20,100,0,Delayed,Caloocan,1,Weather
S002364,O002364,DHL,TRK152226540,"2023-10-18 00:25:00",2023-10-21,NULL,120,3,Preparing,Caloocan,1,"Carrier Backlog"
S002365,O002365,DHL,n/a,"2024-06-01 11:42:00",NULL,NULL,250,5,Preparing,Caloocan,1,Weather
S002366,O002366,DHL,n/a,"2025-11-25 12:01:00",2025-11-27,NULL,350,3,Preparing,"Quezon city",3,"Carrier Backlog"
S002367,O002367,FedEx,TRK353231113,"2024-05-11 22:11:00",2024-05-22,2024-05-24,500,20,Delayed,"Davao city",1,"Carrier Backlog"
S002368,O002368,2GO,TRK73865460,"2024-06-14 12:46:00",2024-06-25,2024-06-29,0,15,Delayed,Manila,3,"Address Issue"
S002369,O002369,FedEx,TRK54920219,"2025-10-01 19:36:00",2025-10-06,2025-10-11,350,0.5,Delayed,Manila,2,"Warehouse Delay"
S002370,O002370,DHL,TRK13667536,"2022-10-11 22:41:00",2022-10-17,2022-10-17,120,20,"Out for Delivery","Quezon city",0,"Carrier Backlog"
S002371,O002371,FedEx,TRK22021358,"2024-06-10 08:17:00",2024-06-22,2024-06-24,250,1,Delayed,Pasig,0,Weather
S002372,O002372,"JRS Express",n/a,"2023-08-24 15:24:00",2023-08-30,NULL,120,1,Preparing,"Quezon city",2,Weather
S002373,O002373,"JRS Express",n/a,"2022-06-28 16:56:00",NULL,NULL,500,20,Preparing,Antipolo,1,"Carrier Backlog"
S002374,O002374,LBC,TRK512454594,"2023-12-16 17:59:00",2023-12-22,2023-12-24,180,15,Delayed,Caloocan,1,Weather
S002375,O002375,FedEx,n/a,"2025-10-12 17:44:00",2025-10-16,2025-10-20,150,0,Delayed,"Quezon city",1,"Address Issue"
S002376,O002376,"J&T Express",TRK269590739,"2024-12-10 12:12:00",2024-12-15,2024-12-13,80,5,Delivered,n/a,0,"Carrier Backlog"
S002377,O002377,"J&T Express",TRK771492315,"2023-01-11 05:05:00",2023-01-19,NULL,100,20,Preparing,Pasig,1,"Address Issue"
S002378,O002378,FedEx,TRK924785713,"2024-08-29 20:45:00",2024-09-01,2024-09-04,180,0.5,Delayed,Pasig,1,Weather
S002379,O002379,2GO,TRK30855683,"2023-11-13 10:16:00",2023-11-19,NULL,500,3,Preparing,Caloocan,1,n/a
S002380,O002380,DHL,n/a,"2023-04-17 10:06:00",2023-04-25,2023-04-26,500,0,Delayed,"Cebu city",1,n/a
S002381,O002381,DHL,n/a,"2022-07-09 08:50:00",2022-07-16,2022-07-20,500,0,Delayed,Iloilo,2,Weather
S002382,O002382,"Ninja Van",TRK20634727,"2022-07-03 06:04:00",2022-07-06,2022-07-08,80,1,Delayed,"Quezon city",3,"Warehouse Delay"
S002383,O002383,FedEx,TRK12821636,"2025-11-18 23:24:00",2025-11-25,2025-11-29,0,10,Delayed,"Quezon city",1,"Carrier Backlog"
S002384,O002384,LBC,TRK865131250,"2024-12-19 11:11:00",2024-12-31,NULL,120,2,Preparing,Caloocan,1,"Address Issue"
S002385,O002385,"J&T Express",TRK80451526,"2023-01-20 23:03:00",2023-01-31,2023-01-31,250,2,"Out for Delivery",Caloocan,0,"Carrier Backlog"
S002386,O002386,FedEx,TRK102910607,"2022-01-02 09:46:00",2022-01-10,2022-01-08,180,0,Delivered,Pasig,0,n/a
S002387,O002387,FedEx,TRK264908587,"2022-09-18 08:31:00",2022-09-20,2022-09-24,250,1,Delayed,Makati,0,"Customer Unavailable"
S002388,O002388,"JRS Express",n/a,"2024-11-27 15:15:00",2024-12-04,NULL,80,20,Preparing,Iloilo,1,"Warehouse Delay"
S002389,O002389,DHL,n/a,"2025-10-22 16:31:00",2025-10-26,NULL,0,0.5,Preparing,"Cebu city",3,"Address Issue"
S002390,O002390,DHL,TRK47442851,"2023-03-09 12:13:00",NULL,NULL,0,1,Preparing,Iloilo,1,"Carrier Backlog"
S002391,O002391,LBC,TRK631388996,"2025-01-10 14:54:00",2025-01-11,2025-01-14,350,0.5,Delayed,Manila,3,"Address Issue"
S002392,O002392,"Ninja Van",TRK925717064,"2023-12-20 06:31:00",2023-12-30,2024-01-02,0,0.5,Delayed,"Cebu city",2,"Address Issue"
S002393,O002393,"JRS Express",TRK68059111,"2022-03-12 07:58:00",2022-03-16,NULL,180,0,Preparing,Makati,0,n/a
S002394,O002394,FedEx,TRK869567386,"2022-02-02 12:49:00",2022-02-10,2022-02-11,100,1,Delayed,Manila,1,"Carrier Backlog"
S002395,O002395,DHL,TRK81831939,"2024-01-23 19:09:00",2024-01-27,2024-01-29,0,15,Delayed,Makati,1,"Address Issue"
S002396,O002396,LBC,n/a,"2022-12-16 16:06:00",2022-12-19,2022-12-23,120,0,Delayed,Taguig,1,"Customer Unavailable"
S002397,O002397,2GO,TRK160255733,"2022-06-28 05:15:00",2022-07-07,2022-07-07,0,20,"Out for Delivery",Manila,1,"Carrier Backlog"
S002398,O002398,"Ninja Van",n/a,"2024-06-10 11:16:00",NULL,NULL,180,3,Preparing,Antipolo,1,"Address Issue"
S002399,O002399,"JRS Express",n/a,"2022-12-17 10:04:00",2022-12-25,2022-12-23,100,2,Delivered,Antipolo,1,"Customer Unavailable"
S002400,O002400,FedEx,TRK10812351,"2025-05-31 21:42:00",2025-06-04,2025-06-02,150,20,Delivered,Manila,0,"Warehouse Delay"
S002401,O002401,"JRS Express",n/a,"2024-05-24 06:30:00",2024-06-02,2024-06-06,180,0,Delayed,Taguig,1,"Address Issue"
S002402,O002402,2GO,TRK590759840,"2022-03-03 02:08:00",2022-03-04,2022-03-07,100,3,Delayed,Pasig,2,"Warehouse Delay"
S002403,O002403,FedEx,n/a,"2024-08-11 18:26:00",2024-08-23,2024-08-23,80,2,"Out for Delivery",Iloilo,1,"Carrier Backlog"
S002404,O002404,"J&T Express",n/a,"2022-10-29 22:17:00",2022-10-31,2022-11-04,350,15,Delayed,Caloocan,2,"Customer Unavailable"
S002405,O002405,DHL,TRK653795636,"2025-12-30 20:51:00",2026-01-11,2026-01-12,0,20,Delayed,Taguig,1,"Warehouse Delay"
S002406,O002406,"JRS Express",TRK379129376,"2025-03-19 02:11:00",2025-03-31,2025-04-06,120,10,Delayed,Antipolo,0,"Address Issue"
S002407,O002407,LBC,TRK870670899,"2025-04-04 23:09:00",2025-04-10,2025-04-14,250,1,Delayed,Pasig,1,"Carrier Backlog"
S002408,O002408,"JRS Express",TRK19131675,"2022-06-03 17:16:00",NULL,NULL,0,0,Preparing,Manila,1,"Carrier Backlog"
S002409,O002409,LBC,n/a,"2022-04-01 17:03:00",2022-04-11,2022-04-11,500,15,"Out for Delivery",Antipolo,0,Weather
S002410,O002410,FedEx,TRK159406723,"2023-01-06 20:05:00",2023-01-08,2023-01-14,100,20,Delayed,Caloocan,1,"Address Issue"
S002411,O002411,2GO,TRK55143810,"2023-09-10 08:38:00",2023-09-13,2023-09-19,180,2,Delayed,"Davao city",1,"Address Issue"
S002412,O002412,2GO,n/a,"2024-02-24 20:15:00",2024-02-26,2024-03-03,100,1,Delayed,Caloocan,3,"Customer Unavailable"
S002413,O002413,"Ninja Van",n/a,"2023-11-04 00:06:00",2023-11-08,2023-11-08,500,20,"Out for Delivery",Caloocan,1,"Warehouse Delay"
S002414,O002414,DHL,TRK662618920,"2023-10-08 10:38:00",2023-10-18,2023-10-18,150,0,"Out for Delivery","Cebu city",1,"Customer Unavailable"
S002415,O002415,FedEx,n/a,"2024-08-07 03:56:00",2024-08-15,2024-08-15,250,1,"Out for Delivery","Quezon city",1,"Carrier Backlog"
S002416,O002416,DHL,TRK34703849,"2023-08-23 05:40:00",NULL,NULL,350,1,Preparing,Caloocan,0,"Address Issue"
S002417,O002417,DHL,TRK944251963,"2022-07-12 13:27:00",2022-07-18,2022-07-20,0,3,Delayed,"Davao city",3,"Address Issue"
S002418,O002418,"JRS Express",n/a,"2024-09-04 09:13:00",2024-09-12,2024-09-15,500,15,Delayed,Pasig,1,"Warehouse Delay"
S002419,O002419,LBC,TRK52424460,"2024-03-16 07:40:00",NULL,NULL,150,15,Preparing,"Quezon city",3,n/a
S002420,O002420,2GO,TRK45312407,"2022-10-02 22:42:00",2022-10-09,2022-10-14,120,10,Delayed,"Quezon city",2,"Customer Unavailable"
S002421,O002421,"Ninja Van",TRK17277588,"2022-06-10 23:54:00",2022-06-18,NULL,180,1,Returned,n/a,2,"Customer Unavailable"
S002422,O002422,DHL,n/a,"2022-09-05 12:12:00",2022-09-07,2022-09-12,120,20,Delayed,Antipolo,3,Weather
S002423,O002423,LBC,n/a,"2025-12-29 14:55:00",2026-01-10,2026-01-17,100,3,Delayed,Manila,1,"Address Issue"
S002424,O002424,2GO,n/a,"2024-06-03 00:30:00",2024-06-14,2024-06-13,100,20,Delivered,Taguig,1,"Address Issue"
S002425,O002425,"J&T Express",TRK55462275,"2024-02-18 07:09:00",2024-02-19,NULL,0,20,Preparing,"Davao city",3,n/a
S002426,O002426,2GO,TRK618966231,"2024-01-02 07:39:00",NULL,NULL,120,20,Preparing,Caloocan,2,n/a
S002427,O002427,"Ninja Van",n/a,"2025-10-09 04:56:00",2025-10-18,2025-10-25,150,10,Delayed,"Cebu city",0,"Carrier Backlog"
S002428,O002428,LBC,TRK17730347,"2025-09-13 20:03:00",2025-09-17,2025-09-19,100,20,Delayed,"Davao city",1,"Carrier Backlog"
S002429,O002429,"JRS Express",TRK20128064,"2022-01-16 00:11:00",NULL,NULL,180,1,Preparing,"Quezon city",1,n/a
S002430,O002430,"JRS Express",TRK488086066,"2022-04-07 05:52:00",2022-04-19,2022-04-21,150,0.5,Delayed,Pasig,1,"Customer Unavailable"
S002431,O002431,"Ninja Van",TRK18123410,"2023-08-09 13:17:00",2023-08-19,2023-08-21,250,0.5,Delayed,Iloilo,1,"Customer Unavailable"
S002432,O002432,FedEx,TRK451217311,"2022-05-01 21:36:00",NULL,NULL,150,0,Returned,"Quezon city",1,"Customer Unavailable"
S002433,O002433,DHL,TRK23306483,"2023-06-02 02:32:00",2023-06-14,2023-06-21,250,3,Delayed,"Cebu city",1,"Carrier Backlog"
S002434,O002434,"J&T Express",TRK39290138,"2025-06-02 14:09:00",NULL,NULL,180,15,Preparing,"Davao city",3,"Address Issue"
S002435,O002435,2GO,n/a,"2023-03-25 10:05:00",2023-03-29,2023-03-28,500,1,Delivered,"Davao city",0,"Address Issue"
S002436,O002436,"JRS Express",n/a,"2023-05-20 18:29:00",2023-05-27,2023-05-30,0,3,Delayed,"Quezon city",1,"Carrier Backlog"
S002437,O002437,DHL,TRK769311225,"2023-03-24 10:39:00",2023-03-28,2023-03-28,350,20,"Out for Delivery",Taguig,0,"Address Issue"
S002438,O002438,"Ninja Van",n/a,"2025-08-09 14:24:00",2025-08-18,2025-08-19,500,0,Delayed,Iloilo,3,Weather
S002439,O002439,2GO,TRK68194280,"2025-04-23 03:48:00",2025-04-29,2025-04-27,80,10,Delivered,Caloocan,3,"Warehouse Delay"
S002440,O002440,"JRS Express",TRK733825296,"2024-09-05 08:17:00",2024-09-14,2024-09-19,100,10,Delayed,"Davao city",0,"Customer Unavailable"
S002441,O002441,Unknown,TRK87443883,"2022-06-27 02:46:00",2022-06-28,2022-06-29,100,0.5,Delayed,Manila,1,n/a
S002442,O002442,LBC,n/a,"2024-07-16 02:55:00",2024-07-23,2024-07-27,80,2,Delayed,Makati,2,"Warehouse Delay"
S002443,O002443,"JRS Express",TRK37961723,"2022-03-11 07:10:00",2022-03-22,2022-03-23,0,20,Delayed,Antipolo,0,n/a
S002444,O002444,LBC,TRK96188918,"2023-06-04 05:52:00",2023-06-09,2023-06-08,350,10,Delivered,"Cebu city",3,"Customer Unavailable"
S002445,O002445,"Ninja Van",n/a,"2024-04-26 16:19:00",NULL,NULL,80,3,Preparing,Pasig,2,n/a
S002446,O002446,LBC,n/a,"2022-10-19 20:13:00",2022-10-27,2022-10-25,0,2,Delivered,Pasig,2,"Warehouse Delay"
S002447,O002447,FedEx,TRK94617191,"2024-03-26 14:17:00",2024-04-05,2024-04-08,350,0,Delayed,Antipolo,2,n/a
S002448,O002448,"JRS Express",TRK745115659,"2022-10-03 07:05:00",2022-10-07,NULL,150,0.5,Preparing,Iloilo,0,Weather
S002449,O002449,"Ninja Van",TRK944145298,"2022-04-30 03:25:00",2022-05-10,2022-05-13,100,0,Delayed,Makati,3,"Warehouse Delay"
S002450,O002450,LBC,TRK700805764,"2024-01-29 05:06:00",2024-02-05,2024-02-03,500,10,Delivered,Antipolo,1,n/a
S002451,O002451,DHL,TRK70569000,"2023-07-01 08:08:00",2023-07-10,2023-07-09,150,1,Delivered,Antipolo,2,"Carrier Backlog"
S002452,O002452,"J&T Express",TRK21726028,"2022-07-30 23:44:00",2022-08-02,2022-07-31,0,20,Delivered,"Quezon city",1,Weather
S002453,O002453,FedEx,TRK30210383,"2024-04-03 07:37:00",2024-04-12,2024-04-12,120,10,"Out for Delivery","Davao city",1,"Carrier Backlog"
S002454,O002454,"J&T Express",TRK62948676,"2022-06-27 13:49:00",2022-07-02,2022-06-30,100,10,Delivered,Manila,2,"Carrier Backlog"
S002455,O002455,"J&T Express",TRK71150011,"2024-11-25 01:06:00",2024-12-02,2024-11-30,250,10,Delivered,Taguig,2,Weather
S002456,O002456,2GO,TRK31815129,"2023-04-11 14:56:00",NULL,NULL,80,15,Preparing,Antipolo,1,"Address Issue"
S002457,O002457,FedEx,TRK90159658,"2025-01-15 14:42:00",2025-01-20,2025-01-19,150,0.5,Delivered,"Quezon city",1,"Warehouse Delay"
S002458,O002458,FedEx,TRK310260552,"2025-05-23 11:02:00",2025-06-02,2025-06-05,100,15,Delayed,Iloilo,1,Weather
S002459,O002459,"JRS Express",TRK401908637,"2024-01-10 07:23:00",2024-01-15,2024-01-15,350,10,"Out for Delivery",Iloilo,1,"Carrier Backlog"
S002460,O002460,"JRS Express",TRK693651871,"2024-08-19 22:45:00",2024-08-29,2024-08-31,350,2,Delayed,Pasig,1,"Carrier Backlog"
S002461,O002461,LBC,TRK411436529,"2023-01-10 02:23:00",2023-01-17,2023-01-19,350,20,Delayed,Taguig,0,"Address Issue"
S002462,O002462,"JRS Express",n/a,"2023-07-31 08:54:00",2023-08-05,NULL,250,15,Preparing,Antipolo,1,"Address Issue"
S002463,O002463,"Ninja Van",TRK86127990,"2023-08-03 09:07:00",2023-08-05,2023-08-03,500,5,Delivered,Makati,2,Weather
S002464,O002464,2GO,TRK11027310,"2024-10-19 22:00:00",2024-10-27,2024-10-29,150,0.5,Delayed,Pasig,1,Weather
S002465,O002465,Unknown,TRK55341307,"2023-08-11 19:08:00",2023-08-23,2023-08-27,120,2,Delayed,Manila,1,"Carrier Backlog"
S002466,O002466,2GO,n/a,"2024-03-10 08:26:00",2024-03-19,2024-03-25,250,1,Delayed,Makati,1,"Address Issue"
S002467,O002467,"JRS Express",n/a,"2023-02-04 00:45:00",2023-02-16,2023-02-23,350,20,Delayed,Manila,1,"Warehouse Delay"
S002468,O002468,LBC,n/a,"2022-06-22 09:50:00",NULL,NULL,250,0,Preparing,Caloocan,1,Weather
S002469,O002469,FedEx,TRK31210322,"2024-07-11 04:59:00",2024-07-16,NULL,250,2,Preparing,"Quezon city",0,"Warehouse Delay"
S002470,O002470,2GO,TRK98571327,"2022-05-27 08:22:00",2022-05-30,2022-06-05,0,20,Delayed,Pasig,2,"Address Issue"
S002471,O002471,"J&T Express",TRK384160660,"2025-03-27 14:52:00",2025-04-01,2025-04-02,250,20,Delayed,Taguig,1,"Carrier Backlog"
S002472,O002472,"J&T Express",n/a,"2025-02-05 13:53:00",NULL,NULL,80,5,Preparing,Taguig,3,n/a
S002473,O002473,"JRS Express",n/a,"2024-07-26 04:54:00",2024-08-07,2024-08-08,180,15,Delayed,Iloilo,0,n/a
S002474,O002474,LBC,TRK620456196,"2023-12-23 18:04:00",2023-12-24,2023-12-22,180,15,Delivered,n/a,1,Weather
S002475,O002475,LBC,n/a,"2022-01-11 07:11:00",2022-01-19,NULL,0,0.5,Returned,Taguig,1,"Customer Unavailable"
S002476,O002476,"JRS Express",n/a,"2024-10-30 22:05:00",2024-11-01,2024-11-03,250,1,Delayed,Makati,0,n/a
S002477,O002477,"JRS Express",TRK818894687,"2022-06-09 01:07:00",2022-06-11,2022-06-13,80,0,Delayed,Iloilo,2,"Carrier Backlog"
S002478,O002478,FedEx,TRK878016047,"2023-04-04 08:58:00",2023-04-15,2023-04-16,180,20,Delayed,Makati,2,n/a
S002479,O002479,"Ninja Van",TRK64065869,"2022-11-17 05:18:00",2022-11-23,2022-11-23,100,0,"Out for Delivery",Caloocan,1,"Warehouse Delay"
S002480,O002480,FedEx,TRK46886400,"2024-12-26 23:08:00",2024-12-28,2024-12-26,0,20,Delivered,"Quezon city",1,"Carrier Backlog"
S002481,O002481,"Ninja Van",TRK92648792,"2024-07-20 01:34:00",2024-07-22,2024-07-25,80,10,Delayed,Manila,1,"Carrier Backlog"
S002482,O002482,FedEx,TRK36025438,"2025-06-27 21:26:00",2025-07-05,2025-07-06,120,15,Delayed,Taguig,3,"Carrier Backlog"
S002483,O002483,LBC,TRK694955338,"2025-10-19 07:48:00",2025-10-20,2025-10-18,0,5,Delivered,"Cebu city",1,"Warehouse Delay"
S002484,O002484,LBC,TRK374331617,"2022-01-06 01:08:00",2022-01-18,2022-01-20,350,15,Delayed,Caloocan,1,"Address Issue"
S002485,O002485,"Ninja Van",TRK115475108,"2023-09-20 11:50:00",2023-09-25,2023-09-26,350,2,Delayed,"Cebu city",3,"Customer Unavailable"
S002486,O002486,"J&T Express",TRK32975531,"2023-06-07 18:32:00",2023-06-08,2023-06-09,120,0.5,Delayed,Taguig,2,"Warehouse Delay"
S002487,O002487,"JRS Express",TRK44414687,"2024-04-24 00:56:00",2024-05-02,2024-04-30,250,0.5,Delivered,Antipolo,1,"Address Issue"
S002488,O002488,LBC,TRK790047539,"2025-12-23 19:09:00",2025-12-29,2026-01-05,350,0,Delayed,"Quezon city",3,"Carrier Backlog"
S002489,O002489,"JRS Express",n/a,"2025-01-12 03:38:00",2025-01-19,2025-01-21,100,1,Delayed,Makati,3,n/a
S002490,O002490,"J&T Express",TRK21797619,"2024-01-11 14:08:00",2024-01-17,2024-01-24,180,10,Delayed,Taguig,1,"Carrier Backlog"
S002491,O002491,"J&T Express",TRK27247559,"2023-06-29 16:20:00",2023-07-05,2023-07-04,100,0,Delivered,"Davao city",1,"Carrier Backlog"
S002492,O002492,FedEx,n/a,"2024-08-28 23:55:00",2024-09-01,2024-09-06,350,0.5,Delayed,n/a,2,Weather
S002493,O002493,"J&T Express",TRK65834436,"2022-07-01 13:02:00",2022-07-03,2022-07-04,250,2,Delayed,"Davao city",1,"Customer Unavailable"
S002494,O002494,"JRS Express",n/a,"2023-03-18 18:54:00",2023-03-20,2023-03-18,150,0.5,Delivered,Iloilo,1,Weather
S002495,O002495,"J&T Express",TRK757556514,"2024-10-28 08:09:00",2024-11-09,2024-11-13,150,1,Delayed,Makati,2,Weather
S002496,O002496,Unknown,TRK58836094,"2025-11-22 21:22:00",2025-11-27,2025-12-03,180,0,Delayed,"Cebu city",1,"Address Issue"
S002497,O002497,2GO,TRK77533667,"2024-02-17 04:36:00",2024-02-21,NULL,80,3,Returned,Manila,3,"Customer Unavailable"
S002498,O002498,"J&T Express",n/a,"2022-12-01 20:34:00",2022-12-07,NULL,100,2,Preparing,Makati,2,n/a
S002499,O002499,2GO,n/a,"2024-04-05 20:56:00",2024-04-09,2024-04-14,500,3,Delayed,Iloilo,0,"Customer Unavailable"
S002500,O002500,DHL,TRK63445858,"2025-04-14 13:05:00",2025-04-21,2025-04-26,250,3,Delayed,"Cebu city",1,"Warehouse Delay"
S002501,O002501,"JRS Express",TRK672652332,"2024-09-20 11:46:00",2024-09-28,NULL,80,10,Preparing,Iloilo,1,n/a
S002502,O002502,DHL,TRK213827186,"2022-10-22 23:58:00",2022-10-24,2022-10-30,120,20,Delayed,Pasig,1,"Carrier Backlog"
S002503,O002503,2GO,TRK185171991,"2022-06-16 09:13:00",2022-06-22,2022-06-24,180,10,Delayed,Iloilo,2,"Warehouse Delay"
S002504,O002504,"J&T Express",TRK134505757,"2024-02-09 00:57:00",2024-02-21,2024-02-21,100,1,"Out for Delivery","Cebu city",1,"Customer Unavailable"
S002505,O002505,Unknown,n/a,"2023-08-04 04:50:00",2023-08-05,NULL,150,1,Preparing,"Quezon city",3,"Warehouse Delay"
S002506,O002506,"JRS Express",TRK585886018,"2023-12-24 06:46:00",2023-12-31,2024-01-02,80,15,Delayed,Caloocan,1,"Customer Unavailable"
S002507,O002507,FedEx,n/a,"2023-03-08 17:52:00",2023-03-12,2023-03-16,120,20,Delayed,Caloocan,3,"Customer Unavailable"
S002508,O002508,"JRS Express",TRK70734995,"2022-02-25 16:32:00",2022-02-26,2022-02-27,150,10,Delayed,"Cebu city",1,"Carrier Backlog"
S002509,O002509,"JRS Express",TRK823826667,"2025-08-28 15:28:00",2025-09-06,2025-09-07,100,0.5,Delayed,Caloocan,1,"Customer Unavailable"
S002510,O002510,DHL,TRK54198413,"2023-11-04 14:21:00",2023-11-07,2023-11-11,180,3,Delayed,Iloilo,3,Weather
S002511,O002511,LBC,TRK72575757,"2023-09-06 15:19:00",NULL,NULL,120,20,Preparing,"Cebu city",1,"Carrier Backlog"
S002512,O002512,"JRS Express",TRK54408332,"2023-07-27 13:11:00",2023-08-01,2023-07-31,150,3,Delivered,Taguig,1,"Address Issue"
S002513,O002513,FedEx,TRK905810907,"2024-08-08 21:51:00",2024-08-20,2024-08-27,250,1,Delayed,"Cebu city",1,"Address Issue"
S002514,O002514,"Ninja Van",n/a,"2023-04-06 08:25:00",2023-04-16,2023-04-14,100,2,Delivered,Antipolo,1,"Address Issue"
S002515,O002515,Unknown,TRK461252749,"2024-06-27 11:21:00",2024-07-09,NULL,500,15,Returned,Makati,1,"Customer Unavailable"
S002516,O002516,LBC,n/a,"2022-03-05 14:19:00",2022-03-10,2022-03-13,500,2,Delayed,Antipolo,1,"Warehouse Delay"
S002517,O002517,DHL,TRK663874941,"2024-08-28 15:17:00",2024-09-04,2024-09-10,120,1,Delayed,Caloocan,1,"Customer Unavailable"
S002518,O002518,2GO,TRK58815154,"2025-01-30 04:12:00",2025-02-04,2025-02-04,500,10,"Out for Delivery",Taguig,1,"Carrier Backlog"
S002519,O002519,"JRS Express",TRK50018469,"2023-03-22 17:17:00",NULL,NULL,100,1,Preparing,Iloilo,3,"Warehouse Delay"
S002520,O002520,"JRS Express",TRK902100116,"2024-05-08 00:02:00",2024-05-16,2024-05-23,150,2,Delayed,"Davao city",1,"Carrier Backlog"
S002521,O002521,"JRS Express",TRK118626378,"2024-01-22 07:32:00",2024-02-01,2024-01-30,80,5,Delivered,"Davao city",1,Weather
S002522,O002522,DHL,n/a,"2024-07-14 04:48:00",2024-07-18,2024-07-20,120,5,Delayed,Manila,2,"Carrier Backlog"
S002523,O002523,2GO,TRK257858696,"2022-04-22 04:12:00",2022-04-28,NULL,180,5,Preparing,Iloilo,1,"Carrier Backlog"
S002524,O002524,LBC,TRK15484436,"2024-01-20 02:45:00",2024-01-21,2024-01-20,80,0,Delivered,Pasig,1,Weather
S002525,O002525,"Ninja Van",TRK27580047,"2023-09-09 12:51:00",2023-09-18,NULL,180,20,Preparing,Caloocan,1,n/a
S002526,O002526,FedEx,TRK57497852,"2022-01-31 19:30:00",NULL,NULL,350,15,Returned,Pasig,1,"Customer Unavailable"
S002527,O002527,"Ninja Van",TRK112653340,"2024-11-01 20:10:00",2024-11-03,2024-11-02,0,0,Delivered,Antipolo,0,"Address Issue"
S002528,O002528,LBC,n/a,"2024-10-03 13:00:00",2024-10-05,2024-10-09,250,3,Delayed,Iloilo,2,n/a
S002529,O002529,"JRS Express",n/a,"2024-08-11 00:09:00",2024-08-21,2024-08-22,350,5,Delayed,Caloocan,1,"Warehouse Delay"
S002530,O002530,FedEx,n/a,"2024-07-01 16:12:00",2024-07-09,2024-07-14,120,2,Delayed,"Davao city",1,"Address Issue"
S002531,O002531,LBC,TRK316490945,"2022-02-08 19:06:00",2022-02-16,2022-02-17,0,0.5,Delayed,Pasig,2,Weather
S002532,O002532,DHL,TRK923169546,"2022-06-25 12:34:00",2022-06-26,NULL,0,0,Preparing,Antipolo,1,"Warehouse Delay"
S002533,O002533,2GO,TRK39506402,"2023-08-05 15:36:00",2023-08-14,2023-08-18,120,2,Delayed,Taguig,1,"Warehouse Delay"
S002534,O002534,"J&T Express",n/a,"2022-07-28 02:05:00",2022-08-04,2022-08-04,80,20,"Out for Delivery",Pasig,3,"Warehouse Delay"
S002535,O002535,2GO,TRK16062175,"2024-06-27 16:31:00",2024-07-01,NULL,350,1,Preparing,Taguig,1,"Address Issue"
S002536,O002536,DHL,TRK50648065,"2022-09-28 12:29:00",2022-10-08,2022-10-13,80,0.5,Delayed,Pasig,1,Weather
S002537,O002537,"JRS Express",TRK53087921,"2023-09-03 10:58:00",2023-09-15,2023-09-13,250,0.5,Delivered,Makati,3,"Carrier Backlog"
S002538,O002538,"JRS Express",TRK11585462,"2025-08-24 07:14:00",2025-09-03,2025-09-07,120,10,Delayed,Caloocan,3,"Carrier Backlog"
S002539,O002539,"Ninja Van",n/a,"2022-09-24 09:14:00",2022-10-05,2022-10-09,500,3,Delayed,Makati,1,n/a
S002540,O002540,"JRS Express",n/a,"2025-12-28 08:14:00",2025-12-29,2025-12-29,350,0,"Out for Delivery",Iloilo,1,Weather
S002541,O002541,FedEx,n/a,"2025-06-14 13:54:00",NULL,NULL,250,10,Preparing,Caloocan,1,n/a
S002542,O002542,"Ninja Van",TRK602846498,"2026-01-14 01:35:00",2026-01-22,NULL,120,2,Preparing,Caloocan,1,Weather
S002543,O002543,"Ninja Van",TRK75385941,"2024-01-08 23:25:00",2024-01-10,2024-01-12,0,10,Delayed,"Quezon city",1,n/a
S002544,O002544,"J&T Express",TRK58989093,"2025-04-09 09:57:00",2025-04-18,2025-04-19,0,10,Delayed,Pasig,0,"Carrier Backlog"
S002545,O002545,DHL,TRK747058972,"2022-05-25 16:36:00",NULL,NULL,350,1,Preparing,Caloocan,2,Weather
S002546,O002546,"JRS Express",TRK275878186,"2022-05-25 02:54:00",2022-05-27,2022-06-01,80,2,Delayed,Manila,1,"Address Issue"
S002547,O002547,"JRS Express",TRK53633588,"2025-06-11 03:12:00",2025-06-21,2025-06-27,80,1,Delayed,"Davao city",2,"Warehouse Delay"
S002548,O002548,LBC,TRK13715867,"2025-10-27 18:14:00",2025-10-31,2025-11-04,250,2,Delayed,Manila,1,"Warehouse Delay"
S002549,O002549,"J&T Express",n/a,"2024-11-19 17:26:00",2024-11-25,2024-12-02,120,15,Delayed,"Quezon city",2,"Customer Unavailable"
S002550,O002550,"JRS Express",n/a,"2023-07-31 10:55:00",2023-08-03,NULL,150,0.5,Returned,"Quezon city",1,"Customer Unavailable"
S002551,O002551,"J&T Express",TRK85322204,"2022-05-17 03:16:00",2022-05-20,2022-05-20,80,0,"Out for Delivery",Pasig,1,"Carrier Backlog"
S002552,O002552,LBC,TRK439782183,"2025-04-24 03:14:00",NULL,NULL,120,3,Preparing,"Quezon city",0,"Warehouse Delay"
S002553,O002553,DHL,TRK50324442,"2025-10-01 06:46:00",2025-10-10,2025-10-14,100,20,Delayed,"Quezon city",2,"Customer Unavailable"
S002554,O002554,Unknown,n/a,"2025-07-22 04:47:00",2025-07-26,2025-07-24,0,10,Delivered,"Cebu city",0,"Address Issue"
S002555,O002555,Unknown,n/a,"2025-08-21 11:08:00",2025-08-30,NULL,250,3,Preparing,Makati,1,"Warehouse Delay"
S002556,O002556,2GO,TRK95253059,"2025-10-18 13:11:00",2025-10-26,2025-10-28,350,1,Delayed,Iloilo,1,"Customer Unavailable"
S002557,O002557,"J&T Express",n/a,"2023-04-14 11:20:00",2023-04-22,2023-04-21,120,0.5,Delivered,Manila,0,n/a
S002558,O002558,2GO,TRK477684389,"2024-04-14 20:47:00",2024-04-16,2024-04-18,80,3,Delayed,"Cebu city",1,n/a
S002559,O002559,2GO,TRK69917805,"2023-05-15 06:00:00",2023-05-27,2023-05-27,180,2,"Out for Delivery",Iloilo,2,Weather
S002560,O002560,LBC,n/a,"2024-11-06 15:18:00",2024-11-08,NULL,150,2,Preparing,Makati,2,"Carrier Backlog"
S002561,O002561,"JRS Express",n/a,"2022-12-03 03:05:00",NULL,NULL,180,5,Preparing,"Davao city",1,"Warehouse Delay"
S002562,O002562,FedEx,n/a,"2024-09-03 15:28:00",2024-09-11,2024-09-09,100,3,Delivered,"Quezon city",1,"Address Issue"
S002563,O002563,DHL,TRK72416594,"2022-09-28 23:17:00",2022-10-08,NULL,350,0.5,Preparing,Caloocan,2,"Warehouse Delay"
S002564,O002564,DHL,TRK80722755,"2024-12-11 04:30:00",2024-12-13,NULL,80,10,Preparing,"Quezon city",2,Weather
S002565,O002565,LBC,TRK82937123,"2023-09-06 03:40:00",2023-09-08,2023-09-09,250,10,Delayed,"Quezon city",1,"Customer Unavailable"
S002566,O002566,"Ninja Van",TRK210806028,"2023-07-25 18:06:00",2023-07-26,2023-07-26,0,15,"Out for Delivery",n/a,1,"Carrier Backlog"
S002567,O002567,DHL,TRK49968946,"2023-09-13 19:43:00",2023-09-14,2023-09-20,350,0,Delayed,"Quezon city",1,"Warehouse Delay"
S002568,O002568,FedEx,n/a,"2025-08-23 12:53:00",2025-08-31,2025-09-03,100,2,Delayed,Caloocan,1,"Carrier Backlog"
S002569,O002569,"Ninja Van",n/a,"2022-05-04 03:32:00",2022-05-08,2022-05-08,500,0.5,"Out for Delivery","Quezon city",1,n/a
S002570,O002570,DHL,n/a,"2022-03-01 07:48:00",2022-03-05,2022-03-06,150,0.5,Delayed,Taguig,1,"Address Issue"
S002571,O002571,DHL,TRK623758114,"2025-10-06 13:50:00",2025-10-09,2025-10-14,150,0.5,Delayed,Taguig,1,"Customer Unavailable"
S002572,O002572,"Ninja Van",n/a,"2022-10-24 09:24:00",2022-11-03,2022-11-03,150,2,"Out for Delivery",Makati,1,"Warehouse Delay"
S002573,O002573,FedEx,TRK971086712,"2024-07-28 09:03:00",2024-08-07,NULL,250,2,Preparing,Caloocan,1,"Warehouse Delay"
S002574,O002574,"Ninja Van",TRK404131665,"2025-11-04 19:11:00",2025-11-05,2025-11-10,120,0.5,Delayed,Pasig,3,"Warehouse Delay"
S002575,O002575,FedEx,TRK12008310,"2024-02-24 02:39:00",2024-03-02,2024-03-09,250,3,Delayed,"Cebu city",1,n/a
S002576,O002576,DHL,n/a,"2022-02-08 10:23:00",2022-02-11,2022-02-14,0,0,Delayed,Pasig,1,"Customer Unavailable"
S002577,O002577,DHL,TRK89287980,"2024-06-16 01:55:00",2024-06-25,NULL,0,1,Preparing,Manila,1,"Carrier Backlog"
S002578,O002578,"J&T Express",n/a,"2023-09-07 14:02:00",2023-09-17,2023-09-22,80,3,Delayed,Iloilo,2,"Customer Unavailable"
S002579,O002579,LBC,n/a,"2023-06-30 05:09:00",2023-07-06,2023-07-10,150,3,Delayed,"Quezon city",2,"Carrier Backlog"
S002580,O002580,"J&T Express",TRK833251888,"2022-12-09 05:56:00",2022-12-13,2022-12-14,120,0.5,Delayed,Taguig,1,Weather
S002581,O002581,"JRS Express",TRK956699937,"2025-04-12 18:38:00",2025-04-16,2025-04-20,250,15,Delayed,Pasig,1,n/a
S002582,O002582,FedEx,n/a,"2024-07-05 02:26:00",2024-07-10,2024-07-11,150,0.5,Delayed,"Cebu city",1,Weather
S002583,O002583,2GO,TRK30875773,"2024-08-27 12:11:00",2024-09-02,2024-09-08,250,0.5,Delayed,Iloilo,2,"Warehouse Delay"
S002584,O002584,DHL,TRK158864495,"2024-02-01 12:33:00",2024-02-11,2024-02-14,0,10,Delayed,Manila,2,"Address Issue"
S002585,O002585,LBC,n/a,"2025-10-03 11:12:00",2025-10-08,2025-10-07,500,3,Delivered,"Cebu city",2,"Warehouse Delay"
S002586,O002586,FedEx,TRK735690034,"2022-05-01 11:21:00",2022-05-10,2022-05-12,150,0.5,Delayed,"Cebu city",0,Weather
S002587,O002587,DHL,n/a,"2024-02-21 08:43:00",NULL,NULL,150,0.5,Returned,Taguig,3,"Customer Unavailable"
S002588,O002588,LBC,TRK425090111,"2024-06-17 04:58:00",2024-06-18,2024-06-21,80,0,Delayed,Manila,2,"Carrier Backlog"
S002589,O002589,"JRS Express",n/a,"2022-11-27 08:02:00",2022-12-07,2022-12-14,80,0,Delayed,Pasig,1,"Carrier Backlog"
S002590,O002590,2GO,TRK13044778,"2022-03-03 11:12:00",NULL,NULL,100,5,Preparing,"Davao city",2,"Address Issue"
S002591,O002591,"J&T Express",TRK54052921,"2023-05-22 08:27:00",NULL,NULL,180,0,Preparing,Pasig,3,"Address Issue"
S002592,O002592,2GO,TRK46825219,"2025-01-06 19:44:00",2025-01-18,2025-01-21,150,20,Delayed,"Davao city",2,n/a
S002593,O002593,DHL,TRK745361984,"2024-06-06 20:34:00",2024-06-14,2024-06-18,80,15,Delayed,Antipolo,2,"Address Issue"
S002594,O002594,"Ninja Van",TRK650613543,"2024-05-01 02:39:00",2024-05-12,2024-05-15,100,0,Delayed,Antipolo,1,n/a
S002595,O002595,"JRS Express",n/a,"2025-08-10 17:04:00",2025-08-22,2025-08-29,250,2,Delayed,Makati,1,n/a
S002596,O002596,FedEx,TRK950121117,"2024-10-23 22:07:00",2024-10-24,2024-10-31,0,5,Delayed,n/a,3,"Carrier Backlog"
S002597,O002597,LBC,n/a,"2025-08-04 19:24:00",2025-08-12,2025-08-18,100,1,Delayed,"Quezon city",1,"Address Issue"
S002598,O002598,"Ninja Van",n/a,"2025-08-14 19:13:00",2025-08-22,2025-08-29,120,5,Delayed,Pasig,2,n/a
S002599,O002599,LBC,TRK48311823,"2022-04-12 21:38:00",2022-04-24,NULL,0,1,Preparing,"Davao city",2,n/a
S002600,O002600,"J&T Express",TRK320381484,"2023-05-11 17:41:00",2023-05-13,NULL,100,3,Preparing,"Quezon city",3,"Carrier Backlog"
S002601,O002601,FedEx,TRK985384074,"2022-05-03 21:30:00",2022-05-04,2022-05-03,500,20,Delivered,"Cebu city",0,"Address Issue"
S002602,O002602,"J&T Express",TRK31662101,"2025-07-07 09:02:00",2025-07-10,2025-07-16,80,0.5,Delayed,Caloocan,1,"Address Issue"
S002603,O002603,FedEx,TRK64072850,"2022-07-19 15:20:00",2022-07-21,2022-07-25,150,2,Delayed,Pasig,3,"Address Issue"
S002604,O002604,"Ninja Van",n/a,"2025-11-25 21:05:00",NULL,NULL,350,15,Preparing,Pasig,3,n/a
S002605,O002605,"Ninja Van",TRK91052512,"2025-10-08 13:38:00",2025-10-14,2025-10-14,500,0,"Out for Delivery",Pasig,1,n/a
S002606,O002606,LBC,TRK37265470,"2022-12-06 00:30:00",2022-12-08,2022-12-13,180,10,Delayed,Makati,0,"Warehouse Delay"
S002607,O002607,FedEx,n/a,"2025-05-13 02:47:00",2025-05-18,2025-05-17,180,2,Delivered,Pasig,0,n/a
S002608,O002608,2GO,n/a,"2023-11-25 00:19:00",2023-11-28,2023-11-30,80,1,Delayed,Pasig,1,n/a
S002609,O002609,"Ninja Van",n/a,"2024-03-26 21:37:00",2024-03-28,2024-03-30,180,0.5,Delayed,"Davao city",1,"Warehouse Delay"
S002610,O002610,FedEx,TRK457907883,"2022-09-09 06:44:00",2022-09-14,2022-09-12,350,3,Delivered,Manila,2,"Warehouse Delay"
S002611,O002611,"JRS Express",TRK24958455,"2022-01-05 17:29:00",2022-01-13,2022-01-20,180,3,Delayed,"Cebu city",2,n/a
S002612,O002612,DHL,TRK81796493,"2022-10-07 06:45:00",2022-10-18,NULL,80,20,Preparing,Pasig,1,"Address Issue"
S002613,O002613,2GO,TRK57729706,"2025-12-11 23:53:00",NULL,NULL,100,0.5,Returned,Makati,1,"Customer Unavailable"
S002614,O002614,DHL,TRK109292598,"2025-10-16 09:24:00",2025-10-27,2025-11-02,500,20,Delayed,"Cebu city",3,n/a
S002615,O002615,FedEx,n/a,"2023-02-27 22:47:00",2023-03-06,2023-03-10,500,20,Delayed,Antipolo,1,"Carrier Backlog"
S002616,O002616,DHL,TRK30363933,"2025-06-25 11:47:00",2025-07-06,2025-07-13,150,2,Delayed,Pasig,1,Weather
S002617,O002617,"JRS Express",n/a,"2024-10-17 09:36:00",2024-10-24,2024-10-25,100,5,Delayed,Caloocan,2,Weather
S002618,O002618,2GO,TRK69300309,"2023-01-28 03:05:00",2023-01-31,2023-02-03,100,5,Delayed,Makati,1,"Carrier Backlog"
S002619,O002619,"Ninja Van",TRK578142500,"2022-07-07 07:22:00",2022-07-13,2022-07-16,120,3,Delayed,"Quezon city",1,"Warehouse Delay"
S002620,O002620,LBC,TRK397149502,"2022-04-16 16:30:00",2022-04-23,2022-04-28,80,10,Delayed,Caloocan,2,n/a
S002621,O002621,"JRS Express",TRK83611756,"2025-03-22 21:22:00",2025-04-03,2025-04-07,180,1,Delayed,Iloilo,0,"Address Issue"
S002622,O002622,LBC,n/a,"2025-04-27 16:30:00",2025-05-06,2025-05-10,180,1,Delayed,Iloilo,1,Weather
S002623,O002623,"J&T Express",TRK34590568,"2024-11-20 20:29:00",2024-11-23,2024-11-30,150,5,Delayed,Iloilo,3,n/a
S002624,O002624,Unknown,n/a,"2022-08-14 20:31:00",2022-08-26,2022-09-02,350,5,Delayed,Makati,1,n/a
S002625,O002625,"JRS Express",TRK21880715,"2024-04-28 21:18:00",2024-05-10,2024-05-13,100,10,Delayed,Manila,1,n/a
S002626,O002626,2GO,n/a,"2025-02-27 10:35:00",2025-03-05,2025-03-07,120,5,Delayed,"Cebu city",3,n/a
S002627,O002627,DHL,n/a,"2023-11-18 20:20:00",2023-11-26,NULL,0,2,Preparing,Manila,3,"Carrier Backlog"
S002628,O002628,LBC,n/a,"2022-08-02 08:08:00",2022-08-10,2022-08-16,350,10,Delayed,Manila,1,"Carrier Backlog"
S002629,O002629,"J&T Express",n/a,"2025-06-06 23:25:00",2025-06-07,2025-06-13,500,20,Delayed,"Cebu city",1,"Customer Unavailable"
S002630,O002630,"JRS Express",TRK402531010,"2022-10-27 20:20:00",2022-11-07,2022-11-06,120,1,Delivered,Antipolo,1,n/a
S002631,O002631,FedEx,TRK366733684,"2022-05-01 18:59:00",2022-05-12,2022-05-12,120,20,"Out for Delivery",Antipolo,1,Weather
S002632,O002632,"J&T Express",TRK14004689,"2022-05-20 13:40:00",2022-05-23,2022-05-23,0,0,"Out for Delivery",Manila,0,"Warehouse Delay"
S002633,O002633,"Ninja Van",n/a,"2025-08-02 00:21:00",2025-08-07,2025-08-12,350,10,Delayed,Pasig,3,"Address Issue"
S002634,O002634,FedEx,TRK193013886,"2025-04-09 01:20:00",2025-04-10,2025-04-11,500,15,Delayed,Manila,1,"Customer Unavailable"
S002635,O002635,"Ninja Van",n/a,"2024-09-06 14:02:00",2024-09-13,2024-09-15,180,2,Delayed,"Quezon city",0,n/a
S002636,O002636,FedEx,TRK904321656,"2023-10-16 18:17:00",2023-10-22,2023-10-26,150,20,Delayed,"Quezon city",2,"Address Issue"
S002637,O002637,2GO,TRK47670674,"2025-08-28 18:49:00",NULL,NULL,0,3,Preparing,"Quezon city",1,n/a
S002638,O002638,"Ninja Van",TRK61086657,"2023-02-20 22:41:00",2023-02-23,2023-02-21,80,0,Delivered,Makati,1,"Warehouse Delay"
S002639,O002639,"JRS Express",n/a,"2025-02-28 09:14:00",NULL,NULL,80,20,Preparing,Antipolo,2,Weather
S002640,O002640,LBC,n/a,"2024-03-19 12:53:00",2024-03-26,NULL,100,10,Returned,"Quezon city",0,"Customer Unavailable"
S002641,O002641,"Ninja Van",n/a,"2024-04-29 18:05:00",2024-05-04,2024-05-09,0,20,Delayed,Caloocan,1,"Customer Unavailable"
S002642,O002642,DHL,TRK47006891,"2024-07-22 22:10:00",2024-07-23,2024-07-28,100,3,Delayed,Pasig,1,"Carrier Backlog"
S002643,O002643,"JRS Express",TRK313160438,"2023-06-21 23:17:00",2023-07-02,2023-07-05,350,2,Delayed,Pasig,1,n/a
S002644,O002644,2GO,TRK679692645,"2023-07-07 21:15:00",NULL,NULL,100,3,Preparing,Iloilo,1,"Warehouse Delay"
S002645,O002645,LBC,TRK10034781,"2022-04-29 08:27:00",2022-05-10,2022-05-08,150,1,Delivered,Caloocan,1,"Customer Unavailable"
S002646,O002646,LBC,TRK818848641,"2025-12-01 14:47:00",2025-12-06,2025-12-13,500,5,Delayed,Caloocan,3,"Warehouse Delay"
S002647,O002647,"JRS Express",TRK744621321,"2025-08-08 22:09:00",2025-08-17,2025-08-23,250,20,Delayed,Iloilo,1,"Customer Unavailable"
S002648,O002648,FedEx,n/a,"2022-12-09 17:36:00",2022-12-17,2022-12-24,0,1,Delayed,"Quezon city",2,Weather
S002649,O002649,"Ninja Van",TRK632792388,"2024-10-27 16:10:00",2024-10-28,2024-11-01,80,0.5,Delayed,Antipolo,3,"Customer Unavailable"
S002650,O002650,FedEx,TRK789589698,"2024-12-25 08:50:00",2024-12-28,2025-01-03,120,15,Delayed,"Quezon city",1,"Warehouse Delay"
S002651,O002651,LBC,TRK341535281,"2023-08-23 17:46:00",2023-08-31,2023-09-02,80,5,Delayed,"Quezon city",2,"Customer Unavailable"
S002652,O002652,2GO,n/a,"2025-07-04 17:09:00",2025-07-09,2025-07-08,80,0,Delivered,"Cebu city",0,"Carrier Backlog"
S002653,O002653,"J&T Express",n/a,"2023-02-19 09:04:00",2023-02-20,2023-02-22,500,15,Delayed,Iloilo,0,"Customer Unavailable"
S002654,O002654,2GO,n/a,"2024-02-09 14:34:00",2024-02-21,2024-02-27,0,1,Delayed,Makati,1,"Carrier Backlog"
S002655,O002655,LBC,TRK729010071,"2025-09-02 00:00:00",2025-09-11,2025-09-09,350,0,Delivered,Antipolo,1,n/a
S002656,O002656,"J&T Express",n/a,"2023-11-18 23:39:00",2023-11-22,2023-11-24,350,3,Delayed,Pasig,1,Weather
S002657,O002657,"JRS Express",n/a,"2022-10-28 20:01:00",2022-11-05,2022-11-10,150,15,Delayed,Taguig,2,Weather
S002658,O002658,"J&T Express",TRK69167623,"2024-09-27 10:18:00",2024-10-05,2024-10-10,180,5,Delayed,Taguig,3,"Address Issue"
S002659,O002659,2GO,TRK98918450,"2022-02-11 23:04:00",2022-02-23,2022-02-24,80,5,Delayed,Manila,2,n/a
S002660,O002660,DHL,n/a,"2024-01-08 18:04:00",2024-01-18,2024-01-25,500,15,Delayed,Makati,3,"Customer Unavailable"
S002661,O002661,"Ninja Van",TRK113864172,"2022-01-02 02:48:00",2022-01-07,2022-01-10,100,15,Delayed,Caloocan,2,"Warehouse Delay"
S002662,O002662,"J&T Express",n/a,"2023-08-09 05:05:00",2023-08-21,2023-08-23,0,0,Delayed,Manila,2,"Carrier Backlog"
S002663,O002663,"Ninja Van",n/a,"2024-02-10 21:03:00",2024-02-16,2024-02-17,350,2,Delayed,"Cebu city",3,"Warehouse Delay"
S002664,O002664,"J&T Express",TRK72739517,"2024-05-10 13:49:00",2024-05-22,2024-05-23,120,3,Delayed,"Davao city",1,"Customer Unavailable"
S002665,O002665,"J&T Express",TRK98729825,"2024-09-13 10:15:00",2024-09-23,2024-09-25,150,1,Delayed,Caloocan,0,Weather
S002666,O002666,2GO,TRK28751513,"2022-05-14 04:49:00",2022-05-16,2022-05-14,100,15,Delivered,"Cebu city",3,"Customer Unavailable"
S002667,O002667,DHL,TRK48866244,"2023-02-15 07:29:00",2023-02-27,2023-03-06,180,3,Delayed,Manila,3,n/a
S002668,O002668,LBC,n/a,"2022-05-25 13:46:00",2022-05-29,NULL,150,1,Preparing,Makati,0,"Warehouse Delay"
S002669,O002669,"J&T Express",TRK986100250,"2025-08-22 18:19:00",2025-08-27,2025-08-27,100,0.5,"Out for Delivery",Iloilo,1,"Customer Unavailable"
S002670,O002670,FedEx,n/a,"2024-04-27 12:16:00",2024-05-06,2024-05-09,500,5,Delayed,Taguig,2,"Carrier Backlog"
S002671,O002671,"J&T Express",TRK35956278,"2024-08-02 00:31:00",2024-08-09,2024-08-15,120,3,Delayed,n/a,1,"Customer Unavailable"
S002672,O002672,2GO,n/a,"2024-07-23 22:57:00",2024-07-28,2024-07-29,500,20,Delayed,Caloocan,1,"Customer Unavailable"
S002673,O002673,"J&T Express",TRK322710502,"2025-08-19 04:25:00",2025-08-27,2025-08-27,80,0,"Out for Delivery",Makati,3,"Warehouse Delay"
S002674,O002674,"JRS Express",TRK670244703,"2025-03-07 15:10:00",2025-03-15,2025-03-19,120,10,Delayed,"Quezon city",3,Weather
S002675,O002675,2GO,TRK678986685,"2022-01-10 01:00:00",2022-01-17,2022-01-16,500,0.5,Delivered,"Quezon city",1,"Carrier Backlog"
S002676,O002676,"Ninja Van",n/a,"2025-10-18 06:21:00",2025-10-21,2025-10-22,150,20,Delayed,Makati,1,"Address Issue"
S002677,O002677,2GO,n/a,"2024-03-24 10:39:00",2024-03-25,2024-03-23,150,1,Delivered,"Quezon city",2,"Address Issue"
S002678,O002678,Unknown,TRK85965672,"2022-01-26 09:17:00",2022-01-30,2022-02-03,150,3,Delayed,"Davao city",2,"Customer Unavailable"
S002679,O002679,2GO,TRK427218375,"2022-03-15 19:36:00",2022-03-18,2022-03-24,500,3,Delayed,Iloilo,1,"Warehouse Delay"
S002680,O002680,LBC,n/a,"2024-05-10 22:31:00",2024-05-12,NULL,100,3,Preparing,"Cebu city",3,"Warehouse Delay"
S002681,O002681,"JRS Express",n/a,"2023-10-17 18:38:00",2023-10-26,NULL,0,10,Preparing,"Quezon city",3,n/a
S002682,O002682,LBC,n/a,"2025-04-14 01:33:00",2025-04-23,NULL,0,5,Preparing,Iloilo,1,"Carrier Backlog"
S002683,O002683,2GO,n/a,"2023-01-22 12:48:00",2023-01-25,2023-01-30,0,10,Delayed,"Davao city",1,"Address Issue"
S002684,O002684,DHL,TRK979542532,"2022-12-20 11:44:00",2022-12-28,2023-01-03,500,2,Delayed,Pasig,3,n/a
S002685,O002685,DHL,TRK746721590,"2023-01-24 08:24:00",2023-02-05,2023-02-03,150,3,Delivered,Caloocan,3,"Warehouse Delay"
S002686,O002686,2GO,n/a,"2024-02-07 08:29:00",2024-02-15,NULL,500,20,Returned,"Quezon city",2,"Customer Unavailable"
S002687,O002687,LBC,n/a,"2024-01-18 07:18:00",2024-01-28,2024-01-27,180,10,Delivered,Manila,1,Weather
S002688,O002688,"Ninja Van",n/a,"2025-07-14 01:06:00",2025-07-22,2025-07-27,120,10,Delayed,"Quezon city",1,Weather
S002689,O002689,DHL,n/a,"2023-09-24 03:26:00",2023-09-25,2023-10-01,500,20,Delayed,Manila,1,"Carrier Backlog"
S002690,O002690,2GO,TRK861467808,"2023-05-25 07:43:00",2023-05-27,2023-05-30,100,15,Delayed,"Davao city",2,Weather
S002691,O002691,"J&T Express",TRK19191155,"2025-07-19 14:30:00",2025-07-21,2025-07-19,250,0.5,Delivered,Pasig,1,"Address Issue"
S002692,O002692,LBC,n/a,"2025-03-16 00:51:00",NULL,NULL,100,2,Preparing,Antipolo,0,"Warehouse Delay"
S002693,O002693,FedEx,TRK406934849,"2023-04-13 13:03:00",2023-04-14,NULL,120,15,Preparing,Manila,3,Weather
S002694,O002694,LBC,n/a,"2022-10-03 12:14:00",2022-10-04,2022-10-10,500,3,Delayed,n/a,1,"Warehouse Delay"
S002695,O002695,LBC,TRK843894822,"2025-07-19 18:13:00",2025-07-30,2025-08-04,100,0,Delayed,Antipolo,1,n/a
S002696,O002696,"Ninja Van",n/a,"2025-07-22 04:18:00",2025-07-25,2025-07-28,180,0.5,Delayed,"Quezon city",1,"Address Issue"
S002697,O002697,2GO,n/a,"2025-01-15 05:00:00",2025-01-27,2025-02-02,120,20,Delayed,Caloocan,0,Weather
S002698,O002698,DHL,TRK61737650,"2024-01-10 11:54:00",2024-01-13,NULL,150,1,Preparing,n/a,2,"Carrier Backlog"
S002699,O002699,DHL,n/a,"2023-12-12 10:27:00",2023-12-21,2023-12-26,350,10,Delayed,Caloocan,0,"Carrier Backlog"
S002700,O002700,"JRS Express",TRK14099902,"2025-06-10 10:31:00",2025-06-19,2025-06-25,150,5,Delayed,Taguig,1,"Warehouse Delay"
S002701,O002701,Unknown,TRK298285515,"2024-12-28 16:14:00",2025-01-04,NULL,350,10,Returned,n/a,2,"Customer Unavailable"
S002702,O002702,FedEx,TRK16982492,"2022-06-30 14:54:00",2022-07-10,2022-07-13,0,5,Delayed,"Quezon city",1,"Warehouse Delay"
S002703,O002703,2GO,TRK985256712,"2025-07-21 22:22:00",2025-07-24,2025-07-23,500,2,Delivered,Antipolo,3,"Warehouse Delay"
S002704,O002704,"JRS Express",TRK463593045,"2025-12-15 11:49:00",2025-12-26,NULL,100,3,Preparing,Pasig,1,"Carrier Backlog"
S002705,O002705,"JRS Express",n/a,"2025-01-09 18:52:00",2025-01-21,2025-01-25,80,5,Delayed,"Davao city",1,"Customer Unavailable"
S002706,O002706,2GO,n/a,"2022-12-23 10:04:00",2022-12-24,2022-12-22,250,1,Delivered,"Davao city",1,"Carrier Backlog"
S002707,O002707,2GO,TRK597699076,"2023-08-05 00:47:00",2023-08-13,2023-08-13,150,2,"Out for Delivery","Davao city",1,Weather
S002708,O002708,2GO,TRK470309653,"2025-11-12 14:24:00",2025-11-13,2025-11-17,80,10,Delayed,Caloocan,2,"Warehouse Delay"
S002709,O002709,DHL,TRK19047161,"2022-10-20 21:27:00",2022-11-01,2022-11-03,250,2,Delayed,Iloilo,3,"Carrier Backlog"
S002710,O002710,"Ninja Van",TRK44285248,"2025-09-26 05:28:00",2025-10-07,NULL,80,20,Preparing,Taguig,2,n/a
S002711,O002711,LBC,TRK79248792,"2023-07-17 17:22:00",2023-07-21,NULL,120,3,Preparing,Caloocan,2,"Address Issue"
S002712,O002712,LBC,n/a,"2025-06-15 19:13:00",NULL,NULL,150,3,Preparing,Antipolo,2,Weather
S002713,O002713,"Ninja Van",n/a,"2024-08-21 08:33:00",2024-09-01,2024-09-01,120,10,"Out for Delivery",Pasig,2,n/a
S002714,O002714,"Ninja Van",TRK19403391,"2023-05-02 19:41:00",2023-05-10,NULL,0,0.5,Preparing,Caloocan,1,"Address Issue"
S002715,O002715,"JRS Express",TRK398013366,"2025-01-28 16:41:00",2025-02-07,NULL,180,3,Preparing,"Cebu city",0,"Address Issue"
S002716,O002716,2GO,n/a,"2024-08-14 08:09:00",2024-08-22,2024-08-27,350,1,Delayed,Iloilo,2,"Address Issue"
S002717,O002717,"JRS Express",TRK45693228,"2024-10-07 19:59:00",2024-10-18,NULL,180,1,Preparing,Manila,0,"Address Issue"
S002718,O002718,LBC,n/a,"2025-10-02 20:41:00",2025-10-12,NULL,250,0.5,Preparing,Taguig,3,"Carrier Backlog"
S002719,O002719,"Ninja Van",TRK585376257,"2025-12-04 11:24:00",2025-12-13,NULL,100,10,Preparing,"Davao city",0,"Address Issue"
S002720,O002720,FedEx,n/a,"2025-08-14 22:40:00",2025-08-21,NULL,80,1,Preparing,Caloocan,1,"Carrier Backlog"
S002721,O002721,"J&T Express",n/a,"2024-09-12 05:20:00",2024-09-15,2024-09-21,500,0,Delayed,Antipolo,3,"Customer Unavailable"
S002722,O002722,LBC,n/a,"2025-05-20 03:42:00",2025-05-23,2025-05-26,80,0.5,Delayed,"Cebu city",1,"Carrier Backlog"
S002723,O002723,2GO,TRK364414531,"2024-04-15 22:44:00",2024-04-17,NULL,350,2,Preparing,Pasig,2,"Carrier Backlog"
S002724,O002724,DHL,TRK440347636,"2023-12-19 09:26:00",2023-12-28,2023-12-28,350,1,"Out for Delivery",Pasig,1,"Carrier Backlog"
S002725,O002725,LBC,TRK563339687,"2024-02-26 15:03:00",2024-03-06,2024-03-04,80,3,Delivered,Caloocan,3,n/a
S002726,O002726,FedEx,TRK17946318,"2024-05-11 00:43:00",2024-05-21,2024-05-24,80,5,Delayed,"Cebu city",3,Weather
S002727,O002727,FedEx,TRK51708901,"2024-02-18 13:21:00",NULL,NULL,500,20,Preparing,Antipolo,1,Weather
S002728,O002728,"JRS Express",TRK332952033,"2024-06-04 04:14:00",2024-06-11,NULL,120,0,Returned,Makati,1,"Customer Unavailable"
S002729,O002729,2GO,TRK96904483,"2025-10-08 21:08:00",2025-10-11,2025-10-16,0,5,Delayed,"Quezon city",1,"Customer Unavailable"
S002730,O002730,FedEx,n/a,"2023-10-12 09:43:00",NULL,NULL,250,15,Preparing,n/a,0,n/a
S002731,O002731,FedEx,n/a,"2025-04-05 05:43:00",2025-04-15,2025-04-20,100,0,Delayed,Caloocan,1,"Warehouse Delay"
S002732,O002732,"J&T Express",TRK146050123,"2024-10-11 16:02:00",2024-10-23,NULL,100,10,Preparing,Makati,0,"Carrier Backlog"
S002733,O002733,"J&T Express",n/a,"2024-03-04 20:26:00",2024-03-09,2024-03-14,500,2,Delayed,Pasig,1,Weather
S002734,O002734,DHL,TRK95629380,"2025-06-13 15:55:00",2025-06-21,2025-06-20,0,10,Delivered,Pasig,1,"Carrier Backlog"
S002735,O002735,"Ninja Van",TRK951059756,"2022-09-05 15:03:00",2022-09-14,2022-09-14,500,0,"Out for Delivery",Manila,3,"Warehouse Delay"
S002736,O002736,"J&T Express",TRK30723788,"2022-08-23 22:06:00",2022-08-24,NULL,100,5,Preparing,Caloocan,1,Weather
S002737,O002737,DHL,n/a,"2023-09-28 23:31:00",2023-10-02,2023-10-08,120,2,Delayed,Taguig,1,"Warehouse Delay"
S002738,O002738,"Ninja Van",TRK661580051,"2025-10-29 08:43:00",2025-11-09,NULL,100,10,Preparing,n/a,1,"Carrier Backlog"
S002739,O002739,"Ninja Van",TRK748067138,"2025-04-19 12:14:00",2025-04-20,NULL,250,1,Returned,Caloocan,1,"Customer Unavailable"
S002740,O002740,FedEx,n/a,"2022-08-29 15:48:00",2022-09-04,NULL,100,3,Preparing,Manila,1,n/a
S002741,O002741,2GO,TRK72322005,"2025-12-09 20:33:00",2025-12-10,2025-12-09,500,20,Delivered,Pasig,3,Weather
S002742,O002742,"JRS Express",TRK99226091,"2023-12-16 06:24:00",2023-12-22,2023-12-29,150,1,Delayed,"Davao city",1,n/a
S002743,O002743,LBC,TRK64426163,"2024-06-02 07:35:00",2024-06-12,2024-06-11,500,20,Delivered,Iloilo,1,"Customer Unavailable"
S002744,O002744,LBC,TRK25747925,"2022-09-17 16:23:00",2022-09-26,2022-09-26,500,5,"Out for Delivery","Cebu city",1,Weather
S002745,O002745,DHL,n/a,"2024-02-07 19:31:00",2024-02-08,2024-02-13,100,10,Delayed,Caloocan,1,"Warehouse Delay"
S002746,O002746,FedEx,TRK93598502,"2025-03-09 00:18:00",2025-03-20,2025-03-20,100,3,"Out for Delivery",Taguig,1,"Address Issue"
S002747,O002747,LBC,n/a,"2022-11-18 18:58:00",2022-11-24,2022-11-30,500,1,Delayed,"Quezon city",1,Weather
S002748,O002748,"J&T Express",TRK347780196,"2024-01-14 06:11:00",2024-01-17,2024-01-22,0,1,Delayed,Antipolo,2,n/a
S002749,O002749,"JRS Express",TRK50787971,"2025-05-16 17:58:00",NULL,NULL,80,0.5,Returned,Caloocan,0,"Customer Unavailable"
S002750,O002750,Unknown,n/a,"2022-06-30 04:49:00",2022-07-08,2022-07-14,150,15,Delayed,Makati,0,Weather
S002751,O002751,"Ninja Van",TRK576105035,"2023-03-09 05:11:00",2023-03-15,NULL,0,20,Preparing,"Cebu city",1,"Address Issue"
S002752,O002752,FedEx,TRK977851901,"2023-09-10 00:46:00",2023-09-22,2023-09-21,500,15,Delivered,Pasig,1,"Warehouse Delay"
S002753,O002753,FedEx,TRK953681700,"2024-04-25 04:56:00",2024-05-03,2024-05-04,80,0.5,Delayed,Manila,3,"Carrier Backlog"
S002754,O002754,2GO,TRK728008030,"2025-04-01 06:42:00",2025-04-09,2025-04-10,100,0.5,Delayed,Manila,0,n/a
S002755,O002755,2GO,TRK228713478,"2022-09-29 22:22:00",2022-10-06,2022-10-09,180,20,Delayed,"Quezon city",2,"Customer Unavailable"
S002756,O002756,"Ninja Van",TRK379663727,"2025-07-23 23:05:00",2025-07-28,2025-07-28,180,1,"Out for Delivery",Caloocan,3,"Warehouse Delay"
S002757,O002757,DHL,TRK76375399,"2022-09-29 03:41:00",2022-10-02,2022-09-30,0,20,Delivered,Taguig,1,"Address Issue"
S002758,O002758,"Ninja Van",TRK660058923,"2022-01-15 16:13:00",2022-01-20,2022-01-23,150,20,Delayed,Caloocan,0,"Carrier Backlog"
S002759,O002759,Unknown,TRK708319901,"2025-02-26 17:31:00",2025-03-02,2025-03-06,100,3,Delayed,"Quezon city",1,"Address Issue"
S002760,O002760,2GO,TRK972474559,"2025-10-05 15:11:00",NULL,NULL,250,3,Preparing,Makati,3,Weather
S002761,O002761,DHL,TRK72031628,"2025-04-21 15:52:00",NULL,NULL,180,15,Preparing,"Davao city",3,n/a
S002762,O002762,DHL,n/a,"2023-04-30 18:07:00",2023-05-03,2023-05-02,80,3,Delivered,Iloilo,1,"Warehouse Delay"
S002763,O002763,FedEx,TRK53634868,"2025-10-07 23:11:00",NULL,NULL,120,0.5,Preparing,n/a,0,n/a
S002764,O002764,"Ninja Van",n/a,"2022-08-02 01:42:00",2022-08-13,2022-08-18,0,0.5,Delayed,"Cebu city",1,Weather
S002765,O002765,2GO,TRK95174107,"2024-04-30 15:31:00",2024-05-08,2024-05-11,80,20,Delayed,Antipolo,2,n/a
S002766,O002766,FedEx,TRK935995105,"2024-12-22 21:22:00",2024-12-27,2024-12-27,0,2,"Out for Delivery","Davao city",1,"Customer Unavailable"
S002767,O002767,DHL,TRK338677323,"2025-12-24 12:03:00",2025-12-31,2026-01-05,180,3,Delayed,"Cebu city",2,"Carrier Backlog"
S002768,O002768,"JRS Express",TRK290629074,"2024-11-23 23:36:00",2024-11-24,2024-12-01,350,0,Delayed,Taguig,3,"Customer Unavailable"
S002769,O002769,DHL,TRK79344720,"2022-03-30 06:58:00",2022-04-10,2022-04-15,100,0.5,Delayed,Caloocan,0,n/a
S002770,O002770,2GO,TRK24971184,"2023-07-14 16:06:00",2023-07-25,2023-07-24,150,5,Delivered,"Davao city",2,"Carrier Backlog"
S002771,O002771,2GO,TRK62419476,"2025-08-16 03:48:00",2025-08-27,NULL,100,15,Preparing,Caloocan,1,"Carrier Backlog"
S002772,O002772,2GO,TRK536054854,"2025-10-24 19:53:00",2025-10-31,2025-10-29,350,0.5,Delivered,"Davao city",1,"Address Issue"
S002773,O002773,"JRS Express",TRK79551421,"2024-11-08 10:30:00",2024-11-09,2024-11-10,500,10,Delayed,Caloocan,1,"Carrier Backlog"
S002774,O002774,2GO,TRK563147136,"2023-01-10 15:31:00",2023-01-22,NULL,350,20,Preparing,Caloocan,3,"Address Issue"
S002775,O002775,LBC,TRK449136447,"2024-04-25 20:13:00",2024-05-01,2024-05-04,180,1,Delayed,Taguig,1,Weather
S002776,O002776,"Ninja Van",TRK702676352,"2024-09-29 08:34:00",2024-10-06,2024-10-12,180,0.5,Delayed,"Quezon city",1,n/a
S002777,O002777,2GO,TRK188847651,"2022-12-07 13:03:00",2022-12-12,NULL,500,1,Preparing,"Cebu city",1,"Address Issue"
S002778,O002778,FedEx,TRK44531840,"2025-05-19 12:17:00",2025-05-26,2025-05-27,500,2,Delayed,Antipolo,1,"Customer Unavailable"
S002779,O002779,2GO,TRK54454436,"2022-06-10 18:34:00",2022-06-16,NULL,0,2,Preparing,Iloilo,2,Weather
S002780,O002780,"Ninja Van",TRK595615317,"2024-01-31 11:04:00",NULL,NULL,120,0,Preparing,"Davao city",2,n/a
S002781,O002781,LBC,TRK23725277,"2025-06-09 12:36:00",2025-06-16,2025-06-14,180,3,Delivered,"Quezon city",3,"Warehouse Delay"
S002782,O002782,Unknown,TRK837078042,"2022-04-04 22:41:00",2022-04-16,2022-04-16,180,0,"Out for Delivery",Pasig,2,"Warehouse Delay"
S002783,O002783,"J&T Express",TRK17655137,"2023-04-28 07:21:00",2023-05-05,2023-05-11,0,0.5,Delayed,Manila,3,"Carrier Backlog"
S002784,O002784,"J&T Express",TRK505384377,"2022-10-17 13:03:00",2022-10-23,2022-10-27,250,2,Delayed,Taguig,2,n/a
S002785,O002785,DHL,TRK950609572,"2023-02-25 19:57:00",2023-02-28,2023-03-05,180,20,Delayed,Manila,0,"Warehouse Delay"
S002786,O002786,2GO,n/a,"2025-04-21 06:05:00",2025-04-24,2025-04-23,0,2,Delivered,"Davao city",1,"Warehouse Delay"
S002787,O002787,DHL,TRK57415514,"2023-05-11 05:34:00",2023-05-22,2023-05-27,120,3,Delayed,Makati,1,"Warehouse Delay"
S002788,O002788,FedEx,TRK264424573,"2024-11-21 22:05:00",2024-11-28,2024-11-30,180,5,Delayed,"Davao city",0,Weather
S002789,O002789,"JRS Express",TRK879825396,"2025-03-27 11:11:00",2025-04-05,2025-04-08,250,3,Delayed,Iloilo,2,"Carrier Backlog"
S002790,O002790,LBC,TRK887046429,"2024-02-22 11:18:00",2024-02-23,2024-03-01,0,20,Delayed,Manila,1,Weather
S002791,O002791,"JRS Express",n/a,"2023-03-22 14:14:00",2023-04-03,2023-04-09,80,10,Delayed,Iloilo,0,"Address Issue"
S002792,O002792,"J&T Express",n/a,"2023-07-13 23:18:00",2023-07-14,2023-07-19,180,15,Delayed,Antipolo,3,"Carrier Backlog"
S002793,O002793,2GO,TRK72718934,"2024-02-02 07:01:00",2024-02-13,2024-02-13,150,0,"Out for Delivery",Pasig,1,"Warehouse Delay"
S002794,O002794,"J&T Express",n/a,"2025-12-13 23:57:00",2025-12-25,2025-12-28,500,5,Delayed,Manila,0,Weather
S002795,O002795,"J&T Express",n/a,"2024-12-27 19:15:00",2025-01-02,2025-01-06,120,2,Delayed,"Davao city",0,n/a
S002796,O002796,"Ninja Van",TRK71087329,"2022-10-09 09:37:00",2022-10-17,2022-10-22,0,3,Delayed,"Quezon city",0,"Address Issue"
S002797,O002797,"J&T Express",n/a,"2024-07-22 20:12:00",2024-07-23,2024-07-22,180,20,Delivered,Iloilo,0,"Warehouse Delay"
S002798,O002798,2GO,TRK209309351,"2024-04-07 06:29:00",2024-04-18,NULL,120,20,Preparing,"Davao city",2,"Address Issue"
S002799,O002799,DHL,n/a,"2022-11-15 14:54:00",2022-11-24,2022-11-30,500,1,Delayed,Caloocan,1,n/a
S002800,O002800,2GO,TRK64321671,"2025-01-17 05:09:00",2025-01-29,2025-02-02,120,2,Delayed,Pasig,2,"Address Issue"
S002801,O002801,"J&T Express",TRK11748510,"2024-07-25 09:39:00",2024-08-05,2024-08-11,80,10,Delayed,"Davao city",3,"Customer Unavailable"
S002802,O002802,LBC,n/a,"2026-01-03 20:34:00",2026-01-12,2026-01-16,350,3,Delayed,"Davao city",0,"Address Issue"
S002803,O002803,LBC,n/a,"2022-10-30 00:31:00",2022-11-02,2022-11-06,180,0.5,Delayed,Pasig,1,n/a
S002804,O002804,FedEx,TRK429575555,"2024-03-10 03:32:00",2024-03-11,2024-03-10,150,3,Delivered,Pasig,3,"Address Issue"
S002805,O002805,"Ninja Van",TRK644488359,"2025-10-15 06:51:00",2025-10-22,2025-10-27,120,2,Delayed,Antipolo,0,"Address Issue"
S002806,O002806,"JRS Express",TRK80475925,"2022-11-14 21:02:00",2022-11-20,2022-11-26,100,10,Delayed,Taguig,3,"Carrier Backlog"
S002807,O002807,"J&T Express",TRK910870991,"2024-11-05 12:16:00",2024-11-08,2024-11-08,100,0.5,"Out for Delivery",Pasig,1,"Address Issue"
S002808,O002808,DHL,n/a,"2025-06-05 12:22:00",2025-06-11,NULL,80,3,Returned,Manila,0,"Customer Unavailable"
S002809,O002809,"J&T Express",TRK91834423,"2023-08-27 14:54:00",2023-09-02,2023-09-01,100,20,Delivered,Caloocan,0,Weather
S002810,O002810,FedEx,n/a,"2022-03-16 11:08:00",2022-03-17,2022-03-16,180,20,Delivered,Makati,0,"Address Issue"
S002811,O002811,DHL,n/a,"2023-01-12 14:52:00",2023-01-22,2023-01-28,150,1,Delayed,Pasig,1,Weather
S002812,O002812,LBC,n/a,"2023-05-11 09:01:00",2023-05-23,2023-05-21,250,5,Delivered,Antipolo,3,n/a
S002813,O002813,"J&T Express",n/a,"2024-06-04 02:50:00",2024-06-14,2024-06-19,100,20,Delayed,Antipolo,0,Weather
S002814,O002814,2GO,TRK99316112,"2022-06-26 11:25:00",NULL,NULL,80,2,Preparing,Makati,3,"Address Issue"
S002815,O002815,DHL,TRK40959738,"2024-01-09 21:40:00",2024-01-13,2024-01-11,150,0.5,Delivered,"Cebu city",0,n/a
S002816,O002816,"Ninja Van",TRK81690345,"2023-04-05 05:10:00",2023-04-12,2023-04-17,80,10,Delayed,Iloilo,1,"Carrier Backlog"
S002817,O002817,DHL,n/a,"2024-09-21 23:52:00",2024-09-30,2024-09-28,250,0,Delivered,n/a,3,"Address Issue"
S002818,O002818,DHL,n/a,"2022-09-17 09:46:00",2022-09-18,2022-09-25,100,20,Delayed,Antipolo,1,n/a
S002819,O002819,"JRS Express",n/a,"2023-01-27 16:54:00",2023-02-05,NULL,350,2,Preparing,Antipolo,1,"Warehouse Delay"
S002820,O002820,FedEx,n/a,"2025-08-17 13:24:00",2025-08-21,2025-08-20,0,0,Delivered,Makati,1,"Warehouse Delay"
S002821,O002821,DHL,n/a,"2025-05-28 14:39:00",NULL,NULL,180,3,Returned,"Cebu city",0,"Customer Unavailable"
S002822,O002822,DHL,TRK58908429,"2025-03-24 06:25:00",2025-03-31,2025-03-30,100,15,Delivered,"Cebu city",1,Weather
S002823,O002823,"Ninja Van",n/a,"2022-05-17 05:38:00",NULL,NULL,100,15,Preparing,Manila,0,"Warehouse Delay"
S002824,O002824,FedEx,n/a,"2023-11-15 01:14:00",NULL,NULL,80,15,Preparing,Makati,0,n/a
S002825,O002825,DHL,n/a,"2025-04-20 08:45:00",2025-05-01,2025-04-29,0,0.5,Delivered,Iloilo,2,"Warehouse Delay"
S002826,O002826,FedEx,TRK69474650,"2024-07-14 10:11:00",2024-07-20,2024-07-27,120,3,Delayed,Antipolo,2,"Carrier Backlog"
S002827,O002827,LBC,TRK83739678,"2025-11-01 15:34:00",2025-11-08,2025-11-15,350,10,Delayed,"Davao city",1,"Carrier Backlog"
S002828,O002828,"JRS Express",n/a,"2023-01-01 23:46:00",2023-01-08,2023-01-07,500,1,Delivered,Caloocan,2,"Carrier Backlog"
S002829,O002829,FedEx,TRK929950717,"2025-04-28 03:24:00",2025-05-10,2025-05-10,150,5,"Out for Delivery",Caloocan,2,Weather
S002830,O002830,"J&T Express",TRK82856419,"2024-06-25 13:24:00",2024-07-01,2024-07-05,80,20,Delayed,Pasig,0,"Warehouse Delay"
S002831,O002831,"Ninja Van",TRK544591277,"2024-10-12 06:25:00",2024-10-15,2024-10-15,100,15,"Out for Delivery",Caloocan,3,"Carrier Backlog"
S002832,O002832,2GO,TRK22053296,"2024-12-14 17:24:00",2024-12-20,2024-12-22,120,1,Delayed,Antipolo,1,"Customer Unavailable"
S002833,O002833,DHL,TRK254374716,"2022-07-24 11:01:00",2022-07-29,2022-07-29,0,0.5,"Out for Delivery",Antipolo,1,"Carrier Backlog"
S002834,O002834,"Ninja Van",TRK976817905,"2023-08-10 20:03:00",2023-08-11,2023-08-11,350,5,"Out for Delivery",Manila,1,"Warehouse Delay"
S002835,O002835,DHL,TRK70770277,"2024-07-20 17:22:00",2024-07-22,2024-07-20,180,1,Delivered,"Quezon city",0,Weather
S002836,O002836,"JRS Express",TRK476420657,"2023-06-29 00:10:00",2023-07-11,2023-07-09,500,15,Delivered,Pasig,0,"Customer Unavailable"
S002837,O002837,Unknown,TRK92580215,"2025-12-19 10:58:00",2025-12-31,2026-01-05,80,20,Delayed,Iloilo,1,n/a
S002838,O002838,"Ninja Van",n/a,"2023-08-14 21:19:00",2023-08-26,2023-08-29,0,5,Delayed,Antipolo,1,"Warehouse Delay"
S002839,O002839,"JRS Express",TRK93182900,"2023-09-27 06:17:00",2023-10-06,2023-10-05,250,10,Delivered,Makati,1,"Customer Unavailable"
S002840,O002840,2GO,n/a,"2025-06-25 18:18:00",2025-06-26,NULL,180,5,Preparing,Taguig,0,"Address Issue"
S002841,O002841,DHL,TRK813947579,"2025-11-21 10:31:00",2025-11-30,2025-12-06,150,0.5,Delayed,"Quezon city",0,"Customer Unavailable"
S002842,O002842,2GO,TRK880859181,"2025-01-25 08:42:00",2025-01-28,2025-02-03,80,5,Delayed,"Davao city",1,Weather
S002843,O002843,2GO,TRK78095600,"2024-04-04 11:32:00",2024-04-06,2024-04-09,80,5,Delayed,"Davao city",1,n/a
S002844,O002844,"J&T Express",n/a,"2024-01-17 23:15:00",2024-01-19,2024-01-19,250,10,"Out for Delivery",Antipolo,3,n/a
S002845,O002845,"Ninja Van",TRK299147029,"2023-08-14 09:37:00",2023-08-18,2023-08-18,0,20,"Out for Delivery","Quezon city",3,"Customer Unavailable"
S002846,O002846,FedEx,n/a,"2024-11-09 13:32:00",NULL,NULL,180,2,Preparing,"Davao city",2,Weather
S002847,O002847,FedEx,TRK59085986,"2023-11-12 06:45:00",2023-11-15,2023-11-15,250,10,"Out for Delivery","Quezon city",1,n/a
S002848,O002848,DHL,TRK671746077,"2022-04-08 13:21:00",2022-04-16,2022-04-17,120,2,Delayed,"Davao city",1,"Carrier Backlog"
S002849,O002849,DHL,n/a,"2024-03-20 06:56:00",2024-03-30,2024-04-02,100,1,Delayed,"Cebu city",1,"Warehouse Delay"
S002850,O002850,Unknown,TRK354816446,"2024-05-07 12:38:00",NULL,NULL,0,5,Preparing,Makati,0,"Warehouse Delay"
S002851,O002851,Unknown,n/a,"2022-08-29 07:44:00",2022-09-10,NULL,0,3,Preparing,Antipolo,3,"Carrier Backlog"
S002852,O002852,FedEx,TRK425303600,"2022-11-29 02:57:00",2022-12-01,2022-11-30,80,1,Delivered,Manila,1,Weather
S002853,O002853,"JRS Express",TRK270724711,"2022-02-01 09:29:00",2022-02-06,2022-02-10,0,0,Delayed,Taguig,1,"Address Issue"
S002854,O002854,FedEx,TRK707030972,"2022-09-15 17:35:00",2022-09-25,2022-09-30,250,2,Delayed,Makati,1,"Warehouse Delay"
S002855,O002855,"Ninja Van",TRK52237078,"2022-12-30 19:24:00",2023-01-11,2023-01-17,80,20,Delayed,Makati,0,"Customer Unavailable"
S002856,O002856,FedEx,TRK603855212,"2025-07-06 19:14:00",NULL,NULL,350,2,Preparing,Antipolo,1,"Address Issue"
S002857,O002857,"Ninja Van",n/a,"2025-07-05 05:42:00",2025-07-14,2025-07-15,150,0,Delayed,Makati,3,"Address Issue"
S002858,O002858,LBC,n/a,"2022-04-27 00:53:00",2022-05-01,2022-05-03,150,1,Delayed,"Cebu city",1,"Address Issue"
S002859,O002859,"JRS Express",n/a,"2023-06-20 08:06:00",2023-06-21,2023-06-19,150,5,Delivered,Pasig,1,"Customer Unavailable"
S002860,O002860,"JRS Express",n/a,"2022-09-17 19:51:00",2022-09-28,2022-09-26,350,0.5,Delivered,Manila,2,"Customer Unavailable"
S002861,O002861,DHL,TRK130990766,"2023-03-18 22:48:00",2023-03-22,2023-03-27,150,3,Delayed,Makati,1,"Warehouse Delay"
S002862,O002862,"J&T Express",n/a,"2022-04-04 05:41:00",2022-04-12,2022-04-12,500,5,"Out for Delivery",Iloilo,1,"Customer Unavailable"
S002863,O002863,FedEx,TRK859436176,"2024-07-12 14:04:00",2024-07-22,2024-07-26,120,3,Delayed,"Cebu city",1,"Warehouse Delay"
S002864,O002864,LBC,n/a,"2022-11-17 15:24:00",2022-11-21,2022-11-23,250,0,Delayed,Antipolo,1,"Customer Unavailable"
S002865,O002865,FedEx,TRK68562327,"2023-09-06 06:10:00",2023-09-12,2023-09-12,80,5,"Out for Delivery",Makati,0,"Carrier Backlog"
S002866,O002866,"Ninja Van",n/a,"2025-07-04 16:43:00",2025-07-12,2025-07-10,350,20,Delivered,Pasig,1,"Warehouse Delay"
S002867,O002867,Unknown,TRK650089800,"2022-03-07 18:55:00",2022-03-12,2022-03-12,350,0,"Out for Delivery",Taguig,0,"Customer Unavailable"
S002868,O002868,DHL,TRK885192094,"2024-10-09 04:29:00",2024-10-20,2024-10-23,150,0,Delayed,"Cebu city",1,"Customer Unavailable"
S002869,O002869,2GO,TRK109953077,"2024-08-23 13:16:00",2024-08-24,2024-08-23,0,0,Delivered,Iloilo,0,n/a
S002870,O002870,"JRS Express",n/a,"2023-05-22 19:47:00",NULL,NULL,100,0,Preparing,Pasig,1,"Address Issue"
S002871,O002871,DHL,TRK535123032,"2022-12-14 10:16:00",2022-12-15,2022-12-13,500,15,Delivered,Taguig,1,"Customer Unavailable"
S002872,O002872,DHL,TRK92392841,"2022-10-09 09:07:00",2022-10-19,2022-10-26,80,20,Delayed,"Davao city",1,Weather
S002873,O002873,"JRS Express",n/a,"2024-07-07 06:06:00",2024-07-12,2024-07-12,150,10,"Out for Delivery","Cebu city",2,n/a
S002874,O002874,"Ninja Van",TRK74170404,"2023-03-27 03:22:00",2023-03-31,2023-04-05,80,3,Delayed,Taguig,1,"Address Issue"
S002875,O002875,"Ninja Van",TRK320078983,"2022-12-04 05:15:00",2022-12-10,2022-12-17,250,2,Delayed,"Cebu city",0,"Customer Unavailable"
S002876,O002876,"Ninja Van",n/a,"2022-10-11 19:54:00",2022-10-17,2022-10-15,0,15,Delivered,"Quezon city",1,"Warehouse Delay"
S002877,O002877,2GO,n/a,"2025-12-04 06:49:00",2025-12-14,2025-12-17,100,15,Delayed,Pasig,0,"Customer Unavailable"
S002878,O002878,"Ninja Van",n/a,"2023-02-24 22:32:00",2023-03-03,2023-03-08,80,10,Delayed,Makati,0,"Address Issue"
S002879,O002879,DHL,n/a,"2022-07-22 20:59:00",2022-07-29,2022-08-02,350,15,Delayed,Makati,2,n/a
S002880,O002880,FedEx,n/a,"2025-08-06 03:21:00",2025-08-10,2025-08-12,350,15,Delayed,Pasig,2,"Customer Unavailable"
S002881,O002881,FedEx,TRK684605552,"2022-03-18 02:58:00",2022-03-26,2022-03-24,120,0,Delivered,"Davao city",1,n/a
S002882,O002882,"J&T Express",TRK68250314,"2025-02-18 22:30:00",2025-02-19,2025-02-18,350,0,Delivered,"Davao city",3,Weather
S002883,O002883,Unknown,TRK72466056,"2025-08-08 23:39:00",2025-08-15,2025-08-16,120,5,Delayed,"Davao city",1,"Warehouse Delay"
S002884,O002884,"JRS Express",TRK229251755,"2024-09-13 10:37:00",2024-09-21,2024-09-26,80,5,Delayed,Taguig,2,"Carrier Backlog"
S002885,O002885,"Ninja Van",TRK319379336,"2022-11-11 01:25:00",2022-11-15,2022-11-22,180,5,Delayed,Pasig,0,"Address Issue"
S002886,O002886,LBC,TRK45565298,"2023-05-08 22:50:00",NULL,NULL,180,20,Preparing,Pasig,1,Weather
S002887,O002887,LBC,TRK232757560,"2025-07-12 19:03:00",2025-07-14,2025-07-16,500,1,Delayed,"Quezon city",1,n/a
S002888,O002888,"JRS Express",TRK140098964,"2024-02-05 04:24:00",2024-02-17,2024-02-16,150,0,Delivered,"Cebu city",1,"Warehouse Delay"
S002889,O002889,FedEx,n/a,"2024-06-05 23:49:00",2024-06-06,2024-06-07,180,5,Delayed,"Cebu city",3,"Address Issue"
S002890,O002890,"JRS Express",TRK84476977,"2022-11-19 19:06:00",2022-11-20,2022-11-19,100,1,Delivered,Iloilo,1,"Carrier Backlog"
S002891,O002891,"JRS Express",TRK72766849,"2025-06-18 03:15:00",2025-06-21,NULL,500,3,Preparing,n/a,1,"Address Issue"
S002892,O002892,2GO,TRK15223736,"2025-01-29 03:56:00",2025-01-30,2025-01-31,350,0.5,Delayed,"Cebu city",0,"Address Issue"
S002893,O002893,"J&T Express",TRK62936564,"2023-09-29 08:34:00",2023-10-09,2023-10-07,80,2,Delivered,Taguig,1,"Address Issue"
S002894,O002894,LBC,n/a,"2025-08-26 14:25:00",2025-09-03,2025-09-03,150,2,"Out for Delivery","Davao city",1,"Address Issue"
S002895,O002895,Unknown,TRK971197601,"2025-06-05 10:59:00",2025-06-13,2025-06-18,180,2,Delayed,Caloocan,1,"Address Issue"
S002896,O002896,"Ninja Van",n/a,"2025-01-27 02:28:00",2025-01-29,2025-01-29,80,3,"Out for Delivery",Manila,2,n/a
S002897,O002897,"J&T Express",TRK42016093,"2025-06-03 10:34:00",2025-06-07,2025-06-05,180,3,Delivered,Manila,1,"Warehouse Delay"
S002898,O002898,FedEx,n/a,"2023-02-12 12:25:00",2023-02-20,2023-02-18,150,2,Delivered,"Quezon city",2,"Address Issue"
S002899,O002899,2GO,n/a,"2024-09-25 20:26:00",2024-10-03,2024-10-01,500,2,Delivered,n/a,1,Weather
S002900,O002900,"JRS Express",TRK521838535,"2022-03-10 08:59:00",2022-03-13,2022-03-15,250,10,Delayed,Iloilo,3,"Address Issue"
S002901,O002901,"Ninja Van",TRK626784091,"2023-09-03 15:07:00",2023-09-09,2023-09-14,120,2,Delayed,Taguig,1,"Customer Unavailable"
S002902,O002902,"Ninja Van",n/a,"2024-09-12 09:55:00",2024-09-17,2024-09-16,80,10,Delivered,"Davao city",3,"Warehouse Delay"
S002903,O002903,Unknown,n/a,"2023-04-17 17:12:00",2023-04-28,2023-05-02,100,0.5,Delayed,Manila,1,"Warehouse Delay"
S002904,O002904,"J&T Express",TRK25086465,"2023-08-14 23:42:00",2023-08-24,2023-08-29,250,1,Delayed,Taguig,3,"Carrier Backlog"
S002905,O002905,"Ninja Van",TRK922493502,"2022-11-19 08:22:00",2022-11-30,2022-11-29,100,15,Delivered,Makati,1,Weather
S002906,O002906,2GO,TRK93017714,"2023-11-05 01:55:00",NULL,NULL,80,0,Preparing,Pasig,1,"Carrier Backlog"
S002907,O002907,LBC,TRK29369684,"2025-01-16 16:42:00",2025-01-28,2025-01-31,350,15,Delayed,Pasig,1,"Warehouse Delay"
S002908,O002908,FedEx,n/a,"2024-12-05 02:56:00",2024-12-14,2024-12-12,180,2,Delivered,Makati,3,"Customer Unavailable"
S002909,O002909,FedEx,TRK56422823,"2023-07-14 03:53:00",2023-07-16,2023-07-22,500,5,Delayed,Antipolo,3,n/a
S002910,O002910,LBC,TRK593215091,"2023-02-07 17:02:00",2023-02-14,2023-02-17,180,10,Delayed,Pasig,1,"Customer Unavailable"
S002911,O002911,FedEx,TRK161761158,"2025-07-29 22:28:00",2025-08-02,2025-08-09,350,10,Delayed,Antipolo,1,n/a
S002912,O002912,2GO,n/a,"2025-12-04 15:47:00",2025-12-14,2025-12-18,180,0.5,Delayed,n/a,1,"Address Issue"
S002913,O002913,DHL,TRK409143999,"2023-11-25 15:54:00",2023-11-27,2023-11-25,80,15,Delivered,Antipolo,1,"Carrier Backlog"
S002914,O002914,"Ninja Van",TRK733977903,"2023-08-11 19:50:00",2023-08-16,2023-08-22,80,3,Delayed,Antipolo,0,n/a
S002915,O002915,"Ninja Van",TRK28829580,"2022-10-29 01:36:00",2022-11-04,NULL,500,5,Preparing,Makati,1,n/a
S002916,O002916,DHL,TRK97038477,"2024-09-16 09:17:00",2024-09-19,2024-09-21,120,5,Delayed,Makati,1,"Customer Unavailable"
S002917,O002917,"J&T Express",n/a,"2022-08-10 03:38:00",2022-08-11,2022-08-12,180,3,Delayed,"Cebu city",1,"Carrier Backlog"
S002918,O002918,"Ninja Van",n/a,"2024-04-26 02:23:00",2024-05-08,2024-05-11,120,0.5,Delayed,Makati,3,"Warehouse Delay"
S002919,O002919,2GO,TRK62745031,"2025-06-28 18:40:00",2025-07-07,2025-07-10,120,3,Delayed,Manila,3,Weather
S002920,O002920,"JRS Express",TRK900216119,"2023-04-16 18:43:00",2023-04-19,2023-04-18,100,20,Delivered,Pasig,0,"Warehouse Delay"
S002921,O002921,DHL,TRK95116001,"2024-05-04 15:08:00",2024-05-10,2024-05-10,350,15,"Out for Delivery","Quezon city",3,"Warehouse Delay"
S002922,O002922,DHL,TRK948794202,"2026-01-12 15:06:00",2026-01-15,2026-01-19,80,3,Delayed,Taguig,3,Weather
S002923,O002923,2GO,TRK415867372,"2024-09-08 15:59:00",2024-09-10,2024-09-12,350,10,Delayed,Caloocan,1,"Carrier Backlog"
S002924,O002924,LBC,n/a,"2024-03-15 17:25:00",2024-03-22,2024-03-29,120,1,Delayed,n/a,2,"Carrier Backlog"
S002925,O002925,LBC,n/a,"2025-10-27 07:46:00",2025-11-02,NULL,500,3,Preparing,"Davao city",1,"Address Issue"
S002926,O002926,2GO,TRK68027546,"2024-10-13 15:11:00",NULL,NULL,80,5,Preparing,Iloilo,1,"Carrier Backlog"
S002927,O002927,LBC,n/a,"2022-09-12 17:26:00",2022-09-24,2022-09-26,100,1,Delayed,"Davao city",3,Weather
S002928,O002928,"JRS Express",TRK722649267,"2024-04-18 00:16:00",2024-04-23,2024-04-29,0,0,Delayed,Iloilo,0,Weather
S002929,O002929,LBC,TRK368703288,"2023-03-08 23:39:00",2023-03-12,NULL,100,3,Preparing,"Quezon city",1,"Carrier Backlog"
S002930,O002930,"Ninja Van",TRK38782476,"2022-10-16 23:26:00",2022-10-21,NULL,150,3,Returned,"Cebu city",2,"Customer Unavailable"
S002931,O002931,2GO,n/a,"2025-10-11 04:11:00",2025-10-18,2025-10-24,80,1,Delayed,"Davao city",1,n/a
S002932,O002932,"J&T Express",TRK151373968,"2025-08-13 18:31:00",2025-08-18,2025-08-19,100,1,Delayed,"Davao city",1,"Carrier Backlog"
S002933,O002933,"JRS Express",n/a,"2023-10-21 03:50:00",2023-10-26,2023-11-01,180,2,Delayed,Pasig,1,"Carrier Backlog"
S002934,O002934,"J&T Express",n/a,"2023-08-06 01:32:00",2023-08-11,2023-08-11,250,3,"Out for Delivery",Iloilo,3,"Address Issue"
S002935,O002935,FedEx,TRK921812366,"2025-08-12 09:48:00",NULL,NULL,100,0.5,Returned,Pasig,0,"Customer Unavailable"
S002936,O002936,LBC,TRK71274981,"2024-06-08 04:08:00",NULL,NULL,80,1,Preparing,"Davao city",3,"Carrier Backlog"
S002937,O002937,DHL,n/a,"2025-06-08 18:44:00",2025-06-12,2025-06-13,0,3,Delayed,"Quezon city",1,"Carrier Backlog"
S002938,O002938,"J&T Express",n/a,"2025-02-28 03:49:00",2025-03-09,2025-03-15,250,20,Delayed,Pasig,1,"Customer Unavailable"
S002939,O002939,FedEx,TRK949058594,"2023-12-20 09:15:00",2024-01-01,2024-01-06,500,0,Delayed,"Cebu city",1,"Warehouse Delay"
S002940,O002940,"Ninja Van",TRK335754460,"2022-04-14 00:24:00",2022-04-24,2022-04-29,0,20,Delayed,Pasig,1,"Carrier Backlog"
S002941,O002941,DHL,TRK37652860,"2022-09-17 04:54:00",2022-09-26,2022-09-25,100,10,Delivered,"Davao city",1,Weather
S002942,O002942,LBC,TRK10547273,"2022-06-12 06:55:00",2022-06-15,2022-06-15,100,5,"Out for Delivery",Antipolo,1,n/a
S002943,O002943,"Ninja Van",TRK56443417,"2025-06-29 02:30:00",2025-07-08,NULL,0,5,Preparing,Pasig,1,"Warehouse Delay"
S002944,O002944,"Ninja Van",TRK389694560,"2024-12-28 09:24:00",2025-01-02,2024-12-31,350,10,Delivered,"Cebu city",3,"Customer Unavailable"
S002945,O002945,"JRS Express",TRK436022412,"2023-08-03 05:01:00",2023-08-06,2023-08-04,0,10,Delivered,Manila,0,"Address Issue"
S002946,O002946,DHL,n/a,"2026-01-15 04:54:00",2026-01-25,NULL,80,0.5,Preparing,"Cebu city",2,"Address Issue"
S002947,O002947,FedEx,n/a,"2022-11-17 12:31:00",2022-11-25,2022-11-26,150,5,Delayed,Taguig,3,n/a
S002948,O002948,"J&T Express",TRK580286974,"2023-10-01 04:48:00",2023-10-02,NULL,80,0.5,Preparing,"Quezon city",1,n/a
S002949,O002949,LBC,TRK571602359,"2022-04-26 18:55:00",2022-05-08,2022-05-13,150,2,Delayed,Pasig,2,Weather
S002950,O002950,DHL,TRK84956444,"2022-07-17 00:08:00",2022-07-21,2022-07-26,80,10,Delayed,"Davao city",1,n/a
S002951,O002951,"Ninja Van",TRK54906701,"2025-10-09 13:34:00",2025-10-18,2025-10-21,180,0,Delayed,"Davao city",1,"Address Issue"
S002952,O002952,"JRS Express",TRK90328601,"2022-05-02 10:06:00",2022-05-03,2022-05-09,500,15,Delayed,Antipolo,1,Weather
S002953,O002953,LBC,TRK449662287,"2022-10-27 04:00:00",2022-11-06,2022-11-11,80,0.5,Delayed,Pasig,1,"Address Issue"
S002954,O002954,"JRS Express",n/a,"2025-11-06 08:03:00",2025-11-16,2025-11-16,250,0,"Out for Delivery",n/a,1,Weather
S002955,O002955,"JRS Express",TRK884208084,"2025-04-18 06:36:00",2025-04-19,2025-04-24,180,0.5,Delayed,"Cebu city",0,Weather
S002956,O002956,"Ninja Van",TRK93953421,"2024-11-14 06:33:00",2024-11-17,2024-11-21,120,5,Delayed,"Quezon city",1,Weather
S002957,O002957,FedEx,TRK565570550,"2024-10-17 09:12:00",2024-10-18,NULL,180,20,Preparing,Iloilo,2,"Address Issue"
S002958,O002958,2GO,TRK22067334,"2025-12-12 08:54:00",NULL,NULL,120,0,Preparing,"Cebu city",1,n/a
S002959,O002959,"Ninja Van",n/a,"2023-12-14 07:52:00",2023-12-18,2023-12-23,0,2,Delayed,Pasig,3,n/a
S002960,O002960,"JRS Express",TRK592788490,"2024-02-01 08:34:00",2024-02-12,2024-02-14,180,20,Delayed,"Quezon city",1,"Address Issue"
S002961,O002961,"Ninja Van",TRK90146447,"2024-02-08 01:21:00",2024-02-13,2024-02-17,350,0.5,Delayed,Caloocan,0,n/a
S002962,O002962,DHL,TRK704098618,"2024-01-19 04:09:00",2024-01-20,2024-01-21,500,15,Delayed,Manila,1,n/a
S002963,O002963,"JRS Express",n/a,"2023-01-08 07:04:00",2023-01-10,2023-01-11,180,3,Delayed,Makati,2,"Address Issue"
S002964,O002964,DHL,TRK970196994,"2022-11-15 09:26:00",2022-11-26,2022-11-30,350,20,Delayed,Makati,3,Weather
S002965,O002965,"Ninja Van",TRK596813900,"2022-09-05 20:05:00",2022-09-16,2022-09-20,120,20,Delayed,Iloilo,1,"Warehouse Delay"
S002966,O002966,"JRS Express",TRK46630757,"2023-08-02 10:38:00",2023-08-11,2023-08-11,100,10,"Out for Delivery","Cebu city",3,"Warehouse Delay"
S002967,O002967,2GO,TRK407371881,"2024-09-07 01:15:00",2024-09-09,2024-09-15,80,0,Delayed,Pasig,0,"Address Issue"
S002968,O002968,FedEx,n/a,"2025-01-29 07:23:00",2025-02-05,2025-02-11,100,5,Delayed,Manila,3,n/a
S002969,O002969,DHL,TRK540895222,"2024-01-11 22:07:00",2024-01-14,2024-01-16,80,1,Delayed,Pasig,1,Weather
S002970,O002970,"J&T Express",TRK59010405,"2022-07-07 00:57:00",2022-07-17,2022-07-18,350,0,Delayed,"Quezon city",3,"Address Issue"
S002971,O002971,DHL,TRK83024564,"2025-11-14 19:32:00",2025-11-19,2025-11-24,350,15,Delayed,Taguig,2,"Carrier Backlog"
S002972,O002972,LBC,TRK97880848,"2022-07-03 02:13:00",2022-07-10,2022-07-14,0,0,Delayed,Manila,0,"Warehouse Delay"
S002973,O002973,DHL,n/a,"2025-03-08 05:54:00",2025-03-12,2025-03-18,150,1,Delayed,"Cebu city",1,Weather
S002974,O002974,FedEx,n/a,"2025-05-07 22:57:00",2025-05-08,2025-05-09,250,0,Delayed,"Quezon city",2,"Carrier Backlog"
S002975,O002975,"J&T Express",TRK431668599,"2024-04-01 15:29:00",2024-04-13,2024-04-18,120,1,Delayed,Makati,3,"Warehouse Delay"
S002976,O002976,"JRS Express",TRK236586240,"2025-04-10 23:08:00",2025-04-12,2025-04-18,350,0,Delayed,Taguig,1,"Address Issue"
S002977,O002977,FedEx,TRK157976745,"2025-07-07 16:54:00",2025-07-16,2025-07-17,180,0.5,Delayed,"Cebu city",0,Weather
S002978,O002978,"J&T Express",TRK72568257,"2022-01-29 15:52:00",2022-02-10,2022-02-09,80,0.5,Delivered,Iloilo,1,"Address Issue"
S002979,O002979,2GO,TRK240013333,"2023-07-03 03:09:00",2023-07-08,2023-07-09,500,2,Delayed,"Quezon city",1,"Carrier Backlog"
S002980,O002980,"JRS Express",n/a,"2025-10-11 03:08:00",2025-10-12,2025-10-19,120,20,Delayed,Makati,1,Weather
S002981,O002981,LBC,n/a,"2025-01-20 04:43:00",2025-01-29,2025-02-05,120,15,Delayed,Taguig,1,"Carrier Backlog"
S002982,O002982,DHL,n/a,"2023-12-04 20:01:00",2023-12-12,2023-12-18,350,1,Delayed,Pasig,3,"Warehouse Delay"
S002983,O002983,"J&T Express",TRK24363809,"2024-04-13 20:19:00",2024-04-25,2024-04-30,80,5,Delayed,Pasig,1,"Warehouse Delay"
S002984,O002984,"JRS Express",TRK66941960,"2025-04-17 21:31:00",NULL,NULL,0,15,Returned,"Quezon city",0,"Customer Unavailable"
S002985,O002985,"Ninja Van",TRK933162604,"2023-01-22 03:45:00",2023-02-03,2023-02-02,0,0.5,Delivered,Antipolo,2,n/a
S002986,O002986,"Ninja Van",TRK128588800,"2025-01-04 06:20:00",2025-01-05,2025-01-09,80,20,Delayed,Manila,1,"Carrier Backlog"
S002987,O002987,DHL,n/a,"2022-07-01 17:29:00",2022-07-13,2022-07-19,100,15,Delayed,Caloocan,1,"Warehouse Delay"
S002988,O002988,"JRS Express",TRK372193605,"2022-03-30 05:35:00",2022-04-02,2022-03-31,500,15,Delivered,"Cebu city",1,"Carrier Backlog"
S002989,O002989,"Ninja Van",n/a,"2024-03-21 08:16:00",2024-03-22,2024-03-21,120,1,Delivered,"Davao city",3,"Customer Unavailable"
S002990,O002990,2GO,TRK92585955,"2025-03-31 00:25:00",2025-04-09,2025-04-08,120,15,Delivered,Pasig,1,n/a
S002991,O002991,"J&T Express",n/a,"2024-12-15 09:13:00",NULL,NULL,180,3,Preparing,Manila,1,"Carrier Backlog"
S002992,O002992,"Ninja Van",TRK722305463,"2023-08-10 18:55:00",2023-08-22,2023-08-27,350,10,Delayed,"Cebu city",0,"Customer Unavailable"
S002993,O002993,FedEx,n/a,"2025-05-07 05:12:00",2025-05-16,NULL,100,15,Preparing,"Davao city",1,n/a
S002994,O002994,DHL,TRK125424872,"2022-05-26 06:44:00",2022-06-02,2022-06-08,0,2,Delayed,"Davao city",1,"Carrier Backlog"
S002995,O002995,DHL,TRK309313320,"2022-07-15 04:24:00",2022-07-20,2022-07-22,180,1,Delayed,"Davao city",0,"Carrier Backlog"
S002996,O002996,2GO,n/a,"2023-05-07 18:53:00",2023-05-19,2023-05-23,150,15,Delayed,Manila,0,"Warehouse Delay"
S002997,O002997,DHL,TRK76682433,"2022-05-18 01:06:00",2022-05-25,NULL,250,1,Preparing,"Davao city",1,"Warehouse Delay"
S002998,O002998,LBC,TRK59408244,"2025-05-06 18:22:00",2025-05-09,2025-05-10,100,3,Delayed,Taguig,3,Weather
S002999,O002999,DHL,n/a,"2024-03-03 09:05:00",NULL,NULL,250,10,Returned,"Cebu city",1,"Customer Unavailable"
S003000,O003000,DHL,TRK85983484,"2024-10-15 11:55:00",2024-10-24,NULL,150,20,Preparing,"Quezon city",1,n/a
S003001,O003001,DHL,TRK860983040,"2023-07-04 21:23:00",2023-07-06,2023-07-09,0,5,Delayed,Iloilo,3,"Carrier Backlog"
S003002,O003002,2GO,TRK738067068,"2024-11-21 02:33:00",2024-11-23,2024-11-26,180,2,Delayed,Makati,1,"Carrier Backlog"
S003003,O003003,"J&T Express",TRK523898735,"2024-05-19 17:01:00",2024-05-20,NULL,100,1,Preparing,"Quezon city",1,"Carrier Backlog"
S003004,O003004,LBC,TRK55909417,"2025-07-12 04:14:00",2025-07-17,2025-07-24,120,2,Delayed,"Davao city",2,n/a
S003005,O003005,"JRS Express",TRK363557380,"2023-07-15 02:16:00",2023-07-17,2023-07-15,0,5,Delivered,"Davao city",1,"Address Issue"
S003006,O003006,LBC,TRK56935277,"2024-03-04 17:20:00",2024-03-05,2024-03-07,120,1,Delayed,Antipolo,1,Weather
S003007,O003007,"J&T Express",TRK82845731,"2023-01-19 03:53:00",2023-01-31,2023-02-03,80,0,Delayed,"Cebu city",0,n/a
S003008,O003008,Unknown,TRK84957014,"2024-07-15 02:55:00",2024-07-16,2024-07-23,100,10,Delayed,Makati,1,"Address Issue"
S003009,O003009,LBC,n/a,"2025-06-06 19:12:00",2025-06-15,2025-06-19,500,5,Delayed,Pasig,1,n/a
S003010,O003010,2GO,n/a,"2025-07-10 01:58:00",2025-07-19,2025-07-25,100,15,Delayed,"Davao city",1,"Carrier Backlog"
S003011,O003011,2GO,TRK525455379,"2025-09-05 12:51:00",2025-09-16,NULL,120,15,Preparing,Manila,0,"Carrier Backlog"
S003012,O003012,LBC,TRK386665612,"2022-12-14 04:29:00",2022-12-17,2022-12-16,250,1,Delivered,"Quezon city",2,n/a
S003013,O003013,"JRS Express",TRK731654545,"2024-10-19 18:11:00",2024-10-22,2024-10-25,350,5,Delayed,Iloilo,3,"Warehouse Delay"
S003014,O003014,LBC,TRK691763447,"2023-01-06 00:46:00",2023-01-18,2023-01-17,100,0,Delivered,Taguig,3,"Address Issue"
S003015,O003015,"JRS Express",TRK53502990,"2023-10-20 23:41:00",NULL,NULL,250,3,Preparing,Iloilo,1,"Address Issue"
S003016,O003016,"JRS Express",TRK770179837,"2024-02-09 11:43:00",2024-02-16,2024-02-19,180,10,Delayed,"Cebu city",2,"Customer Unavailable"
S003017,O003017,FedEx,n/a,"2023-01-11 07:04:00",2023-01-20,NULL,350,10,Returned,"Davao city",0,"Customer Unavailable"
S003018,O003018,2GO,n/a,"2025-02-23 02:10:00",2025-02-24,2025-02-22,350,5,Delivered,Manila,2,n/a
S003019,O003019,"JRS Express",TRK332345769,"2024-09-27 08:19:00",NULL,NULL,120,1,Preparing,Taguig,1,"Carrier Backlog"
S003020,O003020,DHL,n/a,"2022-01-07 00:05:00",2022-01-11,2022-01-16,150,0,Delayed,"Cebu city",1,"Address Issue"
S003021,O003021,"JRS Express",n/a,"2025-03-17 14:57:00",2025-03-24,NULL,250,10,Preparing,"Davao city",2,Weather
S003022,O003022,"JRS Express",TRK767431764,"2022-05-11 17:18:00",2022-05-21,2022-05-28,80,15,Delayed,Makati,1,"Address Issue"
S003023,O003023,DHL,TRK665290302,"2025-05-20 16:44:00",2025-05-22,2025-05-29,80,5,Delayed,Makati,1,"Customer Unavailable"
S003024,O003024,2GO,n/a,"2023-08-28 20:44:00",2023-09-09,2023-09-11,120,3,Delayed,"Cebu city",1,n/a
S003025,O003025,FedEx,TRK19051806,"2025-04-12 22:04:00",2025-04-16,2025-04-16,0,0.5,"Out for Delivery",Pasig,3,"Address Issue"
S003026,O003026,"JRS Express",TRK978066087,"2022-07-31 20:24:00",2022-08-12,2022-08-19,80,0,Delayed,"Quezon city",3,"Carrier Backlog"
S003027,O003027,FedEx,TRK210243772,"2023-12-23 08:01:00",2023-12-31,NULL,120,5,Preparing,"Davao city",1,"Address Issue"
S003028,O003028,2GO,TRK52460401,"2023-05-07 17:01:00",2023-05-17,2023-05-18,120,0,Delayed,Iloilo,0,"Warehouse Delay"
S003029,O003029,DHL,TRK944465332,"2022-05-16 03:27:00",2022-05-25,2022-05-29,500,15,Delayed,"Cebu city",1,"Warehouse Delay"
S003030,O003030,LBC,TRK347256643,"2024-03-10 04:16:00",2024-03-13,2024-03-16,120,2,Delayed,Taguig,1,n/a
S003031,O003031,DHL,n/a,"2022-08-31 03:30:00",2022-09-12,2022-09-18,0,2,Delayed,"Quezon city",2,"Warehouse Delay"
S003032,O003032,"JRS Express",TRK87039410,"2023-08-12 17:00:00",2023-08-14,2023-08-13,150,3,Delivered,"Davao city",2,"Customer Unavailable"
S003033,O003033,FedEx,TRK180716572,"2023-06-10 16:55:00",2023-06-16,2023-06-15,150,0.5,Delivered,Pasig,2,n/a
S003034,O003034,Unknown,TRK505174196,"2023-11-27 02:49:00",2023-12-05,2023-12-05,120,10,"Out for Delivery","Davao city",2,Weather
S003035,O003035,DHL,TRK55406275,"2025-05-12 17:14:00",2025-05-17,2025-05-16,100,15,Delivered,"Quezon city",1,"Address Issue"
S003036,O003036,FedEx,TRK125178828,"2022-01-11 15:52:00",2022-01-17,2022-01-22,100,0,Delayed,Makati,1,"Customer Unavailable"
S003037,O003037,DHL,n/a,"2023-09-25 05:28:00",2023-10-01,2023-10-08,500,2,Delayed,"Cebu city",3,n/a
S003038,O003038,LBC,TRK73723197,"2025-11-30 12:42:00",2025-12-01,2025-12-03,350,2,Delayed,"Cebu city",1,Weather
S003039,O003039,LBC,TRK31906615,"2024-07-21 05:01:00",NULL,NULL,80,0,Preparing,"Quezon city",2,Weather
S003040,O003040,"J&T Express",TRK29374300,"2025-08-02 07:23:00",2025-08-12,2025-08-17,350,0,Delayed,"Quezon city",2,"Address Issue"
S003041,O003041,"Ninja Van",n/a,"2024-03-14 01:32:00",2024-03-23,2024-03-25,100,20,Delayed,Taguig,1,n/a
S003042,O003042,"Ninja Van",TRK11125169,"2025-08-13 10:11:00",2025-08-24,2025-08-28,500,0,Delayed,"Davao city",3,Weather
S003043,O003043,DHL,TRK69719985,"2025-06-12 13:30:00",2025-06-13,2025-06-20,120,2,Delayed,Pasig,3,n/a
S003044,O003044,2GO,n/a,"2022-06-13 22:03:00",2022-06-23,2022-06-26,120,1,Delayed,Makati,3,"Customer Unavailable"
S003045,O003045,LBC,TRK677902917,"2025-02-22 10:51:00",2025-02-23,2025-03-01,120,10,Delayed,Caloocan,0,"Warehouse Delay"
S003046,O003046,"Ninja Van",TRK459246076,"2024-11-12 00:09:00",2024-11-14,2024-11-15,80,3,Delayed,Antipolo,1,"Customer Unavailable"
S003047,O003047,"JRS Express",TRK92162811,"2024-03-27 04:20:00",2024-04-05,2024-04-03,350,15,Delivered,Caloocan,1,"Carrier Backlog"
S003048,O003048,FedEx,TRK353420108,"2024-05-15 14:49:00",2024-05-24,2024-05-25,120,5,Delayed,"Cebu city",2,"Carrier Backlog"
S003049,O003049,FedEx,TRK620579272,"2025-05-24 03:20:00",2025-05-26,2025-05-30,80,2,Delayed,"Davao city",1,"Customer Unavailable"
S003050,O003050,"Ninja Van",TRK603762586,"2025-04-10 09:18:00",2025-04-20,2025-04-21,80,0.5,Delayed,Taguig,2,n/a
S003051,O003051,2GO,n/a,"2025-07-13 08:02:00",2025-07-14,2025-07-18,150,15,Delayed,Makati,3,"Warehouse Delay"
S003052,O003052,FedEx,TRK758844014,"2022-08-15 00:40:00",2022-08-25,2022-08-31,150,5,Delayed,"Cebu city",1,"Customer Unavailable"
S003053,O003053,"Ninja Van",TRK646651806,"2024-01-27 04:01:00",2024-01-28,NULL,180,10,Preparing,Pasig,1,"Carrier Backlog"
S003054,O003054,"J&T Express",n/a,"2024-01-20 18:12:00",2024-01-22,2024-01-23,80,0,Delayed,Caloocan,0,Weather
S003055,O003055,"J&T Express",n/a,"2025-03-24 01:02:00",2025-03-31,NULL,250,5,Returned,n/a,2,"Customer Unavailable"
S003056,O003056,"J&T Express",TRK135570835,"2023-07-04 04:30:00",2023-07-06,NULL,100,0,Preparing,Pasig,1,Weather
S003057,O003057,"Ninja Van",n/a,"2023-12-08 07:57:00",2023-12-17,2023-12-24,100,0.5,Delayed,"Davao city",3,"Customer Unavailable"
S003058,O003058,2GO,TRK13992059,"2022-01-31 17:26:00",2022-02-01,NULL,180,0.5,Preparing,"Davao city",1,"Warehouse Delay"
S003059,O003059,"J&T Express",n/a,"2023-11-27 10:05:00",2023-12-04,2023-12-10,250,0,Delayed,Iloilo,3,Weather
S003060,O003060,2GO,n/a,"2022-10-17 09:11:00",2022-10-26,2022-10-30,120,3,Delayed,Caloocan,3,n/a
S003061,O003061,DHL,TRK591101677,"2024-08-24 16:50:00",2024-08-25,NULL,500,15,Returned,Manila,0,"Customer Unavailable"
S003062,O003062,LBC,TRK914179503,"2025-12-01 07:38:00",2025-12-11,NULL,500,10,Preparing,Caloocan,0,Weather
S003063,O003063,DHL,TRK107908564,"2023-03-14 21:38:00",2023-03-18,2023-03-23,350,15,Delayed,Pasig,0,Weather
S003064,O003064,"Ninja Van",TRK839152219,"2023-12-18 09:22:00",2023-12-22,2023-12-25,80,0,Delayed,Makati,0,"Warehouse Delay"
S003065,O003065,DHL,n/a,"2022-09-27 18:09:00",2022-10-07,2022-10-08,250,0,Delayed,"Quezon city",2,"Customer Unavailable"
S003066,O003066,FedEx,TRK10117915,"2025-05-27 05:23:00",2025-06-01,2025-06-03,0,10,Delayed,"Davao city",1,n/a
S003067,O003067,LBC,n/a,"2022-04-02 16:38:00",2022-04-12,NULL,250,0,Preparing,Taguig,0,"Carrier Backlog"
S003068,O003068,"Ninja Van",TRK21686649,"2023-11-26 17:34:00",2023-11-28,2023-11-27,250,0,Delivered,"Cebu city",1,n/a
S003069,O003069,LBC,TRK25667606,"2024-03-03 07:41:00",2024-03-04,2024-03-10,120,10,Delayed,"Davao city",3,"Customer Unavailable"
S003070,O003070,Unknown,TRK928608061,"2025-03-14 17:59:00",2025-03-16,2025-03-21,100,10,Delayed,Makati,3,Weather
S003071,O003071,"Ninja Van",TRK63760142,"2025-03-08 01:52:00",NULL,NULL,180,0.5,Preparing,"Quezon city",1,n/a
S003072,O003072,2GO,n/a,"2023-05-15 20:26:00",2023-05-21,2023-05-20,150,0.5,Delivered,"Quezon city",3,"Warehouse Delay"
S003073,O003073,"Ninja Van",n/a,"2023-08-30 15:52:00",2023-09-03,NULL,350,5,Returned,Manila,1,"Customer Unavailable"
S003074,O003074,LBC,TRK727266121,"2022-10-05 23:57:00",2022-10-10,2022-10-15,100,0.5,Delayed,Caloocan,1,"Carrier Backlog"
S003075,O003075,2GO,n/a,"2024-08-10 03:18:00",2024-08-11,2024-08-12,180,3,Delayed,Iloilo,1,"Address Issue"
S003076,O003076,"JRS Express",TRK77720579,"2023-12-03 02:47:00",2023-12-15,2023-12-18,500,15,Delayed,"Cebu city",2,Weather
S003077,O003077,DHL,n/a,"2023-05-03 12:07:00",2023-05-13,2023-05-11,80,20,Delivered,Antipolo,2,n/a
S003078,O003078,DHL,n/a,"2022-05-02 10:24:00",2022-05-10,2022-05-10,150,10,"Out for Delivery",Antipolo,2,"Warehouse Delay"
S003079,O003079,"JRS Express",TRK459864095,"2025-04-27 03:22:00",2025-05-05,2025-05-09,80,0,Delayed,Manila,2,"Warehouse Delay"
S003080,O003080,"J&T Express",n/a,"2023-10-01 02:29:00",2023-10-10,2023-10-16,100,0.5,Delayed,Pasig,0,"Address Issue"
S003081,O003081,2GO,TRK595177265,"2022-06-20 04:10:00",2022-06-22,2022-06-22,150,15,"Out for Delivery",Caloocan,3,"Carrier Backlog"
S003082,O003082,LBC,n/a,"2023-07-22 12:29:00",2023-07-29,2023-08-05,180,20,Delayed,"Quezon city",1,n/a
S003083,O003083,FedEx,TRK70986848,"2025-09-27 13:43:00",2025-10-03,NULL,100,0,Preparing,"Quezon city",0,"Address Issue"
S003084,O003084,"JRS Express",TRK242851281,"2024-05-01 22:31:00",2024-05-13,2024-05-15,180,0.5,Delayed,Pasig,1,"Warehouse Delay"
S003085,O003085,LBC,n/a,"2024-02-04 22:31:00",2024-02-10,NULL,80,3,Preparing,"Davao city",0,Weather
S003086,O003086,2GO,TRK793016836,"2024-10-23 17:20:00",2024-10-24,2024-10-24,100,5,"Out for Delivery","Quezon city",1,"Address Issue"
S003087,O003087,"Ninja Van",n/a,"2022-08-13 09:15:00",2022-08-21,2022-08-24,100,0.5,Delayed,"Cebu city",1,n/a
S003088,O003088,2GO,TRK49352981,"2025-10-19 02:14:00",2025-10-22,2025-10-28,100,15,Delayed,"Cebu city",1,"Carrier Backlog"
S003089,O003089,DHL,n/a,"2023-06-01 18:59:00",2023-06-06,2023-06-05,0,5,Delivered,Manila,2,"Address Issue"
S003090,O003090,2GO,n/a,"2024-02-18 12:37:00",2024-02-20,2024-02-20,0,3,"Out for Delivery",Iloilo,1,"Carrier Backlog"
S003091,O003091,FedEx,n/a,"2023-02-25 04:48:00",2023-03-01,2023-02-28,100,2,Delivered,Taguig,1,"Warehouse Delay"
S003092,O003092,FedEx,n/a,"2022-11-15 08:50:00",2022-11-20,2022-11-18,250,5,Delivered,Antipolo,3,"Address Issue"
S003093,O003093,"JRS Express",TRK53628830,"2025-06-03 13:25:00",2025-06-12,2025-06-14,100,3,Delayed,Manila,0,"Warehouse Delay"
S003094,O003094,"J&T Express",TRK772338983,"2025-10-06 20:44:00",2025-10-15,2025-10-16,0,0,Delayed,Caloocan,1,n/a
S003095,O003095,"J&T Express",n/a,"2025-12-22 12:15:00",NULL,NULL,150,5,Preparing,"Quezon city",2,"Address Issue"
S003096,O003096,"JRS Express",n/a,"2022-02-07 05:15:00",2022-02-19,2022-02-20,80,2,Delayed,Pasig,1,"Warehouse Delay"
S003097,O003097,FedEx,TRK525892131,"2025-04-27 01:39:00",NULL,NULL,0,3,Preparing,Antipolo,0,Weather
S003098,O003098,FedEx,n/a,"2022-08-30 04:26:00",2022-09-06,2022-09-12,150,10,Delayed,Makati,1,"Warehouse Delay"
S003099,O003099,DHL,TRK68843311,"2025-09-02 14:00:00",2025-09-05,2025-09-12,80,10,Delayed,"Cebu city",3,"Warehouse Delay"
S003100,O003100,LBC,n/a,"2022-12-31 11:35:00",2023-01-12,2023-01-12,150,20,"Out for Delivery",Makati,1,"Warehouse Delay"
S003101,O003101,FedEx,n/a,"2023-12-21 13:54:00",2023-12-24,NULL,80,1,Returned,Taguig,1,"Customer Unavailable"
S003102,O003102,FedEx,TRK870930949,"2023-03-26 13:35:00",2023-03-29,2023-04-03,500,10,Delayed,Taguig,3,"Address Issue"
S003103,O003103,"JRS Express",TRK19184408,"2024-02-03 07:09:00",2024-02-09,2024-02-16,100,20,Delayed,Caloocan,2,"Address Issue"
S003104,O003104,"Ninja Van",TRK17004538,"2023-01-20 11:48:00",2023-01-28,2023-02-01,350,0.5,Delayed,Caloocan,1,"Customer Unavailable"
S003105,O003105,"J&T Express",n/a,"2022-05-24 14:48:00",2022-05-26,2022-05-26,500,1,"Out for Delivery",Taguig,1,n/a
S003106,O003106,FedEx,n/a,"2023-07-26 08:45:00",NULL,NULL,120,0,Preparing,Makati,1,"Carrier Backlog"
S003107,O003107,LBC,TRK399165071,"2022-02-27 02:49:00",2022-03-02,2022-03-07,80,1,Delayed,Caloocan,2,"Address Issue"
S003108,O003108,"Ninja Van",n/a,"2025-09-22 00:40:00",2025-09-25,2025-09-25,250,15,"Out for Delivery","Cebu city",1,"Address Issue"
S003109,O003109,FedEx,TRK729916978,"2022-07-21 17:09:00",2022-07-26,NULL,180,5,Preparing,"Cebu city",1,"Address Issue"
S003110,O003110,"JRS Express",TRK62484629,"2025-06-28 23:34:00",2025-07-02,2025-07-07,0,15,Delayed,"Quezon city",1,"Address Issue"
S003111,O003111,FedEx,n/a,"2022-03-17 02:46:00",2022-03-18,2022-03-21,250,0,Delayed,Caloocan,0,"Warehouse Delay"
S003112,O003112,DHL,n/a,"2022-10-05 00:08:00",2022-10-10,2022-10-16,250,5,Delayed,Caloocan,2,n/a
S003113,O003113,2GO,n/a,"2025-01-09 20:36:00",2025-01-14,2025-01-18,100,1,Delayed,Manila,1,n/a
S003114,O003114,"JRS Express",TRK292707350,"2023-09-24 04:40:00",2023-09-29,2023-10-02,500,1,Delayed,Caloocan,2,n/a
S003115,O003115,LBC,n/a,"2022-08-14 20:48:00",2022-08-21,2022-08-23,350,5,Delayed,"Quezon city",0,"Carrier Backlog"
S003116,O003116,DHL,n/a,"2023-10-16 22:19:00",2023-10-24,2023-10-22,100,10,Delivered,"Quezon city",1,Weather
S003117,O003117,Unknown,n/a,"2026-01-07 16:20:00",2026-01-09,2026-01-08,500,2,Delivered,Caloocan,0,Weather
S003118,O003118,DHL,TRK233621718,"2023-05-13 08:26:00",2023-05-15,2023-05-19,250,0,Delayed,Pasig,2,"Carrier Backlog"
S003119,O003119,2GO,TRK186813447,"2022-10-01 18:40:00",NULL,NULL,150,3,Preparing,Taguig,1,"Warehouse Delay"
S003120,O003120,"Ninja Van",TRK13536786,"2022-03-13 11:29:00",2022-03-21,2022-03-27,180,15,Delayed,Iloilo,1,Weather
S003121,O003121,"J&T Express",TRK70382007,"2023-03-19 01:25:00",2023-03-27,2023-03-28,0,3,Delayed,Taguig,2,"Warehouse Delay"
S003122,O003122,2GO,n/a,"2023-03-07 02:21:00",2023-03-18,2023-03-21,150,10,Delayed,"Davao city",0,Weather
S003123,O003123,DHL,n/a,"2025-02-25 11:01:00",2025-03-01,NULL,250,1,Returned,"Cebu city",3,"Customer Unavailable"
S003124,O003124,DHL,n/a,"2025-05-15 20:47:00",2025-05-24,NULL,80,20,Returned,n/a,0,"Customer Unavailable"
S003125,O003125,LBC,n/a,"2023-09-15 18:42:00",2023-09-16,2023-09-21,0,0.5,Delayed,Antipolo,1,n/a
S003126,O003126,"JRS Express",TRK548453549,"2024-06-06 12:45:00",2024-06-12,NULL,500,5,Preparing,Caloocan,1,n/a
S003127,O003127,FedEx,TRK87597388,"2024-02-28 14:00:00",2024-03-02,2024-03-05,500,20,Delayed,Caloocan,2,"Customer Unavailable"
S003128,O003128,2GO,n/a,"2023-12-30 16:15:00",2024-01-05,2024-01-08,350,0,Delayed,Taguig,1,Weather
S003129,O003129,2GO,n/a,"2025-06-11 12:16:00",2025-06-20,2025-06-26,180,3,Delayed,"Davao city",3,"Customer Unavailable"
S003130,O003130,"JRS Express",TRK268741222,"2023-07-19 04:34:00",2023-07-20,2023-07-23,250,2,Delayed,Antipolo,1,n/a
S003131,O003131,DHL,TRK52242750,"2024-01-05 20:43:00",2024-01-07,2024-01-13,180,20,Delayed,Caloocan,1,"Customer Unavailable"
S003132,O003132,2GO,n/a,"2023-12-03 17:07:00",2023-12-10,2023-12-08,350,0,Delivered,Caloocan,2,Weather
S003133,O003133,"JRS Express",TRK133221083,"2025-04-26 22:17:00",2025-05-02,2025-05-04,180,2,Delayed,Caloocan,1,"Carrier Backlog"
S003134,O003134,Unknown,TRK979589098,"2022-01-19 13:11:00",2022-01-23,NULL,180,1,Preparing,Pasig,1,Weather
S003135,O003135,"J&T Express",n/a,"2022-09-25 21:37:00",2022-10-01,NULL,0,1,Preparing,Iloilo,1,n/a
S003136,O003136,2GO,TRK56195120,"2025-05-20 21:12:00",2025-05-26,2025-05-30,120,5,Delayed,Iloilo,0,"Carrier Backlog"
S003137,O003137,DHL,TRK54675158,"2023-11-16 01:18:00",2023-11-19,2023-11-17,150,15,Delivered,Iloilo,1,"Warehouse Delay"
S003138,O003138,"Ninja Van",TRK232841846,"2023-04-18 14:31:00",2023-04-27,2023-04-28,0,0,Delayed,"Quezon city",2,Weather
S003139,O003139,Unknown,n/a,"2024-06-04 05:46:00",2024-06-12,2024-06-19,80,3,Delayed,"Davao city",1,n/a
S003140,O003140,2GO,n/a,"2023-01-28 18:40:00",2023-01-31,NULL,500,0,Preparing,Taguig,3,Weather
S003141,O003141,DHL,n/a,"2024-02-19 00:15:00",2024-02-22,2024-02-22,0,3,"Out for Delivery","Davao city",3,n/a
S003142,O003142,"J&T Express",TRK372444023,"2023-07-29 07:57:00",2023-08-07,2023-08-10,150,0,Delayed,n/a,1,"Warehouse Delay"
S003143,O003143,2GO,n/a,"2025-07-04 08:42:00",2025-07-11,2025-07-17,500,0,Delayed,Makati,1,"Carrier Backlog"
S003144,O003144,2GO,TRK33901387,"2024-10-07 02:21:00",2024-10-13,NULL,150,20,Preparing,Antipolo,1,"Carrier Backlog"
S003145,O003145,FedEx,TRK31438003,"2022-07-23 17:28:00",2022-07-25,2022-07-29,350,3,Delayed,"Cebu city",3,"Customer Unavailable"
S003146,O003146,DHL,TRK45650910,"2025-02-18 23:25:00",2025-02-20,2025-02-19,350,5,Delivered,"Quezon city",2,"Customer Unavailable"
S003147,O003147,Unknown,TRK13802565,"2024-06-25 10:29:00",NULL,NULL,80,5,Preparing,Antipolo,0,Weather
S003148,O003148,"Ninja Van",TRK13756534,"2024-12-15 00:51:00",2024-12-18,2024-12-21,0,5,Delayed,Antipolo,0,"Warehouse Delay"
S003149,O003149,Unknown,TRK88878626,"2023-09-24 19:01:00",2023-09-26,2023-09-27,500,20,Delayed,Pasig,3,"Customer Unavailable"
S003150,O003150,"J&T Express",TRK32145276,"2023-03-25 03:36:00",2023-04-03,2023-04-07,80,5,Delayed,Iloilo,1,Weather
S003151,O003151,2GO,n/a,"2025-05-11 15:33:00",2025-05-22,2025-05-22,180,0.5,"Out for Delivery",Manila,1,"Warehouse Delay"
S003152,O003152,"Ninja Van",TRK279779502,"2024-08-05 17:55:00",2024-08-14,2024-08-16,80,5,Delayed,Iloilo,0,n/a
S003153,O003153,"J&T Express",TRK831535874,"2022-09-01 19:29:00",2022-09-05,2022-09-04,150,1,Delivered,Caloocan,1,Weather
S003154,O003154,FedEx,TRK685751829,"2024-12-26 19:59:00",2025-01-06,2025-01-05,350,15,Delivered,Pasig,3,"Customer Unavailable"
S003155,O003155,FedEx,TRK24890115,"2022-12-13 07:21:00",2022-12-18,2022-12-24,100,10,Delayed,"Davao city",2,"Address Issue"
S003156,O003156,"J&T Express",TRK511234451,"2023-12-04 01:22:00",2023-12-16,2023-12-23,350,3,Delayed,Makati,1,"Customer Unavailable"
S003157,O003157,2GO,n/a,"2022-03-01 04:20:00",2022-03-06,NULL,500,10,Returned,"Quezon city",2,"Customer Unavailable"
S003158,O003158,2GO,TRK30804890,"2022-07-14 02:27:00",2022-07-17,2022-07-21,500,15,Delayed,Taguig,2,"Carrier Backlog"
S003159,O003159,LBC,TRK95865452,"2024-12-09 07:13:00",2024-12-16,2024-12-19,120,1,Delayed,"Davao city",1,"Warehouse Delay"
S003160,O003160,2GO,TRK66785095,"2025-01-10 03:30:00",2025-01-12,NULL,150,15,Returned,"Quezon city",1,"Customer Unavailable"
S003161,O003161,"JRS Express",TRK954158600,"2024-06-28 11:46:00",NULL,NULL,0,2,Preparing,"Quezon city",2,"Warehouse Delay"
S003162,O003162,"JRS Express",TRK18159096,"2023-07-16 00:00:00",2023-07-18,2023-07-19,500,2,Delayed,Taguig,2,"Customer Unavailable"
S003163,O003163,DHL,TRK426936002,"2023-05-03 23:38:00",2023-05-14,2023-05-21,180,10,Delayed,"Cebu city",2,"Address Issue"
S003164,O003164,2GO,TRK573827759,"2024-06-17 05:29:00",2024-06-18,2024-06-20,350,20,Delayed,"Davao city",1,"Carrier Backlog"
S003165,O003165,"JRS Express",n/a,"2025-10-16 15:55:00",2025-10-23,2025-10-25,150,20,Delayed,Antipolo,1,n/a
S003166,O003166,DHL,TRK299581460,"2023-04-29 05:29:00",2023-05-01,2023-05-05,150,5,Delayed,"Davao city",0,"Warehouse Delay"
S003167,O003167,FedEx,n/a,"2022-03-13 06:24:00",2022-03-14,2022-03-20,100,0.5,Delayed,"Quezon city",0,"Warehouse Delay"
S003168,O003168,"J&T Express",n/a,"2025-05-09 01:14:00",2025-05-10,NULL,250,20,Preparing,Manila,1,"Carrier Backlog"
S003169,O003169,"JRS Express",n/a,"2023-05-28 17:39:00",2023-05-31,2023-05-29,350,20,Delivered,"Cebu city",1,Weather
S003170,O003170,"J&T Express",TRK293409697,"2022-04-12 15:43:00",2022-04-23,2022-04-23,0,2,"Out for Delivery",Antipolo,3,"Customer Unavailable"
S003171,O003171,"JRS Express",n/a,"2023-04-19 03:36:00",2023-04-20,2023-04-27,120,0,Delayed,Taguig,0,"Carrier Backlog"
S003172,O003172,FedEx,TRK54138031,"2025-05-31 02:41:00",2025-06-10,NULL,0,15,Preparing,Makati,1,"Carrier Backlog"
S003173,O003173,LBC,n/a,"2022-04-05 09:50:00",NULL,NULL,500,0.5,Preparing,Taguig,2,"Carrier Backlog"
S003174,O003174,LBC,TRK407054418,"2023-12-01 20:26:00",2023-12-02,2023-12-08,120,0,Delayed,Antipolo,1,n/a
S003175,O003175,DHL,TRK393254539,"2025-11-24 02:36:00",2025-12-06,NULL,150,5,Returned,n/a,2,"Customer Unavailable"
S003176,O003176,2GO,TRK52424225,"2022-01-31 17:41:00",2022-02-02,2022-02-07,0,0.5,Delayed,Manila,0,"Customer Unavailable"
S003177,O003177,LBC,n/a,"2024-03-05 22:32:00",2024-03-13,2024-03-15,150,10,Delayed,Taguig,0,"Customer Unavailable"
S003178,O003178,"JRS Express",n/a,"2023-08-05 08:36:00",2023-08-15,2023-08-14,250,2,Delivered,n/a,1,n/a
S003179,O003179,"Ninja Van",n/a,"2025-03-14 00:27:00",2025-03-21,2025-03-28,250,0,Delayed,"Cebu city",0,"Address Issue"
S003180,O003180,FedEx,n/a,"2022-04-15 23:55:00",2022-04-20,2022-04-27,150,3,Delayed,"Davao city",3,"Warehouse Delay"
S003181,O003181,LBC,TRK19591243,"2023-06-27 07:49:00",2023-07-09,2023-07-11,150,10,Delayed,Antipolo,1,"Address Issue"
S003182,O003182,"J&T Express",n/a,"2023-08-18 14:59:00",2023-08-29,2023-08-30,350,10,Delayed,Caloocan,2,"Carrier Backlog"
S003183,O003183,DHL,TRK93667441,"2025-10-17 00:50:00",NULL,NULL,150,3,Returned,"Cebu city",2,"Customer Unavailable"
S003184,O003184,2GO,TRK811181617,"2025-05-28 21:03:00",2025-06-02,2025-06-03,150,3,Delayed,Makati,1,Weather
S003185,O003185,"Ninja Van",TRK65104110,"2024-04-21 05:28:00",2024-05-03,2024-05-01,150,0,Delivered,"Davao city",1,"Customer Unavailable"
S003186,O003186,"J&T Express",TRK930578429,"2022-10-30 22:33:00",2022-11-02,2022-11-09,0,10,Delayed,Taguig,1,n/a
S003187,O003187,FedEx,TRK662484463,"2023-03-19 12:30:00",2023-03-28,NULL,150,0,Preparing,Manila,2,"Address Issue"
S003188,O003188,FedEx,TRK93652828,"2025-09-10 02:39:00",2025-09-21,NULL,0,0,Preparing,"Davao city",1,Weather
S003189,O003189,LBC,n/a,"2022-06-09 04:53:00",2022-06-14,2022-06-17,350,0,Delayed,"Quezon city",0,"Customer Unavailable"
S003190,O003190,2GO,TRK208492672,"2024-07-14 20:35:00",2024-07-22,NULL,0,3,Preparing,Manila,1,"Warehouse Delay"
S003191,O003191,"Ninja Van",TRK740837966,"2023-08-28 10:52:00",2023-08-30,2023-09-04,250,5,Delayed,"Cebu city",1,"Carrier Backlog"
S003192,O003192,"Ninja Van",TRK988366044,"2022-09-08 03:48:00",2022-09-12,2022-09-16,120,1,Delayed,Taguig,3,"Warehouse Delay"
S003193,O003193,Unknown,TRK75377476,"2023-08-19 22:05:00",2023-08-30,2023-09-03,500,2,Delayed,"Quezon city",2,"Carrier Backlog"
S003194,O003194,"Ninja Van",TRK257671206,"2022-09-06 16:39:00",2022-09-10,2022-09-09,180,0,Delivered,Makati,2,"Warehouse Delay"
S003195,O003195,FedEx,n/a,"2024-06-06 14:21:00",2024-06-11,2024-06-18,150,1,Delayed,Antipolo,1,Weather
S003196,O003196,LBC,TRK866753595,"2025-09-28 06:46:00",2025-09-30,2025-10-03,350,10,Delayed,Iloilo,3,"Warehouse Delay"
S003197,O003197,2GO,TRK65808375,"2023-06-13 09:57:00",2023-06-25,2023-06-25,350,20,"Out for Delivery","Cebu city",1,n/a
S003198,O003198,FedEx,TRK987171181,"2023-01-02 03:35:00",2023-01-05,2023-01-05,150,20,"Out for Delivery",Manila,3,n/a
S003199,O003199,2GO,n/a,"2024-07-06 10:51:00",2024-07-11,2024-07-10,180,1,Delivered,Manila,3,"Customer Unavailable"
S003200,O003200,FedEx,TRK585012522,"2022-08-13 11:40:00",2022-08-18,2022-08-16,80,3,Delivered,Taguig,3,"Warehouse Delay"
S003201,O003201,"JRS Express",TRK172917884,"2025-12-26 16:46:00",2025-12-31,2026-01-02,250,3,Delayed,Taguig,0,Weather
S003202,O003202,"JRS Express",TRK53454576,"2023-02-11 07:14:00",2023-02-14,2023-02-16,100,20,Delayed,Manila,1,"Carrier Backlog"
S003203,O003203,FedEx,TRK78502820,"2023-05-14 15:34:00",2023-05-20,NULL,80,10,Preparing,Pasig,2,"Warehouse Delay"
S003204,O003204,DHL,TRK702642389,"2025-12-21 17:58:00",2025-12-24,2025-12-27,250,3,Delayed,"Quezon city",1,n/a
S003205,O003205,"J&T Express",TRK307197062,"2023-02-25 16:29:00",NULL,NULL,500,20,Preparing,"Cebu city",3,"Carrier Backlog"
S003206,O003206,2GO,TRK902135068,"2024-01-17 12:04:00",2024-01-23,2024-01-25,500,5,Delayed,Antipolo,1,Weather
S003207,O003207,DHL,TRK25763432,"2024-09-25 21:22:00",2024-09-26,2024-09-25,500,0,Delivered,Iloilo,1,n/a
S003208,O003208,"Ninja Van",TRK63832168,"2024-04-06 02:59:00",2024-04-18,2024-04-25,80,2,Delayed,Iloilo,3,"Warehouse Delay"
S003209,O003209,FedEx,TRK68135510,"2024-05-21 07:14:00",2024-05-30,2024-05-30,250,5,"Out for Delivery","Davao city",2,"Address Issue"
S003210,O003210,"Ninja Van",TRK313137500,"2022-07-26 00:39:00",NULL,NULL,500,10,Preparing,"Quezon city",0,n/a
S003211,O003211,"JRS Express",n/a,"2023-12-24 12:48:00",2024-01-04,2024-01-06,150,1,Delayed,Antipolo,1,"Carrier Backlog"
S003212,O003212,"JRS Express",n/a,"2022-08-01 13:13:00",NULL,NULL,120,2,Returned,Pasig,1,"Customer Unavailable"
S003213,O003213,"J&T Express",n/a,"2022-05-31 10:09:00",2022-06-06,2022-06-08,150,5,Delayed,Manila,1,"Customer Unavailable"
S003214,O003214,DHL,n/a,"2025-05-12 19:08:00",2025-05-24,2025-05-24,0,1,"Out for Delivery","Quezon city",3,Weather
S003215,O003215,FedEx,n/a,"2024-11-12 21:21:00",2024-11-19,NULL,120,2,Preparing,"Davao city",1,n/a
S003216,O003216,2GO,n/a,"2022-04-15 12:58:00",2022-04-23,NULL,500,1,Returned,Taguig,3,"Customer Unavailable"
S003217,O003217,2GO,n/a,"2025-06-03 11:57:00",NULL,NULL,250,0.5,Preparing,"Davao city",2,Weather
S003218,O003218,"J&T Express",TRK479045167,"2025-12-02 08:51:00",2025-12-05,2025-12-03,180,0,Delivered,"Cebu city",1,"Carrier Backlog"
S003219,O003219,"J&T Express",TRK763626751,"2024-01-21 02:44:00",2024-02-01,2024-02-02,80,1,Delayed,Antipolo,3,"Customer Unavailable"
S003220,O003220,LBC,TRK278910687,"2024-03-19 04:50:00",2024-03-28,NULL,350,15,Preparing,Caloocan,1,"Address Issue"
S003221,O003221,"JRS Express",TRK66302095,"2025-09-03 04:57:00",2025-09-13,2025-09-16,0,20,Delayed,Antipolo,2,"Address Issue"
S003222,O003222,2GO,TRK81794555,"2022-08-30 03:36:00",2022-09-11,2022-09-15,500,20,Delayed,Caloocan,2,"Customer Unavailable"
S003223,O003223,2GO,n/a,"2024-09-28 10:02:00",2024-10-05,2024-10-08,350,15,Delayed,Antipolo,0,"Carrier Backlog"
S003224,O003224,"J&T Express",TRK117158944,"2023-12-26 05:52:00",NULL,NULL,150,0.5,Returned,Iloilo,3,"Customer Unavailable"
S003225,O003225,LBC,n/a,"2024-06-18 06:13:00",2024-06-23,2024-06-23,150,2,"Out for Delivery",Taguig,1,"Carrier Backlog"
S003226,O003226,DHL,TRK743183233,"2024-12-22 09:16:00",2024-12-29,NULL,350,0,Preparing,Pasig,2,n/a
S003227,O003227,DHL,TRK226251423,"2024-02-01 03:14:00",2024-02-12,2024-02-15,500,10,Delayed,Taguig,1,Weather
S003228,O003228,"J&T Express",TRK328221768,"2024-07-23 12:32:00",2024-08-02,NULL,80,2,Preparing,Manila,3,n/a
S003229,O003229,"Ninja Van",TRK651319308,"2023-06-15 18:14:00",2023-06-24,2023-06-24,80,5,"Out for Delivery",Pasig,0,"Customer Unavailable"
S003230,O003230,FedEx,TRK49045925,"2024-08-30 11:29:00",2024-09-02,2024-09-09,180,2,Delayed,Taguig,0,n/a
S003231,O003231,DHL,n/a,"2023-06-20 17:43:00",2023-06-27,2023-07-01,180,2,Delayed,Taguig,1,"Carrier Backlog"
S003232,O003232,"JRS Express",TRK633053094,"2022-05-11 02:42:00",2022-05-14,2022-05-20,100,1,Delayed,"Cebu city",1,"Carrier Backlog"
S003233,O003233,FedEx,TRK81483389,"2023-04-07 07:26:00",2023-04-14,2023-04-14,120,20,"Out for Delivery",Manila,1,n/a
S003234,O003234,LBC,TRK786857658,"2024-05-18 02:29:00",2024-05-23,2024-05-29,0,5,Delayed,"Quezon city",3,"Address Issue"
S003235,O003235,LBC,TRK432578164,"2025-08-30 11:13:00",2025-09-07,2025-09-10,0,15,Delayed,"Cebu city",1,"Carrier Backlog"
S003236,O003236,"J&T Express",TRK912444500,"2023-03-20 17:16:00",2023-03-31,2023-04-04,100,3,Delayed,Caloocan,0,Weather
S003237,O003237,"J&T Express",TRK986821068,"2024-03-20 16:13:00",2024-03-25,2024-03-31,500,1,Delayed,Taguig,2,n/a
S003238,O003238,"Ninja Van",TRK892319272,"2025-07-13 10:35:00",2025-07-16,2025-07-16,0,10,"Out for Delivery",Manila,3,n/a
S003239,O003239,"Ninja Van",TRK432666237,"2023-01-24 12:04:00",2023-01-25,2023-01-23,350,1,Delivered,Taguig,3,n/a
S003240,O003240,"JRS Express",n/a,"2025-08-19 16:34:00",2025-08-21,2025-08-19,250,10,Delivered,"Cebu city",3,"Customer Unavailable"
S003241,O003241,"J&T Express",n/a,"2025-07-12 11:24:00",2025-07-17,2025-07-16,250,15,Delivered,"Cebu city",2,"Warehouse Delay"
S003242,O003242,LBC,TRK263653079,"2025-02-05 17:23:00",2025-02-10,2025-02-12,350,15,Delayed,"Davao city",1,"Warehouse Delay"
S003243,O003243,Unknown,TRK27154164,"2023-08-29 05:04:00",2023-08-30,NULL,0,15,Preparing,"Quezon city",0,"Warehouse Delay"
S003244,O003244,"JRS Express",n/a,"2025-01-26 03:33:00",2025-02-03,2025-02-10,180,5,Delayed,Pasig,3,Weather
S003245,O003245,Unknown,TRK672813297,"2023-08-02 06:58:00",2023-08-03,2023-08-07,150,5,Delayed,"Cebu city",2,"Customer Unavailable"
S003246,O003246,"J&T Express",TRK404823023,"2024-12-19 16:57:00",2024-12-27,2024-12-31,180,3,Delayed,Caloocan,3,"Customer Unavailable"
S003247,O003247,"Ninja Van",n/a,"2023-12-15 00:57:00",2023-12-22,NULL,350,0,Preparing,Pasig,2,"Warehouse Delay"
S003248,O003248,FedEx,TRK35089092,"2026-01-11 05:07:00",2026-01-12,2026-01-14,0,5,Delayed,Manila,1,"Address Issue"
S003249,O003249,"JRS Express",n/a,"2024-04-20 20:03:00",2024-04-24,2024-04-25,150,3,Delayed,Makati,1,"Warehouse Delay"
S003250,O003250,DHL,n/a,"2026-01-15 03:57:00",2026-01-24,2026-01-22,350,10,Delivered,Pasig,3,"Warehouse Delay"
S003251,O003251,LBC,TRK75264842,"2022-10-02 13:44:00",NULL,NULL,350,15,Preparing,Manila,0,"Carrier Backlog"
S003252,O003252,LBC,n/a,"2023-12-27 06:07:00",2023-12-31,2024-01-05,350,5,Delayed,Manila,3,Weather
S003253,O003253,DHL,n/a,"2024-06-12 22:22:00",2024-06-22,2024-06-22,120,5,"Out for Delivery",Makati,1,"Customer Unavailable"
S003254,O003254,"JRS Express",TRK97371211,"2024-02-18 04:05:00",2024-02-20,2024-02-18,180,20,Delivered,Taguig,0,Weather
S003255,O003255,"J&T Express",TRK870891885,"2025-09-11 20:46:00",2025-09-13,2025-09-13,80,0,"Out for Delivery",Pasig,1,"Customer Unavailable"
S003256,O003256,"JRS Express",TRK64536494,"2023-03-05 18:30:00",2023-03-08,2023-03-15,500,20,Delayed,n/a,1,"Carrier Backlog"
S003257,O003257,FedEx,n/a,"2026-01-12 19:03:00",2026-01-22,2026-01-26,0,3,Delayed,"Cebu city",0,"Warehouse Delay"
S003258,O003258,DHL,n/a,"2022-11-09 04:09:00",2022-11-18,2022-11-24,0,2,Delayed,Caloocan,1,"Address Issue"
S003259,O003259,2GO,TRK153400159,"2023-09-30 18:28:00",2023-10-05,2023-10-09,350,3,Delayed,Manila,1,"Address Issue"
S003260,O003260,"JRS Express",TRK277755554,"2022-01-05 20:24:00",2022-01-06,2022-01-05,120,0.5,Delivered,"Davao city",2,"Address Issue"
S003261,O003261,"Ninja Van",n/a,"2025-12-17 02:54:00",2025-12-28,2025-12-29,350,2,Delayed,Taguig,1,Weather
S003262,O003262,"J&T Express",TRK53894143,"2024-10-18 08:30:00",2024-10-23,2024-10-30,0,20,Delayed,Iloilo,1,"Warehouse Delay"
S003263,O003263,"JRS Express",n/a,"2022-09-07 21:08:00",NULL,NULL,180,0.5,Preparing,Makati,1,"Warehouse Delay"
S003264,O003264,"JRS Express",TRK48531375,"2023-12-10 08:55:00",2023-12-16,2023-12-14,180,0,Delivered,Antipolo,1,"Warehouse Delay"
S003265,O003265,FedEx,TRK779030827,"2022-01-07 21:38:00",2022-01-15,2022-01-18,0,0.5,Delayed,Pasig,2,"Carrier Backlog"
S003266,O003266,"J&T Express",n/a,"2022-03-17 11:09:00",2022-03-21,2022-03-27,0,0.5,Delayed,Antipolo,2,Weather
S003267,O003267,FedEx,TRK44127817,"2022-01-23 03:02:00",2022-02-03,2022-02-10,0,20,Delayed,Antipolo,0,"Address Issue"
S003268,O003268,LBC,TRK79427668,"2025-06-05 08:31:00",2025-06-16,2025-06-21,120,0.5,Delayed,Caloocan,1,"Address Issue"
S003269,O003269,"Ninja Van",TRK30323069,"2024-04-21 19:14:00",2024-04-29,2024-04-29,350,3,"Out for Delivery",n/a,1,"Customer Unavailable"
S003270,O003270,FedEx,TRK942310183,"2023-02-17 01:27:00",NULL,NULL,350,15,Preparing,"Quezon city",3,"Warehouse Delay"
S003271,O003271,"Ninja Van",TRK28020596,"2022-10-25 13:35:00",2022-10-30,2022-11-04,80,5,Delayed,Makati,1,n/a
S003272,O003272,"JRS Express",TRK83707804,"2025-06-13 12:46:00",2025-06-15,2025-06-19,180,1,Delayed,Taguig,2,n/a
S003273,O003273,DHL,TRK57220230,"2025-06-19 20:28:00",2025-06-21,2025-06-21,120,10,"Out for Delivery","Davao city",0,n/a
S003274,O003274,"J&T Express",n/a,"2024-08-18 17:33:00",NULL,NULL,500,0,Returned,Antipolo,0,"Customer Unavailable"
S003275,O003275,FedEx,TRK248002934,"2025-10-31 15:35:00",2025-11-12,NULL,180,0.5,Preparing,"Quezon city",0,"Warehouse Delay"
S003276,O003276,FedEx,TRK54814768,"2023-11-06 07:01:00",2023-11-12,2023-11-10,350,5,Delivered,Taguig,3,Weather
S003277,O003277,"JRS Express",n/a,"2022-10-30 09:07:00",NULL,NULL,500,1,Preparing,Caloocan,1,n/a
S003278,O003278,2GO,TRK12972502,"2022-02-03 13:32:00",2022-02-15,2022-02-22,150,2,Delayed,Iloilo,0,n/a
S003279,O003279,"JRS Express",TRK695742941,"2024-05-26 07:21:00",2024-05-27,2024-05-27,150,3,"Out for Delivery",Taguig,2,"Address Issue"
S003280,O003280,LBC,TRK96056233,"2024-06-08 16:10:00",2024-06-12,2024-06-16,0,0.5,Delayed,Manila,1,"Carrier Backlog"
S003281,O003281,2GO,n/a,"2023-03-02 08:27:00",2023-03-12,2023-03-18,120,0.5,Delayed,Caloocan,1,"Address Issue"
S003282,O003282,2GO,TRK57474276,"2025-02-07 01:35:00",2025-02-15,2025-02-19,120,15,Delayed,Antipolo,1,"Warehouse Delay"
S003283,O003283,LBC,TRK976370371,"2024-02-05 03:38:00",2024-02-15,2024-02-17,120,2,Delayed,Makati,1,"Carrier Backlog"
S003284,O003284,2GO,TRK91759297,"2022-10-26 11:48:00",2022-10-28,2022-10-28,120,20,"Out for Delivery",Antipolo,2,n/a
S003285,O003285,"J&T Express",n/a,"2025-08-18 16:05:00",2025-08-30,2025-08-31,350,5,Delayed,Pasig,1,"Customer Unavailable"
S003286,O003286,LBC,TRK73864618,"2025-12-11 08:49:00",2025-12-21,2025-12-24,250,0,Delayed,"Davao city",2,"Address Issue"
S003287,O003287,2GO,TRK338443240,"2022-06-20 04:13:00",2022-06-25,2022-06-26,0,20,Delayed,Antipolo,1,n/a
S003288,O003288,Unknown,TRK586502978,"2022-12-20 20:40:00",2022-12-26,2022-12-28,180,20,Delayed,Antipolo,2,"Warehouse Delay"
S003289,O003289,FedEx,TRK699962640,"2022-05-02 16:26:00",2022-05-05,2022-05-04,100,1,Delivered,Caloocan,1,"Warehouse Delay"
S003290,O003290,2GO,TRK650324805,"2023-03-05 20:40:00",2023-03-07,2023-03-10,120,0,Delayed,Pasig,0,"Customer Unavailable"
S003291,O003291,DHL,TRK864545547,"2025-03-17 09:50:00",2025-03-21,2025-03-19,150,20,Delivered,"Quezon city",2,"Address Issue"
S003292,O003292,LBC,TRK946750780,"2024-12-16 06:16:00",2024-12-21,NULL,0,3,Returned,Manila,1,"Customer Unavailable"
S003293,O003293,"Ninja Van",TRK72456728,"2023-10-11 17:27:00",NULL,NULL,80,5,Preparing,Caloocan,1,n/a
S003294,O003294,"JRS Express",TRK561542018,"2023-08-04 16:05:00",2023-08-09,2023-08-09,180,2,"Out for Delivery",Caloocan,1,"Address Issue"
S003295,O003295,"JRS Express",TRK437918602,"2023-09-25 03:08:00",2023-09-27,2023-10-01,120,5,Delayed,"Quezon city",0,Weather
S003296,O003296,"Ninja Van",TRK432884214,"2025-07-28 17:23:00",2025-08-05,2025-08-06,500,2,Delayed,Taguig,1,"Address Issue"
S003297,O003297,DHL,n/a,"2023-06-14 04:06:00",2023-06-16,2023-06-20,120,10,Delayed,Pasig,3,"Warehouse Delay"
S003298,O003298,DHL,TRK52068892,"2025-03-17 13:44:00",2025-03-18,NULL,150,15,Preparing,Antipolo,1,"Address Issue"
S003299,O003299,2GO,n/a,"2025-09-09 13:16:00",2025-09-14,2025-09-15,120,0,Delayed,Manila,1,"Address Issue"
S003300,O003300,FedEx,TRK84747383,"2022-02-10 08:43:00",2022-02-21,2022-02-28,150,15,Delayed,Pasig,2,n/a
S003301,O003301,LBC,TRK560987483,"2025-08-26 18:00:00",2025-09-04,2025-09-02,250,15,Delivered,Pasig,2,"Warehouse Delay"
S003302,O003302,"J&T Express",TRK42457479,"2022-09-02 15:35:00",2022-09-06,2022-09-11,120,10,Delayed,Manila,2,Weather
S003303,O003303,"JRS Express",TRK464724382,"2024-09-17 00:32:00",2024-09-20,2024-09-18,100,10,Delivered,Taguig,1,"Carrier Backlog"
S003304,O003304,DHL,n/a,"2022-12-27 22:34:00",2023-01-04,2023-01-06,180,3,Delayed,Manila,0,"Customer Unavailable"
S003305,O003305,"J&T Express",n/a,"2022-09-04 11:26:00",2022-09-08,2022-09-08,500,20,"Out for Delivery",Antipolo,2,"Customer Unavailable"
S003306,O003306,"J&T Express",TRK265496795,"2025-01-04 22:56:00",2025-01-13,2025-01-16,150,20,Delayed,Antipolo,1,Weather
S003307,O003307,"Ninja Van",TRK72272136,"2024-07-03 18:18:00",2024-07-10,2024-07-12,100,1,Delayed,Iloilo,3,"Address Issue"
S003308,O003308,2GO,TRK603005185,"2024-08-23 20:37:00",NULL,NULL,120,20,Preparing,Iloilo,1,"Warehouse Delay"
S003309,O003309,2GO,n/a,"2024-11-19 07:37:00",2024-11-27,2024-12-01,500,5,Delayed,"Cebu city",0,n/a
S003310,O003310,FedEx,n/a,"2024-08-30 14:58:00",2024-09-06,2024-09-10,100,3,Delayed,Antipolo,1,"Carrier Backlog"
S003311,O003311,"JRS Express",n/a,"2022-12-02 21:36:00",2022-12-06,2022-12-10,180,5,Delayed,Makati,3,"Address Issue"
S003312,O003312,"J&T Express",TRK890818740,"2022-02-10 23:32:00",NULL,NULL,350,10,Preparing,Taguig,2,"Carrier Backlog"
S003313,O003313,"Ninja Van",TRK27423316,"2022-07-11 01:44:00",2022-07-12,2022-07-18,100,2,Delayed,Manila,3,"Customer Unavailable"
S003314,O003314,"Ninja Van",TRK987781247,"2023-01-26 19:32:00",2023-01-27,2023-02-03,500,20,Delayed,"Quezon city",1,Weather
S003315,O003315,LBC,n/a,"2026-01-10 06:44:00",2026-01-14,2026-01-16,180,20,Delayed,Iloilo,0,Weather
S003316,O003316,FedEx,TRK62835653,"2022-11-26 10:53:00",2022-11-30,2022-12-02,120,20,Delayed,Iloilo,0,"Address Issue"
S003317,O003317,2GO,TRK531833703,"2025-12-27 00:15:00",2026-01-08,2026-01-13,80,10,Delayed,Iloilo,1,n/a
S003318,O003318,"JRS Express",TRK847280899,"2025-02-16 20:11:00",2025-02-22,2025-02-27,250,0,Delayed,Iloilo,1,"Carrier Backlog"
S003319,O003319,FedEx,TRK749966618,"2024-04-29 14:47:00",2024-05-08,NULL,0,5,Preparing,n/a,1,"Warehouse Delay"
S003320,O003320,LBC,TRK247549846,"2022-07-13 18:26:00",2022-07-24,2022-07-30,350,3,Delayed,Pasig,0,"Customer Unavailable"
S003321,O003321,"J&T Express",n/a,"2023-07-16 18:31:00",2023-07-28,2023-08-03,0,1,Delayed,Caloocan,2,"Carrier Backlog"
S003322,O003322,2GO,TRK897701238,"2022-09-17 09:39:00",2022-09-23,2022-09-30,80,0,Delayed,Taguig,1,Weather
S003323,O003323,LBC,TRK596142719,"2024-12-11 19:04:00",2024-12-20,2024-12-21,0,5,Delayed,Iloilo,0,"Warehouse Delay"
S003324,O003324,FedEx,TRK78889176,"2022-11-22 03:21:00",NULL,NULL,120,5,Preparing,Pasig,1,n/a
S003325,O003325,"J&T Express",TRK60873725,"2023-03-01 06:34:00",2023-03-08,2023-03-06,80,3,Delivered,Pasig,1,"Customer Unavailable"
S003326,O003326,FedEx,TRK82293457,"2024-01-16 17:17:00",2024-01-22,2024-01-22,80,3,"Out for Delivery","Quezon city",0,n/a
S003327,O003327,LBC,TRK30083856,"2025-09-06 04:14:00",2025-09-18,2025-09-18,350,5,"Out for Delivery",Makati,1,"Customer Unavailable"
S003328,O003328,LBC,TRK75339579,"2022-02-19 01:41:00",2022-02-25,2022-03-04,100,1,Delayed,Antipolo,2,"Customer Unavailable"
S003329,O003329,LBC,TRK61384611,"2023-02-18 11:41:00",NULL,NULL,100,2,Preparing,Taguig,1,"Warehouse Delay"
S003330,O003330,"J&T Express",TRK230502556,"2022-03-26 22:10:00",2022-03-28,2022-04-02,120,0.5,Delayed,Iloilo,1,Weather
S003331,O003331,2GO,TRK499407512,"2023-01-08 17:14:00",NULL,NULL,500,15,Preparing,Taguig,3,Weather
S003332,O003332,LBC,TRK978805619,"2025-01-15 12:26:00",NULL,NULL,120,0,Returned,"Davao city",1,"Customer Unavailable"
S003333,O003333,"Ninja Van",n/a,"2022-07-30 20:23:00",2022-08-03,2022-08-09,500,2,Delayed,Makati,0,"Customer Unavailable"
S003334,O003334,2GO,TRK913831687,"2022-09-28 18:23:00",2022-10-07,NULL,120,20,Preparing,"Quezon city",1,Weather
S003335,O003335,"JRS Express",n/a,"2022-10-21 09:58:00",2022-10-29,2022-11-01,80,10,Delayed,"Davao city",0,n/a
S003336,O003336,"J&T Express",n/a,"2025-11-21 10:36:00",2025-11-25,2025-12-01,150,3,Delayed,Makati,2,"Warehouse Delay"
S003337,O003337,LBC,TRK28962495,"2022-09-05 06:26:00",2022-09-14,2022-09-14,100,3,"Out for Delivery",Caloocan,1,"Address Issue"
S003338,O003338,"JRS Express",TRK60089451,"2022-06-21 03:01:00",2022-07-02,2022-07-04,250,15,Delayed,Antipolo,2,"Customer Unavailable"
S003339,O003339,"Ninja Van",n/a,"2022-03-10 22:44:00",2022-03-15,2022-03-18,350,20,Delayed,Taguig,1,"Carrier Backlog"
S003340,O003340,"JRS Express",n/a,"2024-03-10 01:13:00",2024-03-22,NULL,120,15,Returned,"Davao city",1,"Customer Unavailable"
S003341,O003341,LBC,n/a,"2023-03-10 20:03:00",2023-03-19,2023-03-24,350,1,Delayed,Pasig,0,"Carrier Backlog"
S003342,O003342,"J&T Express",n/a,"2024-09-13 10:47:00",NULL,NULL,100,15,Preparing,Iloilo,1,n/a
S003343,O003343,DHL,TRK76617679,"2023-11-17 04:16:00",2023-11-23,2023-11-25,250,0,Delayed,Pasig,2,"Address Issue"
S003344,O003344,2GO,TRK79662940,"2024-12-30 09:06:00",NULL,NULL,0,1,Preparing,Caloocan,1,"Warehouse Delay"
S003345,O003345,2GO,TRK35340986,"2024-11-01 04:07:00",2024-11-08,2024-11-11,180,1,Delayed,Iloilo,3,Weather
S003346,O003346,LBC,TRK859547242,"2024-05-21 06:49:00",2024-06-01,2024-05-30,180,10,Delivered,"Cebu city",1,n/a
S003347,O003347,"Ninja Van",n/a,"2025-09-10 11:15:00",NULL,NULL,180,15,Preparing,n/a,0,"Warehouse Delay"
S003348,O003348,FedEx,TRK23714690,"2023-11-07 03:57:00",2023-11-11,2023-11-14,80,0,Delayed,Caloocan,3,"Address Issue"
S003349,O003349,DHL,n/a,"2023-06-13 13:22:00",2023-06-15,NULL,100,3,Preparing,"Cebu city",1,"Warehouse Delay"
S003350,O003350,"J&T Express",n/a,"2024-01-19 11:25:00",2024-01-23,2024-01-23,100,10,"Out for Delivery",Manila,1,"Warehouse Delay"
S003351,O003351,DHL,n/a,"2023-11-25 07:35:00",2023-11-30,2023-11-28,150,20,Delivered,Manila,1,"Warehouse Delay"
S003352,O003352,LBC,TRK99452029,"2025-07-30 10:22:00",NULL,NULL,120,5,Preparing,"Quezon city",1,"Address Issue"
S003353,O003353,"JRS Express",TRK91047132,"2023-05-29 23:44:00",2023-06-07,2023-06-14,120,2,Delayed,Taguig,3,Weather
S003354,O003354,"Ninja Van",TRK226756078,"2024-07-20 02:22:00",2024-07-26,2024-07-30,80,15,Delayed,"Davao city",1,Weather
S003355,O003355,"J&T Express",TRK63811082,"2023-10-28 10:23:00",2023-10-29,NULL,80,15,Preparing,"Quezon city",1,"Carrier Backlog"
S003356,O003356,2GO,n/a,"2024-03-17 16:23:00",2024-03-27,2024-04-03,180,1,Delayed,Makati,0,"Carrier Backlog"
S003357,O003357,2GO,TRK371849442,"2025-08-18 02:41:00",2025-08-25,2025-08-23,100,20,Delivered,Iloilo,1,"Address Issue"
S003358,O003358,DHL,TRK59323925,"2025-02-27 02:20:00",2025-03-02,2025-03-04,350,15,Delayed,Iloilo,1,"Customer Unavailable"
S003359,O003359,DHL,n/a,"2023-09-22 07:22:00",2023-09-26,2023-09-26,100,3,"Out for Delivery",Antipolo,2,"Customer Unavailable"
S003360,O003360,"J&T Express",TRK895966011,"2023-07-07 09:35:00",2023-07-18,2023-07-23,500,20,Delayed,Pasig,1,"Address Issue"
S003361,O003361,2GO,TRK138799338,"2022-12-15 16:34:00",2022-12-17,2022-12-24,80,1,Delayed,"Cebu city",1,"Customer Unavailable"
S003362,O003362,"J&T Express",n/a,"2022-01-07 15:25:00",NULL,NULL,80,5,Preparing,Manila,1,Weather
S003363,O003363,LBC,TRK214994999,"2025-09-20 20:02:00",2025-09-28,2025-10-01,120,2,Delayed,Taguig,0,"Customer Unavailable"
S003364,O003364,2GO,n/a,"2022-05-03 06:43:00",2022-05-07,2022-05-06,250,15,Delivered,Iloilo,3,n/a
S003365,O003365,2GO,TRK849633596,"2022-03-21 16:44:00",NULL,NULL,80,10,Preparing,"Davao city",1,n/a
S003366,O003366,"J&T Express",TRK45234652,"2023-08-24 20:26:00",NULL,NULL,350,0,Preparing,Iloilo,0,"Address Issue"
S003367,O003367,LBC,TRK505935600,"2025-08-23 23:33:00",2025-08-24,2025-08-31,150,5,Delayed,"Cebu city",0,"Address Issue"
S003368,O003368,"J&T Express",TRK53676843,"2025-06-03 13:47:00",2025-06-11,2025-06-16,500,5,Delayed,Manila,3,"Address Issue"
S003369,O003369,"JRS Express",TRK34844221,"2024-12-01 03:34:00",2024-12-05,2024-12-10,180,0,Delayed,"Cebu city",1,"Carrier Backlog"
S003370,O003370,"J&T Express",TRK38503054,"2022-10-03 05:13:00",2022-10-04,2022-10-07,250,5,Delayed,Taguig,1,"Customer Unavailable"
S003371,O003371,LBC,TRK434423884,"2024-04-18 02:24:00",2024-04-20,2024-04-24,250,2,Delayed,Iloilo,3,Weather
S003372,O003372,DHL,n/a,"2023-08-08 02:04:00",2023-08-20,NULL,350,5,Preparing,"Quezon city",3,"Carrier Backlog"
S003373,O003373,"Ninja Van",TRK36936364,"2024-09-12 00:57:00",2024-09-21,2024-09-21,250,15,"Out for Delivery",n/a,1,"Customer Unavailable"
S003374,O003374,"J&T Express",TRK54961139,"2024-02-25 18:56:00",2024-03-08,2024-03-07,180,1,Delivered,Antipolo,1,Weather
S003375,O003375,"JRS Express",n/a,"2024-11-22 06:45:00",2024-12-03,2024-12-09,0,0.5,Delayed,Caloocan,2,"Warehouse Delay"
S003376,O003376,"JRS Express",n/a,"2025-12-05 17:19:00",2025-12-09,2025-12-13,350,0,Delayed,Pasig,3,Weather
S003377,O003377,"JRS Express",TRK985565586,"2022-03-02 11:07:00",2022-03-14,2022-03-21,180,1,Delayed,Manila,1,"Carrier Backlog"
S003378,O003378,"J&T Express",TRK52925521,"2025-07-15 05:25:00",2025-07-24,2025-07-24,120,3,"Out for Delivery",Makati,2,"Carrier Backlog"
S003379,O003379,2GO,TRK971190395,"2024-10-26 10:21:00",2024-11-02,2024-11-03,350,2,Delayed,Iloilo,3,"Warehouse Delay"
S003380,O003380,"JRS Express",TRK58049922,"2022-12-08 10:23:00",2022-12-14,2022-12-20,100,10,Delayed,"Cebu city",0,Weather
S003381,O003381,"Ninja Van",TRK58986000,"2024-10-06 00:02:00",2024-10-12,2024-10-14,0,20,Delayed,Caloocan,1,"Customer Unavailable"
S003382,O003382,FedEx,n/a,"2022-08-24 21:12:00",2022-09-02,2022-09-09,120,20,Delayed,Caloocan,1,"Address Issue"
S003383,O003383,2GO,n/a,"2023-08-19 20:17:00",2023-08-27,NULL,180,0,Preparing,Manila,0,Weather
S003384,O003384,LBC,n/a,"2022-05-08 04:58:00",2022-05-11,2022-05-11,80,5,"Out for Delivery",Iloilo,1,"Address Issue"
S003385,O003385,"J&T Express",TRK12484641,"2025-03-03 22:44:00",2025-03-04,2025-03-06,150,15,Delayed,"Cebu city",2,Weather
S003386,O003386,FedEx,TRK696017937,"2024-01-29 03:21:00",2024-01-30,2024-02-02,0,0,Delayed,Pasig,1,"Address Issue"
S003387,O003387,FedEx,TRK135834488,"2025-06-22 04:17:00",2025-06-25,2025-06-25,100,3,"Out for Delivery",Antipolo,0,"Carrier Backlog"
S003388,O003388,FedEx,n/a,"2023-02-21 01:31:00",2023-03-03,2023-03-03,100,20,"Out for Delivery",Taguig,1,"Address Issue"
S003389,O003389,FedEx,n/a,"2022-05-12 07:43:00",2022-05-23,2022-05-29,80,10,Delayed,Antipolo,2,Weather
S003390,O003390,DHL,TRK316621203,"2022-08-30 14:54:00",2022-09-01,2022-09-06,0,1,Delayed,"Cebu city",2,n/a
S003391,O003391,"JRS Express",TRK32053182,"2022-04-15 06:05:00",2022-04-25,NULL,250,1,Preparing,Taguig,2,Weather
S003392,O003392,"Ninja Van",TRK23089520,"2022-05-17 07:33:00",2022-05-25,NULL,100,0,Preparing,Pasig,1,n/a
S003393,O003393,DHL,TRK409409733,"2023-04-08 00:01:00",2023-04-11,2023-04-11,100,20,"Out for Delivery",Iloilo,1,"Warehouse Delay"
S003394,O003394,"JRS Express",TRK266539808,"2023-03-14 16:08:00",2023-03-22,2023-03-21,120,0,Delivered,Antipolo,1,"Warehouse Delay"
S003395,O003395,DHL,n/a,"2025-05-04 13:47:00",2025-05-11,2025-05-14,100,15,Delayed,Taguig,0,Weather
S003396,O003396,"JRS Express",TRK59605631,"2023-11-17 09:03:00",2023-11-28,2023-12-01,180,1,Delayed,"Cebu city",1,"Warehouse Delay"
S003397,O003397,"J&T Express",TRK961841100,"2024-12-08 22:24:00",2024-12-17,NULL,0,1,Preparing,Pasig,2,"Carrier Backlog"
S003398,O003398,DHL,n/a,"2024-07-24 19:21:00",NULL,NULL,150,0,Preparing,Manila,1,"Warehouse Delay"
S003399,O003399,DHL,n/a,"2022-09-06 17:54:00",2022-09-15,2022-09-14,180,3,Delivered,"Davao city",2,n/a
S003400,O003400,"JRS Express",n/a,"2023-08-26 11:30:00",2023-08-28,2023-09-01,80,3,Delayed,"Quezon city",1,n/a
S003401,O003401,2GO,TRK303123627,"2022-03-25 11:26:00",2022-03-28,2022-04-04,250,0.5,Delayed,Taguig,1,"Carrier Backlog"
S003402,O003402,"J&T Express",n/a,"2022-07-02 06:56:00",2022-07-11,2022-07-17,350,15,Delayed,Caloocan,1,Weather
S003403,O003403,"Ninja Van",TRK670286400,"2022-09-24 12:29:00",2022-10-03,2022-10-03,120,0,"Out for Delivery","Davao city",1,"Customer Unavailable"
S003404,O003404,"Ninja Van",TRK45452115,"2022-05-08 13:58:00",2022-05-12,NULL,180,20,Preparing,Makati,1,Weather
S003405,O003405,"JRS Express",n/a,"2025-11-06 23:00:00",2025-11-11,2025-11-14,80,5,Delayed,"Quezon city",1,"Warehouse Delay"
S003406,O003406,DHL,TRK647837128,"2023-07-13 02:48:00",2023-07-19,2023-07-26,120,2,Delayed,Makati,1,"Carrier Backlog"
S003407,O003407,2GO,n/a,"2024-01-12 21:42:00",2024-01-17,2024-01-21,100,15,Delayed,Pasig,1,"Warehouse Delay"
S003408,O003408,"J&T Express",TRK19943101,"2023-07-02 14:43:00",2023-07-04,2023-07-08,150,5,Delayed,Antipolo,1,"Customer Unavailable"
S003409,O003409,"Ninja Van",n/a,"2023-04-21 15:02:00",2023-04-23,2023-04-21,150,3,Delivered,Iloilo,1,"Customer Unavailable"
S003410,O003410,2GO,TRK364936533,"2025-02-19 14:55:00",2025-03-01,NULL,100,3,Preparing,Antipolo,1,Weather
S003411,O003411,LBC,n/a,"2023-06-25 20:55:00",2023-06-29,NULL,100,1,Preparing,n/a,1,Weather
S003412,O003412,2GO,TRK764311021,"2023-02-18 15:55:00",2023-02-25,2023-03-02,0,3,Delayed,Pasig,2,"Carrier Backlog"
S003413,O003413,DHL,TRK675789212,"2025-09-09 03:30:00",2025-09-11,2025-09-12,500,15,Delayed,Manila,2,"Carrier Backlog"
S003414,O003414,"Ninja Van",n/a,"2023-01-03 04:56:00",2023-01-04,2023-01-04,0,2,"Out for Delivery",Iloilo,1,"Carrier Backlog"
S003415,O003415,"JRS Express",TRK61028600,"2024-12-29 23:37:00",2024-12-31,2024-12-29,150,0.5,Delivered,"Davao city",1,"Warehouse Delay"
S003416,O003416,FedEx,TRK15254912,"2023-12-09 10:12:00",2023-12-16,2023-12-15,0,5,Delivered,Pasig,1,"Customer Unavailable"
S003417,O003417,"Ninja Van",n/a,"2024-12-09 14:45:00",2024-12-21,2024-12-27,350,5,Delayed,Antipolo,1,"Address Issue"
S003418,O003418,2GO,TRK56429127,"2025-07-21 21:00:00",2025-07-30,2025-07-31,500,0,Delayed,"Cebu city",1,"Carrier Backlog"
S003419,O003419,"JRS Express",TRK134512154,"2023-02-17 04:30:00",2023-02-28,2023-03-05,250,2,Delayed,Pasig,2,"Warehouse Delay"
S003420,O003420,"JRS Express",n/a,"2024-12-16 23:23:00",2024-12-19,2024-12-17,250,0.5,Delivered,Taguig,1,"Warehouse Delay"
S003421,O003421,"JRS Express",n/a,"2025-09-30 02:41:00",2025-10-02,2025-09-30,80,5,Delivered,"Cebu city",1,"Warehouse Delay"
S003422,O003422,DHL,n/a,"2024-10-10 17:07:00",2024-10-15,2024-10-17,120,2,Delayed,Antipolo,1,"Address Issue"
S003423,O003423,"J&T Express",n/a,"2023-09-08 19:39:00",2023-09-15,2023-09-17,0,2,Delayed,"Quezon city",3,"Warehouse Delay"
S003424,O003424,"Ninja Van",TRK515243413,"2024-08-16 23:43:00",2024-08-27,2024-08-26,180,20,Delivered,"Quezon city",1,"Address Issue"
S003425,O003425,LBC,n/a,"2024-08-31 21:22:00",2024-09-08,2024-09-09,120,3,Delayed,"Davao city",2,"Carrier Backlog"
S003426,O003426,2GO,TRK449200636,"2022-12-14 13:14:00",2022-12-26,2022-12-28,350,5,Delayed,"Davao city",1,"Address Issue"
S003427,O003427,FedEx,TRK42397983,"2022-07-18 06:51:00",2022-07-24,2022-07-26,500,0,Delayed,"Davao city",2,"Carrier Backlog"
S003428,O003428,LBC,TRK718155590,"2023-02-21 20:24:00",2023-02-23,2023-02-28,500,20,Delayed,"Cebu city",1,Weather
S003429,O003429,"J&T Express",TRK490806016,"2025-04-25 10:46:00",2025-05-06,2025-05-05,250,0.5,Delivered,Taguig,1,n/a
S003430,O003430,FedEx,TRK633231220,"2023-07-20 14:51:00",2023-07-26,2023-07-25,80,3,Delivered,Manila,0,n/a
S003431,O003431,"JRS Express",n/a,"2024-02-20 23:47:00",2024-03-02,2024-03-09,80,0,Delayed,Makati,3,"Customer Unavailable"
S003432,O003432,DHL,TRK31823038,"2022-11-24 13:40:00",2022-12-02,NULL,100,1,Preparing,Manila,0,"Address Issue"
S003433,O003433,"J&T Express",TRK40100611,"2022-08-24 09:17:00",2022-08-31,2022-09-01,350,5,Delayed,Iloilo,1,"Carrier Backlog"
S003434,O003434,"Ninja Van",n/a,"2024-08-30 20:07:00",2024-09-03,2024-09-05,80,2,Delayed,Iloilo,3,"Customer Unavailable"
S003435,O003435,FedEx,TRK46031991,"2024-12-31 18:07:00",2025-01-08,2025-01-10,250,0,Delayed,Pasig,0,n/a
S003436,O003436,2GO,n/a,"2024-01-31 06:08:00",2024-02-12,2024-02-11,100,10,Delivered,"Cebu city",1,"Customer Unavailable"
S003437,O003437,"JRS Express",n/a,"2022-06-30 03:02:00",2022-07-07,2022-07-09,100,0,Delayed,Pasig,0,"Customer Unavailable"
S003438,O003438,LBC,n/a,"2024-10-21 16:56:00",2024-10-24,2024-10-31,250,2,Delayed,Pasig,0,"Address Issue"
S003439,O003439,"JRS Express",TRK26201211,"2024-11-05 21:32:00",2024-11-08,2024-11-15,180,0,Delayed,"Quezon city",2,"Customer Unavailable"
S003440,O003440,2GO,TRK857501435,"2024-10-20 06:04:00",2024-10-26,NULL,150,0,Preparing,"Cebu city",2,Weather
S003441,O003441,FedEx,n/a,"2024-11-12 06:04:00",2024-11-23,2024-11-29,100,3,Delayed,"Davao city",1,Weather
S003442,O003442,"JRS Express",TRK303523386,"2023-06-04 01:24:00",2023-06-05,2023-06-05,180,10,"Out for Delivery",Taguig,1,"Customer Unavailable"
S003443,O003443,DHL,TRK749549266,"2023-11-22 01:21:00",2023-11-24,2023-11-30,120,1,Delayed,Makati,1,"Warehouse Delay"
S003444,O003444,2GO,TRK19752941,"2024-10-13 01:35:00",2024-10-21,2024-10-27,120,10,Delayed,"Quezon city",1,Weather
S003445,O003445,LBC,TRK81164277,"2025-08-15 20:59:00",2025-08-27,2025-08-25,180,1,Delivered,Makati,1,"Address Issue"
S003446,O003446,FedEx,TRK802243641,"2022-05-02 23:58:00",2022-05-13,2022-05-15,350,15,Delayed,Makati,3,"Customer Unavailable"
S003447,O003447,"JRS Express",TRK705790089,"2025-02-12 18:50:00",2025-02-23,2025-02-24,350,0.5,Delayed,Pasig,1,"Carrier Backlog"
S003448,O003448,"JRS Express",TRK31403935,"2024-04-03 18:14:00",2024-04-06,2024-04-11,180,5,Delayed,Pasig,1,"Carrier Backlog"
S003449,O003449,"Ninja Van",n/a,"2024-01-28 21:34:00",2024-02-01,2024-02-05,500,20,Delayed,Taguig,1,"Address Issue"
S003450,O003450,FedEx,n/a,"2025-11-03 07:17:00",2025-11-13,2025-11-11,350,2,Delivered,Iloilo,1,n/a
S003451,O003451,2GO,TRK752255868,"2023-09-17 21:55:00",2023-09-22,2023-09-23,0,0,Delayed,Antipolo,1,n/a
S003452,O003452,"JRS Express",TRK132354044,"2022-09-09 03:21:00",2022-09-19,2022-09-26,150,5,Delayed,Taguig,1,Weather
S003453,O003453,"Ninja Van",n/a,"2025-08-01 21:03:00",2025-08-10,2025-08-15,150,5,Delayed,"Cebu city",3,"Carrier Backlog"
S003454,O003454,FedEx,n/a,"2025-03-03 17:21:00",2025-03-09,NULL,100,1,Preparing,Manila,1,"Address Issue"
S003455,O003455,FedEx,n/a,"2024-11-22 00:25:00",2024-11-30,2024-12-06,250,0,Delayed,Antipolo,0,"Customer Unavailable"
S003456,O003456,"Ninja Van",n/a,"2025-09-02 11:36:00",2025-09-03,2025-09-09,350,0,Delayed,Taguig,0,n/a
S003457,O003457,"J&T Express",TRK47535251,"2025-03-08 01:15:00",NULL,NULL,0,0.5,Preparing,"Quezon city",0,Weather
S003458,O003458,FedEx,TRK122464500,"2025-07-08 06:47:00",2025-07-20,2025-07-26,0,0.5,Delayed,Manila,0,Weather
S003459,O003459,DHL,TRK119146584,"2023-01-29 19:02:00",2023-02-10,2023-02-08,150,0,Delivered,"Davao city",1,"Warehouse Delay"
S003460,O003460,DHL,n/a,"2024-04-04 00:56:00",2024-04-16,2024-04-20,120,20,Delayed,Taguig,1,"Warehouse Delay"
S003461,O003461,"JRS Express",TRK98699749,"2026-01-15 20:47:00",2026-01-22,NULL,350,5,Preparing,"Quezon city",3,"Address Issue"
S003462,O003462,DHL,TRK241669061,"2024-11-22 11:21:00",2024-11-26,2024-11-29,100,15,Delayed,"Quezon city",2,"Address Issue"
S003463,O003463,Unknown,n/a,"2023-04-15 05:33:00",2023-04-19,NULL,180,5,Preparing,Taguig,2,Weather
S003464,O003464,"JRS Express",TRK82260306,"2022-08-01 21:28:00",2022-08-13,2022-08-12,0,0.5,Delivered,Makati,1,"Warehouse Delay"
S003465,O003465,"Ninja Van",TRK611411158,"2023-08-31 12:52:00",2023-09-02,2023-09-06,250,3,Delayed,Caloocan,1,Weather
S003466,O003466,LBC,TRK25505635,"2024-01-25 09:38:00",2024-01-27,2024-02-01,150,1,Delayed,Makati,1,"Customer Unavailable"
S003467,O003467,FedEx,TRK495641855,"2024-07-03 11:32:00",2024-07-06,2024-07-09,100,15,Delayed,Manila,0,n/a
S003468,O003468,DHL,TRK88812173,"2024-05-07 07:15:00",2024-05-09,2024-05-08,0,0.5,Delivered,"Quezon city",1,Weather
S003469,O003469,2GO,n/a,"2025-07-06 09:43:00",2025-07-17,2025-07-17,0,3,"Out for Delivery",Iloilo,1,"Address Issue"
S003470,O003470,DHL,TRK257639962,"2022-08-14 01:33:00",NULL,NULL,120,0.5,Returned,"Davao city",1,"Customer Unavailable"
S003471,O003471,Unknown,TRK65862065,"2025-12-16 03:52:00",NULL,NULL,180,5,Preparing,Taguig,1,"Warehouse Delay"
S003472,O003472,DHL,TRK45076340,"2025-09-19 16:37:00",2025-09-23,2025-09-26,350,15,Delayed,Caloocan,0,"Address Issue"
S003473,O003473,"Ninja Van",TRK65729565,"2025-03-09 09:35:00",2025-03-15,2025-03-14,80,0.5,Delivered,Pasig,0,"Carrier Backlog"
S003474,O003474,DHL,TRK95336918,"2024-02-29 21:41:00",2024-03-06,NULL,80,0.5,Preparing,Iloilo,3,"Warehouse Delay"
S003475,O003475,"Ninja Van",TRK883158928,"2023-05-30 14:14:00",2023-06-01,2023-05-30,0,2,Delivered,Pasig,0,Weather
S003476,O003476,"JRS Express",n/a,"2025-05-22 12:45:00",2025-06-03,2025-06-04,180,3,Delayed,Iloilo,1,"Customer Unavailable"
S003477,O003477,"J&T Express",n/a,"2024-09-01 12:34:00",2024-09-13,2024-09-11,150,1,Delivered,"Davao city",1,n/a
S003478,O003478,LBC,n/a,"2024-05-28 10:06:00",2024-05-31,2024-05-31,250,5,"Out for Delivery",Antipolo,2,"Address Issue"
S003479,O003479,"JRS Express",TRK80961830,"2023-12-02 15:10:00",2023-12-07,2023-12-07,120,10,"Out for Delivery",n/a,1,"Customer Unavailable"
S003480,O003480,FedEx,TRK428333086,"2023-11-14 05:14:00",2023-11-15,2023-11-22,100,5,Delayed,Manila,1,"Warehouse Delay"
S003481,O003481,"J&T Express",n/a,"2025-04-04 22:15:00",2025-04-07,NULL,80,1,Preparing,"Davao city",3,"Carrier Backlog"
S003482,O003482,"JRS Express",n/a,"2025-06-16 06:20:00",2025-06-20,NULL,120,3,Returned,Makati,1,"Customer Unavailable"
S003483,O003483,"JRS Express",TRK221145247,"2024-11-10 05:59:00",2024-11-17,NULL,120,3,Preparing,Caloocan,1,"Address Issue"
S003484,O003484,"JRS Express",n/a,"2022-08-03 12:15:00",2022-08-15,NULL,350,10,Returned,n/a,2,"Customer Unavailable"
S003485,O003485,DHL,n/a,"2024-11-11 04:03:00",2024-11-20,2024-11-21,500,15,Delayed,"Davao city",1,"Carrier Backlog"
S003486,O003486,LBC,TRK624263327,"2025-10-07 10:21:00",2025-10-18,NULL,150,5,Preparing,Antipolo,1,"Warehouse Delay"
S003487,O003487,DHL,TRK31331053,"2025-06-14 02:34:00",NULL,NULL,350,10,Preparing,Makati,0,"Carrier Backlog"
S003488,O003488,"J&T Express",TRK722828324,"2025-12-16 19:38:00",2025-12-20,2025-12-26,350,15,Delayed,Taguig,1,"Address Issue"
S003489,O003489,LBC,TRK288426487,"2022-12-26 15:27:00",2023-01-02,NULL,0,3,Returned,Pasig,0,"Customer Unavailable"
S003490,O003490,DHL,TRK902311991,"2024-09-05 00:54:00",2024-09-12,2024-09-15,80,1,Delayed,Pasig,1,Weather
S003491,O003491,FedEx,n/a,"2025-04-15 01:29:00",NULL,NULL,80,1,Returned,Taguig,1,"Customer Unavailable"
S003492,O003492,2GO,TRK938795021,"2025-11-10 05:21:00",2025-11-20,2025-11-21,0,10,Delayed,"Quezon city",1,"Customer Unavailable"
S003493,O003493,2GO,TRK31544282,"2025-03-20 08:38:00",2025-03-22,2025-03-22,100,15,"Out for Delivery","Cebu city",1,"Address Issue"
S003494,O003494,DHL,TRK39742107,"2025-05-19 02:07:00",2025-05-23,NULL,500,20,Returned,Makati,3,"Customer Unavailable"
S003495,O003495,DHL,TRK34346639,"2022-03-08 00:39:00",NULL,NULL,500,1,Preparing,Pasig,3,n/a
S003496,O003496,"J&T Express",n/a,"2024-02-15 00:00:00",2024-02-26,2024-02-26,150,0,"Out for Delivery","Davao city",1,"Address Issue"
S003497,O003497,LBC,n/a,"2022-09-14 01:17:00",2022-09-25,2022-10-01,150,5,Delayed,Antipolo,1,Weather
S003498,O003498,"Ninja Van",n/a,"2022-07-08 13:23:00",2022-07-09,2022-07-09,150,5,"Out for Delivery",n/a,3,"Address Issue"
S003499,O003499,"J&T Express",TRK847151632,"2025-11-06 06:41:00",2025-11-16,2025-11-19,80,5,Delayed,Makati,1,"Address Issue"
S003500,O003500,"J&T Express",TRK535683747,"2025-03-15 21:13:00",2025-03-21,2025-03-20,0,3,Delivered,"Cebu city",3,Weather
S003501,O003501,2GO,TRK43587272,"2025-04-01 18:22:00",NULL,NULL,180,0.5,Returned,Pasig,1,"Customer Unavailable"
S003502,O003502,2GO,TRK180682640,"2022-01-30 22:44:00",2022-02-06,NULL,150,1,Preparing,"Davao city",1,Weather
S003503,O003503,"JRS Express",n/a,"2023-01-02 21:36:00",2023-01-03,2023-01-03,80,3,"Out for Delivery",Iloilo,1,"Address Issue"
S003504,O003504,"JRS Express",TRK735437938,"2023-09-23 15:42:00",2023-09-29,NULL,350,5,Preparing,Manila,1,n/a
S003505,O003505,LBC,n/a,"2022-07-10 15:15:00",2022-07-14,2022-07-15,100,3,Delayed,Makati,3,Weather
S003506,O003506,LBC,TRK340733815,"2024-07-19 15:48:00",2024-07-20,2024-07-26,500,5,Delayed,Makati,1,Weather
S003507,O003507,"JRS Express",n/a,"2024-04-02 02:26:00",2024-04-06,2024-04-06,80,1,"Out for Delivery",Manila,1,Weather
S003508,O003508,DHL,n/a,"2025-11-20 10:02:00",2025-11-23,2025-11-26,250,2,Delayed,Antipolo,0,Weather
S003509,O003509,"Ninja Van",TRK627273363,"2022-02-02 16:24:00",2022-02-07,2022-02-05,250,10,Delivered,Antipolo,2,"Address Issue"
S003510,O003510,DHL,TRK441633773,"2022-10-03 20:43:00",2022-10-10,NULL,80,3,Preparing,"Quezon city",3,"Address Issue"
S003511,O003511,DHL,n/a,"2025-04-09 17:26:00",2025-04-18,2025-04-16,180,15,Delivered,Iloilo,2,Weather
S003512,O003512,"J&T Express",TRK253485471,"2024-11-25 22:38:00",2024-12-05,NULL,150,3,Returned,"Cebu city",3,"Customer Unavailable"
S003513,O003513,2GO,TRK363589727,"2023-08-13 05:07:00",2023-08-22,2023-08-22,350,1,"Out for Delivery",Iloilo,2,"Warehouse Delay"
S003514,O003514,2GO,n/a,"2023-12-08 01:56:00",2023-12-10,2023-12-11,250,0.5,Delayed,"Cebu city",1,n/a
S003515,O003515,FedEx,n/a,"2024-02-02 16:53:00",2024-02-07,2024-02-10,150,0,Delayed,Makati,0,"Carrier Backlog"
S003516,O003516,"J&T Express",TRK83727352,"2025-01-30 23:19:00",2025-02-01,2025-02-01,150,3,"Out for Delivery",Taguig,1,"Warehouse Delay"
S003517,O003517,"JRS Express",TRK30139174,"2022-04-07 15:01:00",2022-04-14,2022-04-19,250,20,Delayed,"Quezon city",1,"Warehouse Delay"
S003518,O003518,"J&T Express",TRK87266305,"2025-02-04 05:13:00",2025-02-06,2025-02-10,500,20,Delayed,Taguig,1,Weather
S003519,O003519,FedEx,TRK42739401,"2023-09-09 22:40:00",2023-09-19,NULL,150,3,Preparing,Pasig,2,"Warehouse Delay"
S003520,O003520,LBC,n/a,"2022-11-03 00:56:00",2022-11-13,NULL,150,15,Returned,Pasig,1,"Customer Unavailable"
S003521,O003521,DHL,TRK227947771,"2025-10-04 18:02:00",2025-10-15,2025-10-18,180,3,Delayed,"Cebu city",0,"Address Issue"
S003522,O003522,LBC,TRK93727651,"2025-03-01 21:30:00",2025-03-11,2025-03-10,500,15,Delivered,Iloilo,2,"Address Issue"
S003523,O003523,DHL,TRK78276264,"2025-10-27 09:50:00",2025-10-30,2025-10-29,0,0.5,Delivered,Caloocan,1,"Address Issue"
S003524,O003524,"JRS Express",n/a,"2024-02-11 11:40:00",2024-02-19,2024-02-23,0,0,Delayed,Pasig,1,n/a
S003525,O003525,2GO,n/a,"2024-01-31 09:08:00",2024-02-08,2024-02-10,100,0,Delayed,Manila,1,Weather
S003526,O003526,"Ninja Van",n/a,"2023-06-06 06:23:00",NULL,NULL,120,3,Preparing,Makati,3,"Address Issue"
S003527,O003527,"Ninja Van",TRK220928608,"2023-01-05 07:19:00",2023-01-10,2023-01-17,250,20,Delayed,Pasig,2,"Warehouse Delay"
S003528,O003528,DHL,TRK30497964,"2024-02-03 04:09:00",2024-02-12,2024-02-11,100,10,Delivered,Manila,1,"Customer Unavailable"
S003529,O003529,2GO,TRK855230159,"2025-09-12 18:58:00",2025-09-15,2025-09-21,80,2,Delayed,"Cebu city",1,"Warehouse Delay"
S003530,O003530,"J&T Express",n/a,"2022-05-12 03:37:00",2022-05-17,NULL,120,3,Preparing,"Davao city",0,"Carrier Backlog"
S003531,O003531,"J&T Express",n/a,"2025-08-02 11:25:00",2025-08-12,2025-08-13,150,1,Delayed,Manila,1,"Customer Unavailable"
S003532,O003532,LBC,TRK411867607,"2022-11-11 02:53:00",2022-11-13,2022-11-20,350,5,Delayed,"Davao city",0,"Warehouse Delay"
S003533,O003533,LBC,TRK582266026,"2023-11-14 09:35:00",2023-11-21,2023-11-19,150,0,Delivered,Makati,1,Weather
S003534,O003534,"Ninja Van",TRK54246302,"2022-11-22 20:10:00",2022-11-26,2022-11-24,80,20,Delivered,"Cebu city",1,"Address Issue"
S003535,O003535,Unknown,n/a,"2025-09-25 10:30:00",2025-10-06,NULL,180,0,Preparing,Manila,1,"Warehouse Delay"
S003536,O003536,"JRS Express",n/a,"2023-02-14 03:00:00",2023-02-22,2023-02-27,180,15,Delayed,Taguig,0,"Address Issue"
S003537,O003537,"JRS Express",TRK30431032,"2024-07-20 10:43:00",2024-07-28,2024-07-30,250,2,Delayed,"Quezon city",0,"Customer Unavailable"
S003538,O003538,Unknown,n/a,"2023-09-25 05:47:00",2023-10-02,2023-10-05,500,20,Delayed,"Quezon city",1,"Address Issue"
S003539,O003539,"J&T Express",TRK21912061,"2023-08-17 02:05:00",2023-08-26,2023-09-02,100,15,Delayed,"Davao city",1,"Customer Unavailable"
S003540,O003540,"JRS Express",n/a,"2022-07-07 22:59:00",2022-07-16,2022-07-14,120,0.5,Delivered,Iloilo,1,"Warehouse Delay"
S003541,O003541,LBC,TRK472332144,"2023-07-21 12:23:00",2023-07-28,2023-08-04,350,2,Delayed,Antipolo,1,"Warehouse Delay"
S003542,O003542,"Ninja Van",TRK74752317,"2022-06-30 17:14:00",NULL,NULL,500,15,Preparing,Antipolo,0,"Address Issue"
S003543,O003543,"JRS Express",n/a,"2023-10-22 18:54:00",2023-10-23,2023-10-27,150,5,Delayed,Iloilo,0,"Carrier Backlog"
S003544,O003544,DHL,TRK48712832,"2022-10-26 22:41:00",2022-10-30,2022-10-31,250,10,Delayed,Pasig,1,n/a
S003545,O003545,"Ninja Van",TRK976691709,"2025-02-25 02:24:00",2025-03-03,2025-03-01,120,5,Delivered,Makati,1,"Carrier Backlog"
S003546,O003546,2GO,TRK93034048,"2024-02-20 06:48:00",2024-02-28,NULL,80,0.5,Returned,Antipolo,1,"Customer Unavailable"
S003547,O003547,DHL,n/a,"2022-08-02 06:40:00",2022-08-04,2022-08-07,0,2,Delayed,Caloocan,1,"Warehouse Delay"
S003548,O003548,DHL,n/a,"2023-03-18 16:06:00",2023-03-29,2023-04-05,80,10,Delayed,Iloilo,0,"Carrier Backlog"
S003549,O003549,2GO,TRK97487432,"2024-08-02 01:48:00",2024-08-13,2024-08-16,120,15,Delayed,Caloocan,2,"Warehouse Delay"
S003550,O003550,DHL,n/a,"2023-01-06 03:28:00",2023-01-17,2023-01-17,150,10,"Out for Delivery",n/a,1,"Warehouse Delay"
S003551,O003551,"Ninja Van",n/a,"2023-04-07 09:42:00",2023-04-13,2023-04-17,80,3,Delayed,"Cebu city",0,Weather
S003552,O003552,"Ninja Van",TRK50190135,"2023-05-01 02:39:00",2023-05-09,2023-05-16,80,1,Delayed,"Quezon city",1,Weather
S003553,O003553,LBC,TRK43152490,"2023-01-09 09:19:00",2023-01-14,2023-01-16,250,10,Delayed,Iloilo,3,Weather
S003554,O003554,FedEx,TRK243728580,"2022-01-02 21:21:00",2022-01-03,NULL,500,20,Preparing,"Davao city",1,n/a
S003555,O003555,DHL,n/a,"2022-01-31 12:52:00",2022-02-04,2022-02-05,180,5,Delayed,"Quezon city",1,"Customer Unavailable"
S003556,O003556,FedEx,n/a,"2024-12-14 07:14:00",2024-12-21,2024-12-19,500,5,Delivered,"Quezon city",2,"Warehouse Delay"
S003557,O003557,"Ninja Van",TRK370113023,"2024-09-02 08:26:00",2024-09-03,NULL,0,3,Preparing,"Cebu city",1,"Address Issue"
S003558,O003558,FedEx,TRK88935575,"2022-12-11 14:14:00",2022-12-22,2022-12-25,0,2,Delayed,"Cebu city",3,"Customer Unavailable"
S003559,O003559,"J&T Express",n/a,"2023-12-30 19:43:00",2024-01-05,2024-01-12,350,1,Delayed,"Davao city",1,"Carrier Backlog"
S003560,O003560,"JRS Express",TRK29970974,"2023-05-17 23:50:00",2023-05-28,2023-06-02,500,0,Delayed,Manila,2,n/a
S003561,O003561,DHL,n/a,"2025-10-07 05:49:00",2025-10-14,2025-10-13,350,3,Delivered,"Quezon city",1,"Carrier Backlog"
S003562,O003562,"JRS Express",TRK88434513,"2022-02-07 05:32:00",2022-02-12,2022-02-11,350,2,Delivered,Antipolo,2,n/a
S003563,O003563,DHL,n/a,"2023-03-16 16:44:00",2023-03-26,2023-03-29,150,2,Delayed,Iloilo,1,"Customer Unavailable"
S003564,O003564,LBC,TRK590510825,"2022-06-09 16:56:00",2022-06-10,2022-06-12,180,2,Delayed,Pasig,1,"Warehouse Delay"
S003565,O003565,FedEx,TRK31100465,"2022-01-15 16:57:00",2022-01-27,2022-01-27,0,5,"Out for Delivery",Caloocan,1,n/a
S003566,O003566,Unknown,TRK73326587,"2024-11-07 19:55:00",2024-11-19,2024-11-26,100,15,Delayed,Antipolo,3,"Carrier Backlog"
S003567,O003567,"JRS Express",n/a,"2025-09-16 13:48:00",2025-09-24,2025-10-01,0,0,Delayed,Antipolo,3,"Warehouse Delay"
S003568,O003568,LBC,n/a,"2022-12-12 13:39:00",NULL,NULL,0,0.5,Preparing,Iloilo,2,"Address Issue"
S003569,O003569,"Ninja Van",TRK45842599,"2025-11-09 23:57:00",2025-11-17,NULL,150,2,Preparing,Antipolo,1,n/a
S003570,O003570,"JRS Express",TRK31965694,"2026-01-09 12:43:00",NULL,NULL,180,5,Preparing,Makati,1,n/a
S003571,O003571,DHL,n/a,"2022-07-29 22:32:00",2022-08-08,2022-08-11,0,5,Delayed,Taguig,3,Weather
S003572,O003572,"Ninja Van",TRK219600605,"2023-08-04 21:25:00",2023-08-14,2023-08-14,0,20,"Out for Delivery",Iloilo,1,n/a
S003573,O003573,FedEx,n/a,"2024-01-22 00:56:00",2024-01-23,2024-01-30,80,20,Delayed,Iloilo,1,Weather
S003574,O003574,LBC,TRK988281433,"2022-04-29 14:41:00",2022-05-07,2022-05-08,150,1,Delayed,Iloilo,0,"Customer Unavailable"
S003575,O003575,FedEx,TRK148982661,"2024-04-29 18:42:00",2024-05-04,2024-05-07,500,5,Delayed,"Cebu city",0,"Carrier Backlog"
S003576,O003576,"Ninja Van",TRK99287090,"2025-12-29 14:18:00",2026-01-06,2026-01-09,120,1,Delayed,Pasig,0,"Carrier Backlog"
S003577,O003577,"J&T Express",TRK10058181,"2022-10-07 11:26:00",2022-10-10,2022-10-11,180,2,Delayed,Iloilo,1,n/a
S003578,O003578,2GO,n/a,"2023-09-02 15:21:00",2023-09-05,2023-09-06,250,3,Delayed,Iloilo,1,"Warehouse Delay"
S003579,O003579,"J&T Express",TRK574933296,"2025-07-20 11:07:00",2025-07-30,2025-07-29,180,15,Delivered,Iloilo,1,"Carrier Backlog"
S003580,O003580,2GO,TRK25214771,"2025-02-18 22:36:00",2025-02-25,2025-02-28,80,0.5,Delayed,Pasig,1,"Customer Unavailable"
S003581,O003581,"J&T Express",TRK788781357,"2024-08-12 02:34:00",NULL,NULL,250,3,Preparing,Iloilo,3,n/a
S003582,O003582,LBC,TRK709865046,"2022-03-15 14:47:00",2022-03-23,2022-03-30,120,5,Delayed,Pasig,2,n/a
S003583,O003583,"Ninja Van",TRK41970677,"2023-06-27 11:06:00",2023-07-06,2023-07-08,180,5,Delayed,Iloilo,3,"Warehouse Delay"
S003584,O003584,DHL,TRK23909877,"2022-10-08 08:28:00",2022-10-20,2022-10-19,350,3,Delivered,Iloilo,0,"Address Issue"
S003585,O003585,DHL,TRK345024713,"2025-10-14 00:15:00",2025-10-22,2025-10-22,100,2,"Out for Delivery",Pasig,1,Weather
S003586,O003586,DHL,TRK411122407,"2025-10-29 09:52:00",2025-11-01,2025-11-05,500,2,Delayed,Taguig,3,"Customer Unavailable"
S003587,O003587,"JRS Express",TRK69118944,"2023-06-14 21:28:00",2023-06-21,2023-06-23,250,0,Delayed,Makati,1,"Customer Unavailable"
S003588,O003588,"JRS Express",TRK517798064,"2024-10-25 18:13:00",2024-11-01,2024-11-04,350,1,Delayed,n/a,1,"Address Issue"
S003589,O003589,DHL,n/a,"2025-05-02 07:24:00",2025-05-12,2025-05-10,0,10,Delivered,"Davao city",3,n/a
S003590,O003590,LBC,TRK41657774,"2023-09-28 18:56:00",2023-10-02,2023-10-04,80,20,Delayed,Manila,0,Weather
S003591,O003591,LBC,n/a,"2022-07-03 17:48:00",2022-07-12,2022-07-13,120,0,Delayed,"Davao city",1,"Customer Unavailable"
S003592,O003592,LBC,n/a,"2025-03-27 09:51:00",2025-03-31,2025-04-03,120,15,Delayed,Pasig,0,"Address Issue"
S003593,O003593,"J&T Express",TRK17637309,"2024-11-17 07:43:00",2024-11-21,2024-11-25,100,3,Delayed,Antipolo,0,n/a
S003594,O003594,2GO,TRK26454057,"2024-11-14 04:06:00",2024-11-18,2024-11-17,120,20,Delivered,Manila,1,"Customer Unavailable"
S003595,O003595,"Ninja Van",TRK883104978,"2022-04-26 01:45:00",2022-05-03,2022-05-10,0,0.5,Delayed,Makati,2,n/a
S003596,O003596,Unknown,TRK498725392,"2022-06-01 13:09:00",2022-06-07,NULL,80,20,Preparing,"Davao city",3,"Address Issue"
S003597,O003597,"Ninja Van",n/a,"2025-08-16 11:23:00",2025-08-19,2025-08-25,100,2,Delayed,Makati,0,"Carrier Backlog"
S003598,O003598,LBC,TRK212059722,"2025-02-22 17:00:00",2025-02-25,2025-02-26,350,10,Delayed,Pasig,2,"Customer Unavailable"
S003599,O003599,2GO,TRK96759675,"2022-12-11 00:19:00",2022-12-17,2022-12-20,180,20,Delayed,"Quezon city",1,"Carrier Backlog"
S003600,O003600,DHL,TRK567471164,"2025-08-19 22:34:00",2025-08-31,NULL,80,20,Returned,Pasig,1,"Customer Unavailable"
S003601,O003601,LBC,TRK44424102,"2023-06-26 03:44:00",2023-07-05,2023-07-03,100,0,Delivered,Taguig,1,"Address Issue"
S003602,O003602,2GO,n/a,"2024-03-19 04:24:00",2024-03-21,2024-03-28,250,20,Delayed,Caloocan,0,"Customer Unavailable"
S003603,O003603,"Ninja Van",n/a,"2022-10-18 15:40:00",2022-10-30,2022-10-31,0,3,Delayed,Pasig,0,"Warehouse Delay"
S003604,O003604,"J&T Express",TRK69170615,"2022-05-02 05:47:00",2022-05-05,2022-05-10,100,20,Delayed,Manila,1,"Address Issue"
S003605,O003605,Unknown,n/a,"2022-03-03 07:10:00",2022-03-12,2022-03-10,100,5,Delivered,Antipolo,2,"Carrier Backlog"
S003606,O003606,2GO,n/a,"2024-04-05 04:47:00",2024-04-12,2024-04-15,80,20,Delayed,Manila,0,"Address Issue"
S003607,O003607,FedEx,TRK20696893,"2025-02-06 02:16:00",2025-02-08,2025-02-09,180,15,Delayed,Taguig,1,Weather
S003608,O003608,DHL,TRK298363031,"2023-10-03 21:58:00",2023-10-10,2023-10-11,80,5,Delayed,Makati,3,"Carrier Backlog"
S003609,O003609,"Ninja Van",n/a,"2024-08-17 10:48:00",2024-08-28,2024-08-28,150,0,"Out for Delivery",Taguig,1,"Address Issue"
S003610,O003610,DHL,TRK23413462,"2025-01-21 15:30:00",2025-01-23,NULL,150,1,Preparing,Manila,1,"Address Issue"
S003611,O003611,"Ninja Van",TRK608561143,"2022-12-23 16:27:00",2022-12-26,2023-01-01,500,3,Delayed,Taguig,1,n/a
S003612,O003612,"JRS Express",TRK660180589,"2025-09-17 05:12:00",2025-09-21,2025-09-27,180,3,Delayed,Antipolo,1,"Warehouse Delay"
S003613,O003613,"JRS Express",TRK66086729,"2024-08-10 07:35:00",2024-08-21,2024-08-22,150,1,Delayed,"Cebu city",1,n/a
S003614,O003614,FedEx,TRK346776526,"2022-03-10 16:53:00",2022-03-11,2022-03-09,100,20,Delivered,Manila,2,"Customer Unavailable"
S003615,O003615,"J&T Express",TRK33482102,"2022-04-29 08:45:00",2022-05-02,2022-05-05,250,1,Delayed,Taguig,1,"Customer Unavailable"
S003616,O003616,DHL,TRK365733344,"2024-01-18 19:43:00",2024-01-21,2024-01-19,120,1,Delivered,Taguig,2,"Warehouse Delay"
S003617,O003617,LBC,TRK96879125,"2022-08-22 23:06:00",2022-08-26,2022-08-26,250,0.5,"Out for Delivery",Manila,1,Weather
S003618,O003618,"JRS Express",n/a,"2025-01-20 04:51:00",2025-01-29,NULL,80,1,Preparing,Makati,0,"Warehouse Delay"
S003619,O003619,FedEx,TRK221181352,"2023-01-06 11:59:00",2023-01-18,2023-01-20,80,0,Delayed,Iloilo,1,"Customer Unavailable"
S003620,O003620,2GO,TRK60830155,"2025-09-30 10:15:00",2025-10-12,2025-10-15,150,0,Delayed,Antipolo,1,Weather
S003621,O003621,"J&T Express",n/a,"2024-09-29 13:12:00",2024-10-04,2024-10-02,500,1,Delivered,"Davao city",2,n/a
S003622,O003622,LBC,TRK37285113,"2022-05-15 09:09:00",2022-05-19,NULL,100,3,Preparing,"Cebu city",0,"Carrier Backlog"
S003623,O003623,"JRS Express",n/a,"2025-09-07 23:15:00",2025-09-13,2025-09-19,100,5,Delayed,"Cebu city",1,Weather
S003624,O003624,2GO,TRK434050249,"2022-08-22 12:37:00",2022-09-01,2022-09-02,350,10,Delayed,Manila,0,n/a
S003625,O003625,FedEx,TRK175153713,"2025-04-23 14:19:00",2025-05-05,NULL,500,0,Preparing,Makati,3,n/a
S003626,O003626,LBC,TRK523648183,"2025-10-11 13:28:00",2025-10-13,2025-10-11,150,15,Delivered,"Quezon city",1,"Customer Unavailable"
S003627,O003627,"JRS Express",n/a,"2023-07-10 10:50:00",2023-07-17,2023-07-24,250,0.5,Delayed,Makati,3,n/a
S003628,O003628,FedEx,n/a,"2025-01-07 20:31:00",2025-01-11,2025-01-11,500,0,"Out for Delivery",Iloilo,1,"Warehouse Delay"
S003629,O003629,2GO,TRK23085911,"2022-01-06 17:02:00",2022-01-12,2022-01-18,250,0,Delayed,Taguig,2,Weather
S003630,O003630,LBC,TRK256884683,"2025-03-22 09:38:00",2025-03-27,NULL,150,2,Preparing,Manila,2,"Carrier Backlog"
S003631,O003631,"J&T Express",n/a,"2025-02-10 01:49:00",NULL,NULL,120,0.5,Preparing,"Davao city",3,n/a
S003632,O003632,"J&T Express",TRK419857305,"2024-01-30 09:46:00",2024-02-07,2024-02-12,500,20,Delayed,Taguig,2,"Warehouse Delay"
S003633,O003633,LBC,n/a,"2023-06-23 11:11:00",2023-06-24,2023-06-23,350,1,Delivered,"Quezon city",2,"Address Issue"
S003634,O003634,2GO,TRK561950403,"2024-02-01 19:34:00",NULL,NULL,80,5,Preparing,Makati,3,"Address Issue"
S003635,O003635,DHL,TRK618579531,"2024-04-29 22:31:00",NULL,NULL,120,1,Preparing,Makati,3,"Carrier Backlog"
S003636,O003636,FedEx,n/a,"2023-03-08 16:41:00",2023-03-09,2023-03-09,100,1,"Out for Delivery",Pasig,1,"Customer Unavailable"
S003637,O003637,LBC,TRK439259758,"2023-11-18 16:11:00",NULL,NULL,180,2,Returned,"Quezon city",1,"Customer Unavailable"
S003638,O003638,"Ninja Van",TRK51792791,"2023-05-27 11:13:00",NULL,NULL,100,5,Preparing,Antipolo,0,n/a
S003639,O003639,DHL,n/a,"2025-05-18 18:51:00",2025-05-22,2025-05-26,120,5,Delayed,Manila,0,Weather
S003640,O003640,"J&T Express",n/a,"2024-04-13 07:55:00",2024-04-17,2024-04-16,150,2,Delivered,"Cebu city",1,"Customer Unavailable"
S003641,O003641,LBC,n/a,"2025-01-22 00:46:00",2025-02-01,2025-01-31,250,10,Delivered,Taguig,0,"Address Issue"
S003642,O003642,"Ninja Van",TRK76635406,"2024-10-07 00:15:00",2024-10-12,2024-10-19,180,10,Delayed,"Davao city",3,"Customer Unavailable"
S003643,O003643,"JRS Express",TRK47713249,"2025-07-11 06:12:00",2025-07-14,2025-07-20,150,5,Delayed,Pasig,3,"Address Issue"
S003644,O003644,Unknown,TRK61634071,"2023-10-27 02:49:00",2023-11-08,2023-11-15,500,2,Delayed,Iloilo,3,"Customer Unavailable"
S003645,O003645,FedEx,TRK52867444,"2024-05-13 21:11:00",2024-05-25,2024-05-29,100,0.5,Delayed,Caloocan,2,"Address Issue"
S003646,O003646,FedEx,TRK267799595,"2022-06-26 15:59:00",NULL,NULL,150,0,Preparing,Makati,2,"Warehouse Delay"
S003647,O003647,DHL,n/a,"2023-07-04 09:48:00",2023-07-07,2023-07-10,150,10,Delayed,Pasig,1,Weather
S003648,O003648,DHL,TRK304045095,"2023-08-21 04:19:00",NULL,NULL,0,5,Preparing,"Quezon city",1,Weather
S003649,O003649,Unknown,TRK36682731,"2022-03-17 23:01:00",2022-03-27,2022-03-31,500,20,Delayed,Makati,3,Weather
S003650,O003650,DHL,TRK230857852,"2025-03-06 00:24:00",2025-03-18,2025-03-23,0,3,Delayed,Caloocan,1,n/a
S003651,O003651,LBC,n/a,"2023-06-02 04:20:00",2023-06-05,2023-06-04,100,15,Delivered,"Cebu city",3,"Address Issue"
S003652,O003652,FedEx,TRK47835464,"2025-12-21 05:58:00",2025-12-30,2026-01-02,120,15,Delayed,"Davao city",0,"Address Issue"
S003653,O003653,DHL,TRK88499436,"2023-10-06 20:37:00",2023-10-17,2023-10-23,120,0.5,Delayed,"Cebu city",1,"Carrier Backlog"
S003654,O003654,FedEx,TRK10545535,"2022-12-11 08:23:00",2022-12-17,2022-12-18,180,1,Delayed,Manila,0,"Carrier Backlog"
S003655,O003655,DHL,n/a,"2024-06-16 04:23:00",2024-06-18,2024-06-16,350,2,Delivered,Iloilo,1,"Customer Unavailable"
S003656,O003656,DHL,TRK98410215,"2022-11-22 00:02:00",2022-11-30,2022-12-07,0,1,Delayed,"Davao city",0,"Warehouse Delay"
S003657,O003657,"Ninja Van",TRK53902069,"2023-09-13 04:18:00",2023-09-17,2023-09-22,180,5,Delayed,"Cebu city",3,"Warehouse Delay"
S003658,O003658,LBC,TRK86109428,"2023-02-17 22:39:00",2023-02-18,2023-02-17,0,0.5,Delivered,"Quezon city",1,n/a
S003659,O003659,"JRS Express",TRK173108063,"2025-08-26 05:03:00",2025-08-29,2025-09-03,350,1,Delayed,Taguig,0,"Carrier Backlog"
S003660,O003660,LBC,TRK304734420,"2023-09-03 09:44:00",2023-09-06,2023-09-04,500,0,Delivered,"Cebu city",1,"Carrier Backlog"
S003661,O003661,"J&T Express",n/a,"2024-12-23 11:59:00",2024-12-28,2025-01-01,250,20,Delayed,Iloilo,2,"Customer Unavailable"
S003662,O003662,LBC,TRK80329681,"2022-10-16 11:47:00",2022-10-27,NULL,150,15,Preparing,"Davao city",1,Weather
S003663,O003663,DHL,TRK31164283,"2024-01-29 21:50:00",2024-02-08,2024-02-15,350,10,Delayed,Caloocan,0,"Carrier Backlog"
S003664,O003664,LBC,n/a,"2024-06-22 20:18:00",2024-06-25,2024-07-01,80,20,Delayed,Iloilo,1,n/a
S003665,O003665,"Ninja Van",TRK82579819,"2023-05-27 02:25:00",2023-06-08,2023-06-14,100,0,Delayed,Antipolo,2,"Carrier Backlog"
S003666,O003666,"J&T Express",TRK94648498,"2023-08-23 21:53:00",2023-08-30,NULL,150,20,Preparing,Makati,0,n/a
S003667,O003667,2GO,TRK57065073,"2024-05-19 18:27:00",2024-05-25,2024-05-26,350,1,Delayed,"Davao city",1,"Warehouse Delay"
S003668,O003668,DHL,TRK78650825,"2023-04-09 01:30:00",2023-04-11,2023-04-13,80,10,Delayed,Iloilo,1,n/a
S003669,O003669,FedEx,TRK35732781,"2023-02-16 21:43:00",2023-02-18,2023-02-25,180,3,Delayed,Antipolo,2,"Customer Unavailable"
S003670,O003670,"J&T Express",n/a,"2023-04-14 10:02:00",2023-04-22,2023-04-28,350,1,Delayed,Antipolo,3,"Address Issue"
S003671,O003671,LBC,n/a,"2025-09-29 18:44:00",2025-10-11,2025-10-10,80,20,Delivered,n/a,1,"Customer Unavailable"
S003672,O003672,DHL,TRK435155799,"2023-01-26 20:07:00",2023-01-28,2023-01-26,250,0,Delivered,Antipolo,3,"Customer Unavailable"
S003673,O003673,"Ninja Van",TRK616122778,"2022-07-26 05:13:00",2022-08-06,2022-08-04,100,10,Delivered,Makati,3,"Carrier Backlog"
S003674,O003674,"Ninja Van",TRK47179157,"2025-10-05 22:23:00",2025-10-09,2025-10-09,150,10,"Out for Delivery",Antipolo,3,n/a
S003675,O003675,"Ninja Van",n/a,"2024-02-08 17:10:00",2024-02-12,2024-02-12,250,0.5,"Out for Delivery","Cebu city",0,"Address Issue"
S003676,O003676,FedEx,TRK382761582,"2022-06-18 20:00:00",2022-06-22,2022-06-24,150,5,Delayed,Pasig,2,"Address Issue"
S003677,O003677,"J&T Express",n/a,"2023-12-13 17:28:00",2023-12-24,2023-12-25,350,1,Delayed,Antipolo,1,Weather
S003678,O003678,FedEx,TRK50386850,"2025-07-26 02:21:00",NULL,NULL,150,3,Returned,Makati,1,"Customer Unavailable"
S003679,O003679,FedEx,n/a,"2024-12-31 19:26:00",2025-01-08,NULL,0,20,Preparing,Makati,0,"Address Issue"
S003680,O003680,FedEx,TRK35781039,"2022-03-09 17:48:00",2022-03-16,2022-03-17,0,3,Delayed,Taguig,0,"Customer Unavailable"
S003681,O003681,LBC,TRK60977138,"2022-12-14 22:15:00",2022-12-24,2022-12-26,180,20,Delayed,Iloilo,1,Weather
S003682,O003682,LBC,TRK834962388,"2024-07-18 13:11:00",2024-07-23,2024-07-25,500,1,Delayed,Antipolo,1,"Carrier Backlog"
S003683,O003683,DHL,n/a,"2023-11-09 01:17:00",2023-11-12,NULL,500,2,Preparing,Manila,0,"Warehouse Delay"
S003684,O003684,"Ninja Van",TRK15423725,"2025-06-05 22:21:00",2025-06-09,2025-06-14,80,3,Delayed,Taguig,1,"Address Issue"
S003685,O003685,FedEx,TRK797420551,"2023-07-09 12:53:00",2023-07-12,2023-07-14,180,15,Delayed,"Davao city",3,Weather
S003686,O003686,"J&T Express",TRK26910568,"2024-06-15 03:29:00",2024-06-20,2024-06-18,250,1,Delivered,Makati,3,n/a
S003687,O003687,FedEx,n/a,"2024-06-26 19:32:00",2024-07-08,2024-07-06,100,20,Delivered,Manila,1,"Customer Unavailable"
S003688,O003688,DHL,TRK21032246,"2022-03-03 16:48:00",2022-03-08,2022-03-12,150,2,Delayed,Taguig,1,Weather
S003689,O003689,LBC,n/a,"2023-07-04 18:05:00",2023-07-09,NULL,500,2,Preparing,Taguig,0,n/a
S003690,O003690,"Ninja Van",TRK289381267,"2024-02-17 08:28:00",2024-02-21,2024-02-24,250,15,Delayed,"Cebu city",3,"Customer Unavailable"
S003691,O003691,FedEx,n/a,"2025-07-09 00:06:00",2025-07-19,2025-07-18,100,15,Delivered,n/a,3,"Carrier Backlog"
S003692,O003692,FedEx,TRK29260159,"2022-06-13 02:43:00",2022-06-24,NULL,0,1,Preparing,Taguig,1,"Carrier Backlog"
S003693,O003693,"JRS Express",n/a,"2024-01-05 21:06:00",2024-01-13,2024-01-15,120,0,Delayed,Makati,1,Weather
S003694,O003694,DHL,n/a,"2025-09-11 09:22:00",2025-09-16,2025-09-21,180,3,Delayed,Antipolo,3,Weather
S003695,O003695,FedEx,TRK903647374,"2025-11-25 20:12:00",2025-11-30,2025-11-30,0,5,"Out for Delivery",Caloocan,1,Weather
S003696,O003696,2GO,n/a,"2025-02-10 13:09:00",NULL,NULL,180,20,Preparing,Antipolo,1,n/a
S003697,O003697,"Ninja Van",n/a,"2024-08-13 02:30:00",2024-08-25,NULL,180,0.5,Preparing,"Quezon city",1,Weather
S003698,O003698,"JRS Express",TRK217228117,"2025-08-19 20:48:00",2025-08-21,2025-08-22,100,10,Delayed,"Quezon city",1,Weather
S003699,O003699,LBC,TRK291514940,"2025-11-27 20:31:00",2025-12-08,2025-12-09,350,3,Delayed,Antipolo,1,Weather
S003700,O003700,FedEx,TRK586297599,"2023-08-07 12:40:00",2023-08-08,2023-08-10,500,0,Delayed,"Quezon city",2,"Warehouse Delay"
S003701,O003701,"JRS Express",TRK44726664,"2022-04-18 20:48:00",2022-04-19,NULL,100,5,Preparing,"Quezon city",0,"Warehouse Delay"
S003702,O003702,"JRS Express",n/a,"2023-07-23 12:52:00",2023-07-24,2023-07-22,150,0.5,Delivered,"Cebu city",1,"Address Issue"
S003703,O003703,2GO,n/a,"2025-02-05 01:36:00",2025-02-17,2025-02-18,350,0,Delayed,Makati,1,n/a
S003704,O003704,LBC,TRK267897886,"2022-03-30 01:47:00",2022-04-04,2022-04-03,180,15,Delivered,Makati,0,n/a
S003705,O003705,"JRS Express",n/a,"2022-03-13 14:30:00",2022-03-18,2022-03-25,250,3,Delayed,"Cebu city",1,n/a
S003706,O003706,LBC,TRK160237750,"2025-03-01 21:53:00",2025-03-10,NULL,350,10,Preparing,Manila,3,"Carrier Backlog"
S003707,O003707,"Ninja Van",n/a,"2022-05-03 02:11:00",2022-05-07,2022-05-10,80,0,Delayed,Manila,0,n/a
S003708,O003708,FedEx,TRK26919404,"2022-12-04 01:21:00",2022-12-06,2022-12-06,120,0,"Out for Delivery","Quezon city",3,"Carrier Backlog"
S003709,O003709,DHL,TRK68048483,"2023-11-27 14:25:00",2023-11-28,2023-11-28,120,20,"Out for Delivery","Quezon city",1,"Warehouse Delay"
S003710,O003710,LBC,TRK72062407,"2024-07-20 02:25:00",2024-07-22,NULL,180,2,Preparing,Taguig,1,n/a
S003711,O003711,"JRS Express",TRK308629649,"2025-02-25 11:27:00",2025-03-01,2025-03-05,80,10,Delayed,"Davao city",1,"Address Issue"
S003712,O003712,2GO,n/a,"2025-06-05 16:39:00",2025-06-14,NULL,250,15,Preparing,Pasig,2,n/a
S003713,O003713,"J&T Express",TRK56093990,"2024-08-16 09:04:00",2024-08-23,2024-08-23,100,0.5,"Out for Delivery",Iloilo,1,"Warehouse Delay"
S003714,O003714,"J&T Express",n/a,"2023-01-25 09:10:00",2023-01-28,2023-02-01,0,0,Delayed,Taguig,3,"Address Issue"
S003715,O003715,LBC,TRK36105233,"2022-10-19 05:33:00",2022-10-28,NULL,350,1,Preparing,Makati,2,"Carrier Backlog"
S003716,O003716,"JRS Express",n/a,"2024-11-14 23:11:00",NULL,NULL,250,15,Preparing,Makati,1,"Warehouse Delay"
S003717,O003717,"J&T Express",TRK790886371,"2024-05-29 20:48:00",2024-06-03,2024-06-01,120,1,Delivered,Taguig,3,Weather
S003718,O003718,"J&T Express",TRK72518119,"2023-12-25 05:27:00",2023-12-28,2024-01-02,250,1,Delayed,Iloilo,1,"Customer Unavailable"
S003719,O003719,DHL,TRK394786499,"2024-11-17 02:39:00",2024-11-19,NULL,150,0.5,Returned,Makati,2,"Customer Unavailable"
S003720,O003720,LBC,TRK741899452,"2024-07-20 01:30:00",2024-07-26,2024-07-28,350,0,Delayed,Makati,2,"Carrier Backlog"
S003721,O003721,LBC,TRK92907401,"2025-04-26 19:04:00",2025-05-06,2025-05-06,80,15,"Out for Delivery","Quezon city",3,Weather
S003722,O003722,DHL,TRK718915412,"2024-03-02 07:21:00",2024-03-08,2024-03-07,80,3,Delivered,Antipolo,2,"Carrier Backlog"
S003723,O003723,"Ninja Van",n/a,"2025-11-15 18:05:00",2025-11-17,2025-11-20,0,1,Delayed,Makati,2,"Warehouse Delay"
S003724,O003724,LBC,n/a,"2022-03-06 23:17:00",2022-03-07,2022-03-06,180,3,Delivered,Manila,1,"Warehouse Delay"
S003725,O003725,DHL,TRK62260739,"2024-04-02 20:03:00",2024-04-10,2024-04-14,120,0.5,Delayed,Caloocan,1,Weather
S003726,O003726,FedEx,TRK788790113,"2024-09-08 17:12:00",2024-09-09,2024-09-14,180,0,Delayed,Manila,3,Weather
S003727,O003727,"Ninja Van",TRK624588876,"2023-05-02 06:12:00",2023-05-13,2023-05-16,250,5,Delayed,Pasig,1,"Carrier Backlog"
S003728,O003728,"JRS Express",TRK34431084,"2022-02-10 19:16:00",NULL,NULL,250,2,Preparing,Makati,1,n/a
S003729,O003729,"Ninja Van",TRK948142499,"2022-04-07 01:40:00",2022-04-16,2022-04-19,120,20,Delayed,Pasig,1,n/a
S003730,O003730,"J&T Express",n/a,"2023-08-23 20:06:00",2023-08-31,2023-09-02,180,0.5,Delayed,"Davao city",2,"Address Issue"
S003731,O003731,DHL,TRK48945757,"2023-04-05 23:33:00",NULL,NULL,250,1,Preparing,"Davao city",2,"Carrier Backlog"
S003732,O003732,"J&T Express",TRK848178429,"2022-04-21 23:12:00",NULL,NULL,180,10,Returned,Manila,2,"Customer Unavailable"
S003733,O003733,"J&T Express",n/a,"2023-08-09 03:43:00",2023-08-11,2023-08-17,120,10,Delayed,"Quezon city",0,"Address Issue"
S003734,O003734,"JRS Express",n/a,"2025-07-22 12:24:00",2025-07-23,2025-07-22,0,20,Delivered,Makati,1,n/a
S003735,O003735,2GO,n/a,"2023-07-23 19:12:00",2023-07-26,2023-07-29,150,1,Delayed,Antipolo,3,"Address Issue"
S003736,O003736,LBC,TRK27000961,"2025-01-28 20:25:00",2025-02-01,2025-02-01,0,2,"Out for Delivery",Caloocan,0,"Address Issue"
S003737,O003737,FedEx,TRK291360702,"2024-09-14 05:32:00",2024-09-19,2024-09-22,80,15,Delayed,Manila,3,n/a
S003738,O003738,"J&T Express",n/a,"2022-06-23 12:55:00",2022-06-29,2022-06-29,0,10,"Out for Delivery","Cebu city",0,"Warehouse Delay"
S003739,O003739,LBC,n/a,"2023-04-28 06:58:00",2023-05-05,2023-05-12,250,1,Delayed,Antipolo,1,"Carrier Backlog"
S003740,O003740,LBC,n/a,"2022-03-15 20:13:00",2022-03-18,2022-03-20,250,5,Delayed,Antipolo,3,"Address Issue"
S003741,O003741,DHL,n/a,"2024-03-23 05:23:00",2024-03-29,2024-04-03,100,0.5,Delayed,Manila,1,Weather
S003742,O003742,"JRS Express",TRK813992100,"2022-10-03 09:49:00",NULL,NULL,120,0,Preparing,Antipolo,1,"Address Issue"
S003743,O003743,Unknown,TRK64914919,"2024-06-21 10:50:00",2024-06-23,2024-06-28,150,1,Delayed,"Davao city",2,"Address Issue"
S003744,O003744,"Ninja Van",n/a,"2023-01-29 17:54:00",2023-01-31,2023-01-31,100,20,"Out for Delivery",Caloocan,1,"Warehouse Delay"
S003745,O003745,DHL,n/a,"2024-07-16 19:28:00",2024-07-22,2024-07-21,0,1,Delivered,Manila,1,Weather
S003746,O003746,"JRS Express",TRK81305517,"2025-08-03 23:58:00",2025-08-15,2025-08-18,100,2,Delayed,Taguig,1,n/a
S003747,O003747,"J&T Express",TRK962192010,"2024-12-01 20:30:00",2024-12-05,2024-12-05,250,15,"Out for Delivery",Pasig,1,"Customer Unavailable"
S003748,O003748,"J&T Express",TRK91074838,"2024-12-09 13:05:00",2024-12-12,2024-12-14,100,5,Delayed,"Davao city",1,Weather
S003749,O003749,2GO,n/a,"2023-06-30 15:56:00",2023-07-11,2023-07-13,350,3,Delayed,Caloocan,3,"Carrier Backlog"
S003750,O003750,LBC,n/a,"2023-09-11 23:48:00",2023-09-17,NULL,500,15,Preparing,"Davao city",3,n/a
S003751,O003751,"J&T Express",TRK57400900,"2024-11-25 19:12:00",2024-12-06,2024-12-09,100,2,Delayed,Antipolo,3,"Carrier Backlog"
S003752,O003752,2GO,TRK28255738,"2023-09-25 08:14:00",2023-10-03,NULL,250,0.5,Preparing,"Quezon city",2,"Carrier Backlog"
S003753,O003753,FedEx,n/a,"2025-11-22 20:35:00",2025-11-23,NULL,500,5,Preparing,"Davao city",3,"Warehouse Delay"
S003754,O003754,FedEx,n/a,"2025-02-12 07:48:00",NULL,NULL,0,1,Preparing,Taguig,0,"Carrier Backlog"
S003755,O003755,2GO,TRK56924173,"2024-11-23 12:57:00",2024-11-24,NULL,100,0.5,Preparing,Antipolo,2,"Carrier Backlog"
S003756,O003756,FedEx,n/a,"2023-03-24 04:51:00",2023-03-25,NULL,0,0,Preparing,Iloilo,3,"Address Issue"
S003757,O003757,"J&T Express",TRK61121476,"2023-03-02 14:23:00",2023-03-12,2023-03-10,120,5,Delivered,Manila,1,"Address Issue"
S003758,O003758,2GO,n/a,"2024-10-31 14:37:00",2024-11-06,2024-11-10,100,3,Delayed,Taguig,1,"Warehouse Delay"
S003759,O003759,LBC,n/a,"2022-03-07 23:13:00",2022-03-15,2022-03-14,80,0.5,Delivered,"Cebu city",0,"Address Issue"
S003760,O003760,2GO,n/a,"2025-06-20 15:00:00",2025-06-30,2025-07-03,500,20,Delayed,Caloocan,1,"Warehouse Delay"
S003761,O003761,2GO,n/a,"2024-08-07 23:42:00",2024-08-17,2024-08-16,80,2,Delivered,"Quezon city",1,"Address Issue"
S003762,O003762,"JRS Express",TRK898778874,"2025-08-05 09:22:00",2025-08-08,2025-08-06,0,2,Delivered,Taguig,2,Weather
S003763,O003763,FedEx,n/a,"2024-01-24 12:00:00",2024-02-02,2024-02-02,500,15,"Out for Delivery",Taguig,3,"Customer Unavailable"
S003764,O003764,FedEx,TRK870119879,"2023-12-25 23:41:00",2024-01-04,2024-01-03,100,1,Delivered,Taguig,1,"Warehouse Delay"
S003765,O003765,"Ninja Van",TRK19945750,"2025-03-19 10:22:00",2025-03-24,NULL,0,15,Preparing,Taguig,3,"Warehouse Delay"
S003766,O003766,FedEx,TRK43666238,"2025-01-05 14:00:00",2025-01-09,2025-01-15,250,15,Delayed,Antipolo,0,Weather
S003767,O003767,"J&T Express",TRK805678074,"2025-05-19 08:22:00",2025-05-26,2025-05-30,120,15,Delayed,Manila,2,"Warehouse Delay"
S003768,O003768,FedEx,TRK37483857,"2024-12-11 18:34:00",2024-12-15,2024-12-17,500,2,Delayed,Makati,1,Weather
S003769,O003769,FedEx,TRK129500999,"2024-02-19 00:11:00",2024-02-21,2024-02-19,100,20,Delivered,"Cebu city",1,"Warehouse Delay"
S003770,O003770,LBC,TRK649168047,"2025-03-15 04:48:00",2025-03-26,2025-03-29,250,20,Delayed,Makati,3,n/a
S003771,O003771,LBC,TRK43403050,"2025-06-24 08:48:00",2025-06-30,2025-07-01,80,10,Delayed,"Cebu city",1,"Address Issue"
S003772,O003772,"Ninja Van",TRK408093033,"2024-12-09 11:41:00",2024-12-10,2024-12-12,100,3,Delayed,"Davao city",1,n/a
S003773,O003773,2GO,TRK623830095,"2024-11-21 04:18:00",2024-12-01,2024-12-01,100,15,"Out for Delivery",Manila,3,Weather
S003774,O003774,FedEx,n/a,"2025-05-14 20:45:00",2025-05-20,2025-05-27,180,0.5,Delayed,Manila,3,"Customer Unavailable"
S003775,O003775,2GO,n/a,"2024-09-13 16:28:00",2024-09-20,2024-09-23,100,1,Delayed,"Davao city",1,Weather
S003776,O003776,"Ninja Van",n/a,"2023-07-26 00:12:00",2023-08-01,2023-08-02,120,10,Delayed,"Davao city",2,"Carrier Backlog"
S003777,O003777,FedEx,TRK670023415,"2024-01-13 05:20:00",2024-01-22,2024-01-23,180,20,Delayed,"Quezon city",0,"Address Issue"
S003778,O003778,"Ninja Van",TRK891355239,"2025-08-25 08:01:00",2025-08-31,2025-08-30,80,10,Delivered,"Davao city",1,"Carrier Backlog"
S003779,O003779,2GO,TRK688873753,"2023-08-02 20:48:00",2023-08-04,2023-08-06,150,10,Delayed,"Quezon city",1,Weather
S003780,O003780,FedEx,TRK93831327,"2022-02-10 02:43:00",2022-02-22,2022-02-26,100,0.5,Delayed,"Cebu city",0,n/a
S003781,O003781,"Ninja Van",TRK444531399,"2024-06-20 00:44:00",2024-06-24,2024-06-24,350,10,"Out for Delivery",n/a,0,"Customer Unavailable"
S003782,O003782,FedEx,TRK84761088,"2022-03-12 02:11:00",2022-03-21,2022-03-23,250,5,Delayed,"Quezon city",1,Weather
S003783,O003783,LBC,n/a,"2025-07-05 02:05:00",2025-07-17,NULL,500,0,Preparing,"Davao city",1,"Warehouse Delay"
S003784,O003784,FedEx,TRK423904059,"2023-05-28 04:58:00",2023-06-06,2023-06-07,350,3,Delayed,Pasig,3,"Customer Unavailable"
S003785,O003785,DHL,TRK674686576,"2024-12-19 09:01:00",2024-12-20,2024-12-19,500,20,Delivered,"Davao city",1,"Carrier Backlog"
S003786,O003786,"J&T Express",TRK218760522,"2023-12-19 01:24:00",2023-12-31,2023-12-30,180,0.5,Delivered,Manila,3,"Address Issue"
S003787,O003787,LBC,TRK76645324,"2022-08-24 12:43:00",2022-09-01,2022-09-01,100,10,"Out for Delivery",Antipolo,2,"Customer Unavailable"
S003788,O003788,"JRS Express",n/a,"2022-01-21 11:39:00",2022-02-02,2022-01-31,180,0,Delivered,"Davao city",1,Weather
S003789,O003789,"JRS Express",n/a,"2022-11-27 06:49:00",NULL,NULL,500,20,Preparing,"Quezon city",2,Weather
S003790,O003790,"JRS Express",n/a,"2023-10-14 04:35:00",2023-10-25,2023-10-29,80,15,Delayed,Makati,1,"Address Issue"
S003791,O003791,LBC,TRK273206109,"2022-02-01 10:18:00",2022-02-04,2022-02-05,80,3,Delayed,Taguig,1,"Address Issue"
S003792,O003792,LBC,n/a,"2023-03-07 06:22:00",2023-03-12,2023-03-15,80,20,Delayed,Manila,0,Weather
S003793,O003793,"J&T Express",TRK26675514,"2023-06-21 18:24:00",2023-06-28,2023-07-03,250,10,Delayed,Makati,1,n/a
S003794,O003794,DHL,TRK201218024,"2023-06-06 13:39:00",2023-06-11,2023-06-18,120,10,Delayed,n/a,0,"Customer Unavailable"
S003795,O003795,"JRS Express",TRK71550479,"2024-04-19 16:43:00",2024-04-27,NULL,120,5,Preparing,Manila,1,"Warehouse Delay"
S003796,O003796,FedEx,TRK642590013,"2022-06-30 06:32:00",2022-07-09,2022-07-13,120,3,Delayed,Taguig,1,"Address Issue"
S003797,O003797,"Ninja Van",n/a,"2024-04-15 10:52:00",2024-04-25,NULL,100,2,Preparing,"Cebu city",1,"Address Issue"
S003798,O003798,"J&T Express",TRK365823880,"2022-08-03 11:32:00",2022-08-08,2022-08-07,80,0,Delivered,Manila,1,"Address Issue"
S003799,O003799,FedEx,n/a,"2025-06-23 06:57:00",2025-06-30,2025-07-06,250,0,Delayed,Taguig,1,"Address Issue"
S003800,O003800,"J&T Express",TRK200225975,"2025-09-22 13:00:00",2025-10-01,NULL,120,5,Returned,Manila,0,"Customer Unavailable"
S003801,O003801,2GO,n/a,"2025-12-10 18:30:00",2025-12-21,2025-12-24,180,3,Delayed,"Davao city",1,"Customer Unavailable"
S003802,O003802,2GO,TRK92351866,"2022-06-28 18:53:00",NULL,NULL,250,5,Returned,"Davao city",1,"Customer Unavailable"
S003803,O003803,"JRS Express",TRK351702734,"2024-06-26 13:52:00",2024-07-08,2024-07-09,250,15,Delayed,"Quezon city",0,Weather
S003804,O003804,2GO,TRK840895227,"2022-10-29 07:44:00",2022-11-08,2022-11-09,120,0.5,Delayed,"Quezon city",3,"Address Issue"
S003805,O003805,LBC,n/a,"2024-11-11 10:43:00",2024-11-19,NULL,500,2,Preparing,Makati,0,"Address Issue"
S003806,O003806,"J&T Express",TRK80192858,"2022-11-06 17:37:00",2022-11-13,2022-11-17,80,0,Delayed,Manila,1,"Address Issue"
S003807,O003807,"J&T Express",n/a,"2023-10-01 17:07:00",2023-10-06,2023-10-06,500,2,"Out for Delivery",n/a,1,"Warehouse Delay"
S003808,O003808,"JRS Express",n/a,"2023-02-17 00:34:00",2023-02-27,2023-02-27,0,5,"Out for Delivery","Davao city",3,n/a
S003809,O003809,DHL,n/a,"2024-08-29 23:30:00",2024-09-10,2024-09-08,120,0.5,Delivered,Caloocan,1,n/a
S003810,O003810,"J&T Express",TRK504195237,"2022-06-16 22:52:00",2022-06-21,2022-06-19,180,5,Delivered,n/a,1,"Warehouse Delay"
S003811,O003811,DHL,n/a,"2023-12-31 03:49:00",2024-01-07,2024-01-05,180,15,Delivered,Pasig,1,n/a
S003812,O003812,"J&T Express",TRK344092263,"2023-11-09 06:04:00",2023-11-12,2023-11-10,180,3,Delivered,"Quezon city",2,Weather
S003813,O003813,2GO,n/a,"2023-08-07 17:19:00",2023-08-17,NULL,0,1,Preparing,Caloocan,1,"Warehouse Delay"
S003814,O003814,Unknown,TRK17768723,"2024-05-31 10:39:00",2024-06-04,2024-06-06,500,3,Delayed,Iloilo,0,"Address Issue"
S003815,O003815,DHL,TRK82031581,"2022-10-05 16:01:00",2022-10-07,2022-10-11,180,3,Delayed,Taguig,3,"Address Issue"
S003816,O003816,LBC,TRK543847995,"2024-10-31 15:37:00",2024-11-05,NULL,120,15,Preparing,"Davao city",0,n/a
S003817,O003817,DHL,TRK555014889,"2024-11-23 10:24:00",2024-11-28,2024-11-28,100,1,"Out for Delivery",Antipolo,1,"Warehouse Delay"
S003818,O003818,LBC,n/a,"2022-10-13 12:19:00",2022-10-15,2022-10-16,100,0.5,Delayed,Taguig,1,n/a
S003819,O003819,"Ninja Van",TRK190749727,"2024-11-12 18:01:00",2024-11-13,NULL,150,10,Preparing,"Cebu city",3,Weather
S003820,O003820,2GO,TRK408334894,"2025-09-14 19:31:00",2025-09-20,2025-09-25,80,0,Delayed,Manila,3,"Address Issue"
S003821,O003821,LBC,TRK11715005,"2024-10-30 17:56:00",2024-10-31,NULL,500,3,Preparing,Pasig,1,"Carrier Backlog"
S003822,O003822,Unknown,n/a,"2026-01-06 15:09:00",2026-01-17,2026-01-17,100,10,"Out for Delivery","Quezon city",2,Weather
S003823,O003823,LBC,TRK253920053,"2022-03-05 02:55:00",2022-03-14,2022-03-15,180,5,Delayed,Pasig,1,"Customer Unavailable"
S003824,O003824,"JRS Express",n/a,"2024-06-10 00:36:00",2024-06-12,NULL,0,10,Returned,"Quezon city",1,"Customer Unavailable"
S003825,O003825,FedEx,TRK153184084,"2023-12-02 18:01:00",2023-12-09,2023-12-10,80,0.5,Delayed,Taguig,1,"Carrier Backlog"
S003826,O003826,"Ninja Van",n/a,"2023-01-18 13:58:00",2023-01-27,NULL,100,0,Preparing,Taguig,1,"Carrier Backlog"
S003827,O003827,"Ninja Van",TRK519048084,"2022-01-09 13:40:00",2022-01-17,2022-01-18,150,0,Delayed,Caloocan,1,"Warehouse Delay"
S003828,O003828,"Ninja Van",TRK33146666,"2023-09-29 20:56:00",2023-10-01,NULL,150,0.5,Preparing,Manila,3,n/a
S003829,O003829,"Ninja Van",TRK860762615,"2025-06-30 08:48:00",2025-07-01,2025-07-05,80,1,Delayed,Caloocan,0,Weather
S003830,O003830,2GO,n/a,"2024-11-12 09:52:00",2024-11-13,2024-11-19,100,3,Delayed,Manila,0,"Warehouse Delay"
S003831,O003831,"Ninja Van",TRK79355984,"2022-04-21 11:39:00",2022-05-03,2022-05-02,0,15,Delivered,Caloocan,1,n/a
S003832,O003832,2GO,TRK245567977,"2022-07-10 09:35:00",2022-07-13,2022-07-14,500,1,Delayed,Iloilo,1,"Customer Unavailable"
S003833,O003833,"J&T Express",TRK131087434,"2024-11-24 16:59:00",2024-11-29,2024-12-06,350,0,Delayed,Pasig,3,"Carrier Backlog"
S003834,O003834,FedEx,TRK90334537,"2022-08-05 10:23:00",2022-08-15,2022-08-21,250,0.5,Delayed,"Davao city",2,n/a
S003835,O003835,"Ninja Van",TRK790298284,"2024-02-13 19:03:00",2024-02-15,2024-02-19,250,15,Delayed,Makati,2,"Carrier Backlog"
S003836,O003836,"Ninja Van",TRK575057491,"2022-04-20 22:59:00",2022-04-23,2022-04-26,350,20,Delayed,Pasig,1,Weather
S003837,O003837,2GO,TRK187774255,"2023-04-30 19:25:00",2023-05-06,2023-05-07,250,2,Delayed,"Cebu city",1,"Address Issue"
S003838,O003838,LBC,TRK433083613,"2023-03-01 03:34:00",2023-03-05,2023-03-04,250,20,Delivered,"Davao city",0,n/a
S003839,O003839,"Ninja Van",n/a,"2025-03-03 02:47:00",2025-03-15,2025-03-15,500,5,"Out for Delivery","Cebu city",3,"Warehouse Delay"
S003840,O003840,DHL,TRK20996496,"2024-08-12 07:59:00",2024-08-17,NULL,500,0.5,Preparing,Iloilo,3,"Address Issue"
S003841,O003841,DHL,TRK250967799,"2024-03-28 19:57:00",2024-03-31,2024-03-29,350,20,Delivered,Pasig,1,"Warehouse Delay"
S003842,O003842,"Ninja Van",n/a,"2022-10-05 20:34:00",2022-10-16,2022-10-17,350,0.5,Delayed,"Davao city",2,"Warehouse Delay"
S003843,O003843,DHL,n/a,"2024-02-28 18:03:00",2024-03-07,2024-03-14,120,1,Delayed,Caloocan,2,"Address Issue"
S003844,O003844,DHL,n/a,"2024-01-24 21:03:00",2024-02-05,2024-02-09,250,15,Delayed,Pasig,2,"Customer Unavailable"
S003845,O003845,2GO,TRK365508620,"2025-06-22 23:02:00",2025-06-30,2025-06-30,180,5,"Out for Delivery",Antipolo,2,"Address Issue"
S003846,O003846,2GO,TRK92675191,"2025-07-31 15:21:00",2025-08-09,2025-08-13,150,3,Delayed,Taguig,1,"Address Issue"
S003847,O003847,LBC,n/a,"2022-08-23 13:15:00",2022-08-24,2022-08-31,80,15,Delayed,Pasig,1,"Warehouse Delay"
S003848,O003848,DHL,TRK76560458,"2024-05-19 00:25:00",2024-05-26,2024-05-25,350,5,Delivered,Antipolo,3,Weather
S003849,O003849,"J&T Express",n/a,"2022-03-21 07:32:00",2022-04-01,2022-04-06,150,5,Delayed,"Cebu city",1,"Carrier Backlog"
S003850,O003850,"J&T Express",TRK571031541,"2022-05-14 17:15:00",2022-05-16,2022-05-17,180,0,Delayed,Makati,0,"Carrier Backlog"
S003851,O003851,2GO,n/a,"2024-10-09 04:50:00",2024-10-17,2024-10-22,180,1,Delayed,Makati,1,"Warehouse Delay"
S003852,O003852,2GO,n/a,"2025-12-17 16:49:00",2025-12-29,2026-01-05,100,20,Delayed,Pasig,1,Weather
S003853,O003853,FedEx,TRK50669639,"2022-04-05 12:21:00",2022-04-13,2022-04-16,150,20,Delayed,Pasig,3,n/a
S003854,O003854,"J&T Express",TRK27615474,"2022-05-18 21:36:00",2022-05-22,2022-05-22,120,5,"Out for Delivery",Pasig,0,"Customer Unavailable"
S003855,O003855,Unknown,TRK11835878,"2024-07-15 11:41:00",2024-07-22,NULL,80,15,Preparing,Pasig,2,n/a
S003856,O003856,FedEx,TRK42663276,"2024-07-06 06:04:00",2024-07-11,2024-07-12,150,0,Delayed,Antipolo,3,Weather
S003857,O003857,LBC,TRK35567689,"2024-11-02 11:06:00",2024-11-06,2024-11-04,150,0.5,Delivered,"Davao city",0,"Warehouse Delay"
S003858,O003858,"J&T Express",n/a,"2025-07-30 11:47:00",2025-08-06,2025-08-10,250,20,Delayed,"Davao city",2,n/a
S003859,O003859,Unknown,n/a,"2025-05-03 16:34:00",2025-05-08,2025-05-06,0,3,Delivered,"Davao city",2,"Warehouse Delay"
S003860,O003860,DHL,n/a,"2025-12-01 05:45:00",2025-12-12,2025-12-13,100,1,Delayed,Taguig,1,"Carrier Backlog"
S003861,O003861,FedEx,n/a,"2025-02-06 22:52:00",2025-02-07,2025-02-06,100,5,Delivered,Taguig,3,"Address Issue"
S003862,O003862,"J&T Express",n/a,"2025-01-09 19:37:00",2025-01-20,2025-01-26,500,15,Delayed,"Davao city",0,"Customer Unavailable"
S003863,O003863,Unknown,TRK106607914,"2022-12-25 05:30:00",2023-01-01,2023-01-08,100,20,Delayed,Taguig,1,"Carrier Backlog"
S003864,O003864,"J&T Express",n/a,"2025-09-14 01:28:00",2025-09-18,2025-09-18,350,1,"Out for Delivery","Quezon city",2,n/a
S003865,O003865,DHL,TRK40344284,"2025-09-17 15:42:00",2025-09-29,2025-09-28,120,10,Delivered,Manila,1,"Carrier Backlog"
S003866,O003866,DHL,TRK47370879,"2023-11-13 19:17:00",2023-11-17,2023-11-23,350,10,Delayed,"Davao city",1,"Customer Unavailable"
S003867,O003867,LBC,TRK58580535,"2023-02-25 03:52:00",2023-02-26,NULL,150,20,Preparing,Makati,0,"Carrier Backlog"
S003868,O003868,"Ninja Van",n/a,"2022-07-31 15:59:00",2022-08-07,2022-08-07,250,2,"Out for Delivery",Caloocan,2,"Carrier Backlog"
S003869,O003869,"J&T Express",TRK36048224,"2025-04-30 19:22:00",2025-05-02,2025-05-09,120,2,Delayed,"Cebu city",3,"Warehouse Delay"
S003870,O003870,"Ninja Van",n/a,"2024-05-07 17:53:00",2024-05-17,2024-05-16,500,15,Delivered,Caloocan,2,"Address Issue"
S003871,O003871,2GO,TRK843014062,"2022-03-27 20:19:00",2022-04-05,2022-04-04,80,1,Delivered,"Davao city",2,"Address Issue"
S003872,O003872,"Ninja Van",n/a,"2025-06-16 19:31:00",2025-06-18,NULL,100,0,Preparing,Pasig,2,n/a
S003873,O003873,2GO,TRK443523967,"2024-05-07 19:11:00",2024-05-14,2024-05-12,100,0,Delivered,Antipolo,1,Weather
S003874,O003874,LBC,n/a,"2024-09-13 13:06:00",2024-09-14,2024-09-18,500,10,Delayed,"Davao city",2,"Address Issue"
S003875,O003875,"Ninja Van",TRK32375381,"2023-03-18 10:11:00",2023-03-26,2023-03-28,80,2,Delayed,Antipolo,2,n/a
S003876,O003876,Unknown,TRK94811376,"2025-03-04 18:59:00",2025-03-06,2025-03-06,100,0,"Out for Delivery",Taguig,0,n/a
S003877,O003877,"JRS Express",TRK64421969,"2025-11-06 14:10:00",2025-11-09,2025-11-12,180,2,Delayed,"Cebu city",2,"Carrier Backlog"
S003878,O003878,Unknown,TRK391703489,"2022-07-21 15:20:00",2022-08-02,2022-08-02,150,20,"Out for Delivery",Iloilo,0,Weather
S003879,O003879,DHL,TRK91422603,"2023-07-19 00:40:00",NULL,NULL,150,1,Returned,Iloilo,2,"Customer Unavailable"
S003880,O003880,LBC,TRK978774647,"2024-04-05 11:46:00",2024-04-07,2024-04-07,150,0.5,"Out for Delivery",Caloocan,1,"Carrier Backlog"
S003881,O003881,2GO,n/a,"2024-05-05 00:37:00",2024-05-16,2024-05-15,120,5,Delivered,"Quezon city",3,"Carrier Backlog"
S003882,O003882,LBC,TRK859105670,"2023-07-31 01:40:00",2023-08-12,2023-08-15,100,10,Delayed,"Cebu city",1,Weather
S003883,O003883,"J&T Express",TRK594394465,"2023-08-13 03:47:00",2023-08-19,NULL,120,15,Preparing,Iloilo,1,"Warehouse Delay"
S003884,O003884,"Ninja Van",TRK18570682,"2024-07-28 03:14:00",2024-08-07,2024-08-14,80,15,Delayed,Antipolo,1,n/a
S003885,O003885,2GO,n/a,"2025-08-27 18:42:00",2025-08-31,2025-08-29,120,20,Delivered,Manila,0,"Address Issue"
S003886,O003886,"Ninja Van",TRK149286547,"2022-02-08 15:45:00",NULL,NULL,0,15,Preparing,Antipolo,1,n/a
S003887,O003887,"Ninja Van",TRK67473639,"2022-05-27 00:22:00",2022-06-02,2022-06-01,150,2,Delivered,Iloilo,1,"Carrier Backlog"
S003888,O003888,FedEx,TRK84689002,"2025-11-19 20:46:00",2025-11-26,2025-12-01,350,0,Delayed,Makati,3,n/a
S003889,O003889,"J&T Express",TRK716195173,"2022-01-06 18:02:00",2022-01-11,2022-01-10,120,0,Delivered,Iloilo,1,"Carrier Backlog"
S003890,O003890,LBC,n/a,"2023-09-11 00:47:00",2023-09-22,NULL,0,3,Preparing,Iloilo,0,"Carrier Backlog"
S003891,O003891,2GO,TRK884607643,"2025-03-27 12:16:00",2025-04-03,2025-04-04,350,15,Delayed,Pasig,1,"Customer Unavailable"
S003892,O003892,2GO,n/a,"2022-05-09 03:17:00",2022-05-10,2022-05-15,250,10,Delayed,"Davao city",0,"Address Issue"
S003893,O003893,FedEx,n/a,"2023-09-20 11:19:00",2023-09-28,2023-09-29,0,5,Delayed,Pasig,1,"Warehouse Delay"
S003894,O003894,"Ninja Van",n/a,"2025-05-16 22:15:00",2025-05-18,2025-05-24,180,1,Delayed,"Davao city",1,Weather
S003895,O003895,2GO,TRK62523008,"2022-02-18 19:52:00",2022-02-27,2022-02-26,500,3,Delivered,Pasig,1,Weather
S003896,O003896,"Ninja Van",TRK838398594,"2023-03-25 00:28:00",2023-04-04,2023-04-04,120,5,"Out for Delivery",Iloilo,1,"Address Issue"
S003897,O003897,"JRS Express",TRK984431511,"2023-02-12 00:06:00",2023-02-15,2023-02-16,120,10,Delayed,Pasig,1,n/a
S003898,O003898,"Ninja Van",TRK424438291,"2025-08-22 00:10:00",NULL,NULL,0,0.5,Preparing,Pasig,1,"Warehouse Delay"
S003899,O003899,FedEx,TRK759658357,"2024-07-04 22:28:00",2024-07-10,2024-07-11,120,2,Delayed,"Davao city",1,"Customer Unavailable"
S003900,O003900,DHL,n/a,"2025-05-25 19:42:00",2025-05-31,2025-06-03,500,1,Delayed,"Davao city",3,Weather
S003901,O003901,"J&T Express",TRK93730336,"2022-02-09 20:33:00",2022-02-16,2022-02-18,180,3,Delayed,Antipolo,0,n/a
S003902,O003902,FedEx,TRK78004014,"2023-09-26 05:39:00",2023-09-27,2023-09-28,0,1,Delayed,Manila,2,"Address Issue"
S003903,O003903,DHL,TRK47521464,"2025-12-23 22:13:00",2025-12-31,2026-01-06,150,20,Delayed,"Cebu city",1,"Address Issue"
S003904,O003904,"JRS Express",TRK68139075,"2022-04-27 23:37:00",2022-05-09,2022-05-13,350,10,Delayed,Pasig,0,"Address Issue"
S003905,O003905,"Ninja Van",n/a,"2022-03-02 08:50:00",2022-03-10,2022-03-11,250,15,Delayed,Manila,1,"Carrier Backlog"
S003906,O003906,LBC,n/a,"2022-12-08 07:59:00",2022-12-16,2022-12-19,80,0,Delayed,Makati,3,"Customer Unavailable"
S003907,O003907,DHL,n/a,"2025-05-02 10:20:00",2025-05-05,2025-05-08,500,2,Delayed,n/a,0,n/a
S003908,O003908,2GO,TRK147708997,"2022-02-02 16:57:00",NULL,NULL,0,1,Preparing,Caloocan,1,Weather
S003909,O003909,FedEx,n/a,"2024-12-10 15:12:00",2024-12-11,2024-12-11,80,3,"Out for Delivery",Makati,3,Weather
S003910,O003910,FedEx,TRK94296612,"2022-05-05 02:37:00",2022-05-06,2022-05-08,150,10,Delayed,Taguig,0,"Warehouse Delay"
S003911,O003911,LBC,TRK90593862,"2025-01-13 21:34:00",2025-01-15,2025-01-13,150,15,Delivered,Caloocan,2,n/a
S003912,O003912,"Ninja Van",n/a,"2023-03-25 12:44:00",2023-04-05,2023-04-08,350,0,Delayed,"Davao city",2,Weather
S003913,O003913,"J&T Express",TRK365032752,"2025-08-25 08:55:00",2025-08-27,2025-08-27,80,10,"Out for Delivery",Makati,1,n/a
S003914,O003914,"J&T Express",n/a,"2024-02-01 01:20:00",2024-02-02,2024-02-01,0,20,Delivered,"Cebu city",2,Weather
S003915,O003915,2GO,TRK962443850,"2023-08-16 03:35:00",2023-08-18,2023-08-22,350,5,Delayed,Antipolo,0,"Carrier Backlog"
S003916,O003916,FedEx,n/a,"2024-07-12 06:26:00",2024-07-17,2024-07-21,500,0.5,Delayed,Iloilo,0,"Carrier Backlog"
S003917,O003917,FedEx,TRK411327338,"2022-10-23 10:11:00",NULL,NULL,80,0,Preparing,Antipolo,1,"Carrier Backlog"
S003918,O003918,"J&T Express",TRK16541426,"2025-01-10 12:27:00",2025-01-14,2025-01-20,180,0.5,Delayed,"Davao city",0,Weather
S003919,O003919,DHL,TRK450799382,"2025-12-27 01:42:00",2025-12-28,2026-01-03,250,20,Delayed,Makati,1,"Customer Unavailable"
S003920,O003920,LBC,TRK40835365,"2025-08-21 14:50:00",2025-08-31,2025-09-06,350,10,Delayed,Pasig,1,Weather
S003921,O003921,LBC,TRK15773480,"2022-08-07 17:10:00",2022-08-15,2022-08-22,120,3,Delayed,"Davao city",1,"Warehouse Delay"
S003922,O003922,FedEx,n/a,"2025-10-20 16:03:00",2025-10-22,2025-10-22,350,20,"Out for Delivery",n/a,0,"Carrier Backlog"
S003923,O003923,DHL,n/a,"2025-02-02 14:50:00",2025-02-04,2025-02-02,150,10,Delivered,Taguig,1,"Carrier Backlog"
S003924,O003924,"Ninja Van",TRK857608305,"2022-10-01 20:25:00",2022-10-06,2022-10-11,80,0,Delayed,"Cebu city",1,Weather
S003925,O003925,"J&T Express",TRK805757904,"2026-01-02 17:23:00",2026-01-13,2026-01-16,0,0.5,Delayed,"Cebu city",2,"Customer Unavailable"
S003926,O003926,"Ninja Van",TRK927517947,"2023-12-07 01:13:00",NULL,NULL,250,0,Returned,Antipolo,1,"Customer Unavailable"
S003927,O003927,"JRS Express",TRK498752736,"2023-01-13 21:41:00",2023-01-24,2023-01-24,0,2,"Out for Delivery",Caloocan,1,"Address Issue"
S003928,O003928,"J&T Express",TRK20566462,"2022-10-30 14:18:00",2022-11-09,2022-11-07,180,0.5,Delivered,Antipolo,0,n/a
S003929,O003929,"JRS Express",n/a,"2022-11-22 04:01:00",2022-11-23,NULL,350,20,Preparing,Antipolo,0,"Carrier Backlog"
S003930,O003930,"J&T Express",TRK91939852,"2025-04-23 22:43:00",2025-04-29,2025-05-01,500,2,Delayed,"Davao city",3,"Warehouse Delay"
S003931,O003931,FedEx,TRK71185217,"2023-03-26 23:37:00",2023-04-03,2023-04-03,80,20,"Out for Delivery",Makati,0,"Carrier Backlog"
S003932,O003932,2GO,n/a,"2023-11-23 14:41:00",2023-11-24,2023-11-27,250,20,Delayed,Makati,0,"Address Issue"
S003933,O003933,LBC,TRK38927054,"2025-02-22 13:24:00",2025-02-23,2025-03-01,100,0,Delayed,"Cebu city",3,"Warehouse Delay"
S003934,O003934,DHL,TRK91468900,"2024-03-24 15:54:00",2024-03-31,2024-04-05,180,0.5,Delayed,"Davao city",0,"Warehouse Delay"
S003935,O003935,DHL,TRK373163498,"2025-07-26 05:42:00",2025-07-30,2025-07-29,80,0.5,Delivered,"Quezon city",1,"Carrier Backlog"
S003936,O003936,"JRS Express",n/a,"2023-08-07 09:14:00",2023-08-09,2023-08-11,180,5,Delayed,"Cebu city",0,"Address Issue"
S003937,O003937,LBC,TRK12243371,"2022-04-04 11:32:00",NULL,NULL,80,5,Preparing,Caloocan,1,"Carrier Backlog"
S003938,O003938,"J&T Express",TRK559487673,"2025-03-04 01:15:00",2025-03-09,2025-03-11,150,15,Delayed,"Quezon city",3,"Warehouse Delay"
S003939,O003939,LBC,TRK98345901,"2024-10-26 04:01:00",2024-11-07,2024-11-14,350,3,Delayed,Manila,1,"Carrier Backlog"
S003940,O003940,2GO,TRK83425866,"2025-03-05 22:48:00",2025-03-07,2025-03-10,150,15,Delayed,Makati,0,n/a
S003941,O003941,"J&T Express",n/a,"2024-09-24 22:06:00",2024-09-26,2024-09-30,100,5,Delayed,n/a,1,"Warehouse Delay"
S003942,O003942,"J&T Express",n/a,"2023-06-24 05:08:00",2023-06-26,2023-06-26,120,3,"Out for Delivery",Antipolo,2,Weather
S003943,O003943,"JRS Express",TRK82463173,"2023-01-04 11:45:00",2023-01-05,2023-01-09,250,20,Delayed,"Davao city",3,"Customer Unavailable"
S003944,O003944,FedEx,n/a,"2022-11-30 16:19:00",2022-12-06,2022-12-04,180,3,Delivered,Manila,1,"Customer Unavailable"
S003945,O003945,"JRS Express",TRK671751263,"2025-10-17 07:36:00",2025-10-20,NULL,500,3,Preparing,Caloocan,1,n/a
S003946,O003946,"Ninja Van",TRK46353768,"2025-05-03 03:18:00",2025-05-12,2025-05-19,350,2,Delayed,Iloilo,1,"Carrier Backlog"
S003947,O003947,LBC,TRK81817919,"2022-09-26 08:21:00",2022-10-01,2022-10-02,250,15,Delayed,"Quezon city",1,"Warehouse Delay"
S003948,O003948,2GO,TRK958673786,"2023-01-05 12:52:00",2023-01-13,2023-01-13,350,2,"Out for Delivery",Pasig,1,n/a
S003949,O003949,"Ninja Van",n/a,"2024-03-23 00:19:00",2024-03-24,2024-03-24,150,0.5,"Out for Delivery",Taguig,1,"Address Issue"
S003950,O003950,"J&T Express",TRK331719736,"2023-04-08 20:55:00",2023-04-13,2023-04-20,350,0.5,Delayed,Antipolo,3,n/a
S003951,O003951,DHL,TRK170365199,"2024-05-29 06:07:00",2024-06-03,2024-06-06,80,2,Delayed,"Cebu city",1,"Address Issue"
S003952,O003952,"JRS Express",n/a,"2024-03-31 22:24:00",2024-04-07,2024-04-07,100,5,"Out for Delivery","Davao city",1,n/a
S003953,O003953,2GO,n/a,"2024-09-13 14:32:00",2024-09-16,2024-09-15,250,3,Delivered,"Davao city",1,"Carrier Backlog"
S003954,O003954,DHL,TRK295609552,"2024-01-02 13:03:00",2024-01-04,2024-01-02,100,20,Delivered,Makati,0,Weather
S003955,O003955,FedEx,n/a,"2022-05-23 03:41:00",2022-06-04,2022-06-07,80,3,Delayed,Manila,3,n/a
S003956,O003956,"Ninja Van",n/a,"2022-07-19 20:13:00",2022-07-26,2022-07-24,80,0,Delivered,Makati,2,"Customer Unavailable"
S003957,O003957,Unknown,TRK731285050,"2024-06-18 03:17:00",2024-06-19,2024-06-21,180,0.5,Delayed,"Quezon city",0,n/a
S003958,O003958,DHL,n/a,"2024-01-07 09:01:00",2024-01-09,2024-01-08,0,0.5,Delivered,Antipolo,1,Weather
S003959,O003959,2GO,n/a,"2026-01-09 15:18:00",2026-01-16,2026-01-23,80,15,Delayed,"Cebu city",1,"Carrier Backlog"
S003960,O003960,LBC,TRK779581914,"2023-01-25 02:58:00",2023-01-26,2023-01-28,350,20,Delayed,Makati,1,n/a
S003961,O003961,"JRS Express",TRK17773588,"2024-04-10 16:01:00",2024-04-15,2024-04-20,250,20,Delayed,Antipolo,0,"Address Issue"
S003962,O003962,"Ninja Van",n/a,"2025-07-03 23:06:00",NULL,NULL,120,0,Preparing,Antipolo,3,n/a
S003963,O003963,"JRS Express",TRK832474838,"2024-12-07 13:01:00",2024-12-14,2024-12-14,350,1,"Out for Delivery",Pasig,1,n/a
S003964,O003964,LBC,n/a,"2022-04-01 10:18:00",2022-04-04,2022-04-03,120,2,Delivered,Taguig,1,"Warehouse Delay"
S003965,O003965,FedEx,TRK63718993,"2022-04-07 19:36:00",2022-04-11,2022-04-16,100,3,Delayed,"Cebu city",1,"Customer Unavailable"
S003966,O003966,2GO,TRK209362362,"2022-11-15 10:14:00",2022-11-25,2022-11-25,80,0.5,"Out for Delivery",Antipolo,1,Weather
S003967,O003967,"J&T Express",n/a,"2023-11-02 14:18:00",2023-11-09,2023-11-13,100,2,Delayed,Taguig,1,"Carrier Backlog"
S003968,O003968,"J&T Express",n/a,"2023-07-12 18:55:00",2023-07-22,NULL,180,1,Preparing,"Davao city",1,n/a
S003969,O003969,"JRS Express",n/a,"2024-12-26 21:13:00",2025-01-01,2024-12-31,350,0,Delivered,"Quezon city",1,"Carrier Backlog"
S003970,O003970,2GO,TRK21888189,"2024-09-08 10:27:00",2024-09-17,2024-09-21,180,0,Delayed,Pasig,1,"Customer Unavailable"
S003971,O003971,"JRS Express",TRK89738241,"2025-03-29 05:40:00",2025-04-02,NULL,180,0.5,Preparing,Makati,1,"Address Issue"
S003972,O003972,"JRS Express",n/a,"2024-04-25 06:03:00",2024-05-07,2024-05-11,0,15,Delayed,Makati,2,"Customer Unavailable"
S003973,O003973,2GO,TRK408951278,"2023-03-28 17:09:00",2023-04-03,2023-04-04,80,0.5,Delayed,Manila,0,"Warehouse Delay"
S003974,O003974,LBC,n/a,"2025-11-06 20:16:00",2025-11-12,NULL,100,0.5,Preparing,Makati,1,"Warehouse Delay"
S003975,O003975,FedEx,n/a,"2023-12-10 13:12:00",2023-12-21,2023-12-28,500,10,Delayed,Iloilo,2,"Warehouse Delay"
S003976,O003976,2GO,TRK268368445,"2025-12-28 18:51:00",2026-01-03,2026-01-04,80,1,Delayed,"Quezon city",1,"Carrier Backlog"
S003977,O003977,"JRS Express",TRK34279607,"2022-02-24 20:27:00",2022-03-05,2022-03-03,180,0,Delivered,Antipolo,1,n/a
S003978,O003978,DHL,TRK250352305,"2022-08-31 07:49:00",2022-09-09,2022-09-07,350,0.5,Delivered,"Davao city",2,"Address Issue"
S003979,O003979,2GO,n/a,"2024-03-02 15:41:00",2024-03-08,2024-03-06,180,3,Delivered,Makati,3,"Carrier Backlog"
S003980,O003980,"JRS Express",TRK214465940,"2025-10-12 00:37:00",2025-10-16,2025-10-20,180,2,Delayed,Caloocan,1,n/a
S003981,O003981,LBC,TRK28536501,"2024-04-17 23:27:00",2024-04-22,2024-04-20,120,15,Delivered,Caloocan,1,"Carrier Backlog"
S003982,O003982,"Ninja Van",n/a,"2023-09-06 02:04:00",2023-09-10,2023-09-15,500,15,Delayed,Taguig,0,Weather
S003983,O003983,DHL,TRK67596638,"2024-10-04 01:06:00",2024-10-07,2024-10-05,180,0,Delivered,"Davao city",0,Weather
S003984,O003984,LBC,TRK563464522,"2023-06-10 07:03:00",NULL,NULL,500,1,Preparing,"Cebu city",1,n/a
S003985,O003985,"JRS Express",n/a,"2025-02-24 18:08:00",NULL,NULL,150,15,Returned,Iloilo,0,"Customer Unavailable"
S003986,O003986,"Ninja Van",TRK550926767,"2023-02-22 05:02:00",2023-03-01,NULL,0,0,Preparing,Taguig,3,Weather
S003987,O003987,LBC,TRK202070245,"2023-10-24 02:13:00",NULL,NULL,100,5,Preparing,"Cebu city",1,Weather
S003988,O003988,LBC,TRK59786182,"2022-10-20 16:23:00",2022-10-25,2022-11-01,500,2,Delayed,"Cebu city",1,"Carrier Backlog"
S003989,O003989,Unknown,n/a,"2022-01-23 08:53:00",2022-02-02,2022-02-06,100,0,Delayed,"Davao city",1,"Carrier Backlog"
S003990,O003990,"JRS Express",TRK89093802,"2022-06-10 12:19:00",2022-06-12,2022-06-14,250,3,Delayed,"Quezon city",1,"Customer Unavailable"
S003991,O003991,"Ninja Van",TRK544224919,"2025-03-11 00:05:00",2025-03-14,2025-03-15,350,2,Delayed,Caloocan,2,"Carrier Backlog"
S003992,O003992,"J&T Express",TRK225744405,"2022-07-20 12:52:00",2022-08-01,2022-08-03,150,20,Delayed,Pasig,1,"Warehouse Delay"
S003993,O003993,DHL,n/a,"2025-04-28 18:35:00",2025-05-06,2025-05-11,350,15,Delayed,Taguig,3,"Address Issue"
S003994,O003994,LBC,n/a,"2025-07-03 14:26:00",2025-07-07,2025-07-07,80,0.5,"Out for Delivery",Caloocan,1,"Carrier Backlog"
S003995,O003995,DHL,TRK45572384,"2024-01-31 20:56:00",2024-02-07,NULL,120,3,Preparing,Caloocan,2,"Address Issue"
S003996,O003996,DHL,n/a,"2023-09-29 23:41:00",2023-10-07,2023-10-11,0,15,Delayed,Caloocan,1,"Customer Unavailable"
S003997,O003997,2GO,TRK74917324,"2025-06-01 14:56:00",2025-06-07,2025-06-11,180,0.5,Delayed,Pasig,2,n/a
S003998,O003998,LBC,TRK73976113,"2025-06-17 15:10:00",2025-06-28,NULL,120,3,Preparing,"Quezon city",1,"Carrier Backlog"
S003999,O003999,DHL,TRK964634886,"2025-10-09 21:33:00",2025-10-18,2025-10-25,500,0.5,Delayed,Iloilo,0,n/a
S004000,O004000,LBC,n/a,"2025-06-25 11:08:00",2025-06-30,2025-07-01,120,0.5,Delayed,n/a,0,"Customer Unavailable"
S004001,O004001,LBC,TRK70498550,"2023-09-28 09:01:00",2023-09-29,2023-09-28,150,15,Delivered,"Davao city",1,n/a
S004002,O004002,DHL,TRK112551119,"2025-08-19 18:34:00",2025-08-29,NULL,250,2,Preparing,"Quezon city",2,"Carrier Backlog"
S004003,O004003,"JRS Express",TRK126153249,"2022-09-01 09:53:00",2022-09-12,2022-09-11,0,20,Delivered,Taguig,3,"Customer Unavailable"
S004004,O004004,Unknown,n/a,"2023-02-26 03:56:00",2023-03-06,NULL,120,0,Preparing,"Quezon city",1,"Carrier Backlog"
S004005,O004005,FedEx,TRK26815019,"2025-02-06 07:12:00",2025-02-14,NULL,80,0.5,Preparing,"Quezon city",1,"Warehouse Delay"
S004006,O004006,FedEx,TRK812174082,"2025-05-01 09:35:00",2025-05-07,2025-05-10,180,0.5,Delayed,Makati,1,"Address Issue"
S004007,O004007,"JRS Express",n/a,"2025-04-04 02:21:00",2025-04-08,NULL,150,15,Preparing,Makati,0,"Warehouse Delay"
S004008,O004008,DHL,TRK61340970,"2025-03-30 18:35:00",2025-04-02,2025-04-04,150,15,Delayed,n/a,3,Weather
S004009,O004009,DHL,TRK150164947,"2022-12-10 00:08:00",2022-12-18,2022-12-22,0,1,Delayed,Iloilo,1,Weather
S004010,O004010,FedEx,TRK27813039,"2022-06-23 10:03:00",2022-07-01,2022-06-29,0,3,Delivered,Manila,0,"Warehouse Delay"
S004011,O004011,"JRS Express",TRK17044155,"2023-08-25 02:29:00",2023-08-31,2023-08-29,250,15,Delivered,Manila,1,Weather
S004012,O004012,LBC,TRK316678142,"2023-10-03 07:11:00",2023-10-11,2023-10-15,150,0.5,Delayed,Manila,3,"Warehouse Delay"
S004013,O004013,LBC,TRK50582069,"2023-04-12 15:14:00",2023-04-16,2023-04-19,180,10,Delayed,Antipolo,3,"Customer Unavailable"
S004014,O004014,2GO,TRK51545197,"2024-01-24 21:15:00",2024-02-01,2024-02-06,150,2,Delayed,Manila,1,"Warehouse Delay"
S004015,O004015,DHL,TRK73325675,"2023-05-03 16:22:00",2023-05-10,2023-05-16,150,5,Delayed,Iloilo,2,"Customer Unavailable"
S004016,O004016,"JRS Express",n/a,"2024-01-28 16:18:00",2024-02-06,2024-02-13,500,0,Delayed,Makati,1,"Customer Unavailable"
S004017,O004017,LBC,TRK350600888,"2022-08-12 13:33:00",2022-08-14,2022-08-19,120,15,Delayed,Caloocan,1,"Address Issue"
S004018,O004018,LBC,TRK79738879,"2024-08-01 13:51:00",2024-08-09,2024-08-08,180,10,Delivered,Makati,1,Weather
S004019,O004019,FedEx,TRK10406404,"2024-07-16 23:07:00",2024-07-21,2024-07-25,500,1,Delayed,Taguig,3,"Customer Unavailable"
S004020,O004020,LBC,TRK48198079,"2023-03-16 09:01:00",2023-03-26,2023-04-02,250,3,Delayed,"Quezon city",0,"Address Issue"
S004021,O004021,2GO,n/a,"2023-05-09 17:25:00",2023-05-19,2023-05-20,120,2,Delayed,Iloilo,1,"Warehouse Delay"
S004022,O004022,LBC,TRK25055812,"2025-05-02 21:18:00",2025-05-13,2025-05-12,0,20,Delivered,Makati,1,"Carrier Backlog"
S004023,O004023,"JRS Express",n/a,"2022-12-23 05:29:00",2023-01-02,2023-01-06,250,20,Delayed,Caloocan,3,"Carrier Backlog"
S004024,O004024,LBC,n/a,"2025-11-04 03:36:00",2025-11-14,2025-11-13,500,3,Delivered,Caloocan,1,"Warehouse Delay"
S004025,O004025,"J&T Express",TRK89285594,"2022-12-17 16:54:00",2022-12-29,2023-01-01,100,2,Delayed,Manila,2,"Carrier Backlog"
S004026,O004026,LBC,TRK35869007,"2022-10-14 02:45:00",2022-10-19,2022-10-20,100,1,Delayed,Iloilo,1,"Customer Unavailable"
S004027,O004027,"Ninja Van",TRK17383663,"2024-07-15 19:03:00",2024-07-23,2024-07-26,180,0,Delayed,Caloocan,1,"Carrier Backlog"
S004028,O004028,"JRS Express",n/a,"2025-08-02 07:25:00",2025-08-14,2025-08-19,80,5,Delayed,Iloilo,1,n/a
S004029,O004029,"J&T Express",n/a,"2024-07-11 15:57:00",2024-07-17,2024-07-15,120,15,Delivered,"Cebu city",0,"Warehouse Delay"
S004030,O004030,"JRS Express",TRK949430609,"2024-10-05 00:27:00",2024-10-14,2024-10-14,250,15,"Out for Delivery",Taguig,1,Weather
S004031,O004031,LBC,n/a,"2023-01-08 00:55:00",2023-01-16,2023-01-21,80,0,Delayed,Iloilo,1,Weather
S004032,O004032,"JRS Express",TRK477806519,"2025-05-09 05:58:00",2025-05-16,2025-05-15,100,1,Delivered,"Cebu city",1,"Address Issue"
S004033,O004033,"J&T Express",TRK92205823,"2024-07-18 11:40:00",2024-07-29,2024-08-03,80,3,Delayed,Taguig,2,"Carrier Backlog"
S004034,O004034,DHL,TRK711520611,"2024-12-29 00:07:00",2025-01-10,2025-01-10,100,3,"Out for Delivery",Manila,1,"Carrier Backlog"
S004035,O004035,Unknown,n/a,"2023-11-08 04:08:00",2023-11-16,2023-11-19,350,3,Delayed,Caloocan,1,"Customer Unavailable"
S004036,O004036,FedEx,TRK851811089,"2023-02-11 03:22:00",NULL,NULL,180,5,Preparing,Caloocan,2,n/a
S004037,O004037,"Ninja Van",n/a,"2025-12-16 02:54:00",2025-12-25,2025-12-31,0,0,Delayed,Antipolo,0,Weather
S004038,O004038,DHL,n/a,"2024-03-28 07:22:00",NULL,NULL,250,10,Preparing,Caloocan,3,Weather
S004039,O004039,LBC,n/a,"2024-04-05 18:33:00",2024-04-13,2024-04-16,350,3,Delayed,Iloilo,3,"Address Issue"
S004040,O004040,2GO,TRK68851152,"2025-03-25 03:51:00",NULL,NULL,250,0.5,Preparing,Taguig,1,"Carrier Backlog"
S004041,O004041,FedEx,n/a,"2022-12-13 19:27:00",2022-12-16,2022-12-15,120,2,Delivered,Antipolo,3,"Carrier Backlog"
S004042,O004042,DHL,TRK313458440,"2022-07-08 10:27:00",2022-07-12,2022-07-14,80,15,Delayed,Manila,1,Weather
S004043,O004043,"Ninja Van",n/a,"2025-09-12 11:52:00",2025-09-17,2025-09-23,180,10,Delayed,Iloilo,1,"Carrier Backlog"
S004044,O004044,"J&T Express",TRK341459344,"2025-09-01 07:09:00",2025-09-08,2025-09-11,150,2,Delayed,Iloilo,0,"Warehouse Delay"
S004045,O004045,2GO,n/a,"2022-07-19 11:19:00",2022-07-23,2022-07-28,150,3,Delayed,Manila,3,Weather
S004046,O004046,"J&T Express",n/a,"2025-07-27 21:46:00",2025-07-28,2025-08-01,350,5,Delayed,Antipolo,1,"Carrier Backlog"
S004047,O004047,2GO,TRK66813889,"2024-03-12 06:44:00",2024-03-21,NULL,120,20,Returned,Pasig,1,"Customer Unavailable"
S004048,O004048,LBC,TRK649768410,"2023-08-08 09:19:00",2023-08-11,2023-08-11,0,0,"Out for Delivery",Makati,3,"Warehouse Delay"
S004049,O004049,FedEx,n/a,"2024-06-25 21:27:00",2024-06-30,2024-06-28,0,10,Delivered,Manila,3,"Carrier Backlog"
S004050,O004050,"JRS Express",TRK956832384,"2025-02-15 05:39:00",2025-02-23,2025-03-02,0,10,Delayed,Makati,1,"Carrier Backlog"
S004051,O004051,2GO,TRK152591354,"2023-06-11 14:19:00",2023-06-22,NULL,80,0.5,Preparing,Taguig,1,"Warehouse Delay"
S004052,O004052,DHL,n/a,"2023-08-25 11:36:00",2023-09-01,2023-08-30,80,0,Delivered,"Quezon city",3,"Customer Unavailable"
S004053,O004053,"Ninja Van",n/a,"2022-12-11 20:51:00",2022-12-17,2022-12-18,80,3,Delayed,"Davao city",0,"Carrier Backlog"
S004054,O004054,"JRS Express",n/a,"2022-07-15 23:59:00",2022-07-25,2022-07-25,120,3,"Out for Delivery",Taguig,0,"Carrier Backlog"
S004055,O004055,FedEx,TRK982773769,"2024-03-24 00:22:00",2024-04-02,2024-04-08,0,2,Delayed,"Cebu city",2,"Carrier Backlog"
S004056,O004056,FedEx,TRK45312560,"2023-09-27 17:14:00",2023-10-07,2023-10-07,120,2,"Out for Delivery",Antipolo,1,"Carrier Backlog"
S004057,O004057,DHL,n/a,"2022-09-08 16:24:00",2022-09-11,NULL,100,3,Preparing,"Cebu city",0,Weather
S004058,O004058,"JRS Express",TRK247224057,"2022-04-13 07:13:00",2022-04-21,NULL,250,2,Preparing,Manila,1,n/a
S004059,O004059,DHL,TRK322132885,"2025-07-01 16:01:00",2025-07-07,2025-07-08,180,0,Delayed,Caloocan,1,"Customer Unavailable"
S004060,O004060,FedEx,TRK65245878,"2025-11-28 11:25:00",2025-12-09,2025-12-07,120,15,Delivered,Caloocan,2,n/a
S004061,O004061,2GO,TRK71128394,"2023-06-22 08:42:00",2023-06-23,2023-06-26,150,0.5,Delayed,Caloocan,1,Weather
S004062,O004062,"JRS Express",TRK73227237,"2023-02-22 03:56:00",2023-03-03,2023-03-06,350,0,Delayed,Manila,1,"Address Issue"
S004063,O004063,"Ninja Van",n/a,"2023-06-16 21:47:00",2023-06-27,2023-07-01,350,0,Delayed,"Davao city",3,n/a
S004064,O004064,LBC,TRK843762542,"2023-12-20 08:49:00",2023-12-27,2023-12-26,80,1,Delivered,Caloocan,1,"Carrier Backlog"
S004065,O004065,LBC,TRK43042069,"2024-08-24 07:51:00",NULL,NULL,80,15,Preparing,Pasig,0,Weather
S004066,O004066,"Ninja Van",TRK590696796,"2024-10-18 19:42:00",2024-10-27,NULL,180,0,Preparing,Caloocan,2,n/a
S004067,O004067,LBC,TRK34045383,"2023-11-01 21:48:00",NULL,NULL,250,3,Returned,"Davao city",0,"Customer Unavailable"
S004068,O004068,2GO,TRK63546808,"2023-08-11 15:00:00",NULL,NULL,150,0,Preparing,n/a,1,"Address Issue"
S004069,O004069,2GO,n/a,"2024-01-01 03:40:00",2024-01-06,2024-01-12,100,1,Delayed,Manila,0,"Customer Unavailable"
S004070,O004070,"JRS Express",TRK121601149,"2025-08-26 19:05:00",2025-09-01,2025-09-04,80,0.5,Delayed,"Quezon city",1,"Address Issue"
S004071,O004071,"J&T Express",TRK252353638,"2025-08-28 14:37:00",2025-09-06,NULL,120,0,Preparing,Antipolo,2,Weather
S004072,O004072,"Ninja Van",n/a,"2024-02-19 01:46:00",2024-02-22,2024-02-20,250,2,Delivered,"Davao city",1,"Carrier Backlog"
S004073,O004073,"Ninja Van",TRK12982076,"2025-02-14 16:04:00",2025-02-23,2025-02-26,180,10,Delayed,Manila,1,n/a
S004074,O004074,FedEx,TRK22388147,"2023-03-12 14:27:00",2023-03-17,2023-03-21,500,3,Delayed,n/a,2,"Address Issue"
S004075,O004075,FedEx,n/a,"2023-03-08 05:23:00",2023-03-09,2023-03-10,180,0.5,Delayed,Manila,3,"Warehouse Delay"
S004076,O004076,DHL,n/a,"2025-08-28 03:54:00",2025-09-04,2025-09-06,100,15,Delayed,n/a,1,"Address Issue"
S004077,O004077,DHL,n/a,"2025-07-25 08:36:00",2025-08-04,2025-08-11,500,0,Delayed,Caloocan,1,"Customer Unavailable"
S004078,O004078,DHL,TRK88223003,"2024-05-06 14:36:00",2024-05-10,2024-05-13,0,0,Delayed,"Davao city",2,"Carrier Backlog"
S004079,O004079,2GO,n/a,"2024-02-06 01:48:00",2024-02-08,2024-02-15,500,20,Delayed,Taguig,0,"Carrier Backlog"
S004080,O004080,FedEx,n/a,"2025-10-18 08:13:00",2025-10-27,2025-11-01,500,5,Delayed,Iloilo,3,"Address Issue"
S004081,O004081,"J&T Express",TRK57641115,"2023-06-25 00:16:00",2023-07-04,2023-07-09,180,10,Delayed,Taguig,1,"Warehouse Delay"
S004082,O004082,2GO,TRK988012291,"2023-04-16 08:33:00",2023-04-28,2023-04-29,180,2,Delayed,Pasig,1,"Address Issue"
S004083,O004083,"J&T Express",TRK649974985,"2025-09-20 13:02:00",2025-09-29,NULL,500,0,Preparing,"Cebu city",0,"Warehouse Delay"
S004084,O004084,DHL,n/a,"2024-03-28 08:17:00",2024-04-03,NULL,120,20,Preparing,Manila,1,Weather
S004085,O004085,"J&T Express",TRK646760890,"2025-09-15 14:53:00",2025-09-21,2025-09-23,500,0.5,Delayed,Pasig,3,"Address Issue"
S004086,O004086,LBC,TRK63812571,"2025-10-11 09:05:00",2025-10-15,NULL,250,5,Preparing,Iloilo,3,Weather
S004087,O004087,"Ninja Van",TRK87037742,"2024-12-09 18:03:00",2024-12-16,NULL,150,15,Preparing,Caloocan,1,n/a
S004088,O004088,FedEx,n/a,"2024-07-16 12:56:00",2024-07-20,2024-07-24,0,15,Delayed,Taguig,1,"Warehouse Delay"
S004089,O004089,"JRS Express",TRK909625996,"2022-05-25 20:14:00",2022-06-01,2022-06-04,150,3,Delayed,Taguig,2,Weather
S004090,O004090,FedEx,n/a,"2022-04-12 06:41:00",2022-04-19,2022-04-18,350,1,Delivered,Pasig,1,"Warehouse Delay"
S004091,O004091,2GO,n/a,"2024-11-03 22:05:00",2024-11-12,2024-11-13,180,5,Delayed,Makati,3,"Carrier Backlog"
S004092,O004092,2GO,n/a,"2022-10-25 10:24:00",2022-11-03,2022-11-06,120,15,Delayed,"Cebu city",1,"Carrier Backlog"
S004093,O004093,"J&T Express",TRK270907059,"2025-01-16 22:21:00",2025-01-19,2025-01-25,250,15,Delayed,"Davao city",1,"Address Issue"
S004094,O004094,DHL,TRK88660374,"2024-02-15 22:25:00",2024-02-27,NULL,350,10,Preparing,Antipolo,0,n/a
S004095,O004095,LBC,TRK162791702,"2025-03-15 18:00:00",NULL,NULL,0,2,Preparing,"Cebu city",3,Weather
S004096,O004096,"Ninja Van",TRK83192966,"2022-06-15 14:19:00",2022-06-21,2022-06-19,150,1,Delivered,"Davao city",1,Weather
S004097,O004097,"J&T Express",TRK70704801,"2022-11-04 00:54:00",2022-11-12,2022-11-16,80,20,Delayed,"Cebu city",3,"Customer Unavailable"
S004098,O004098,DHL,TRK182693920,"2023-09-12 22:21:00",2023-09-22,NULL,100,2,Preparing,Taguig,1,n/a
S004099,O004099,FedEx,TRK58068668,"2026-01-06 02:33:00",2026-01-18,NULL,120,1,Preparing,Iloilo,2,n/a
S004100,O004100,"Ninja Van",TRK236453555,"2023-02-16 04:07:00",2023-02-24,2023-02-27,0,2,Delayed,Manila,1,n/a
S004101,O004101,"J&T Express",TRK91344099,"2022-03-07 21:59:00",2022-03-17,2022-03-16,80,0,Delivered,Caloocan,1,"Warehouse Delay"
S004102,O004102,"J&T Express",TRK18896112,"2024-10-12 03:44:00",2024-10-23,2024-10-25,500,0.5,Delayed,Caloocan,0,Weather
S004103,O004103,"J&T Express",n/a,"2025-01-21 00:26:00",2025-01-26,2025-01-25,150,20,Delivered,Iloilo,1,Weather
S004104,O004104,DHL,TRK516301756,"2023-03-02 20:12:00",2023-03-14,2023-03-21,80,15,Delayed,Caloocan,2,n/a
S004105,O004105,2GO,n/a,"2022-02-22 07:39:00",2022-03-05,2022-03-06,150,2,Delayed,"Davao city",1,"Warehouse Delay"
S004106,O004106,2GO,TRK92832211,"2025-01-22 16:55:00",2025-01-24,2025-01-29,0,20,Delayed,Antipolo,1,n/a
S004107,O004107,"Ninja Van",TRK92309159,"2024-04-03 01:35:00",2024-04-08,2024-04-08,100,10,"Out for Delivery",Caloocan,3,"Address Issue"
S004108,O004108,2GO,TRK212369153,"2025-02-10 22:14:00",2025-02-16,NULL,80,0.5,Preparing,"Quezon city",1,Weather
S004109,O004109,LBC,TRK62476380,"2022-02-14 18:14:00",2022-02-15,2022-02-20,180,15,Delayed,Iloilo,0,"Customer Unavailable"
S004110,O004110,2GO,TRK86497276,"2024-09-07 00:55:00",2024-09-16,2024-09-14,80,2,Delivered,Antipolo,1,"Customer Unavailable"
S004111,O004111,"Ninja Van",n/a,"2024-06-01 15:35:00",2024-06-11,2024-06-13,120,3,Delayed,Taguig,1,"Warehouse Delay"
S004112,O004112,2GO,TRK69196079,"2024-11-26 19:53:00",2024-12-02,2024-12-02,250,0.5,"Out for Delivery",Taguig,1,"Warehouse Delay"
S004113,O004113,"J&T Express",TRK972538833,"2024-11-09 05:21:00",2024-11-21,2024-11-22,180,1,Delayed,Manila,1,Weather
S004114,O004114,2GO,n/a,"2024-12-14 17:38:00",2024-12-20,2024-12-18,80,0.5,Delivered,Caloocan,0,"Customer Unavailable"
S004115,O004115,"JRS Express",TRK316647416,"2025-04-18 14:40:00",2025-04-28,2025-04-26,80,1,Delivered,"Cebu city",0,"Warehouse Delay"
S004116,O004116,"J&T Express",n/a,"2026-01-11 13:34:00",2026-01-21,2026-01-19,500,2,Delivered,Taguig,2,"Carrier Backlog"
S004117,O004117,FedEx,n/a,"2022-03-16 17:57:00",2022-03-28,NULL,250,10,Preparing,"Quezon city",1,"Address Issue"
S004118,O004118,"Ninja Van",TRK775565625,"2024-02-01 05:59:00",2024-02-13,2024-02-12,500,10,Delivered,Antipolo,1,Weather
S004119,O004119,2GO,TRK49320519,"2024-06-26 18:44:00",2024-06-30,2024-07-03,180,15,Delayed,"Davao city",1,Weather
S004120,O004120,"J&T Express",TRK454283445,"2022-07-20 05:20:00",2022-07-30,2022-08-01,350,15,Delayed,Pasig,1,Weather
S004121,O004121,"J&T Express",TRK25812255,"2025-04-15 05:48:00",2025-04-24,2025-04-27,100,20,Delayed,Iloilo,0,"Warehouse Delay"
S004122,O004122,"Ninja Van",TRK862824300,"2022-01-21 22:30:00",2022-01-25,2022-01-24,80,10,Delivered,"Cebu city",0,"Address Issue"
S004123,O004123,FedEx,n/a,"2025-01-13 08:10:00",2025-01-21,2025-01-22,250,20,Delayed,Taguig,1,Weather
S004124,O004124,2GO,TRK536493411,"2023-11-12 15:18:00",2023-11-13,2023-11-20,180,10,Delayed,Antipolo,1,n/a
S004125,O004125,"J&T Express",TRK34065211,"2024-11-18 08:26:00",2024-11-20,NULL,250,0,Preparing,Iloilo,2,n/a
S004126,O004126,"J&T Express",n/a,"2022-10-20 01:22:00",2022-10-31,2022-11-03,250,5,Delayed,Pasig,2,"Address Issue"
S004127,O004127,FedEx,n/a,"2022-03-05 19:03:00",2022-03-10,2022-03-14,180,3,Delayed,Taguig,3,"Warehouse Delay"
S004128,O004128,"J&T Express",TRK960657313,"2025-03-28 05:11:00",2025-04-03,NULL,150,3,Preparing,Manila,1,Weather
S004129,O004129,"JRS Express",n/a,"2022-05-21 23:59:00",2022-05-29,2022-05-28,120,20,Delivered,Pasig,3,"Carrier Backlog"
S004130,O004130,LBC,TRK22816593,"2022-04-11 03:05:00",2022-04-21,2022-04-22,350,1,Delayed,"Cebu city",1,Weather
S004131,O004131,"Ninja Van",n/a,"2025-08-23 09:21:00",2025-08-26,2025-08-29,100,0,Delayed,Manila,1,"Address Issue"
S004132,O004132,FedEx,n/a,"2024-05-12 19:51:00",2024-05-20,2024-05-23,250,1,Delayed,"Davao city",1,n/a
S004133,O004133,FedEx,TRK491770318,"2023-08-06 01:23:00",2023-08-14,2023-08-19,180,0.5,Delayed,Antipolo,3,n/a
S004134,O004134,FedEx,TRK182358261,"2022-07-29 17:31:00",2022-08-09,2022-08-13,350,0.5,Delayed,Iloilo,3,"Carrier Backlog"
S004135,O004135,"J&T Express",TRK107990768,"2022-03-23 19:14:00",2022-03-26,NULL,120,5,Preparing,"Cebu city",3,Weather
S004136,O004136,LBC,n/a,"2024-02-22 12:31:00",2024-02-28,2024-03-03,150,15,Delayed,Taguig,1,"Carrier Backlog"
S004137,O004137,2GO,TRK94297098,"2024-10-16 12:41:00",2024-10-18,2024-10-19,80,3,Delayed,"Cebu city",3,"Address Issue"
S004138,O004138,FedEx,TRK80578656,"2024-04-02 02:10:00",2024-04-09,2024-04-07,180,3,Delivered,Taguig,1,"Address Issue"
S004139,O004139,"JRS Express",TRK48292615,"2023-01-23 07:55:00",2023-01-24,2023-01-23,150,5,Delivered,Makati,1,n/a
S004140,O004140,DHL,TRK44578541,"2023-05-17 18:55:00",2023-05-22,2023-05-27,250,5,Delayed,Iloilo,1,"Customer Unavailable"
S004141,O004141,DHL,n/a,"2023-02-16 02:53:00",2023-02-18,NULL,150,20,Preparing,"Cebu city",1,n/a
S004142,O004142,"JRS Express",TRK44716335,"2025-02-16 03:00:00",2025-02-25,2025-02-28,100,15,Delayed,"Davao city",3,"Carrier Backlog"
S004143,O004143,DHL,n/a,"2023-07-21 19:16:00",2023-07-31,NULL,80,5,Preparing,Pasig,1,"Address Issue"
S004144,O004144,DHL,TRK804800042,"2022-09-26 03:16:00",2022-10-03,2022-10-02,120,0,Delivered,Makati,2,"Carrier Backlog"
S004145,O004145,2GO,TRK296999794,"2023-08-05 01:32:00",2023-08-06,2023-08-06,500,3,"Out for Delivery",Iloilo,2,Weather
S004146,O004146,LBC,TRK55154801,"2024-01-05 05:08:00",2024-01-07,2024-01-14,0,2,Delayed,Antipolo,1,"Carrier Backlog"
S004147,O004147,"J&T Express",TRK43930742,"2024-05-09 05:38:00",2024-05-21,2024-05-22,80,0.5,Delayed,"Davao city",1,Weather
S004148,O004148,"JRS Express",TRK249993176,"2022-10-10 08:14:00",2022-10-17,NULL,80,0.5,Preparing,Pasig,1,Weather
S004149,O004149,"Ninja Van",TRK511382801,"2022-06-26 15:16:00",2022-06-28,2022-07-03,180,0,Delayed,Pasig,1,Weather
S004150,O004150,2GO,TRK35125054,"2025-05-11 15:25:00",2025-05-16,2025-05-14,250,5,Delivered,Iloilo,3,Weather
S004151,O004151,2GO,TRK904397497,"2022-03-05 13:36:00",2022-03-10,2022-03-17,250,1,Delayed,"Davao city",1,"Carrier Backlog"
S004152,O004152,FedEx,n/a,"2024-02-20 04:48:00",2024-03-02,2024-03-07,100,1,Delayed,"Cebu city",1,Weather
S004153,O004153,DHL,TRK32619526,"2024-11-24 22:14:00",2024-12-05,2024-12-12,100,20,Delayed,n/a,3,"Carrier Backlog"
S004154,O004154,"J&T Express",n/a,"2023-07-06 09:11:00",2023-07-07,NULL,0,0.5,Preparing,Manila,1,"Carrier Backlog"
S004155,O004155,"Ninja Van",TRK77842906,"2023-04-16 18:35:00",2023-04-21,2023-04-27,0,3,Delayed,"Davao city",3,Weather
S004156,O004156,LBC,TRK13096698,"2025-01-29 14:07:00",2025-01-30,2025-01-28,0,20,Delivered,Manila,3,"Address Issue"
S004157,O004157,"JRS Express",TRK51743272,"2022-11-22 08:02:00",2022-11-25,2022-11-29,0,1,Delayed,Antipolo,3,n/a
S004158,O004158,"Ninja Van",TRK398983227,"2023-04-10 00:57:00",2023-04-11,NULL,0,5,Preparing,Iloilo,1,"Carrier Backlog"
S004159,O004159,"JRS Express",TRK45523402,"2025-10-27 13:00:00",2025-11-04,2025-11-11,500,2,Delayed,Caloocan,1,"Carrier Backlog"
S004160,O004160,DHL,n/a,"2024-12-21 13:24:00",2024-12-31,2025-01-07,500,2,Delayed,Iloilo,0,"Warehouse Delay"
S004161,O004161,LBC,TRK31627307,"2025-10-03 07:20:00",2025-10-13,2025-10-11,120,3,Delivered,Manila,2,Weather
S004162,O004162,"J&T Express",TRK305888804,"2023-02-12 23:50:00",2023-02-22,2023-02-26,150,15,Delayed,Taguig,3,"Customer Unavailable"
S004163,O004163,"J&T Express",TRK423402545,"2022-04-07 13:42:00",2022-04-16,2022-04-16,350,10,"Out for Delivery","Davao city",1,"Warehouse Delay"
S004164,O004164,"JRS Express",TRK17237478,"2022-11-25 03:37:00",2022-12-07,2022-12-14,0,15,Delayed,"Quezon city",1,"Warehouse Delay"
S004165,O004165,"JRS Express",TRK164046931,"2025-01-27 11:45:00",2025-02-06,2025-02-09,80,2,Delayed,Pasig,0,"Customer Unavailable"
S004166,O004166,Unknown,TRK799025786,"2024-08-22 10:54:00",2024-08-30,2024-09-04,100,1,Delayed,Manila,1,"Warehouse Delay"
S004167,O004167,DHL,n/a,"2022-11-11 16:08:00",2022-11-18,2022-11-25,350,0.5,Delayed,"Quezon city",0,Weather
S004168,O004168,FedEx,TRK88948960,"2025-03-08 21:31:00",2025-03-10,2025-03-13,0,5,Delayed,"Quezon city",0,"Customer Unavailable"
S004169,O004169,"J&T Express",TRK49643127,"2023-06-16 07:36:00",2023-06-23,2023-06-30,350,20,Delayed,Caloocan,1,"Address Issue"
S004170,O004170,2GO,n/a,"2026-01-13 23:28:00",2026-01-23,NULL,120,5,Returned,"Davao city",3,"Customer Unavailable"
S004171,O004171,2GO,TRK99783565,"2022-05-15 16:37:00",2022-05-19,NULL,180,0,Returned,"Quezon city",1,"Customer Unavailable"
S004172,O004172,LBC,TRK479451695,"2024-11-21 00:45:00",2024-11-26,2024-11-25,120,1,Delivered,Caloocan,1,n/a
S004173,O004173,FedEx,TRK465840808,"2025-05-15 10:06:00",2025-05-21,2025-05-24,120,5,Delayed,Taguig,2,n/a
S004174,O004174,LBC,TRK138970109,"2024-07-14 02:45:00",NULL,NULL,0,15,Preparing,Pasig,0,n/a
S004175,O004175,LBC,n/a,"2024-02-11 10:57:00",2024-02-15,2024-02-19,500,3,Delayed,Makati,3,"Carrier Backlog"
S004176,O004176,"J&T Express",n/a,"2025-06-26 12:09:00",2025-07-07,2025-07-14,250,20,Delayed,Taguig,2,"Carrier Backlog"
S004177,O004177,"JRS Express",TRK113311880,"2024-05-16 03:10:00",2024-05-24,2024-05-25,350,2,Delayed,"Davao city",1,Weather
S004178,O004178,"J&T Express",n/a,"2025-09-16 08:02:00",2025-09-22,NULL,250,3,Preparing,Caloocan,3,"Warehouse Delay"
S004179,O004179,"JRS Express",TRK946353823,"2023-01-03 12:22:00",2023-01-11,2023-01-18,0,20,Delayed,Antipolo,1,"Customer Unavailable"
S004180,O004180,DHL,n/a,"2025-03-02 14:38:00",2025-03-08,2025-03-08,350,10,"Out for Delivery",Iloilo,2,"Address Issue"
S004181,O004181,"J&T Express",TRK379200666,"2024-06-02 16:31:00",2024-06-11,2024-06-12,350,2,Delayed,Caloocan,1,"Address Issue"
S004182,O004182,"Ninja Van",TRK764016053,"2024-10-12 22:05:00",2024-10-24,2024-10-23,120,2,Delivered,Makati,0,n/a
S004183,O004183,"JRS Express",n/a,"2024-09-19 15:03:00",NULL,NULL,0,10,Preparing,Taguig,1,Weather
S004184,O004184,FedEx,TRK632205649,"2022-05-04 08:41:00",2022-05-06,2022-05-06,250,0.5,"Out for Delivery",Antipolo,1,"Address Issue"
S004185,O004185,DHL,TRK519606268,"2022-10-29 07:35:00",NULL,NULL,120,2,Preparing,Antipolo,1,Weather
S004186,O004186,Unknown,n/a,"2022-12-04 16:34:00",2022-12-15,2022-12-16,150,20,Delayed,"Cebu city",1,"Customer Unavailable"
S004187,O004187,2GO,TRK37833392,"2024-09-07 13:55:00",2024-09-16,2024-09-22,80,3,Delayed,Caloocan,1,"Warehouse Delay"
S004188,O004188,FedEx,TRK797764557,"2025-01-01 00:40:00",2025-01-08,2025-01-09,250,0.5,Delayed,Taguig,1,"Address Issue"
S004189,O004189,FedEx,TRK707538666,"2025-06-01 20:59:00",2025-06-11,2025-06-12,500,2,Delayed,"Quezon city",1,Weather
S004190,O004190,"J&T Express",TRK26078884,"2022-05-05 08:45:00",2022-05-08,2022-05-14,120,3,Delayed,Makati,1,"Customer Unavailable"
S004191,O004191,"JRS Express",n/a,"2024-09-29 10:27:00",2024-10-10,2024-10-16,500,0.5,Delayed,Iloilo,3,n/a
S004192,O004192,LBC,TRK661031700,"2024-02-07 02:16:00",2024-02-08,2024-02-07,180,20,Delivered,Caloocan,1,Weather
S004193,O004193,"J&T Express",TRK759395897,"2024-03-31 03:28:00",2024-04-04,2024-04-06,80,5,Delayed,"Quezon city",3,"Warehouse Delay"
S004194,O004194,LBC,TRK858201703,"2024-12-29 10:26:00",2025-01-05,2025-01-04,250,1,Delivered,Pasig,1,"Customer Unavailable"
S004195,O004195,FedEx,TRK27116701,"2025-10-08 20:42:00",2025-10-20,2025-10-27,120,2,Delayed,"Quezon city",1,"Customer Unavailable"
S004196,O004196,"J&T Express",TRK74270792,"2023-09-09 08:12:00",2023-09-20,2023-09-19,350,3,Delivered,"Cebu city",3,"Warehouse Delay"
S004197,O004197,"J&T Express",TRK72762396,"2024-01-03 02:38:00",2024-01-10,2024-01-08,250,1,Delivered,Caloocan,1,"Customer Unavailable"
S004198,O004198,"JRS Express",TRK282981649,"2024-01-02 07:38:00",2024-01-11,2024-01-09,500,15,Delivered,Caloocan,1,"Address Issue"
S004199,O004199,FedEx,n/a,"2022-08-15 00:37:00",2022-08-20,2022-08-26,150,20,Delayed,n/a,1,"Customer Unavailable"
S004200,O004200,"J&T Express",TRK62895961,"2023-05-07 10:10:00",2023-05-13,2023-05-15,350,10,Delayed,Taguig,1,"Carrier Backlog"
S004201,O004201,"Ninja Van",TRK31698829,"2025-08-26 05:04:00",2025-09-01,2025-09-07,350,1,Delayed,"Quezon city",0,Weather
S004202,O004202,DHL,TRK854328070,"2023-11-07 13:07:00",2023-11-08,2023-11-09,80,20,Delayed,Taguig,0,Weather
S004203,O004203,Unknown,n/a,"2022-09-02 00:21:00",2022-09-10,NULL,250,3,Preparing,Taguig,3,"Warehouse Delay"
S004204,O004204,DHL,TRK13620572,"2024-02-21 06:58:00",2024-03-01,2024-03-02,120,1,Delayed,Caloocan,2,"Address Issue"
S004205,O004205,"J&T Express",TRK581691419,"2024-05-13 19:26:00",2024-05-22,2024-05-20,100,2,Delivered,Taguig,1,"Customer Unavailable"
S004206,O004206,2GO,TRK83434045,"2022-03-19 16:09:00",2022-03-27,2022-03-26,500,5,Delivered,Antipolo,0,"Customer Unavailable"
S004207,O004207,LBC,n/a,"2024-04-27 19:06:00",2024-04-29,NULL,180,1,Preparing,Makati,2,"Address Issue"
S004208,O004208,LBC,TRK535662803,"2024-10-20 18:54:00",NULL,NULL,180,2,Preparing,"Quezon city",3,Weather
S004209,O004209,"Ninja Van",n/a,"2023-09-21 21:23:00",2023-09-30,2023-10-03,500,15,Delayed,Pasig,0,"Customer Unavailable"
S004210,O004210,LBC,TRK909236537,"2024-05-10 23:43:00",2024-05-16,2024-05-19,500,1,Delayed,Antipolo,1,"Customer Unavailable"
S004211,O004211,"Ninja Van",n/a,"2025-08-17 23:36:00",2025-08-26,2025-08-26,250,1,"Out for Delivery","Cebu city",3,"Customer Unavailable"
S004212,O004212,"J&T Express",n/a,"2025-03-18 04:37:00",2025-03-22,2025-03-29,350,5,Delayed,Iloilo,2,"Carrier Backlog"
S004213,O004213,LBC,TRK76639501,"2022-08-07 18:57:00",2022-08-09,2022-08-13,100,5,Delayed,"Quezon city",1,"Address Issue"
S004214,O004214,"J&T Express",TRK302616831,"2024-10-02 03:05:00",2024-10-07,2024-10-11,250,20,Delayed,Manila,1,n/a
S004215,O004215,"JRS Express",TRK94604952,"2025-04-16 17:41:00",2025-04-21,2025-04-25,180,20,Delayed,Antipolo,3,Weather
S004216,O004216,FedEx,TRK70817716,"2023-11-21 17:47:00",2023-11-30,2023-12-01,500,0,Delayed,Manila,2,"Customer Unavailable"
S004217,O004217,Unknown,n/a,"2022-09-29 09:08:00",2022-09-30,2022-10-02,0,15,Delayed,Pasig,1,"Warehouse Delay"
S004218,O004218,2GO,TRK10229006,"2023-02-28 04:32:00",2023-03-12,2023-03-18,350,3,Delayed,Manila,1,"Carrier Backlog"
S004219,O004219,FedEx,TRK53750998,"2024-02-21 06:11:00",2024-03-03,2024-03-10,180,20,Delayed,"Cebu city",1,"Customer Unavailable"
S004220,O004220,"Ninja Van",n/a,"2022-10-18 17:52:00",2022-10-28,2022-11-01,0,3,Delayed,Iloilo,2,n/a
S004221,O004221,2GO,TRK462183924,"2023-06-09 18:37:00",2023-06-21,NULL,150,3,Preparing,Iloilo,2,"Address Issue"
S004222,O004222,2GO,TRK35693086,"2022-10-23 03:32:00",2022-10-31,2022-11-07,180,10,Delayed,n/a,2,"Customer Unavailable"
S004223,O004223,Unknown,TRK265869522,"2025-11-19 04:09:00",2025-11-25,2025-11-24,180,0,Delivered,Iloilo,1,"Address Issue"
S004224,O004224,"JRS Express",n/a,"2025-07-19 19:21:00",2025-07-23,2025-07-30,250,10,Delayed,Caloocan,1,"Carrier Backlog"
S004225,O004225,"J&T Express",TRK756336483,"2024-01-27 21:35:00",2024-02-02,NULL,250,1,Returned,Antipolo,3,"Customer Unavailable"
S004226,O004226,"Ninja Van",n/a,"2023-09-27 17:35:00",2023-10-07,NULL,500,5,Preparing,Iloilo,1,"Address Issue"
S004227,O004227,"J&T Express",TRK53285953,"2024-01-24 14:23:00",2024-01-31,2024-01-31,100,0.5,"Out for Delivery","Cebu city",0,"Carrier Backlog"
S004228,O004228,"Ninja Van",n/a,"2022-07-28 09:50:00",2022-08-01,2022-08-07,150,15,Delayed,Antipolo,2,"Customer Unavailable"
S004229,O004229,FedEx,TRK78687339,"2025-06-05 10:37:00",2025-06-16,2025-06-17,100,5,Delayed,"Quezon city",0,"Address Issue"
S004230,O004230,Unknown,TRK43134438,"2024-05-19 05:14:00",2024-05-23,2024-05-30,500,0.5,Delayed,Iloilo,3,n/a
S004231,O004231,"J&T Express",TRK29762464,"2022-12-03 01:24:00",2022-12-13,2022-12-17,500,10,Delayed,"Davao city",0,"Warehouse Delay"
S004232,O004232,2GO,TRK27636704,"2025-09-08 15:25:00",2025-09-11,2025-09-12,80,1,Delayed,"Quezon city",3,"Warehouse Delay"
S004233,O004233,DHL,TRK50549095,"2023-06-01 23:44:00",2023-06-04,2023-06-06,250,2,Delayed,Pasig,2,n/a
S004234,O004234,"J&T Express",n/a,"2025-01-30 17:31:00",2025-02-01,2025-02-03,150,1,Delayed,Taguig,1,"Warehouse Delay"
S004235,O004235,"JRS Express",TRK45987965,"2025-01-21 17:04:00",2025-02-02,2025-01-31,80,0.5,Delivered,Makati,1,"Carrier Backlog"
S004236,O004236,DHL,n/a,"2023-09-12 20:06:00",2023-09-22,2023-09-28,0,5,Delayed,Makati,1,Weather
S004237,O004237,DHL,TRK80865897,"2022-10-15 06:07:00",2022-10-19,2022-10-19,150,10,"Out for Delivery",Pasig,3,"Warehouse Delay"
S004238,O004238,"Ninja Van",n/a,"2022-07-01 01:59:00",2022-07-04,2022-07-05,0,1,Delayed,"Davao city",1,"Address Issue"
S004239,O004239,2GO,n/a,"2024-12-29 10:20:00",NULL,NULL,500,20,Preparing,"Quezon city",1,"Address Issue"
S004240,O004240,"JRS Express",TRK37286783,"2022-11-18 17:23:00",2022-11-19,2022-11-21,100,2,Delayed,"Davao city",0,"Warehouse Delay"
S004241,O004241,FedEx,n/a,"2025-03-14 04:58:00",2025-03-17,2025-03-22,0,10,Delayed,Iloilo,1,"Address Issue"
S004242,O004242,"JRS Express",n/a,"2024-11-23 15:04:00",2024-11-28,2024-12-03,80,5,Delayed,Manila,1,Weather
S004243,O004243,Unknown,TRK62154835,"2025-02-14 05:08:00",2025-02-25,2025-02-28,100,15,Delayed,Taguig,1,"Address Issue"
S004244,O004244,2GO,TRK40757244,"2024-05-12 09:37:00",2024-05-24,NULL,120,5,Preparing,Makati,1,"Carrier Backlog"
S004245,O004245,LBC,TRK32702792,"2024-08-08 20:10:00",2024-08-20,2024-08-27,80,0.5,Delayed,"Davao city",3,"Address Issue"
S004246,O004246,"Ninja Van",n/a,"2024-11-08 22:33:00",2024-11-11,2024-11-17,250,3,Delayed,Taguig,1,"Address Issue"
S004247,O004247,"Ninja Van",TRK58114066,"2025-09-21 04:22:00",2025-09-29,2025-10-06,0,1,Delayed,"Davao city",1,n/a
S004248,O004248,"J&T Express",TRK709749130,"2025-01-07 02:02:00",2025-01-12,2025-01-15,350,1,Delayed,"Quezon city",1,"Customer Unavailable"
S004249,O004249,DHL,TRK88327652,"2022-05-28 19:09:00",2022-05-30,2022-06-01,0,5,Delayed,Makati,1,Weather
S004250,O004250,Unknown,n/a,"2022-11-30 00:05:00",2022-12-06,2022-12-04,180,0.5,Delivered,Makati,1,n/a
S004251,O004251,FedEx,n/a,"2024-11-24 19:51:00",2024-12-01,2024-12-02,80,15,Delayed,Manila,2,"Customer Unavailable"
S004252,O004252,"Ninja Van",TRK54330298,"2022-12-02 05:50:00",2022-12-14,2022-12-17,250,3,Delayed,"Quezon city",1,"Carrier Backlog"
S004253,O004253,2GO,TRK67385419,"2024-02-27 09:00:00",NULL,NULL,180,10,Preparing,Taguig,1,"Carrier Backlog"
S004254,O004254,FedEx,TRK15546686,"2024-12-16 07:50:00",2024-12-19,NULL,120,0,Returned,n/a,1,"Customer Unavailable"
S004255,O004255,DHL,TRK12172572,"2023-02-10 01:32:00",2023-02-20,2023-02-21,350,5,Delayed,Pasig,1,"Carrier Backlog"
S004256,O004256,FedEx,TRK195231738,"2024-12-04 19:53:00",2024-12-15,NULL,120,0.5,Preparing,"Quezon city",1,"Carrier Backlog"
S004257,O004257,"JRS Express",TRK80269073,"2022-07-01 16:22:00",NULL,NULL,500,5,Returned,Caloocan,1,"Customer Unavailable"
S004258,O004258,FedEx,TRK43821388,"2025-10-31 15:50:00",2025-11-04,2025-11-02,180,0.5,Delivered,Antipolo,1,"Carrier Backlog"
S004259,O004259,"J&T Express",n/a,"2022-09-07 21:22:00",2022-09-10,2022-09-10,150,1,"Out for Delivery","Davao city",1,"Address Issue"
S004260,O004260,LBC,n/a,"2025-05-26 02:51:00",2025-06-07,2025-06-14,500,5,Delayed,Antipolo,1,Weather
S004261,O004261,FedEx,TRK38217334,"2025-10-28 06:24:00",2025-11-06,2025-11-09,0,5,Delayed,Taguig,3,"Customer Unavailable"
S004262,O004262,"J&T Express",n/a,"2024-09-08 14:45:00",2024-09-17,2024-09-21,120,0.5,Delayed,"Davao city",1,n/a
S004263,O004263,FedEx,n/a,"2025-11-11 03:57:00",2025-11-19,2025-11-21,100,1,Delayed,"Quezon city",1,"Warehouse Delay"
S004264,O004264,"Ninja Van",TRK28539944,"2024-09-28 04:47:00",2024-10-10,NULL,0,0.5,Preparing,Pasig,3,"Carrier Backlog"
S004265,O004265,"J&T Express",TRK827023606,"2022-01-25 07:36:00",2022-01-27,2022-02-02,180,15,Delayed,Taguig,1,"Address Issue"
S004266,O004266,2GO,TRK76852932,"2022-07-26 11:49:00",2022-08-04,2022-08-05,100,2,Delayed,Taguig,1,"Customer Unavailable"
S004267,O004267,"J&T Express",TRK681923495,"2023-11-13 12:17:00",2023-11-15,2023-11-19,100,1,Delayed,Manila,2,"Address Issue"
S004268,O004268,"JRS Express",TRK74304171,"2023-02-23 18:30:00",2023-02-28,2023-03-05,0,1,Delayed,Caloocan,2,"Warehouse Delay"
S004269,O004269,DHL,TRK935520115,"2025-04-25 00:48:00",2025-05-05,2025-05-05,0,2,"Out for Delivery",Pasig,0,"Customer Unavailable"
S004270,O004270,"J&T Express",n/a,"2025-12-16 00:29:00",2025-12-26,2025-12-30,80,10,Delayed,"Cebu city",1,"Customer Unavailable"
S004271,O004271,"JRS Express",TRK423264733,"2025-01-08 15:38:00",2025-01-20,2025-01-25,120,0.5,Delayed,Taguig,3,"Customer Unavailable"
S004272,O004272,"J&T Express",n/a,"2024-08-02 17:26:00",2024-08-04,2024-08-10,80,0,Delayed,"Quezon city",3,"Carrier Backlog"
S004273,O004273,DHL,TRK978158931,"2025-06-09 19:33:00",2025-06-15,2025-06-21,180,0,Delayed,"Quezon city",3,Weather
S004274,O004274,DHL,n/a,"2025-12-22 01:51:00",2025-12-25,2025-12-25,350,5,"Out for Delivery",Manila,1,Weather
S004275,O004275,DHL,TRK89834750,"2025-08-21 09:36:00",2025-08-27,2025-08-25,100,0.5,Delivered,Antipolo,1,"Warehouse Delay"
S004276,O004276,LBC,n/a,"2025-09-05 23:30:00",NULL,NULL,150,15,Returned,Antipolo,0,"Customer Unavailable"
S004277,O004277,"JRS Express",n/a,"2024-12-28 07:40:00",NULL,NULL,120,2,Preparing,"Quezon city",2,"Carrier Backlog"
S004278,O004278,"Ninja Van",TRK98865190,"2023-10-18 05:17:00",2023-10-30,2023-11-06,100,15,Delayed,"Quezon city",1,"Customer Unavailable"
S004279,O004279,DHL,TRK417145179,"2022-05-03 13:27:00",2022-05-11,2022-05-10,0,5,Delivered,Makati,3,"Carrier Backlog"
S004280,O004280,"JRS Express",TRK46698652,"2025-05-20 02:07:00",NULL,NULL,0,20,Returned,Pasig,2,"Customer Unavailable"
S004281,O004281,"JRS Express",TRK66237146,"2025-03-12 18:16:00",2025-03-22,2025-03-24,150,20,Delayed,Pasig,3,"Carrier Backlog"
S004282,O004282,LBC,TRK74123744,"2022-12-10 06:47:00",NULL,NULL,150,2,Returned,Antipolo,0,"Customer Unavailable"
S004283,O004283,DHL,n/a,"2022-06-19 01:58:00",2022-06-25,2022-07-02,80,0.5,Delayed,Manila,2,"Carrier Backlog"
S004284,O004284,2GO,TRK89426711,"2025-01-14 10:17:00",2025-01-16,2025-01-17,120,0,Delayed,Manila,1,n/a
S004285,O004285,DHL,TRK519916990,"2024-04-24 20:52:00",2024-04-28,2024-05-03,350,20,Delayed,Manila,1,"Customer Unavailable"
S004286,O004286,FedEx,TRK747869036,"2024-06-03 14:23:00",2024-06-14,2024-06-16,350,3,Delayed,Caloocan,2,"Address Issue"
S004287,O004287,"Ninja Van",TRK69986965,"2022-12-30 08:05:00",2023-01-11,2023-01-13,0,0,Delayed,Antipolo,0,"Warehouse Delay"
S004288,O004288,DHL,TRK48006185,"2025-05-11 13:03:00",2025-05-16,2025-05-21,100,3,Delayed,Caloocan,1,"Customer Unavailable"
S004289,O004289,"J&T Express",TRK78601885,"2025-10-28 11:26:00",2025-10-30,2025-11-02,0,2,Delayed,Antipolo,3,"Address Issue"
S004290,O004290,DHL,TRK929100888,"2024-01-28 02:11:00",2024-02-08,2024-02-08,80,20,"Out for Delivery",Makati,1,"Address Issue"
S004291,O004291,FedEx,n/a,"2024-01-04 07:07:00",2024-01-08,2024-01-14,120,20,Delayed,"Quezon city",0,"Carrier Backlog"
S004292,O004292,FedEx,TRK491444458,"2025-11-30 11:00:00",2025-12-01,2025-11-30,80,0.5,Delivered,Antipolo,1,"Carrier Backlog"
S004293,O004293,"Ninja Van",TRK174319127,"2022-12-25 17:12:00",2023-01-06,2023-01-08,100,0.5,Delayed,n/a,1,"Address Issue"
S004294,O004294,"JRS Express",TRK37222412,"2022-11-02 19:19:00",2022-11-03,NULL,120,0.5,Preparing,Makati,1,"Address Issue"
S004295,O004295,FedEx,TRK338309663,"2022-05-29 14:55:00",NULL,NULL,150,3,Preparing,Pasig,3,"Carrier Backlog"
S004296,O004296,"JRS Express",TRK86211056,"2024-11-02 15:47:00",2024-11-07,2024-11-07,250,15,"Out for Delivery","Davao city",1,"Warehouse Delay"
S004297,O004297,FedEx,n/a,"2024-07-05 10:53:00",2024-07-07,NULL,180,10,Preparing,"Cebu city",1,"Warehouse Delay"
S004298,O004298,LBC,TRK691807560,"2025-08-03 08:32:00",2025-08-07,2025-08-05,350,1,Delivered,Pasig,3,"Carrier Backlog"
S004299,O004299,DHL,TRK37876488,"2022-11-30 09:30:00",2022-12-12,2022-12-14,120,3,Delayed,"Quezon city",1,"Customer Unavailable"
S004300,O004300,"JRS Express",TRK258681681,"2025-03-26 08:45:00",2025-03-29,2025-03-30,150,15,Delayed,Manila,0,n/a
S004301,O004301,2GO,n/a,"2025-10-10 13:39:00",2025-10-11,2025-10-15,350,10,Delayed,Makati,1,n/a
S004302,O004302,2GO,TRK35374106,"2024-02-28 11:10:00",2024-03-06,2024-03-12,0,3,Delayed,"Cebu city",1,Weather
S004303,O004303,"JRS Express",TRK82423049,"2022-04-18 18:23:00",2022-04-29,2022-04-27,180,15,Delivered,Iloilo,3,"Customer Unavailable"
S004304,O004304,"JRS Express",TRK67661326,"2024-01-30 20:16:00",2024-02-03,2024-02-02,250,0,Delivered,Pasig,1,"Warehouse Delay"
S004305,O004305,"Ninja Van",n/a,"2022-12-05 22:02:00",2022-12-13,2022-12-12,150,10,Delivered,Makati,1,Weather
S004306,O004306,FedEx,TRK915620165,"2025-02-17 11:31:00",2025-02-25,2025-02-26,180,10,Delayed,n/a,1,Weather
S004307,O004307,"Ninja Van",n/a,"2025-01-12 02:01:00",2025-01-16,2025-01-16,180,3,"Out for Delivery",Manila,1,n/a
S004308,O004308,"Ninja Van",TRK252883533,"2022-08-25 08:07:00",2022-09-03,2022-09-10,80,1,Delayed,Taguig,1,"Address Issue"
S004309,O004309,DHL,TRK224262012,"2024-11-28 20:42:00",2024-12-06,2024-12-04,100,5,Delivered,"Cebu city",2,"Customer Unavailable"
S004310,O004310,"J&T Express",TRK455085887,"2025-01-23 20:03:00",2025-01-30,2025-02-03,100,0,Delayed,Antipolo,3,n/a
S004311,O004311,2GO,TRK52732917,"2024-05-08 15:35:00",NULL,NULL,120,20,Returned,Antipolo,1,"Customer Unavailable"
S004312,O004312,DHL,n/a,"2024-12-11 10:59:00",2024-12-13,NULL,100,3,Preparing,"Davao city",1,"Warehouse Delay"
S004313,O004313,LBC,TRK461491094,"2026-01-08 14:12:00",2026-01-12,2026-01-15,120,0.5,Delayed,Iloilo,1,n/a
S004314,O004314,"JRS Express",TRK159274006,"2024-09-20 18:42:00",2024-09-29,2024-10-01,250,10,Delayed,Taguig,1,"Carrier Backlog"
S004315,O004315,LBC,n/a,"2022-07-29 06:56:00",2022-08-05,2022-08-09,100,1,Delayed,Taguig,1,n/a
S004316,O004316,"JRS Express",n/a,"2023-06-05 11:00:00",2023-06-16,2023-06-19,350,15,Delayed,Taguig,2,"Address Issue"
S004317,O004317,DHL,TRK451600416,"2022-08-26 21:33:00",2022-09-05,2022-09-07,0,1,Delayed,"Cebu city",1,"Warehouse Delay"
S004318,O004318,DHL,TRK884725757,"2024-04-13 03:56:00",2024-04-23,2024-04-21,180,2,Delivered,Pasig,1,Weather
S004319,O004319,"Ninja Van",TRK11079320,"2023-03-10 10:32:00",2023-03-12,2023-03-17,150,2,Delayed,"Davao city",3,"Warehouse Delay"
S004320,O004320,DHL,TRK934937433,"2024-12-14 17:14:00",2024-12-24,2024-12-30,120,5,Delayed,Manila,0,"Carrier Backlog"
S004321,O004321,2GO,TRK233223507,"2025-08-29 08:42:00",2025-09-10,NULL,150,10,Returned,Caloocan,1,"Customer Unavailable"
S004322,O004322,2GO,TRK58889966,"2022-07-28 07:39:00",2022-08-06,2022-08-10,150,20,Delayed,Manila,1,"Warehouse Delay"
S004323,O004323,FedEx,TRK79185422,"2022-01-05 02:05:00",NULL,NULL,150,20,Preparing,Iloilo,1,n/a
S004324,O004324,2GO,TRK33539090,"2023-10-20 08:43:00",2023-10-30,2023-10-29,350,0,Delivered,Pasig,1,"Carrier Backlog"
S004325,O004325,LBC,TRK232429237,"2025-01-05 16:57:00",2025-01-12,2025-01-12,150,5,"Out for Delivery",Taguig,1,"Warehouse Delay"
S004326,O004326,LBC,n/a,"2022-06-18 05:04:00",NULL,NULL,120,0.5,Preparing,"Cebu city",2,"Carrier Backlog"
S004327,O004327,LBC,TRK153084477,"2022-08-20 01:54:00",2022-08-26,NULL,500,10,Preparing,Antipolo,0,n/a
S004328,O004328,FedEx,TRK239263124,"2022-08-07 15:02:00",2022-08-08,2022-08-14,250,1,Delayed,Pasig,0,Weather
S004329,O004329,Unknown,n/a,"2022-01-20 12:08:00",2022-01-27,2022-01-29,150,5,Delayed,Makati,1,n/a
S004330,O004330,Unknown,n/a,"2025-12-26 20:40:00",NULL,NULL,100,0.5,Preparing,Caloocan,0,Weather
S004331,O004331,"JRS Express",TRK66085070,"2022-01-26 02:53:00",2022-01-31,2022-02-01,500,10,Delayed,Makati,1,"Warehouse Delay"
S004332,O004332,"Ninja Van",TRK24997327,"2023-07-29 23:04:00",2023-08-03,2023-08-03,0,3,"Out for Delivery",Pasig,1,Weather
S004333,O004333,FedEx,TRK660142319,"2024-12-07 00:25:00",2024-12-19,2024-12-18,350,0,Delivered,Antipolo,1,Weather
S004334,O004334,"Ninja Van",TRK76876150,"2022-05-10 02:01:00",2022-05-15,NULL,150,10,Preparing,"Davao city",1,n/a
S004335,O004335,LBC,TRK13600428,"2024-01-19 16:19:00",2024-01-29,2024-01-31,100,10,Delayed,Caloocan,3,Weather
S004336,O004336,LBC,TRK652377104,"2022-08-18 22:38:00",2022-08-24,2022-08-24,0,10,"Out for Delivery",Pasig,3,"Warehouse Delay"
S004337,O004337,"JRS Express",n/a,"2025-09-01 14:28:00",2025-09-06,2025-09-05,0,2,Delivered,Manila,2,"Customer Unavailable"
S004338,O004338,"J&T Express",TRK10929110,"2022-01-08 01:52:00",2022-01-20,2022-01-27,0,0,Delayed,Taguig,2,"Carrier Backlog"
S004339,O004339,LBC,TRK608901144,"2024-10-24 22:30:00",2024-10-26,2024-10-24,180,1,Delivered,Caloocan,0,"Warehouse Delay"
S004340,O004340,2GO,n/a,"2023-06-28 17:05:00",2023-06-29,NULL,120,0,Preparing,Iloilo,2,n/a
S004341,O004341,FedEx,n/a,"2024-06-09 20:30:00",2024-06-18,2024-06-16,100,1,Delivered,"Cebu city",2,n/a
S004342,O004342,"Ninja Van",n/a,"2023-01-25 19:26:00",2023-02-06,2023-02-08,100,5,Delayed,Caloocan,1,"Warehouse Delay"
S004343,O004343,FedEx,TRK914556470,"2023-05-12 01:54:00",2023-05-16,2023-05-17,150,2,Delayed,"Quezon city",0,"Address Issue"
S004344,O004344,FedEx,n/a,"2022-05-01 19:22:00",2022-05-04,2022-05-03,180,20,Delivered,Manila,0,"Carrier Backlog"
S004345,O004345,LBC,n/a,"2024-04-01 01:03:00",2024-04-04,2024-04-02,250,3,Delivered,Pasig,0,"Address Issue"
S004346,O004346,"JRS Express",TRK67503896,"2024-04-13 10:12:00",2024-04-22,2024-04-27,100,1,Delayed,"Cebu city",0,"Warehouse Delay"
S004347,O004347,2GO,n/a,"2025-02-21 17:05:00",2025-03-04,2025-03-02,0,2,Delivered,n/a,3,"Carrier Backlog"
S004348,O004348,"Ninja Van",n/a,"2023-11-04 18:26:00",2023-11-11,2023-11-15,150,20,Delayed,"Cebu city",1,"Address Issue"
S004349,O004349,Unknown,TRK638371693,"2022-07-12 13:21:00",2022-07-16,2022-07-20,500,1,Delayed,Caloocan,0,"Customer Unavailable"
S004350,O004350,LBC,TRK34852987,"2025-08-18 13:10:00",2025-08-21,2025-08-22,500,1,Delayed,Iloilo,0,Weather
S004351,O004351,FedEx,TRK449875407,"2024-09-04 13:47:00",2024-09-08,2024-09-14,80,0.5,Delayed,"Davao city",2,"Carrier Backlog"
S004352,O004352,"JRS Express",TRK880584536,"2025-09-24 14:58:00",2025-09-28,2025-10-01,150,15,Delayed,Manila,0,"Carrier Backlog"
S004353,O004353,"J&T Express",TRK19760535,"2023-08-26 06:38:00",2023-08-27,2023-09-02,180,1,Delayed,"Davao city",0,"Carrier Backlog"
S004354,O004354,LBC,TRK71440122,"2024-04-04 18:31:00",2024-04-08,2024-04-14,500,10,Delayed,Antipolo,1,"Carrier Backlog"
S004355,O004355,2GO,n/a,"2022-03-20 10:37:00",2022-03-22,2022-03-27,120,2,Delayed,"Cebu city",1,"Warehouse Delay"
S004356,O004356,"Ninja Van",TRK412186178,"2024-12-26 13:08:00",2024-12-28,2025-01-01,0,10,Delayed,Antipolo,3,"Customer Unavailable"
S004357,O004357,LBC,TRK835970344,"2022-06-25 04:44:00",2022-07-03,2022-07-06,250,20,Delayed,Pasig,0,"Carrier Backlog"
S004358,O004358,DHL,n/a,"2024-10-27 19:40:00",2024-10-28,2024-11-04,180,15,Delayed,Manila,2,"Warehouse Delay"
S004359,O004359,DHL,n/a,"2025-08-19 06:25:00",NULL,NULL,80,2,Preparing,n/a,1,"Address Issue"
S004360,O004360,LBC,TRK66113675,"2023-05-01 14:30:00",2023-05-04,NULL,350,0.5,Preparing,Manila,0,"Address Issue"
S004361,O004361,LBC,TRK470987369,"2024-02-26 15:24:00",2024-03-04,NULL,500,5,Preparing,Makati,0,n/a
S004362,O004362,"JRS Express",TRK606285634,"2022-10-11 00:54:00",2022-10-20,2022-10-18,150,0.5,Delivered,Manila,1,"Customer Unavailable"
S004363,O004363,DHL,n/a,"2025-09-04 03:04:00",2025-09-10,2025-09-15,100,10,Delayed,Pasig,3,"Customer Unavailable"
S004364,O004364,2GO,n/a,"2026-01-09 13:01:00",2026-01-13,2026-01-14,0,15,Delayed,"Quezon city",0,Weather
S004365,O004365,FedEx,TRK932652147,"2022-02-18 03:25:00",2022-03-01,2022-02-27,80,5,Delivered,Caloocan,1,"Address Issue"
S004366,O004366,"Ninja Van",TRK298943125,"2025-07-13 00:32:00",NULL,NULL,80,10,Preparing,n/a,0,"Carrier Backlog"
S004367,O004367,2GO,TRK66758890,"2024-12-09 08:49:00",2024-12-16,2024-12-23,0,3,Delayed,Caloocan,1,"Address Issue"
S004368,O004368,2GO,n/a,"2024-01-25 18:24:00",2024-01-28,2024-01-29,250,0.5,Delayed,Manila,3,"Warehouse Delay"
S004369,O004369,LBC,TRK93220304,"2025-04-17 05:37:00",2025-04-26,2025-05-02,80,0.5,Delayed,Iloilo,0,Weather
S004370,O004370,DHL,TRK32888860,"2022-01-10 01:04:00",2022-01-16,2022-01-23,120,5,Delayed,Makati,3,"Carrier Backlog"
S004371,O004371,2GO,TRK58765567,"2023-05-09 08:08:00",2023-05-12,2023-05-12,350,5,"Out for Delivery",Makati,1,"Customer Unavailable"
S004372,O004372,"J&T Express",TRK381620057,"2022-08-12 08:14:00",2022-08-23,2022-08-28,350,5,Delayed,"Davao city",1,"Carrier Backlog"
S004373,O004373,"Ninja Van",TRK76711409,"2022-12-30 02:55:00",2023-01-04,2023-01-03,80,2,Delivered,"Davao city",1,"Customer Unavailable"
S004374,O004374,"Ninja Van",n/a,"2024-12-14 07:01:00",2024-12-22,2024-12-22,350,1,"Out for Delivery",Taguig,0,"Address Issue"
S004375,O004375,2GO,TRK677009125,"2023-05-26 04:02:00",2023-05-28,2023-06-04,150,15,Delayed,"Cebu city",1,n/a
S004376,O004376,"JRS Express",TRK203031011,"2025-02-25 06:01:00",2025-03-09,2025-03-16,100,10,Delayed,Manila,1,"Address Issue"
S004377,O004377,2GO,n/a,"2022-12-06 18:06:00",2022-12-13,2022-12-11,500,3,Delivered,Caloocan,1,"Address Issue"
S004378,O004378,2GO,n/a,"2025-10-22 18:32:00",2025-10-23,2025-10-26,150,15,Delayed,Taguig,0,"Carrier Backlog"
S004379,O004379,LBC,TRK805293983,"2025-07-25 19:07:00",2025-08-06,2025-08-13,80,15,Delayed,Makati,1,n/a
S004380,O004380,"J&T Express",TRK983886880,"2023-04-10 08:00:00",2023-04-22,2023-04-21,250,3,Delivered,"Cebu city",3,"Customer Unavailable"
S004381,O004381,"JRS Express",n/a,"2023-12-15 23:45:00",2023-12-26,2023-12-26,80,0.5,"Out for Delivery",Manila,1,"Customer Unavailable"
S004382,O004382,"Ninja Van",TRK151166805,"2024-07-14 01:23:00",2024-07-24,2024-07-29,350,15,Delayed,Antipolo,0,"Customer Unavailable"
S004383,O004383,"J&T Express",TRK350790621,"2025-04-07 23:42:00",2025-04-11,NULL,150,20,Preparing,"Davao city",0,Weather
S004384,O004384,2GO,TRK87810599,"2024-03-11 01:53:00",2024-03-13,NULL,150,0,Preparing,Makati,1,"Warehouse Delay"
S004385,O004385,DHL,TRK136257497,"2025-01-31 04:32:00",2025-02-06,2025-02-10,0,0,Delayed,Taguig,1,"Warehouse Delay"
S004386,O004386,2GO,TRK74103262,"2025-02-26 02:54:00",2025-03-07,2025-03-14,100,0,Delayed,Caloocan,3,n/a
S004387,O004387,FedEx,n/a,"2023-04-25 01:58:00",2023-05-05,2023-05-05,120,2,"Out for Delivery",Pasig,1,"Customer Unavailable"
S004388,O004388,"J&T Express",n/a,"2023-03-08 22:11:00",2023-03-16,2023-03-15,350,0,Delivered,"Quezon city",3,"Warehouse Delay"
S004389,O004389,"J&T Express",TRK52216352,"2022-10-25 22:26:00",2022-10-30,2022-10-30,150,5,"Out for Delivery",Taguig,2,Weather
S004390,O004390,"JRS Express",n/a,"2022-10-18 09:58:00",2022-10-19,2022-10-17,250,20,Delivered,Antipolo,1,"Customer Unavailable"
S004391,O004391,"JRS Express",n/a,"2022-11-11 22:08:00",2022-11-21,2022-11-19,500,15,Delivered,"Cebu city",1,n/a
S004392,O004392,"Ninja Van",n/a,"2022-05-19 23:15:00",2022-05-21,2022-05-22,120,0.5,Delayed,"Davao city",1,Weather
S004393,O004393,"Ninja Van",TRK655358086,"2024-09-08 02:02:00",NULL,NULL,100,10,Preparing,"Davao city",3,"Address Issue"
S004394,O004394,"JRS Express",TRK27138490,"2024-09-14 06:49:00",2024-09-22,2024-09-21,180,10,Delivered,Taguig,2,"Customer Unavailable"
S004395,O004395,Unknown,TRK94549820,"2023-09-02 04:05:00",2023-09-05,2023-09-08,250,15,Delayed,Iloilo,3,n/a
S004396,O004396,LBC,TRK264714303,"2024-03-04 09:51:00",2024-03-06,2024-03-08,0,3,Delayed,Caloocan,1,"Customer Unavailable"
S004397,O004397,DHL,TRK680407345,"2025-08-30 04:26:00",2025-08-31,2025-09-07,80,3,Delayed,"Cebu city",1,"Carrier Backlog"
S004398,O004398,LBC,TRK86034597,"2024-11-16 02:21:00",2024-11-26,2024-11-30,350,2,Delayed,Antipolo,0,Weather
S004399,O004399,"JRS Express",TRK99564760,"2023-05-13 09:37:00",2023-05-21,2023-05-23,250,5,Delayed,n/a,3,n/a
S004400,O004400,DHL,n/a,"2024-04-23 09:47:00",2024-05-05,NULL,350,15,Preparing,"Davao city",1,"Carrier Backlog"
S004401,O004401,"JRS Express",TRK11864174,"2024-01-12 15:50:00",2024-01-22,2024-01-23,150,10,Delayed,"Davao city",1,Weather
S004402,O004402,2GO,TRK882073246,"2025-01-22 06:00:00",2025-02-03,2025-02-08,150,3,Delayed,"Cebu city",2,Weather
S004403,O004403,2GO,TRK94593388,"2025-05-04 22:04:00",2025-05-07,2025-05-07,500,2,"Out for Delivery",Iloilo,2,"Warehouse Delay"
S004404,O004404,"JRS Express",TRK391939750,"2025-10-04 17:18:00",2025-10-13,2025-10-20,80,10,Delayed,Caloocan,0,"Carrier Backlog"
S004405,O004405,2GO,TRK48862336,"2022-09-01 11:38:00",2022-09-10,2022-09-09,120,5,Delivered,n/a,2,"Customer Unavailable"
S004406,O004406,"Ninja Van",n/a,"2022-12-22 15:03:00",2022-12-30,2023-01-01,80,5,Delayed,Makati,2,"Customer Unavailable"
S004407,O004407,"J&T Express",n/a,"2025-07-17 05:23:00",2025-07-26,2025-07-30,0,3,Delayed,Manila,1,Weather
S004408,O004408,2GO,TRK50336927,"2022-06-18 05:41:00",2022-06-21,2022-06-23,500,3,Delayed,Antipolo,3,"Customer Unavailable"
S004409,O004409,2GO,n/a,"2024-01-02 10:26:00",2024-01-04,2024-01-09,100,10,Delayed,"Cebu city",0,"Warehouse Delay"
S004410,O004410,LBC,TRK35467740,"2025-05-12 03:39:00",2025-05-22,2025-05-24,350,0.5,Delayed,Antipolo,1,"Carrier Backlog"
S004411,O004411,"J&T Express",TRK474242461,"2024-12-30 16:58:00",2025-01-01,2024-12-31,250,10,Delivered,Caloocan,2,"Warehouse Delay"
S004412,O004412,LBC,n/a,"2025-05-18 02:19:00",2025-05-27,2025-05-25,180,0.5,Delivered,Iloilo,1,"Customer Unavailable"
S004413,O004413,LBC,TRK95419762,"2022-07-18 05:04:00",2022-07-27,2022-07-28,500,10,Delayed,"Davao city",0,"Address Issue"
S004414,O004414,LBC,n/a,"2025-01-18 14:48:00",2025-01-19,2025-01-17,150,0,Delivered,"Cebu city",3,"Customer Unavailable"
S004415,O004415,"J&T Express",TRK237203815,"2022-08-26 09:01:00",2022-09-03,NULL,120,3,Preparing,Manila,1,"Warehouse Delay"
S004416,O004416,"Ninja Van",TRK600864196,"2022-11-11 17:12:00",2022-11-21,2022-11-25,180,10,Delayed,"Davao city",1,n/a
S004417,O004417,LBC,TRK844112860,"2022-01-04 11:06:00",2022-01-10,2022-01-16,80,5,Delayed,Caloocan,1,n/a
S004418,O004418,FedEx,TRK741804919,"2025-07-30 17:08:00",NULL,NULL,350,2,Preparing,Iloilo,2,"Address Issue"
S004419,O004419,FedEx,n/a,"2022-03-07 19:22:00",2022-03-14,2022-03-12,350,3,Delivered,Caloocan,0,"Warehouse Delay"
S004420,O004420,2GO,TRK34457121,"2023-05-09 09:49:00",2023-05-11,2023-05-10,100,0.5,Delivered,Antipolo,1,"Customer Unavailable"
S004421,O004421,"Ninja Van",TRK58233335,"2025-01-16 13:23:00",2025-01-27,2025-01-31,100,3,Delayed,"Quezon city",3,Weather
S004422,O004422,2GO,TRK81380878,"2025-08-05 09:34:00",2025-08-17,2025-08-15,0,15,Delivered,n/a,0,n/a
S004423,O004423,FedEx,TRK93977436,"2025-07-08 04:00:00",2025-07-14,NULL,500,3,Returned,"Davao city",0,"Customer Unavailable"
S004424,O004424,"J&T Express",TRK215963682,"2023-04-17 13:38:00",2023-04-20,2023-04-27,100,10,Delayed,"Davao city",0,"Warehouse Delay"
S004425,O004425,"JRS Express",TRK57990615,"2023-10-01 19:58:00",2023-10-09,2023-10-09,350,15,"Out for Delivery",Manila,2,"Address Issue"
S004426,O004426,LBC,TRK347150582,"2024-10-04 12:28:00",2024-10-15,2024-10-20,80,15,Delayed,"Davao city",1,"Customer Unavailable"
S004427,O004427,"JRS Express",n/a,"2023-08-03 06:52:00",2023-08-04,2023-08-06,80,0.5,Delayed,Makati,2,"Customer Unavailable"
S004428,O004428,"Ninja Van",TRK27615098,"2022-12-17 14:04:00",NULL,NULL,80,1,Preparing,Makati,1,n/a
S004429,O004429,LBC,TRK92551409,"2023-12-29 07:50:00",2024-01-10,2024-01-14,80,5,Delayed,Manila,1,Weather
S004430,O004430,"Ninja Van",n/a,"2025-06-16 06:27:00",2025-06-21,2025-06-24,150,20,Delayed,Caloocan,1,"Warehouse Delay"
S004431,O004431,DHL,TRK893164956,"2024-07-05 08:47:00",2024-07-12,2024-07-12,80,0.5,"Out for Delivery","Cebu city",1,n/a
S004432,O004432,DHL,TRK86766219,"2025-02-17 08:53:00",2025-03-01,2025-03-07,350,2,Delayed,"Cebu city",3,"Carrier Backlog"
S004433,O004433,"JRS Express",n/a,"2023-08-21 22:18:00",2023-08-31,2023-09-05,180,20,Delayed,Caloocan,3,"Address Issue"
S004434,O004434,DHL,TRK382556849,"2025-09-04 13:17:00",2025-09-12,2025-09-11,150,20,Delivered,Caloocan,2,"Address Issue"
S004435,O004435,"Ninja Van",TRK11012320,"2025-12-21 16:59:00",2025-12-23,2025-12-25,120,3,Delayed,Taguig,1,"Customer Unavailable"
S004436,O004436,"JRS Express",TRK85988948,"2024-02-12 06:40:00",2024-02-19,2024-02-21,500,10,Delayed,Manila,2,Weather
S004437,O004437,"JRS Express",TRK495008912,"2025-02-21 01:11:00",2025-03-02,2025-03-06,500,1,Delayed,Iloilo,1,"Warehouse Delay"
S004438,O004438,FedEx,TRK605131548,"2025-09-10 01:41:00",2025-09-14,2025-09-16,500,10,Delayed,Caloocan,1,"Customer Unavailable"
S004439,O004439,DHL,TRK28299603,"2025-11-14 19:18:00",2025-11-26,2025-11-27,0,3,Delayed,"Cebu city",1,"Customer Unavailable"
S004440,O004440,"JRS Express",TRK74707377,"2023-08-23 12:18:00",2023-08-26,2023-08-26,500,5,"Out for Delivery",Taguig,2,"Customer Unavailable"
S004441,O004441,2GO,TRK864492140,"2023-09-30 04:42:00",2023-10-07,2023-10-09,180,15,Delayed,Iloilo,1,n/a
S004442,O004442,DHL,TRK76631862,"2022-06-21 18:19:00",2022-06-23,NULL,250,20,Preparing,Makati,1,n/a
S004443,O004443,LBC,n/a,"2024-08-15 16:10:00",2024-08-16,2024-08-21,180,2,Delayed,Makati,2,"Customer Unavailable"
S004444,O004444,"JRS Express",n/a,"2025-04-17 10:51:00",2025-04-27,2025-04-30,150,0.5,Delayed,"Cebu city",1,"Customer Unavailable"
S004445,O004445,FedEx,TRK767243948,"2025-01-22 20:45:00",2025-02-01,2025-01-31,80,10,Delivered,Iloilo,1,"Customer Unavailable"
S004446,O004446,"J&T Express",n/a,"2022-09-04 01:26:00",2022-09-13,2022-09-16,0,1,Delayed,Makati,1,"Address Issue"
S004447,O004447,FedEx,n/a,"2024-10-11 00:00:00",2024-10-23,2024-10-22,80,15,Delivered,Caloocan,1,Weather
S004448,O004448,DHL,n/a,"2023-05-15 10:46:00",NULL,NULL,0,2,Preparing,Antipolo,0,n/a
S004449,O004449,DHL,TRK415540291,"2024-06-09 17:17:00",NULL,NULL,100,1,Preparing,"Quezon city",1,"Address Issue"
S004450,O004450,2GO,TRK282462542,"2025-09-11 01:32:00",2025-09-16,2025-09-16,120,5,"Out for Delivery",Antipolo,1,Weather
S004451,O004451,"JRS Express",TRK98732783,"2025-11-11 17:02:00",2025-11-18,2025-11-22,120,5,Delayed,"Davao city",3,"Carrier Backlog"
S004452,O004452,"JRS Express",TRK57418077,"2023-01-08 13:12:00",2023-01-12,2023-01-11,180,5,Delivered,n/a,1,"Warehouse Delay"
S004453,O004453,LBC,n/a,"2023-10-30 01:04:00",2023-11-09,2023-11-11,0,1,Delayed,"Davao city",1,"Warehouse Delay"
S004454,O004454,"Ninja Van",TRK331937721,"2022-12-13 00:13:00",2022-12-23,2022-12-25,0,15,Delayed,"Cebu city",1,"Address Issue"
S004455,O004455,"JRS Express",TRK79013290,"2025-09-16 23:04:00",2025-09-18,2025-09-16,500,15,Delivered,"Davao city",1,n/a
S004456,O004456,"JRS Express",TRK817996007,"2022-09-22 16:51:00",2022-09-23,NULL,120,20,Preparing,Manila,1,"Carrier Backlog"
S004457,O004457,"J&T Express",n/a,"2025-01-11 12:16:00",2025-01-20,NULL,120,2,Returned,"Cebu city",3,"Customer Unavailable"
S004458,O004458,DHL,TRK16437549,"2025-02-01 02:59:00",2025-02-07,NULL,350,0.5,Preparing,Pasig,2,"Address Issue"
S004459,O004459,"J&T Express",TRK87874588,"2025-12-14 01:26:00",2025-12-25,2025-12-23,350,0.5,Delivered,Pasig,0,"Carrier Backlog"
S004460,O004460,"J&T Express",TRK608424877,"2024-03-19 05:24:00",2024-03-22,2024-03-29,500,15,Delayed,"Cebu city",0,"Warehouse Delay"
S004461,O004461,FedEx,n/a,"2022-08-30 09:28:00",2022-09-11,2022-09-10,500,10,Delivered,Caloocan,2,Weather
S004462,O004462,DHL,TRK67651655,"2022-05-15 16:02:00",2022-05-17,2022-05-17,120,1,"Out for Delivery","Davao city",0,n/a
S004463,O004463,DHL,TRK827229071,"2022-02-02 16:46:00",2022-02-12,2022-02-15,500,0.5,Delayed,"Cebu city",2,n/a
S004464,O004464,FedEx,TRK171913226,"2024-09-26 08:14:00",2024-09-30,2024-10-07,180,20,Delayed,Makati,1,"Warehouse Delay"
S004465,O004465,"J&T Express",TRK990907944,"2025-06-26 00:23:00",2025-07-02,2025-07-08,500,3,Delayed,Iloilo,1,"Warehouse Delay"
S004466,O004466,"JRS Express",n/a,"2022-02-11 17:54:00",2022-02-23,2022-02-23,350,15,"Out for Delivery","Davao city",1,Weather
S004467,O004467,LBC,TRK742862625,"2024-03-27 11:21:00",2024-04-03,2024-04-09,180,0,Delayed,Caloocan,1,"Carrier Backlog"
S004468,O004468,"Ninja Van",TRK621919707,"2024-09-06 08:14:00",2024-09-10,NULL,80,10,Preparing,Makati,1,Weather
S004469,O004469,FedEx,TRK381808418,"2022-10-24 21:25:00",2022-10-26,2022-11-02,80,5,Delayed,Pasig,2,n/a
S004470,O004470,DHL,n/a,"2025-02-03 22:58:00",2025-02-12,2025-02-19,500,2,Delayed,Antipolo,1,"Carrier Backlog"
S004471,O004471,"Ninja Van",TRK259511688,"2024-09-03 04:15:00",2024-09-07,2024-09-08,250,5,Delayed,Pasig,1,"Warehouse Delay"
S004472,O004472,"Ninja Van",TRK78374138,"2023-08-29 07:51:00",2023-09-02,NULL,180,20,Preparing,Antipolo,2,"Carrier Backlog"
S004473,O004473,"J&T Express",TRK11242429,"2022-10-24 20:36:00",2022-10-31,NULL,120,2,Preparing,"Cebu city",0,"Carrier Backlog"
S004474,O004474,FedEx,n/a,"2024-09-25 16:28:00",2024-10-07,2024-10-13,180,15,Delayed,Pasig,3,"Customer Unavailable"
S004475,O004475,LBC,n/a,"2022-10-16 07:06:00",2022-10-27,2022-11-03,350,5,Delayed,Antipolo,2,"Carrier Backlog"
S004476,O004476,"Ninja Van",TRK721541424,"2022-10-12 01:01:00",2022-10-21,2022-10-20,150,3,Delivered,Makati,1,n/a
S004477,O004477,"J&T Express",TRK33375470,"2022-11-28 18:49:00",2022-12-08,2022-12-11,350,15,Delayed,Pasig,1,Weather
S004478,O004478,DHL,TRK697373569,"2024-10-15 11:06:00",2024-10-17,2024-10-16,150,0.5,Delivered,Iloilo,3,"Warehouse Delay"
S004479,O004479,"Ninja Van",n/a,"2025-04-14 04:37:00",2025-04-16,2025-04-15,250,10,Delivered,Iloilo,1,Weather
S004480,O004480,LBC,TRK414994379,"2025-06-17 11:35:00",2025-06-27,2025-06-30,350,20,Delayed,Makati,0,"Address Issue"
S004481,O004481,"JRS Express",TRK518463112,"2023-01-06 11:47:00",2023-01-18,2023-01-19,120,20,Delayed,"Cebu city",0,"Customer Unavailable"
S004482,O004482,DHL,TRK654219684,"2022-09-08 22:39:00",2022-09-12,2022-09-19,100,1,Delayed,Iloilo,1,"Warehouse Delay"
S004483,O004483,FedEx,TRK696506451,"2022-08-03 13:53:00",2022-08-13,2022-08-15,150,5,Delayed,"Quezon city",1,"Customer Unavailable"
S004484,O004484,"Ninja Van",TRK64226295,"2025-08-28 22:01:00",2025-09-01,NULL,250,15,Preparing,Caloocan,0,"Address Issue"
S004485,O004485,FedEx,TRK650101159,"2023-12-31 11:50:00",2024-01-01,2023-12-31,500,2,Delivered,"Davao city",1,"Warehouse Delay"
S004486,O004486,"J&T Express",n/a,"2022-05-18 22:25:00",2022-05-20,2022-05-27,120,5,Delayed,"Quezon city",3,"Customer Unavailable"
S004487,O004487,DHL,n/a,"2024-08-25 11:57:00",2024-08-27,2024-09-02,350,2,Delayed,n/a,2,"Customer Unavailable"
S004488,O004488,2GO,TRK284116279,"2022-06-05 09:47:00",2022-06-06,2022-06-11,100,15,Delayed,Makati,2,"Address Issue"
S004489,O004489,"Ninja Van",n/a,"2024-05-05 22:29:00",2024-05-06,2024-05-09,250,15,Delayed,"Quezon city",1,n/a
S004490,O004490,DHL,TRK649554840,"2024-06-03 00:27:00",2024-06-09,2024-06-09,250,3,"Out for Delivery",Makati,1,"Address Issue"
S004491,O004491,2GO,TRK69080292,"2022-10-19 10:39:00",2022-10-28,2022-10-30,100,10,Delayed,Pasig,1,"Carrier Backlog"
S004492,O004492,"JRS Express",TRK383025357,"2024-12-20 10:36:00",2024-12-29,NULL,100,15,Returned,Manila,2,"Customer Unavailable"
S004493,O004493,"Ninja Van",TRK895313610,"2022-06-13 06:35:00",2022-06-25,2022-06-24,80,3,Delivered,Iloilo,2,n/a
S004494,O004494,Unknown,TRK611676521,"2023-07-20 14:30:00",2023-07-30,2023-08-05,100,5,Delayed,Caloocan,3,n/a
S004495,O004495,2GO,TRK27695686,"2022-11-13 18:39:00",2022-11-25,NULL,350,2,Preparing,"Cebu city",0,"Warehouse Delay"
S004496,O004496,"J&T Express",TRK920221309,"2025-03-09 10:22:00",2025-03-17,2025-03-21,500,5,Delayed,Iloilo,2,Weather
S004497,O004497,"JRS Express",n/a,"2024-07-13 13:00:00",2024-07-19,2024-07-18,100,20,Delivered,"Quezon city",0,"Carrier Backlog"
S004498,O004498,"J&T Express",n/a,"2025-05-21 09:31:00",2025-05-27,2025-05-25,150,10,Delivered,Caloocan,3,Weather
S004499,O004499,"Ninja Van",n/a,"2025-12-22 03:26:00",2025-12-24,2025-12-22,350,5,Delivered,Antipolo,1,"Carrier Backlog"
S004500,O004500,DHL,TRK101736250,"2025-07-16 17:49:00",2025-07-23,2025-07-24,0,0.5,Delayed,Manila,0,"Warehouse Delay"
S004501,O004501,DHL,TRK77563777,"2024-06-02 15:31:00",2024-06-07,2024-06-14,350,5,Delayed,Taguig,0,n/a
S004502,O004502,LBC,TRK188742912,"2025-02-09 03:02:00",2025-02-17,2025-02-20,500,0,Delayed,Manila,1,"Carrier Backlog"
S004503,O004503,2GO,TRK36319262,"2025-04-24 05:33:00",2025-04-30,2025-04-28,500,20,Delivered,Iloilo,3,"Address Issue"
S004504,O004504,LBC,n/a,"2024-05-29 19:45:00",2024-06-06,2024-06-09,500,3,Delayed,Iloilo,1,"Carrier Backlog"
S004505,O004505,"JRS Express",TRK28585741,"2025-09-12 12:56:00",NULL,NULL,100,0.5,Returned,Antipolo,0,"Customer Unavailable"
S004506,O004506,"Ninja Van",TRK92641691,"2024-11-29 23:57:00",2024-12-05,2024-12-09,250,3,Delayed,Pasig,1,"Carrier Backlog"
S004507,O004507,LBC,TRK47575629,"2024-07-20 22:19:00",2024-07-27,2024-07-25,120,20,Delivered,Taguig,3,n/a
S004508,O004508,2GO,n/a,"2024-11-22 14:58:00",2024-11-29,2024-12-05,250,10,Delayed,"Davao city",3,"Address Issue"
S004509,O004509,DHL,n/a,"2025-02-26 09:30:00",2025-03-08,2025-03-14,100,0,Delayed,Caloocan,1,"Address Issue"
S004510,O004510,FedEx,TRK562374255,"2024-04-02 14:31:00",2024-04-11,2024-04-16,500,0.5,Delayed,Iloilo,3,"Warehouse Delay"
S004511,O004511,LBC,n/a,"2025-07-30 05:46:00",2025-08-09,2025-08-08,100,0,Delivered,n/a,2,"Address Issue"
S004512,O004512,2GO,TRK772033958,"2023-01-10 11:47:00",2023-01-13,2023-01-11,500,2,Delivered,"Quezon city",0,n/a
S004513,O004513,DHL,n/a,"2024-09-26 21:20:00",2024-09-27,2024-10-02,150,0,Delayed,"Quezon city",2,"Address Issue"
S004514,O004514,"Ninja Van",TRK967446996,"2024-10-06 21:56:00",2024-10-11,2024-10-12,150,0,Delayed,"Cebu city",1,"Carrier Backlog"
S004515,O004515,LBC,TRK295243727,"2023-02-01 03:25:00",2023-02-06,2023-02-10,350,1,Delayed,"Quezon city",1,"Warehouse Delay"
S004516,O004516,"JRS Express",TRK250381182,"2022-04-12 05:56:00",2022-04-23,2022-04-24,0,2,Delayed,Antipolo,2,n/a
S004517,O004517,"J&T Express",n/a,"2022-06-03 12:07:00",NULL,NULL,350,15,Preparing,"Quezon city",2,"Warehouse Delay"
S004518,O004518,"Ninja Van",TRK528629606,"2025-04-04 15:37:00",2025-04-05,2025-04-05,180,15,"Out for Delivery","Cebu city",2,n/a
S004519,O004519,"JRS Express",n/a,"2023-01-27 20:48:00",2023-02-05,NULL,250,10,Returned,Makati,1,"Customer Unavailable"
S004520,O004520,"Ninja Van",TRK88142552,"2022-07-13 06:45:00",2022-07-25,2022-07-25,250,10,"Out for Delivery","Quezon city",3,Weather
S004521,O004521,"Ninja Van",n/a,"2022-11-16 01:30:00",2022-11-25,2022-11-24,500,2,Delivered,Antipolo,0,n/a
S004522,O004522,"Ninja Van",n/a,"2025-07-20 13:36:00",2025-07-24,2025-07-30,80,10,Delayed,Taguig,0,"Address Issue"
S004523,O004523,Unknown,TRK370354998,"2025-08-23 12:36:00",2025-08-26,NULL,180,20,Preparing,Makati,0,"Address Issue"
S004524,O004524,LBC,TRK610306148,"2022-08-19 07:35:00",2022-08-30,2022-08-28,100,5,Delivered,"Davao city",1,"Address Issue"
S004525,O004525,"Ninja Van",n/a,"2022-05-24 20:50:00",2022-06-04,2022-06-07,500,15,Delayed,Caloocan,0,"Carrier Backlog"
S004526,O004526,LBC,TRK949803687,"2022-08-22 05:17:00",2022-09-01,2022-09-06,80,2,Delayed,"Davao city",1,"Address Issue"
S004527,O004527,LBC,n/a,"2024-09-25 01:25:00",2024-09-27,NULL,150,0,Preparing,Caloocan,2,"Warehouse Delay"
S004528,O004528,"JRS Express",TRK403880983,"2022-07-14 23:57:00",2022-07-18,2022-07-21,120,2,Delayed,Caloocan,1,"Address Issue"
S004529,O004529,FedEx,n/a,"2024-11-28 11:11:00",2024-12-03,2024-12-07,350,0.5,Delayed,Manila,1,"Customer Unavailable"
S004530,O004530,"JRS Express",TRK926784900,"2025-04-24 02:18:00",2025-05-04,2025-05-02,180,2,Delivered,Iloilo,1,"Address Issue"
S004531,O004531,2GO,TRK358335249,"2023-10-28 01:00:00",2023-11-07,2023-11-06,180,15,Delivered,Iloilo,1,"Carrier Backlog"
S004532,O004532,"J&T Express",TRK73870180,"2024-06-09 11:21:00",2024-06-20,2024-06-23,250,0,Delayed,"Cebu city",1,n/a
S004533,O004533,"J&T Express",TRK21975331,"2025-06-03 08:42:00",2025-06-14,NULL,500,1,Returned,Manila,0,"Customer Unavailable"
S004534,O004534,FedEx,TRK95157619,"2023-10-20 04:40:00",2023-10-21,2023-10-27,100,15,Delayed,"Quezon city",1,"Warehouse Delay"
S004535,O004535,"Ninja Van",TRK310891476,"2022-01-09 11:10:00",2022-01-16,NULL,120,0,Preparing,Iloilo,1,n/a
S004536,O004536,"JRS Express",TRK424891266,"2022-06-07 06:51:00",2022-06-13,2022-06-16,500,0.5,Delayed,Antipolo,3,n/a
S004537,O004537,"J&T Express",TRK71750938,"2025-02-14 23:20:00",2025-02-25,NULL,120,5,Preparing,Taguig,3,"Warehouse Delay"
S004538,O004538,"J&T Express",TRK21487376,"2022-11-03 21:05:00",2022-11-11,2022-11-09,120,1,Delivered,Pasig,1,n/a
S004539,O004539,DHL,n/a,"2024-12-10 00:59:00",NULL,NULL,120,10,Preparing,Makati,1,"Address Issue"
S004540,O004540,"J&T Express",TRK38345271,"2023-05-29 22:58:00",2023-06-05,2023-06-08,80,1,Delayed,Caloocan,1,"Warehouse Delay"
S004541,O004541,"J&T Express",TRK276961504,"2025-10-12 04:15:00",NULL,NULL,150,2,Preparing,Pasig,1,n/a
S004542,O004542,"Ninja Van",n/a,"2022-10-30 05:18:00",2022-11-01,NULL,0,20,Preparing,Makati,0,"Address Issue"
S004543,O004543,2GO,TRK173011616,"2022-11-14 22:40:00",2022-11-23,2022-11-29,500,10,Delayed,Caloocan,3,n/a
S004544,O004544,"JRS Express",n/a,"2023-02-27 05:43:00",2023-03-02,2023-03-04,0,15,Delayed,"Davao city",1,"Carrier Backlog"
S004545,O004545,"Ninja Van",TRK41927955,"2024-04-05 11:42:00",2024-04-13,2024-04-13,350,10,"Out for Delivery",Antipolo,2,n/a
S004546,O004546,2GO,TRK114432763,"2022-10-31 07:02:00",2022-11-08,2022-11-07,80,0,Delivered,"Davao city",1,"Carrier Backlog"
S004547,O004547,DHL,n/a,"2025-08-03 20:01:00",2025-08-14,2025-08-14,180,2,"Out for Delivery",Caloocan,0,Weather
S004548,O004548,"Ninja Van",TRK43436406,"2024-06-23 16:19:00",2024-06-25,2024-06-24,100,2,Delivered,Manila,1,"Carrier Backlog"
S004549,O004549,"JRS Express",TRK31161585,"2023-06-21 18:25:00",2023-06-29,2023-07-04,500,2,Delayed,"Cebu city",0,n/a
S004550,O004550,"J&T Express",TRK90498932,"2024-02-17 10:01:00",2024-02-26,2024-02-29,0,2,Delayed,Antipolo,1,"Address Issue"
S004551,O004551,"J&T Express",TRK483973871,"2024-08-20 03:17:00",2024-08-30,NULL,100,15,Returned,Iloilo,2,"Customer Unavailable"
S004552,O004552,FedEx,TRK599982420,"2025-08-30 14:55:00",2025-08-31,NULL,0,5,Preparing,Iloilo,1,"Warehouse Delay"
S004553,O004553,"Ninja Van",TRK835577933,"2025-10-03 11:18:00",2025-10-10,2025-10-17,150,20,Delayed,"Cebu city",1,"Address Issue"
S004554,O004554,LBC,n/a,"2025-05-31 04:55:00",2025-06-11,2025-06-14,120,1,Delayed,Antipolo,1,"Customer Unavailable"
S004555,O004555,"Ninja Van",n/a,"2024-02-02 08:22:00",2024-02-04,2024-02-04,350,10,"Out for Delivery",Antipolo,1,n/a
S004556,O004556,DHL,n/a,"2024-02-15 20:16:00",NULL,NULL,150,0.5,Preparing,Caloocan,1,"Warehouse Delay"
S004557,O004557,LBC,n/a,"2023-05-16 09:19:00",2023-05-25,2023-06-01,150,15,Delayed,Taguig,0,"Customer Unavailable"
S004558,O004558,"Ninja Van",TRK50876324,"2024-05-02 13:27:00",2024-05-14,2024-05-21,350,15,Delayed,"Quezon city",2,"Customer Unavailable"
S004559,O004559,"JRS Express",n/a,"2024-08-19 12:06:00",2024-08-24,NULL,500,1,Preparing,"Cebu city",1,"Carrier Backlog"
S004560,O004560,2GO,n/a,"2023-12-22 09:06:00",2024-01-02,2024-01-04,180,2,Delayed,"Quezon city",1,n/a
S004561,O004561,"JRS Express",n/a,"2023-11-22 09:49:00",2023-11-24,2023-11-29,0,1,Delayed,Antipolo,0,"Warehouse Delay"
S004562,O004562,DHL,n/a,"2022-05-30 09:52:00",2022-06-03,2022-06-01,250,15,Delivered,"Davao city",1,Weather
S004563,O004563,LBC,TRK24267267,"2023-04-10 02:58:00",2023-04-20,2023-04-19,150,2,Delivered,Antipolo,0,Weather
S004564,O004564,Unknown,TRK949090301,"2025-09-29 13:52:00",2025-10-02,2025-10-06,180,2,Delayed,Manila,1,n/a
S004565,O004565,"J&T Express",n/a,"2025-11-15 18:39:00",2025-11-21,2025-11-20,0,2,Delivered,Pasig,3,"Warehouse Delay"
S004566,O004566,"J&T Express",n/a,"2024-10-06 14:34:00",2024-10-12,2024-10-18,100,2,Delayed,Caloocan,1,"Carrier Backlog"
S004567,O004567,"JRS Express",TRK713173461,"2024-04-02 21:55:00",2024-04-14,2024-04-16,250,0.5,Delayed,Iloilo,1,"Carrier Backlog"
S004568,O004568,"J&T Express",n/a,"2024-05-05 09:35:00",2024-05-16,2024-05-17,350,0,Delayed,n/a,1,n/a
S004569,O004569,FedEx,n/a,"2024-12-04 21:31:00",2024-12-16,2024-12-17,80,3,Delayed,Pasig,3,"Carrier Backlog"
S004570,O004570,2GO,TRK269941303,"2024-11-01 13:52:00",2024-11-12,2024-11-17,100,20,Delayed,Iloilo,1,"Warehouse Delay"
S004571,O004571,"J&T Express",TRK532861086,"2025-01-15 19:38:00",NULL,NULL,100,20,Preparing,"Quezon city",1,"Carrier Backlog"
S004572,O004572,"Ninja Van",n/a,"2026-01-14 11:33:00",2026-01-19,2026-01-24,0,1,Delayed,Caloocan,3,"Customer Unavailable"
S004573,O004573,"JRS Express",TRK142597849,"2023-07-14 04:34:00",2023-07-23,2023-07-22,500,0,Delivered,Taguig,3,"Carrier Backlog"
S004574,O004574,"J&T Express",n/a,"2025-07-30 13:31:00",2025-08-10,2025-08-12,150,20,Delayed,"Davao city",1,"Customer Unavailable"
S004575,O004575,"Ninja Van",TRK49583735,"2025-09-15 17:34:00",2025-09-23,2025-09-26,500,3,Delayed,Taguig,0,"Warehouse Delay"
S004576,O004576,LBC,TRK886258196,"2022-08-02 07:41:00",2022-08-08,2022-08-12,100,0.5,Delayed,Caloocan,1,"Customer Unavailable"
S004577,O004577,FedEx,TRK76343715,"2024-01-29 06:16:00",2024-02-09,2024-02-07,0,1,Delivered,"Davao city",1,"Warehouse Delay"
S004578,O004578,DHL,TRK863789498,"2023-02-19 20:36:00",2023-03-03,2023-03-04,500,0.5,Delayed,Pasig,1,Weather
S004579,O004579,FedEx,n/a,"2025-02-16 03:35:00",2025-02-20,2025-02-18,500,3,Delivered,"Cebu city",1,n/a
S004580,O004580,DHL,n/a,"2024-07-12 15:42:00",2024-07-15,2024-07-17,0,10,Delayed,"Cebu city",1,"Customer Unavailable"
S004581,O004581,LBC,TRK31539780,"2022-12-09 04:09:00",2022-12-17,2022-12-19,80,15,Delayed,Iloilo,3,"Warehouse Delay"
S004582,O004582,LBC,TRK589980860,"2022-09-05 18:07:00",2022-09-12,2022-09-11,150,0.5,Delivered,Taguig,1,"Warehouse Delay"
S004583,O004583,"JRS Express",TRK322687387,"2025-03-22 07:24:00",2025-03-27,NULL,500,15,Preparing,Pasig,0,"Carrier Backlog"
S004584,O004584,2GO,n/a,"2024-08-25 02:11:00",2024-09-03,NULL,80,3,Preparing,Taguig,1,Weather
S004585,O004585,"J&T Express",TRK52624341,"2022-08-09 01:37:00",2022-08-15,2022-08-13,500,3,Delivered,Pasig,1,"Carrier Backlog"
S004586,O004586,LBC,TRK441220032,"2022-02-21 17:53:00",2022-03-02,2022-03-01,100,0,Delivered,Antipolo,1,"Carrier Backlog"
S004587,O004587,"JRS Express",TRK41748239,"2022-11-30 02:38:00",2022-12-12,2022-12-12,120,5,"Out for Delivery",Pasig,1,Weather
S004588,O004588,2GO,TRK822365212,"2024-05-26 06:00:00",2024-05-28,2024-06-03,80,15,Delayed,Makati,3,"Address Issue"
S004589,O004589,FedEx,n/a,"2023-05-12 06:07:00",2023-05-14,NULL,120,20,Preparing,"Davao city",3,"Address Issue"
S004590,O004590,DHL,TRK126265196,"2025-01-13 01:23:00",2025-01-25,2025-01-30,250,10,Delayed,Antipolo,0,"Address Issue"
S004591,O004591,FedEx,TRK76136458,"2022-07-21 16:03:00",2022-07-28,2022-08-02,250,3,Delayed,n/a,0,"Carrier Backlog"
S004592,O004592,"Ninja Van",n/a,"2022-02-09 16:13:00",2022-02-10,2022-02-15,350,5,Delayed,"Quezon city",1,Weather
S004593,O004593,"JRS Express",TRK332263107,"2025-04-16 05:57:00",2025-04-17,NULL,250,3,Returned,Caloocan,1,"Customer Unavailable"
S004594,O004594,"Ninja Van",TRK278080541,"2022-10-10 04:24:00",NULL,NULL,250,10,Preparing,n/a,3,"Carrier Backlog"
S004595,O004595,DHL,TRK15767476,"2023-12-13 15:46:00",2023-12-20,2023-12-22,350,2,Delayed,Antipolo,1,"Carrier Backlog"
S004596,O004596,"J&T Express",TRK841580831,"2025-09-16 03:38:00",2025-09-26,2025-10-03,500,20,Delayed,Makati,2,"Warehouse Delay"
S004597,O004597,2GO,TRK85426402,"2025-10-21 03:13:00",NULL,NULL,100,3,Preparing,Manila,1,"Carrier Backlog"
S004598,O004598,"J&T Express",n/a,"2023-11-24 02:50:00",2023-12-04,2023-12-10,180,5,Delayed,n/a,1,"Warehouse Delay"
S004599,O004599,2GO,TRK377243082,"2024-03-04 11:50:00",2024-03-07,2024-03-05,0,1,Delivered,"Quezon city",1,"Address Issue"
S004600,O004600,DHL,n/a,"2023-05-26 17:35:00",2023-06-01,NULL,180,15,Returned,"Quezon city",3,"Customer Unavailable"
S004601,O004601,DHL,n/a,"2023-05-24 04:35:00",2023-05-27,2023-06-03,500,3,Delayed,"Quezon city",0,"Warehouse Delay"
S004602,O004602,"Ninja Van",n/a,"2022-11-30 08:14:00",2022-12-04,2022-12-10,500,15,Delayed,Makati,1,"Carrier Backlog"
S004603,O004603,"Ninja Van",n/a,"2024-03-14 15:35:00",2024-03-22,2024-03-22,80,3,"Out for Delivery","Quezon city",3,n/a
S004604,O004604,DHL,TRK893548433,"2024-08-13 22:37:00",2024-08-16,2024-08-17,250,0,Delayed,Manila,2,"Address Issue"
S004605,O004605,"Ninja Van",TRK730107736,"2022-08-12 06:32:00",2022-08-24,2022-08-28,350,20,Delayed,Makati,1,"Carrier Backlog"
S004606,O004606,"J&T Express",n/a,"2024-10-10 01:36:00",2024-10-21,2024-10-23,80,2,Delayed,Iloilo,0,"Customer Unavailable"
S004607,O004607,2GO,n/a,"2024-07-13 12:40:00",2024-07-17,2024-07-15,180,10,Delivered,Pasig,1,n/a
S004608,O004608,Unknown,n/a,"2024-09-20 00:34:00",NULL,NULL,120,20,Preparing,Iloilo,2,"Address Issue"
S004609,O004609,"JRS Express",n/a,"2022-01-27 06:59:00",2022-02-05,2022-02-07,100,10,Delayed,"Cebu city",1,"Customer Unavailable"
S004610,O004610,2GO,TRK46998803,"2023-08-24 03:36:00",2023-09-02,2023-09-07,100,2,Delayed,Taguig,0,"Carrier Backlog"
S004611,O004611,"J&T Express",TRK815603244,"2023-06-17 15:48:00",2023-06-24,2023-07-01,0,2,Delayed,Taguig,1,"Address Issue"
S004612,O004612,"JRS Express",TRK851254352,"2022-10-02 11:17:00",2022-10-09,2022-10-10,150,3,Delayed,Manila,1,"Address Issue"
S004613,O004613,"J&T Express",n/a,"2023-01-06 09:08:00",2023-01-10,2023-01-13,120,2,Delayed,Iloilo,1,"Customer Unavailable"
S004614,O004614,2GO,TRK446396466,"2025-08-05 11:21:00",2025-08-09,2025-08-15,150,10,Delayed,Makati,1,"Address Issue"
S004615,O004615,"Ninja Van",n/a,"2022-01-03 07:42:00",2022-01-07,2022-01-08,180,15,Delayed,Makati,1,"Address Issue"
S004616,O004616,DHL,TRK91686650,"2022-04-07 01:47:00",2022-04-14,2022-04-17,120,20,Delayed,Pasig,1,"Address Issue"
S004617,O004617,"J&T Express",n/a,"2025-01-31 18:07:00",2025-02-03,2025-02-02,100,10,Delivered,"Davao city",1,n/a
S004618,O004618,2GO,TRK70256342,"2023-04-13 10:25:00",2023-04-25,2023-04-28,80,5,Delayed,Caloocan,1,"Carrier Backlog"
S004619,O004619,LBC,n/a,"2025-10-20 21:26:00",2025-10-21,2025-10-23,350,2,Delayed,Caloocan,0,"Customer Unavailable"
S004620,O004620,Unknown,n/a,"2024-10-07 07:28:00",2024-10-16,2024-10-19,500,10,Delayed,Taguig,2,n/a
S004621,O004621,2GO,n/a,"2022-11-28 07:25:00",2022-12-08,2022-12-13,350,3,Delayed,Iloilo,1,"Carrier Backlog"
S004622,O004622,"JRS Express",TRK89798717,"2024-10-13 09:11:00",2024-10-18,2024-10-18,80,20,"Out for Delivery",Caloocan,2,n/a
S004623,O004623,"Ninja Van",TRK14593737,"2023-05-18 10:52:00",2023-05-28,2023-06-02,0,10,Delayed,"Cebu city",3,"Address Issue"
S004624,O004624,FedEx,TRK194202063,"2023-12-21 15:25:00",2023-12-25,2023-12-31,100,0,Delayed,"Davao city",3,"Carrier Backlog"
S004625,O004625,"JRS Express",TRK831408465,"2022-03-16 12:47:00",2022-03-26,2022-03-31,120,2,Delayed,"Quezon city",3,"Address Issue"
S004626,O004626,FedEx,n/a,"2022-07-09 07:52:00",NULL,NULL,150,15,Preparing,Caloocan,3,"Address Issue"
S004627,O004627,"Ninja Van",TRK748802399,"2023-03-07 16:47:00",NULL,NULL,350,2,Preparing,Antipolo,1,"Warehouse Delay"
S004628,O004628,"JRS Express",TRK390400269,"2023-08-31 15:19:00",2023-09-10,2023-09-13,350,3,Delayed,Caloocan,1,"Customer Unavailable"
S004629,O004629,"J&T Express",n/a,"2023-04-14 08:56:00",NULL,NULL,150,0,Preparing,Makati,1,n/a
S004630,O004630,LBC,TRK930678456,"2025-01-07 14:05:00",2025-01-14,2025-01-19,180,10,Delayed,Caloocan,0,"Warehouse Delay"
S004631,O004631,2GO,TRK85736788,"2022-12-22 01:57:00",2023-01-03,2023-01-10,120,0.5,Delayed,Iloilo,1,"Carrier Backlog"
S004632,O004632,FedEx,n/a,"2025-09-15 11:15:00",2025-09-16,2025-09-18,0,2,Delayed,Iloilo,1,n/a
S004633,O004633,DHL,TRK65271159,"2024-05-18 08:39:00",2024-05-30,2024-05-31,180,0.5,Delayed,Caloocan,1,n/a
S004634,O004634,2GO,TRK18675546,"2023-10-24 12:04:00",2023-11-03,2023-11-05,80,0.5,Delayed,Antipolo,2,Weather
S004635,O004635,LBC,TRK28889004,"2022-01-23 00:19:00",NULL,NULL,100,2,Preparing,Pasig,3,n/a
S004636,O004636,DHL,n/a,"2022-02-23 23:15:00",NULL,NULL,120,1,Preparing,Taguig,2,"Address Issue"
S004637,O004637,FedEx,TRK73325055,"2022-05-05 18:39:00",2022-05-07,2022-05-11,180,15,Delayed,Antipolo,1,"Customer Unavailable"
S004638,O004638,2GO,n/a,"2025-12-10 23:54:00",2025-12-18,NULL,120,20,Preparing,"Quezon city",1,"Address Issue"
S004639,O004639,"JRS Express",TRK556719188,"2023-03-08 15:29:00",NULL,NULL,500,1,Preparing,Caloocan,0,n/a
S004640,O004640,FedEx,TRK55624365,"2024-03-12 06:58:00",2024-03-21,NULL,0,3,Returned,Iloilo,1,"Customer Unavailable"
S004641,O004641,LBC,TRK342468576,"2025-04-10 03:21:00",2025-04-18,2025-04-25,100,2,Delayed,"Quezon city",3,"Warehouse Delay"
S004642,O004642,"JRS Express",TRK90980779,"2022-10-01 06:18:00",2022-10-03,2022-10-05,350,20,Delayed,Caloocan,1,"Customer Unavailable"
S004643,O004643,"J&T Express",TRK511793745,"2023-12-31 19:35:00",2024-01-06,2024-01-06,80,20,"Out for Delivery","Quezon city",2,n/a
S004644,O004644,FedEx,n/a,"2023-03-11 00:51:00",2023-03-21,2023-03-26,500,5,Delayed,"Davao city",0,Weather
S004645,O004645,2GO,TRK68944897,"2024-11-28 09:01:00",NULL,NULL,100,5,Preparing,"Davao city",0,"Address Issue"
S004646,O004646,DHL,n/a,"2024-11-15 19:14:00",2024-11-20,2024-11-26,500,20,Delayed,"Cebu city",1,Weather
S004647,O004647,DHL,n/a,"2024-01-28 08:22:00",2024-02-09,2024-02-13,80,20,Delayed,"Quezon city",2,Weather
S004648,O004648,"J&T Express",TRK84059659,"2023-05-12 01:20:00",2023-05-24,NULL,180,20,Returned,Caloocan,0,"Customer Unavailable"
S004649,O004649,DHL,n/a,"2024-10-16 17:57:00",2024-10-18,2024-10-21,350,15,Delayed,Manila,1,Weather
S004650,O004650,LBC,TRK30067051,"2023-05-04 08:02:00",2023-05-05,2023-05-03,0,1,Delivered,Antipolo,1,"Carrier Backlog"
S004651,O004651,"Ninja Van",TRK82092164,"2024-11-17 20:38:00",2024-11-20,2024-11-20,500,1,"Out for Delivery",n/a,2,n/a
S004652,O004652,"JRS Express",n/a,"2022-03-28 09:26:00",2022-04-01,2022-04-03,500,1,Delayed,"Davao city",1,Weather
S004653,O004653,"J&T Express",n/a,"2026-01-02 05:51:00",2026-01-12,2026-01-18,0,20,Delayed,Taguig,1,"Customer Unavailable"
S004654,O004654,"J&T Express",TRK77827366,"2023-12-26 19:25:00",2023-12-29,2023-12-29,180,5,"Out for Delivery",Makati,0,"Carrier Backlog"
S004655,O004655,FedEx,n/a,"2022-01-27 00:25:00",2022-02-03,2022-02-05,0,5,Delayed,Taguig,3,"Carrier Backlog"
S004656,O004656,"JRS Express",TRK975487022,"2023-01-29 09:23:00",NULL,NULL,0,5,Preparing,"Quezon city",1,Weather
S004657,O004657,FedEx,TRK97086836,"2024-07-27 02:55:00",2024-07-31,2024-08-06,80,2,Delayed,Manila,2,"Warehouse Delay"
S004658,O004658,"J&T Express",n/a,"2022-12-26 09:19:00",2023-01-04,2023-01-11,120,10,Delayed,Makati,3,"Address Issue"
S004659,O004659,FedEx,TRK342469678,"2025-02-16 19:05:00",2025-02-18,2025-02-16,150,2,Delivered,Makati,0,"Carrier Backlog"
S004660,O004660,"JRS Express",n/a,"2024-04-25 07:44:00",NULL,NULL,0,20,Returned,Pasig,3,"Customer Unavailable"
S004661,O004661,FedEx,TRK631075562,"2024-11-03 18:54:00",2024-11-07,2024-11-07,500,15,"Out for Delivery",Caloocan,1,"Warehouse Delay"
S004662,O004662,"J&T Express",TRK157095867,"2023-09-28 19:01:00",2023-09-30,2023-10-06,100,0,Delayed,Taguig,3,"Address Issue"
S004663,O004663,Unknown,TRK39991389,"2025-11-12 23:56:00",2025-11-20,2025-11-27,500,0.5,Delayed,"Cebu city",1,"Address Issue"
S004664,O004664,"Ninja Van",TRK28155734,"2024-04-06 14:50:00",NULL,NULL,100,3,Preparing,"Davao city",1,"Address Issue"
S004665,O004665,"Ninja Van",n/a,"2023-06-10 19:46:00",NULL,NULL,250,15,Returned,Manila,1,"Customer Unavailable"
S004666,O004666,DHL,TRK706299510,"2025-11-01 07:24:00",NULL,NULL,250,0,Preparing,"Quezon city",2,"Warehouse Delay"
S004667,O004667,"JRS Express",TRK71756981,"2025-11-07 12:36:00",2025-11-17,2025-11-22,180,20,Delayed,Taguig,1,"Address Issue"
S004668,O004668,LBC,n/a,"2022-12-28 12:47:00",2022-12-29,2022-12-29,80,3,"Out for Delivery","Quezon city",1,Weather
S004669,O004669,"JRS Express",TRK982204655,"2024-06-11 17:10:00",2024-06-15,2024-06-20,80,15,Delayed,"Davao city",2,n/a
S004670,O004670,"Ninja Van",TRK88906914,"2022-04-24 20:39:00",2022-04-28,2022-04-29,500,15,Delayed,Antipolo,2,Weather
S004671,O004671,FedEx,n/a,"2025-03-27 03:59:00",2025-04-07,2025-04-14,500,10,Delayed,Pasig,2,Weather
S004672,O004672,FedEx,n/a,"2023-04-22 14:13:00",2023-04-26,2023-05-03,180,10,Delayed,"Cebu city",1,"Address Issue"
S004673,O004673,"J&T Express",n/a,"2025-08-31 16:02:00",2025-09-05,2025-09-07,120,2,Delayed,Iloilo,2,Weather
S004674,O004674,"J&T Express",n/a,"2025-11-10 05:59:00",2025-11-15,2025-11-17,180,15,Delayed,"Quezon city",1,"Address Issue"
S004675,O004675,2GO,n/a,"2023-02-03 16:47:00",2023-02-09,NULL,80,1,Preparing,Pasig,1,"Carrier Backlog"
S004676,O004676,2GO,n/a,"2023-04-07 06:02:00",NULL,NULL,350,10,Returned,Manila,1,"Customer Unavailable"
S004677,O004677,"Ninja Van",TRK12423641,"2023-08-10 02:14:00",2023-08-19,2023-08-21,150,3,Delayed,Caloocan,0,"Warehouse Delay"
S004678,O004678,LBC,n/a,"2024-06-06 14:35:00",2024-06-15,NULL,120,2,Preparing,"Davao city",0,Weather
S004679,O004679,2GO,TRK30504659,"2024-08-06 13:31:00",2024-08-13,2024-08-11,350,20,Delivered,Iloilo,1,"Address Issue"
S004680,O004680,FedEx,TRK33683490,"2024-08-29 04:10:00",2024-08-31,2024-09-04,250,1,Delayed,Iloilo,3,Weather
S004681,O004681,"JRS Express",TRK34497785,"2022-07-03 07:53:00",2022-07-13,2022-07-15,250,1,Delayed,"Davao city",1,Weather
S004682,O004682,FedEx,n/a,"2023-04-11 08:00:00",2023-04-17,2023-04-16,180,10,Delivered,Iloilo,1,"Customer Unavailable"
S004683,O004683,"J&T Express",TRK904800966,"2022-07-09 14:10:00",2022-07-20,2022-07-27,120,10,Delayed,Pasig,0,Weather
S004684,O004684,2GO,n/a,"2023-02-25 13:23:00",2023-03-05,NULL,350,2,Preparing,Makati,1,Weather
S004685,O004685,2GO,TRK503679977,"2024-12-12 20:26:00",2024-12-23,2024-12-30,500,3,Delayed,Caloocan,3,"Address Issue"
S004686,O004686,FedEx,TRK60315400,"2025-03-26 05:57:00",2025-03-27,NULL,80,20,Preparing,"Davao city",1,"Carrier Backlog"
S004687,O004687,"J&T Express",n/a,"2023-05-17 10:06:00",2023-05-21,2023-05-28,0,0.5,Delayed,Iloilo,2,"Warehouse Delay"
S004688,O004688,"J&T Express",TRK80521413,"2024-09-17 03:55:00",2024-09-19,2024-09-24,500,1,Delayed,Manila,0,"Carrier Backlog"
S004689,O004689,DHL,n/a,"2024-09-23 16:41:00",NULL,NULL,150,10,Preparing,Manila,1,"Warehouse Delay"
S004690,O004690,LBC,TRK241510418,"2025-04-15 04:40:00",2025-04-26,2025-04-26,350,20,"Out for Delivery",Pasig,1,"Carrier Backlog"
S004691,O004691,"J&T Express",TRK558727888,"2025-11-01 17:24:00",2025-11-03,NULL,350,15,Preparing,Manila,2,"Carrier Backlog"
S004692,O004692,LBC,TRK13423658,"2023-08-15 20:15:00",2023-08-19,2023-08-18,250,10,Delivered,Iloilo,1,Weather
S004693,O004693,LBC,n/a,"2022-09-02 18:52:00",2022-09-10,2022-09-17,0,5,Delayed,"Davao city",1,"Address Issue"
S004694,O004694,2GO,TRK23666305,"2025-01-26 10:14:00",2025-02-04,NULL,250,10,Preparing,"Davao city",0,n/a
S004695,O004695,"Ninja Van",TRK65627329,"2024-12-24 09:09:00",2025-01-05,NULL,500,0.5,Preparing,"Quezon city",1,Weather
S004696,O004696,FedEx,n/a,"2024-01-18 00:46:00",2024-01-29,2024-01-29,180,5,"Out for Delivery",Iloilo,2,"Carrier Backlog"
S004697,O004697,FedEx,TRK131539590,"2023-07-14 23:29:00",2023-07-18,2023-07-23,500,0.5,Delayed,Pasig,2,"Carrier Backlog"
S004698,O004698,LBC,TRK71647069,"2024-12-18 06:46:00",2024-12-27,2024-12-25,0,15,Delivered,"Davao city",1,Weather
S004699,O004699,FedEx,TRK66080544,"2025-08-15 20:20:00",2025-08-23,2025-08-24,150,20,Delayed,Iloilo,1,"Address Issue"
S004700,O004700,LBC,n/a,"2023-11-29 16:11:00",2023-12-03,2023-12-02,250,2,Delivered,Caloocan,0,"Address Issue"
S004701,O004701,"JRS Express",TRK45493191,"2023-02-17 04:36:00",2023-03-01,2023-03-01,500,10,"Out for Delivery",Caloocan,1,"Address Issue"
S004702,O004702,DHL,n/a,"2024-11-15 20:51:00",2024-11-21,2024-11-22,80,20,Delayed,"Davao city",0,"Warehouse Delay"
S004703,O004703,DHL,TRK248917292,"2024-03-10 06:25:00",2024-03-20,2024-03-25,150,2,Delayed,Manila,1,"Customer Unavailable"
S004704,O004704,"J&T Express",TRK435089276,"2024-01-12 01:06:00",2024-01-19,2024-01-20,500,5,Delayed,"Cebu city",2,n/a
S004705,O004705,LBC,TRK63141527,"2022-10-31 08:06:00",2022-11-01,2022-11-08,120,3,Delayed,Iloilo,1,"Customer Unavailable"
S004706,O004706,"JRS Express",n/a,"2022-11-25 15:13:00",2022-12-04,2022-12-04,120,10,"Out for Delivery","Cebu city",2,n/a
S004707,O004707,FedEx,TRK815757188,"2025-07-05 18:11:00",2025-07-13,2025-07-20,120,0.5,Delayed,Pasig,1,"Address Issue"
S004708,O004708,DHL,n/a,"2024-04-15 09:37:00",2024-04-20,2024-04-26,150,2,Delayed,"Davao city",1,n/a
S004709,O004709,"Ninja Van",n/a,"2025-12-03 18:12:00",2025-12-12,2025-12-16,500,3,Delayed,"Cebu city",1,"Warehouse Delay"
S004710,O004710,"J&T Express",TRK916578555,"2025-06-15 04:05:00",2025-06-20,2025-06-26,100,2,Delayed,Manila,1,"Address Issue"
S004711,O004711,"JRS Express",n/a,"2023-07-30 01:25:00",2023-08-04,NULL,80,0,Returned,n/a,0,"Customer Unavailable"
S004712,O004712,"JRS Express",n/a,"2024-02-12 14:04:00",2024-02-15,2024-02-18,100,20,Delayed,Taguig,1,"Warehouse Delay"
S004713,O004713,DHL,TRK51966939,"2022-01-30 18:41:00",2022-02-07,2022-02-14,100,3,Delayed,"Cebu city",3,"Customer Unavailable"
S004714,O004714,2GO,TRK361871118,"2024-10-07 23:10:00",2024-10-14,2024-10-17,500,3,Delayed,"Cebu city",2,n/a
S004715,O004715,"JRS Express",n/a,"2024-07-10 20:53:00",2024-07-11,2024-07-13,120,0,Delayed,Antipolo,2,Weather
S004716,O004716,"Ninja Van",TRK89029917,"2024-09-22 21:04:00",2024-09-26,2024-09-28,80,20,Delayed,Pasig,3,n/a
S004717,O004717,FedEx,n/a,"2025-07-25 18:11:00",2025-07-27,2025-08-03,500,0,Delayed,Pasig,2,n/a
S004718,O004718,FedEx,n/a,"2025-01-15 07:33:00",2025-01-18,2025-01-19,350,2,Delayed,Antipolo,1,"Address Issue"
S004719,O004719,"Ninja Van",TRK379012090,"2025-10-02 08:59:00",2025-10-13,NULL,500,10,Preparing,"Davao city",0,"Address Issue"
S004720,O004720,FedEx,n/a,"2023-06-01 03:01:00",2023-06-10,2023-06-16,100,1,Delayed,"Cebu city",1,"Customer Unavailable"
S004721,O004721,"JRS Express",TRK595727166,"2022-02-23 13:26:00",2022-02-28,2022-02-27,180,3,Delivered,"Cebu city",3,Weather
S004722,O004722,FedEx,TRK50011185,"2022-07-23 13:31:00",NULL,NULL,150,5,Preparing,Caloocan,1,"Carrier Backlog"
S004723,O004723,"JRS Express",TRK851160795,"2025-05-31 00:54:00",2025-06-03,2025-06-10,100,5,Delayed,Caloocan,1,"Carrier Backlog"
S004724,O004724,"JRS Express",TRK293624654,"2024-09-27 22:12:00",2024-10-01,2024-10-03,250,3,Delayed,Manila,1,Weather
S004725,O004725,2GO,n/a,"2022-05-29 11:16:00",2022-05-31,2022-05-29,150,0,Delivered,Iloilo,0,"Customer Unavailable"
S004726,O004726,"J&T Express",n/a,"2024-08-29 19:42:00",2024-08-31,NULL,80,2,Preparing,Taguig,0,n/a
S004727,O004727,Unknown,TRK43323547,"2022-07-16 17:48:00",2022-07-17,NULL,120,10,Preparing,Taguig,0,n/a
S004728,O004728,LBC,TRK958052357,"2023-10-31 10:26:00",2023-11-12,2023-11-16,500,2,Delayed,Antipolo,2,"Carrier Backlog"
S004729,O004729,LBC,TRK41527154,"2024-08-18 01:07:00",2024-08-25,2024-08-23,150,5,Delivered,Iloilo,0,"Customer Unavailable"
S004730,O004730,"J&T Express",n/a,"2024-07-26 20:34:00",2024-08-04,2024-08-07,350,15,Delayed,Iloilo,2,n/a
S004731,O004731,LBC,n/a,"2023-11-20 15:49:00",2023-12-02,2023-12-09,100,10,Delayed,"Cebu city",1,n/a
S004732,O004732,"Ninja Van",TRK63688810,"2025-05-08 05:09:00",2025-05-14,2025-05-15,150,1,Delayed,"Davao city",1,"Warehouse Delay"
S004733,O004733,"JRS Express",n/a,"2024-12-13 19:56:00",2024-12-24,2024-12-24,150,0.5,"Out for Delivery",Antipolo,0,"Address Issue"
S004734,O004734,LBC,TRK93741043,"2023-10-16 21:55:00",2023-10-18,2023-10-17,0,1,Delivered,"Quezon city",1,n/a
S004735,O004735,DHL,n/a,"2023-12-15 03:41:00",2023-12-17,2023-12-15,120,0.5,Delivered,Taguig,1,"Carrier Backlog"
S004736,O004736,"Ninja Van",TRK724348086,"2025-04-29 15:45:00",2025-05-10,NULL,120,0.5,Preparing,Iloilo,1,"Carrier Backlog"
S004737,O004737,LBC,TRK498165759,"2024-05-13 00:44:00",2024-05-14,2024-05-14,150,1,"Out for Delivery","Quezon city",1,Weather
S004738,O004738,"Ninja Van",TRK761520861,"2024-03-30 00:15:00",2024-04-07,NULL,100,3,Preparing,Iloilo,2,Weather
S004739,O004739,FedEx,TRK89513910,"2024-06-12 20:45:00",2024-06-24,NULL,500,20,Preparing,Caloocan,1,n/a
S004740,O004740,Unknown,TRK467772670,"2022-03-18 14:12:00",2022-03-25,2022-03-24,180,10,Delivered,Antipolo,2,"Customer Unavailable"
S004741,O004741,2GO,TRK32904690,"2022-06-16 14:31:00",2022-06-18,2022-06-20,150,10,Delayed,Taguig,1,"Warehouse Delay"
S004742,O004742,"J&T Express",n/a,"2025-04-03 21:02:00",2025-04-08,2025-04-08,120,15,"Out for Delivery",Pasig,1,"Customer Unavailable"
S004743,O004743,2GO,TRK25828739,"2024-03-17 15:41:00",2024-03-21,2024-03-24,150,0,Delayed,Caloocan,2,Weather
S004744,O004744,FedEx,TRK679677219,"2023-06-27 01:26:00",2023-06-28,2023-06-28,350,2,"Out for Delivery",Taguig,0,n/a
S004745,O004745,2GO,n/a,"2023-03-24 09:24:00",2023-03-27,2023-04-03,180,15,Delayed,"Quezon city",1,"Carrier Backlog"
S004746,O004746,DHL,TRK94130946,"2024-02-23 05:59:00",2024-03-06,2024-03-08,150,20,Delayed,Makati,3,"Carrier Backlog"
S004747,O004747,2GO,n/a,"2025-03-10 09:15:00",2025-03-16,2025-03-14,350,5,Delivered,"Davao city",0,"Customer Unavailable"
S004748,O004748,"J&T Express",TRK59747936,"2023-05-29 09:14:00",2023-06-03,NULL,180,3,Preparing,"Quezon city",1,Weather
S004749,O004749,DHL,TRK443140080,"2024-05-16 03:15:00",2024-05-23,2024-05-29,0,5,Delayed,Caloocan,0,"Warehouse Delay"
S004750,O004750,"J&T Express",TRK61416840,"2023-09-28 06:24:00",2023-09-29,2023-09-27,100,0.5,Delivered,Iloilo,1,"Customer Unavailable"
S004751,O004751,FedEx,TRK96516902,"2022-03-16 17:51:00",2022-03-22,2022-03-20,0,15,Delivered,Manila,1,"Customer Unavailable"
S004752,O004752,DHL,n/a,"2025-12-30 00:39:00",2026-01-03,2026-01-02,180,15,Delivered,Taguig,0,Weather
S004753,O004753,FedEx,TRK212549834,"2022-01-22 01:00:00",2022-01-25,NULL,350,0.5,Returned,Pasig,1,"Customer Unavailable"
S004754,O004754,LBC,TRK685945799,"2023-06-01 23:33:00",2023-06-05,2023-06-07,150,0,Delayed,Caloocan,1,Weather
S004755,O004755,"Ninja Van",TRK75029037,"2022-09-21 10:25:00",2022-10-03,2022-10-10,80,2,Delayed,Makati,1,"Warehouse Delay"
S004756,O004756,"J&T Express",n/a,"2023-05-30 20:05:00",2023-06-03,2023-06-08,150,2,Delayed,Taguig,3,"Carrier Backlog"
S004757,O004757,LBC,n/a,"2024-02-16 14:48:00",2024-02-21,2024-02-26,500,15,Delayed,Antipolo,0,"Carrier Backlog"
S004758,O004758,DHL,TRK346645659,"2022-02-09 16:21:00",2022-02-15,2022-02-17,150,3,Delayed,Manila,1,"Warehouse Delay"
S004759,O004759,"JRS Express",n/a,"2025-10-27 08:39:00",2025-11-08,2025-11-10,0,0.5,Delayed,Makati,1,Weather
S004760,O004760,"JRS Express",TRK30688884,"2024-05-03 07:11:00",2024-05-08,2024-05-06,80,0.5,Delivered,Taguig,1,"Warehouse Delay"
S004761,O004761,LBC,TRK330662206,"2023-03-17 21:42:00",2023-03-19,2023-03-17,250,0,Delivered,Antipolo,3,n/a
S004762,O004762,FedEx,TRK549813524,"2024-10-18 08:49:00",2024-10-19,2024-10-18,100,0,Delivered,Caloocan,0,"Carrier Backlog"
S004763,O004763,"JRS Express",TRK654722067,"2024-12-18 19:00:00",2024-12-22,2024-12-27,350,15,Delayed,"Cebu city",1,"Carrier Backlog"
S004764,O004764,FedEx,n/a,"2022-02-23 00:36:00",2022-02-24,2022-02-22,150,15,Delivered,Manila,1,Weather
S004765,O004765,FedEx,n/a,"2024-03-30 14:36:00",2024-04-06,2024-04-08,80,15,Delayed,Caloocan,0,"Carrier Backlog"
S004766,O004766,"Ninja Van",n/a,"2024-01-18 10:11:00",2024-01-19,2024-01-25,100,2,Delayed,"Cebu city",0,"Address Issue"
S004767,O004767,DHL,n/a,"2023-12-27 18:08:00",2023-12-31,2024-01-07,350,5,Delayed,Iloilo,0,"Customer Unavailable"
S004768,O004768,FedEx,TRK658013279,"2025-11-27 07:32:00",2025-12-07,2025-12-13,0,15,Delayed,"Cebu city",3,"Carrier Backlog"
S004769,O004769,"J&T Express",TRK63442437,"2025-03-03 00:14:00",2025-03-10,2025-03-11,120,20,Delayed,"Cebu city",0,"Customer Unavailable"
S004770,O004770,2GO,n/a,"2023-07-06 04:18:00",2023-07-17,2023-07-23,150,5,Delayed,Taguig,3,"Carrier Backlog"
S004771,O004771,Unknown,n/a,"2023-05-05 05:53:00",2023-05-09,2023-05-14,250,2,Delayed,Caloocan,0,n/a
S004772,O004772,2GO,n/a,"2025-12-18 22:50:00",2025-12-30,NULL,500,0.5,Preparing,"Cebu city",3,"Carrier Backlog"
S004773,O004773,"JRS Express",TRK662685478,"2025-05-18 11:10:00",2025-05-30,NULL,500,5,Preparing,Pasig,2,Weather
S004774,O004774,"J&T Express",TRK122436171,"2024-12-27 14:19:00",2024-12-28,2024-12-29,500,20,Delayed,Iloilo,0,"Carrier Backlog"
S004775,O004775,"JRS Express",TRK48523633,"2023-07-16 13:58:00",2023-07-25,NULL,250,15,Preparing,Iloilo,0,"Warehouse Delay"
S004776,O004776,LBC,n/a,"2025-03-21 10:49:00",2025-03-24,2025-03-25,500,0.5,Delayed,Makati,1,"Customer Unavailable"
S004777,O004777,LBC,n/a,"2024-03-11 15:31:00",NULL,NULL,120,1,Preparing,n/a,2,Weather
S004778,O004778,LBC,TRK91648698,"2025-02-02 09:53:00",2025-02-11,2025-02-09,250,3,Delivered,Antipolo,1,"Warehouse Delay"
S004779,O004779,FedEx,n/a,"2023-09-24 01:21:00",2023-09-28,2023-10-03,150,0.5,Delayed,Iloilo,1,n/a
S004780,O004780,LBC,n/a,"2025-09-17 20:06:00",2025-09-28,NULL,180,0.5,Preparing,"Cebu city",3,"Address Issue"
S004781,O004781,"J&T Express",n/a,"2024-03-19 22:08:00",2024-03-22,2024-03-26,80,0,Delayed,Iloilo,1,n/a
S004782,O004782,"Ninja Van",TRK19249639,"2024-06-13 12:27:00",2024-06-16,NULL,350,5,Preparing,Manila,0,n/a
S004783,O004783,"Ninja Van",TRK555796269,"2023-05-15 05:41:00",2023-05-23,2023-05-22,100,10,Delivered,Antipolo,1,"Customer Unavailable"
S004784,O004784,DHL,n/a,"2022-04-15 01:42:00",2022-04-24,NULL,0,20,Preparing,Manila,1,"Carrier Backlog"
S004785,O004785,DHL,TRK98160982,"2024-01-22 09:05:00",2024-01-26,2024-01-25,120,2,Delivered,n/a,1,Weather
S004786,O004786,2GO,n/a,"2024-11-06 12:45:00",2024-11-09,NULL,500,0,Preparing,Antipolo,1,Weather
S004787,O004787,LBC,TRK262722558,"2022-03-03 21:07:00",2022-03-11,2022-03-15,80,10,Delayed,"Cebu city",1,Weather
S004788,O004788,2GO,TRK827308394,"2024-11-09 04:47:00",2024-11-10,2024-11-12,80,10,Delayed,"Quezon city",0,"Carrier Backlog"
S004789,O004789,"J&T Express",TRK11040042,"2023-08-08 17:10:00",2023-08-10,2023-08-15,180,10,Delayed,"Cebu city",0,"Carrier Backlog"
S004790,O004790,"JRS Express",TRK83930954,"2024-02-18 12:42:00",2024-02-25,2024-02-25,180,0,"Out for Delivery",Pasig,1,n/a
S004791,O004791,2GO,TRK795764887,"2023-11-01 00:25:00",2023-11-08,2023-11-10,180,2,Delayed,Iloilo,3,Weather
S004792,O004792,LBC,TRK160239022,"2024-08-09 20:04:00",2024-08-19,2024-08-19,80,2,"Out for Delivery",Makati,3,Weather
S004793,O004793,FedEx,n/a,"2022-07-31 10:17:00",2022-08-01,NULL,180,10,Preparing,"Cebu city",0,"Address Issue"
S004794,O004794,2GO,TRK573690772,"2024-06-14 14:08:00",2024-06-18,2024-06-19,150,0.5,Delayed,Iloilo,0,"Warehouse Delay"
S004795,O004795,Unknown,TRK64116105,"2025-08-02 22:27:00",2025-08-11,2025-08-10,500,0,Delivered,Taguig,1,"Address Issue"
S004796,O004796,"J&T Express",TRK609423481,"2024-02-21 18:21:00",2024-02-27,2024-02-28,0,10,Delayed,Manila,1,"Carrier Backlog"
S004797,O004797,"Ninja Van",n/a,"2025-05-21 12:21:00",2025-05-26,2025-06-01,80,0,Delayed,Iloilo,1,"Warehouse Delay"
S004798,O004798,FedEx,TRK15882242,"2025-02-18 00:09:00",NULL,NULL,0,1,Preparing,Pasig,3,"Carrier Backlog"
S004799,O004799,"J&T Express",TRK28343480,"2023-09-26 04:47:00",NULL,NULL,80,10,Preparing,Makati,1,"Address Issue"
S004800,O004800,"Ninja Van",TRK616836722,"2025-06-21 08:14:00",2025-06-28,NULL,150,3,Returned,Antipolo,1,"Customer Unavailable"
S004801,O004801,2GO,TRK81486688,"2023-08-19 07:17:00",2023-08-21,2023-08-24,250,1,Delayed,Caloocan,2,"Warehouse Delay"
S004802,O004802,"J&T Express",n/a,"2025-01-05 15:09:00",2025-01-07,NULL,250,10,Preparing,"Davao city",3,Weather
S004803,O004803,"J&T Express",TRK630536703,"2024-02-18 09:11:00",2024-02-23,NULL,80,0.5,Preparing,Antipolo,1,n/a
S004804,O004804,DHL,n/a,"2022-02-08 08:42:00",2022-02-16,2022-02-16,180,15,"Out for Delivery",Taguig,1,"Customer Unavailable"
S004805,O004805,"JRS Express",TRK314424182,"2025-10-27 00:02:00",2025-11-02,2025-11-08,150,10,Delayed,Caloocan,1,"Address Issue"
S004806,O004806,LBC,TRK951592180,"2023-01-28 21:35:00",2023-02-01,2023-02-04,250,10,Delayed,"Quezon city",0,n/a
S004807,O004807,"J&T Express",n/a,"2024-09-18 03:23:00",2024-09-29,2024-09-30,0,5,Delayed,"Davao city",1,"Carrier Backlog"
S004808,O004808,"JRS Express",TRK854363753,"2024-10-02 15:16:00",2024-10-13,NULL,250,2,Preparing,"Davao city",1,Weather
S004809,O004809,"J&T Express",TRK90384374,"2022-09-07 09:26:00",2022-09-19,2022-09-17,80,1,Delivered,Antipolo,1,"Customer Unavailable"
S004810,O004810,"J&T Express",TRK167987187,"2024-12-18 02:48:00",2024-12-27,NULL,100,15,Preparing,Pasig,1,"Carrier Backlog"
S004811,O004811,"J&T Express",TRK53209587,"2024-11-27 21:26:00",2024-11-29,2024-11-27,180,15,Delivered,Iloilo,1,n/a
S004812,O004812,"J&T Express",n/a,"2024-06-01 19:18:00",2024-06-12,2024-06-12,80,15,"Out for Delivery","Cebu city",1,"Customer Unavailable"
S004813,O004813,FedEx,TRK53014527,"2024-01-28 05:45:00",2024-01-30,2024-01-30,0,0,"Out for Delivery","Quezon city",0,Weather
S004814,O004814,Unknown,TRK34025619,"2024-10-17 09:28:00",2024-10-23,2024-10-30,180,0.5,Delayed,Taguig,0,n/a
S004815,O004815,FedEx,n/a,"2023-08-23 23:01:00",2023-09-03,2023-09-03,350,3,"Out for Delivery",Antipolo,1,"Carrier Backlog"
S004816,O004816,"J&T Express",n/a,"2023-02-26 15:48:00",2023-02-27,2023-03-04,180,3,Delayed,Taguig,1,"Carrier Backlog"
S004817,O004817,"JRS Express",TRK137516602,"2024-04-08 14:51:00",2024-04-16,2024-04-18,250,3,Delayed,Taguig,2,"Customer Unavailable"
S004818,O004818,"Ninja Van",TRK337403053,"2025-04-01 17:37:00",2025-04-07,NULL,180,20,Preparing,Caloocan,0,n/a
S004819,O004819,"Ninja Van",TRK28692215,"2024-06-23 18:22:00",2024-07-04,2024-07-09,250,20,Delayed,"Quezon city",2,n/a
S004820,O004820,LBC,TRK900198657,"2024-01-05 12:35:00",2024-01-08,2024-01-08,120,2,"Out for Delivery",Taguig,1,"Address Issue"
S004821,O004821,LBC,TRK97546083,"2022-10-27 03:28:00",2022-11-04,2022-11-06,180,1,Delayed,"Quezon city",3,"Warehouse Delay"
S004822,O004822,"JRS Express",TRK287172025,"2025-11-09 07:41:00",2025-11-10,2025-11-15,150,5,Delayed,"Cebu city",1,Weather
S004823,O004823,DHL,TRK42632554,"2024-06-30 16:59:00",2024-07-06,2024-07-11,350,2,Delayed,Antipolo,1,"Customer Unavailable"
S004824,O004824,DHL,TRK65262803,"2023-07-01 09:02:00",2023-07-12,2023-07-19,500,5,Delayed,Makati,0,Weather
S004825,O004825,"JRS Express",n/a,"2024-12-17 12:04:00",2024-12-29,2024-12-30,250,2,Delayed,"Davao city",2,"Address Issue"
S004826,O004826,FedEx,n/a,"2024-02-18 00:12:00",2024-02-21,NULL,120,5,Preparing,Pasig,1,"Address Issue"
S004827,O004827,FedEx,TRK362093072,"2023-09-04 21:17:00",2023-09-05,2023-09-10,120,15,Delayed,Iloilo,1,n/a
S004828,O004828,DHL,n/a,"2022-09-05 16:04:00",2022-09-15,2022-09-17,250,3,Delayed,Iloilo,1,Weather
S004829,O004829,2GO,TRK47979943,"2022-08-19 12:39:00",2022-08-24,2022-08-22,180,1,Delivered,Taguig,1,"Address Issue"
S004830,O004830,2GO,TRK429070586,"2025-09-29 10:07:00",2025-10-06,NULL,100,1,Returned,Manila,1,"Customer Unavailable"
S004831,O004831,"Ninja Van",n/a,"2025-04-21 16:24:00",2025-04-28,2025-04-30,250,3,Delayed,Makati,1,Weather
S004832,O004832,"Ninja Van",TRK347277824,"2024-07-14 16:17:00",2024-07-20,2024-07-22,150,3,Delayed,"Quezon city",2,n/a
S004833,O004833,"JRS Express",n/a,"2024-12-24 19:42:00",2024-12-25,2024-12-23,180,0.5,Delivered,Antipolo,1,"Customer Unavailable"
S004834,O004834,2GO,TRK411773716,"2024-10-20 08:21:00",2024-10-28,NULL,120,10,Preparing,Taguig,1,Weather
S004835,O004835,LBC,n/a,"2024-10-30 04:34:00",2024-10-31,2024-10-30,0,3,Delivered,Manila,0,n/a
S004836,O004836,"JRS Express",n/a,"2022-02-05 22:50:00",2022-02-07,2022-02-05,350,10,Delivered,Pasig,1,Weather
S004837,O004837,LBC,TRK307742644,"2022-07-31 09:39:00",2022-08-01,2022-07-30,500,5,Delivered,Taguig,3,"Address Issue"
S004838,O004838,"JRS Express",n/a,"2024-08-28 16:50:00",2024-09-07,2024-09-11,80,1,Delayed,Antipolo,1,"Address Issue"
S004839,O004839,FedEx,TRK65694624,"2022-11-23 18:09:00",NULL,NULL,0,20,Preparing,"Davao city",3,"Warehouse Delay"
S004840,O004840,"Ninja Van",n/a,"2023-09-01 13:56:00",2023-09-07,2023-09-13,120,0.5,Delayed,"Quezon city",2,"Carrier Backlog"
S004841,O004841,"JRS Express",n/a,"2025-11-19 02:44:00",2025-11-22,2025-11-22,180,1,"Out for Delivery","Cebu city",3,"Carrier Backlog"
S004842,O004842,FedEx,TRK32584511,"2024-06-19 07:41:00",2024-06-28,2024-07-02,350,0,Delayed,Manila,2,Weather
S004843,O004843,FedEx,n/a,"2022-11-10 18:28:00",2022-11-22,2022-11-26,350,15,Delayed,Iloilo,1,Weather
S004844,O004844,2GO,TRK143550643,"2023-04-18 14:07:00",2023-04-27,2023-05-04,150,0,Delayed,Antipolo,1,"Address Issue"
S004845,O004845,DHL,TRK537994908,"2023-11-05 19:19:00",2023-11-16,2023-11-22,180,3,Delayed,"Cebu city",1,n/a
S004846,O004846,"JRS Express",TRK92680171,"2023-02-08 20:58:00",2023-02-17,2023-02-16,350,15,Delivered,Manila,1,"Warehouse Delay"
S004847,O004847,2GO,TRK421483227,"2022-12-03 19:03:00",2022-12-11,2022-12-18,120,15,Delayed,Iloilo,1,n/a
S004848,O004848,LBC,TRK735198116,"2024-02-02 03:00:00",2024-02-04,2024-02-08,80,0,Delayed,"Quezon city",0,"Address Issue"
S004849,O004849,"JRS Express",n/a,"2023-06-30 01:34:00",2023-07-05,2023-07-12,150,15,Delayed,"Quezon city",1,"Warehouse Delay"
S004850,O004850,DHL,TRK566315772,"2025-11-28 00:51:00",NULL,NULL,180,1,Preparing,"Quezon city",1,"Carrier Backlog"
S004851,O004851,"J&T Express",TRK11396835,"2025-03-24 23:31:00",2025-03-28,2025-04-01,350,20,Delayed,"Quezon city",3,n/a
S004852,O004852,LBC,TRK614413572,"2024-04-28 06:50:00",2024-05-05,2024-05-12,500,3,Delayed,Taguig,0,"Customer Unavailable"
S004853,O004853,FedEx,TRK81913702,"2025-12-27 08:24:00",2026-01-07,2026-01-10,250,0,Delayed,Antipolo,1,n/a
S004854,O004854,2GO,TRK633114798,"2022-07-18 21:45:00",2022-07-21,2022-07-26,250,1,Delayed,Makati,3,"Address Issue"
S004855,O004855,2GO,TRK937600340,"2024-03-13 01:28:00",2024-03-25,2024-03-25,80,3,"Out for Delivery",Pasig,2,"Warehouse Delay"
S004856,O004856,LBC,TRK64214317,"2026-01-15 22:33:00",2026-01-16,2026-01-23,180,2,Delayed,"Davao city",0,Weather
S004857,O004857,LBC,n/a,"2025-01-10 10:28:00",2025-01-19,2025-01-18,150,0,Delivered,"Cebu city",3,"Address Issue"
S004858,O004858,"Ninja Van",TRK53666260,"2023-01-09 06:49:00",2023-01-20,2023-01-25,120,10,Delayed,Taguig,1,Weather
S004859,O004859,"JRS Express",n/a,"2023-09-01 23:35:00",2023-09-10,2023-09-10,120,1,"Out for Delivery",Manila,0,"Carrier Backlog"
S004860,O004860,"JRS Express",TRK507021269,"2023-06-19 10:14:00",2023-06-28,2023-07-02,0,15,Delayed,"Cebu city",1,"Customer Unavailable"
S004861,O004861,DHL,TRK35504803,"2023-06-05 03:47:00",2023-06-11,2023-06-17,150,0.5,Delayed,Manila,3,n/a
S004862,O004862,DHL,TRK88156923,"2023-09-28 03:13:00",2023-10-08,2023-10-13,100,2,Delayed,Iloilo,3,"Carrier Backlog"
S004863,O004863,"Ninja Van",n/a,"2024-12-07 04:08:00",2024-12-09,2024-12-16,150,0,Delayed,Caloocan,1,n/a
S004864,O004864,LBC,n/a,"2022-08-20 05:45:00",2022-08-31,2022-09-05,80,1,Delayed,Antipolo,1,"Carrier Backlog"
S004865,O004865,FedEx,TRK185757764,"2023-11-21 10:28:00",2023-11-25,2023-11-25,250,20,"Out for Delivery",Manila,1,"Warehouse Delay"
S004866,O004866,LBC,n/a,"2025-04-08 18:09:00",2025-04-16,NULL,180,20,Preparing,Antipolo,1,n/a
S004867,O004867,"JRS Express",n/a,"2024-11-07 06:51:00",2024-11-10,2024-11-17,500,0.5,Delayed,Caloocan,2,"Address Issue"
S004868,O004868,LBC,TRK26351094,"2024-11-21 01:17:00",2024-11-28,2024-12-05,100,20,Delayed,Taguig,1,"Warehouse Delay"
S004869,O004869,Unknown,n/a,"2024-05-08 16:35:00",2024-05-18,2024-05-18,180,0,"Out for Delivery",Pasig,2,n/a
S004870,O004870,"J&T Express",TRK339833955,"2022-12-02 20:58:00",NULL,NULL,100,20,Returned,Pasig,0,"Customer Unavailable"
S004871,O004871,DHL,TRK52973856,"2024-11-05 20:15:00",2024-11-11,2024-11-12,0,10,Delayed,"Quezon city",1,Weather
S004872,O004872,LBC,TRK761109707,"2023-09-05 19:17:00",2023-09-14,2023-09-14,120,2,"Out for Delivery",Taguig,3,"Address Issue"
S004873,O004873,"JRS Express",TRK68882520,"2025-07-06 05:32:00",2025-07-07,2025-07-08,250,3,Delayed,Iloilo,1,Weather
S004874,O004874,FedEx,TRK79969319,"2024-02-11 09:10:00",2024-02-22,2024-02-28,250,2,Delayed,Manila,3,Weather
S004875,O004875,DHL,TRK867614877,"2024-01-28 01:44:00",2024-02-09,2024-02-09,120,3,"Out for Delivery",Manila,1,"Warehouse Delay"
S004876,O004876,LBC,n/a,"2024-10-15 22:24:00",2024-10-18,2024-10-23,120,15,Delayed,"Quezon city",3,"Address Issue"
S004877,O004877,2GO,TRK301538073,"2022-10-11 20:22:00",2022-10-19,2022-10-22,180,1,Delayed,Pasig,0,n/a
S004878,O004878,Unknown,n/a,"2025-10-08 02:24:00",NULL,NULL,0,20,Preparing,Makati,2,"Carrier Backlog"
S004879,O004879,FedEx,n/a,"2025-10-04 05:42:00",2025-10-06,2025-10-13,120,2,Delayed,"Davao city",0,Weather
S004880,O004880,"Ninja Van",n/a,"2023-12-26 22:50:00",2023-12-29,2023-12-30,500,20,Delayed,Pasig,0,"Warehouse Delay"
S004881,O004881,Unknown,TRK627921174,"2024-07-27 00:27:00",2024-08-02,2024-08-06,180,1,Delayed,Pasig,3,Weather
S004882,O004882,"Ninja Van",n/a,"2025-05-04 04:25:00",2025-05-15,2025-05-20,0,0.5,Delayed,"Cebu city",1,Weather
S004883,O004883,FedEx,TRK665152924,"2023-12-05 17:21:00",2023-12-17,2023-12-22,500,2,Delayed,n/a,2,"Warehouse Delay"
S004884,O004884,FedEx,TRK657657123,"2023-11-17 09:26:00",2023-11-29,2023-12-05,150,15,Delayed,Iloilo,0,n/a
S004885,O004885,LBC,TRK98626540,"2024-03-22 12:29:00",2024-03-31,2024-04-02,250,0,Delayed,Pasig,1,"Customer Unavailable"
S004886,O004886,LBC,n/a,"2025-12-27 16:01:00",2025-12-31,2026-01-01,250,15,Delayed,Iloilo,2,"Customer Unavailable"
S004887,O004887,"J&T Express",TRK28738712,"2025-08-26 07:43:00",2025-08-27,2025-08-25,500,0,Delivered,Pasig,1,"Address Issue"
S004888,O004888,FedEx,TRK85222395,"2024-08-30 15:48:00",NULL,NULL,80,0.5,Returned,Taguig,1,"Customer Unavailable"
S004889,O004889,2GO,TRK50589137,"2024-11-21 14:49:00",NULL,NULL,80,2,Preparing,Makati,1,n/a
S004890,O004890,"J&T Express",TRK425657000,"2025-10-07 22:50:00",2025-10-18,2025-10-23,150,15,Delayed,"Cebu city",2,"Customer Unavailable"
S004891,O004891,2GO,n/a,"2024-11-07 03:05:00",NULL,NULL,250,1,Preparing,"Cebu city",1,"Address Issue"
S004892,O004892,2GO,TRK78774183,"2022-02-10 10:02:00",2022-02-22,2022-02-20,120,10,Delivered,"Davao city",1,"Warehouse Delay"
S004893,O004893,"JRS Express",TRK406778089,"2024-01-09 09:29:00",2024-01-11,2024-01-14,150,1,Delayed,"Cebu city",0,"Customer Unavailable"
S004894,O004894,"Ninja Van",TRK408411154,"2023-11-22 08:45:00",2023-11-23,2023-11-22,350,5,Delivered,"Cebu city",1,"Address Issue"
S004895,O004895,2GO,TRK14433548,"2024-05-13 23:42:00",2024-05-19,2024-05-24,350,5,Delayed,Pasig,2,"Customer Unavailable"
S004896,O004896,"Ninja Van",TRK58355463,"2022-05-01 06:01:00",2022-05-09,2022-05-10,500,1,Delayed,Pasig,0,"Address Issue"
S004897,O004897,"J&T Express",TRK418933847,"2023-06-03 13:19:00",NULL,NULL,150,3,Preparing,Manila,3,n/a
S004898,O004898,"Ninja Van",TRK28810851,"2023-01-05 11:35:00",2023-01-09,2023-01-08,80,3,Delivered,Antipolo,1,"Carrier Backlog"
S004899,O004899,"Ninja Van",TRK72155474,"2024-04-18 19:12:00",2024-04-19,2024-04-18,350,2,Delivered,Pasig,1,"Carrier Backlog"
S004900,O004900,2GO,TRK826037705,"2023-03-10 20:02:00",2023-03-21,2023-03-26,80,20,Delayed,Pasig,2,"Address Issue"
S004901,O004901,Unknown,TRK445050067,"2023-02-01 12:41:00",2023-02-09,2023-02-07,100,10,Delivered,Taguig,1,Weather
S004902,O004902,DHL,TRK874216118,"2024-08-11 07:24:00",2024-08-16,2024-08-21,0,0.5,Delayed,Antipolo,1,"Warehouse Delay"
S004903,O004903,"J&T Express",n/a,"2024-07-31 12:32:00",2024-08-08,2024-08-11,120,3,Delayed,Antipolo,1,"Carrier Backlog"
S004904,O004904,"JRS Express",TRK790488551,"2026-01-11 14:12:00",2026-01-21,2026-01-27,350,2,Delayed,Caloocan,1,"Carrier Backlog"
S004905,O004905,LBC,TRK972078070,"2023-03-27 23:32:00",2023-03-31,NULL,500,3,Preparing,Caloocan,3,"Warehouse Delay"
S004906,O004906,2GO,TRK974543298,"2023-06-27 04:37:00",2023-07-08,2023-07-12,100,5,Delayed,Makati,2,n/a
S004907,O004907,DHL,TRK74249028,"2025-02-27 09:18:00",2025-03-10,2025-03-12,120,15,Delayed,Manila,0,"Carrier Backlog"
S004908,O004908,2GO,TRK399142864,"2023-07-26 04:36:00",2023-08-01,2023-08-07,350,2,Delayed,Pasig,1,n/a
S004909,O004909,"Ninja Van",TRK961396365,"2025-06-14 19:43:00",2025-06-18,NULL,250,3,Preparing,Pasig,3,n/a
S004910,O004910,"Ninja Van",n/a,"2024-11-15 23:09:00",2024-11-27,NULL,180,15,Preparing,Pasig,3,Weather
S004911,O004911,FedEx,TRK107373586,"2025-06-04 05:37:00",2025-06-09,2025-06-10,0,0.5,Delayed,"Cebu city",3,"Carrier Backlog"
S004912,O004912,FedEx,TRK99516740,"2024-07-21 16:28:00",2024-07-25,2024-07-31,0,5,Delayed,Manila,1,"Carrier Backlog"
S004913,O004913,"J&T Express",TRK428019057,"2022-05-29 03:07:00",2022-05-30,NULL,350,3,Preparing,"Cebu city",2,"Carrier Backlog"
S004914,O004914,FedEx,n/a,"2023-01-24 09:11:00",NULL,NULL,180,15,Returned,Makati,1,"Customer Unavailable"
S004915,O004915,"Ninja Van",TRK125057302,"2023-01-26 00:28:00",2023-01-27,2023-01-30,0,3,Delayed,"Quezon city",1,"Carrier Backlog"
S004916,O004916,LBC,TRK95450100,"2023-03-05 20:56:00",2023-03-09,NULL,80,5,Preparing,Antipolo,3,"Carrier Backlog"
S004917,O004917,2GO,n/a,"2025-09-29 12:16:00",2025-09-30,NULL,80,2,Preparing,Manila,2,"Warehouse Delay"
S004918,O004918,"J&T Express",n/a,"2024-05-09 08:32:00",2024-05-16,2024-05-21,250,0,Delayed,Caloocan,1,"Warehouse Delay"
S004919,O004919,LBC,TRK203050140,"2023-04-02 12:11:00",2023-04-05,2023-04-11,120,20,Delayed,Taguig,0,"Address Issue"
S004920,O004920,LBC,n/a,"2025-11-09 22:03:00",2025-11-17,2025-11-17,180,5,"Out for Delivery",Antipolo,0,"Warehouse Delay"
S004921,O004921,"J&T Express",TRK46830472,"2023-08-17 12:19:00",2023-08-29,2023-08-27,0,0,Delivered,"Davao city",1,n/a
S004922,O004922,"JRS Express",TRK136195120,"2024-12-05 16:27:00",2024-12-13,NULL,150,15,Preparing,n/a,0,"Carrier Backlog"
S004923,O004923,"Ninja Van",TRK50140977,"2025-02-14 14:08:00",2025-02-21,2025-02-22,120,3,Delayed,Pasig,0,"Carrier Backlog"
S004924,O004924,2GO,TRK34956707,"2023-10-25 18:06:00",2023-10-30,2023-11-02,500,0.5,Delayed,Pasig,2,"Address Issue"
S004925,O004925,FedEx,TRK630102184,"2024-09-01 19:35:00",2024-09-06,2024-09-05,100,20,Delivered,Caloocan,1,"Warehouse Delay"
S004926,O004926,2GO,n/a,"2024-11-09 19:24:00",2024-11-12,2024-11-14,180,20,Delayed,Caloocan,2,"Carrier Backlog"
S004927,O004927,FedEx,TRK52554311,"2024-01-13 11:18:00",2024-01-17,2024-01-18,120,10,Delayed,Taguig,0,"Carrier Backlog"
S004928,O004928,DHL,n/a,"2025-11-11 21:05:00",2025-11-16,2025-11-19,250,10,Delayed,"Cebu city",1,n/a
S004929,O004929,FedEx,TRK582783448,"2022-12-31 18:50:00",2023-01-02,2023-01-02,500,3,"Out for Delivery",Pasig,0,"Carrier Backlog"
S004930,O004930,"JRS Express",TRK31758015,"2023-08-30 15:55:00",2023-09-05,2023-09-12,500,0.5,Delayed,Caloocan,2,"Carrier Backlog"
S004931,O004931,FedEx,n/a,"2025-04-11 19:33:00",2025-04-14,NULL,250,3,Preparing,Taguig,1,"Warehouse Delay"
S004932,O004932,"JRS Express",TRK727746679,"2024-01-11 09:43:00",2024-01-19,2024-01-19,120,0,"Out for Delivery",Antipolo,1,Weather
S004933,O004933,"J&T Express",n/a,"2022-08-11 04:57:00",2022-08-18,2022-08-16,180,0,Delivered,Makati,1,n/a
S004934,O004934,"J&T Express",n/a,"2023-05-19 11:43:00",2023-05-24,2023-05-25,180,20,Delayed,"Cebu city",0,"Warehouse Delay"
S004935,O004935,DHL,TRK51995252,"2025-11-20 08:04:00",2025-11-27,NULL,350,10,Preparing,"Cebu city",0,n/a
S004936,O004936,LBC,TRK93963097,"2024-11-21 05:31:00",2024-12-01,2024-12-01,120,0,"Out for Delivery",Makati,1,"Address Issue"
S004937,O004937,DHL,TRK33226997,"2024-06-22 00:21:00",2024-07-01,2024-07-08,80,1,Delayed,"Davao city",2,Weather
S004938,O004938,"JRS Express",TRK981810316,"2025-05-21 07:05:00",2025-05-30,2025-06-02,100,3,Delayed,Makati,1,"Warehouse Delay"
S004939,O004939,"JRS Express",TRK43565528,"2023-04-07 05:55:00",2023-04-16,2023-04-20,100,0,Delayed,n/a,2,"Warehouse Delay"
S004940,O004940,"JRS Express",TRK580635014,"2023-05-15 22:22:00",2023-05-27,2023-06-02,0,0,Delayed,Pasig,3,Weather
S004941,O004941,"Ninja Van",TRK199398694,"2023-03-01 22:11:00",2023-03-04,2023-03-03,0,0,Delivered,Makati,3,"Customer Unavailable"
S004942,O004942,"JRS Express",TRK407624269,"2024-01-30 13:40:00",2024-02-05,2024-02-12,180,3,Delayed,Caloocan,1,"Warehouse Delay"
S004943,O004943,2GO,TRK644409107,"2022-12-17 15:20:00",2022-12-21,2022-12-28,100,1,Delayed,Antipolo,1,"Address Issue"
S004944,O004944,FedEx,n/a,"2025-04-17 02:00:00",2025-04-26,2025-04-29,0,0,Delayed,Pasig,1,"Customer Unavailable"
S004945,O004945,DHL,TRK62304295,"2022-09-24 15:22:00",2022-09-26,2022-10-02,250,0.5,Delayed,"Quezon city",2,"Carrier Backlog"
S004946,O004946,"Ninja Van",TRK432020368,"2025-12-28 06:27:00",2025-12-29,2026-01-03,250,15,Delayed,"Quezon city",3,"Address Issue"
S004947,O004947,"JRS Express",TRK903240011,"2022-07-22 22:01:00",2022-07-30,2022-08-06,150,0.5,Delayed,"Davao city",3,Weather
S004948,O004948,"Ninja Van",TRK67659920,"2024-08-25 19:54:00",2024-09-05,2024-09-11,80,15,Delayed,"Cebu city",2,n/a
S004949,O004949,2GO,n/a,"2024-01-11 15:27:00",2024-01-12,2024-01-18,80,2,Delayed,"Cebu city",3,n/a
S004950,O004950,DHL,TRK337831578,"2023-12-25 10:03:00",2023-12-28,NULL,350,5,Returned,"Quezon city",1,"Customer Unavailable"
S004951,O004951,"Ninja Van",n/a,"2024-05-03 21:22:00",2024-05-15,2024-05-17,500,5,Delayed,Caloocan,3,"Carrier Backlog"
S004952,O004952,FedEx,TRK44244376,"2025-08-22 12:44:00",2025-08-26,2025-08-29,80,10,Delayed,Iloilo,1,"Address Issue"
S004953,O004953,DHL,n/a,"2022-03-02 17:32:00",2022-03-14,2022-03-17,100,10,Delayed,Makati,2,"Customer Unavailable"
S004954,O004954,"J&T Express",n/a,"2025-10-28 04:06:00",2025-11-04,2025-11-03,250,15,Delivered,Manila,2,Weather
S004955,O004955,"JRS Express",TRK344100741,"2022-01-06 12:18:00",2022-01-17,2022-01-17,120,0,"Out for Delivery",Pasig,1,Weather
S004956,O004956,FedEx,n/a,"2025-02-22 19:42:00",2025-02-28,2025-03-05,350,1,Delayed,"Cebu city",3,Weather
S004957,O004957,FedEx,TRK488325174,"2023-05-05 13:45:00",2023-05-12,2023-05-18,120,15,Delayed,Manila,0,Weather
S004958,O004958,"J&T Express",n/a,"2024-05-18 22:54:00",2024-05-20,2024-05-20,350,15,"Out for Delivery",Manila,1,Weather
S004959,O004959,2GO,TRK50420088,"2023-04-02 13:06:00",2023-04-13,2023-04-19,180,1,Delayed,"Davao city",1,"Address Issue"
S004960,O004960,2GO,n/a,"2023-09-15 14:08:00",2023-09-19,2023-09-26,350,20,Delayed,Caloocan,3,"Warehouse Delay"
S004961,O004961,Unknown,TRK175462470,"2023-09-10 14:20:00",2023-09-15,2023-09-17,350,0.5,Delayed,Iloilo,1,"Warehouse Delay"
S004962,O004962,FedEx,TRK618353973,"2023-12-16 07:30:00",2023-12-23,2023-12-21,250,5,Delivered,"Davao city",0,"Address Issue"
S004963,O004963,LBC,n/a,"2022-02-02 02:15:00",2022-02-11,2022-02-10,120,0.5,Delivered,Pasig,0,"Customer Unavailable"
S004964,O004964,LBC,TRK529137728,"2023-07-01 08:14:00",2023-07-03,2023-07-08,150,2,Delayed,"Cebu city",3,n/a
S004965,O004965,Unknown,TRK61651100,"2025-07-28 14:37:00",2025-07-31,2025-08-03,100,5,Delayed,Taguig,3,n/a
S004966,O004966,DHL,TRK95908323,"2022-07-16 03:22:00",NULL,NULL,120,20,Preparing,Makati,1,Weather
S004967,O004967,FedEx,TRK78878536,"2023-07-05 16:02:00",2023-07-07,2023-07-06,100,20,Delivered,Manila,1,Weather
S004968,O004968,"J&T Express",n/a,"2024-05-10 09:13:00",2024-05-17,2024-05-18,100,20,Delayed,"Davao city",3,"Address Issue"
S004969,O004969,LBC,TRK396882287,"2022-12-03 12:11:00",2022-12-14,2022-12-14,120,20,"Out for Delivery",Makati,1,n/a
S004970,O004970,2GO,TRK503022096,"2025-10-14 13:36:00",2025-10-22,2025-10-26,150,10,Delayed,"Davao city",0,"Address Issue"
S004971,O004971,LBC,TRK22718522,"2024-12-25 19:20:00",2024-12-31,2025-01-04,350,0,Delayed,Caloocan,0,"Warehouse Delay"
S004972,O004972,DHL,TRK53601493,"2024-01-14 14:09:00",2024-01-19,2024-01-24,0,15,Delayed,Caloocan,3,n/a
S004973,O004973,2GO,TRK195901806,"2024-05-14 14:24:00",2024-05-21,2024-05-27,180,0.5,Delayed,Taguig,1,"Warehouse Delay"
S004974,O004974,DHL,TRK980615996,"2024-10-04 14:07:00",2024-10-14,2024-10-12,0,15,Delivered,"Quezon city",1,"Customer Unavailable"
S004975,O004975,"J&T Express",TRK344114824,"2023-12-03 17:53:00",NULL,NULL,120,0,Returned,Caloocan,1,"Customer Unavailable"
S004976,O004976,DHL,TRK191750215,"2022-09-07 19:23:00",2022-09-08,2022-09-06,100,5,Delivered,Antipolo,1,"Address Issue"
S004977,O004977,LBC,TRK32323107,"2022-04-28 19:44:00",2022-05-10,2022-05-12,100,3,Delayed,"Quezon city",3,"Warehouse Delay"
S004978,O004978,DHL,TRK662547558,"2022-06-25 09:12:00",2022-07-05,NULL,100,0,Preparing,"Davao city",1,"Warehouse Delay"
S004979,O004979,2GO,n/a,"2022-11-19 23:15:00",2022-11-28,2022-12-02,250,20,Delayed,Makati,3,n/a
S004980,O004980,"Ninja Van",TRK753512457,"2025-01-04 00:14:00",2025-01-05,2025-01-07,80,3,Delayed,Manila,1,"Carrier Backlog"
S004981,O004981,"JRS Express",TRK191037098,"2025-07-26 00:06:00",2025-07-29,NULL,0,0,Preparing,Taguig,1,"Address Issue"
S004982,O004982,Unknown,TRK67182296,"2024-05-24 02:14:00",2024-06-05,2024-06-11,0,5,Delayed,Caloocan,1,"Address Issue"
S004983,O004983,FedEx,TRK269399925,"2023-01-22 11:00:00",2023-01-31,NULL,100,2,Preparing,"Davao city",0,"Carrier Backlog"
S004984,O004984,FedEx,TRK914481827,"2024-10-08 01:56:00",NULL,NULL,80,2,Preparing,Taguig,3,"Carrier Backlog"
S004985,O004985,2GO,TRK375582864,"2022-10-10 02:29:00",2022-10-12,NULL,350,2,Preparing,Antipolo,1,Weather
S004986,O004986,LBC,n/a,"2022-11-17 07:01:00",2022-11-26,2022-11-24,500,0,Delivered,Makati,1,"Carrier Backlog"
S004987,O004987,"J&T Express",TRK665691325,"2025-07-25 10:59:00",2025-07-30,2025-08-06,0,1,Delayed,Taguig,0,"Warehouse Delay"
S004988,O004988,"JRS Express",TRK651243242,"2023-11-25 21:00:00",2023-12-04,2023-12-03,0,5,Delivered,Caloocan,1,"Address Issue"
S004989,O004989,"Ninja Van",n/a,"2023-12-22 09:41:00",2023-12-25,2023-12-27,150,5,Delayed,"Cebu city",1,"Address Issue"
S004990,O004990,"Ninja Van",n/a,"2022-05-12 05:13:00",2022-05-24,2022-05-27,350,20,Delayed,Makati,0,"Customer Unavailable"
S004991,O004991,2GO,TRK64909677,"2022-10-15 07:13:00",2022-10-26,2022-10-30,0,0,Delayed,Makati,3,Weather
S004992,O004992,FedEx,TRK35791227,"2023-08-10 03:55:00",2023-08-20,2023-08-22,0,0,Delayed,"Cebu city",0,Weather
S004993,O004993,DHL,TRK591893581,"2022-04-22 05:32:00",2022-04-28,2022-05-03,250,2,Delayed,Pasig,3,"Carrier Backlog"
S004994,O004994,"J&T Express",TRK936474950,"2024-01-16 11:48:00",2024-01-19,2024-01-23,180,0,Delayed,Makati,1,n/a
S004995,O004995,DHL,TRK814834951,"2024-08-12 10:07:00",2024-08-15,2024-08-14,150,20,Delivered,Pasig,1,Weather
S004996,O004996,2GO,n/a,"2022-11-02 15:57:00",NULL,NULL,500,20,Preparing,Makati,1,Weather
S004997,O004997,"J&T Express",TRK98738798,"2024-09-02 11:05:00",2024-09-13,2024-09-11,120,3,Delivered,"Cebu city",3,"Customer Unavailable"
S004998,O004998,2GO,n/a,"2022-07-30 04:28:00",2022-08-08,2022-08-09,100,20,Delayed,Iloilo,2,"Address Issue"
S004999,O004999,LBC,TRK431231422,"2024-08-31 19:22:00",2024-09-11,2024-09-10,500,2,Delivered,Taguig,2,"Warehouse Delay"
S005000,O005000,"Ninja Van",TRK68497666,"2025-08-03 01:51:00",2025-08-12,2025-08-12,150,5,"Out for Delivery",Manila,1,Weather
