order_id,order_date,customer_id,employee_id,product_name,category,quantity,unit_price,discount_pct,payment_method,order_status,sales_channel,shipping_address,order_note
O000001,"2025-04-18 13:07:00",C00122,E0024,"External drive",Electronics,8,999,0.15,PayPal,Processing,Unknown,"Unit 16, Building 14",Unknown
O000002,"2022-07-01 16:37:00",C00772,E0116,Webcam,"Computer Accesossories",5,1499,0.05,PayPal,Returned,Store,"843 Rizal St.","Urgent"
O000003,"2023-03-05 06:08:00",C00121,E0186,UPS,Electronics,1,4999,0,"Debit Card",Delivered,Online,"388 Main St.",Unknown
O000004,"2024-05-10 03:05:00",C00717,E0209,Keyboard,"Computer Accesossories",4,2499,0.03,PayPal,Canceled,Store,"338 Quezon St.","Gift order"
O000005,"2022-12-19 19:53:00",C00818,E0198,Unknown,Unknown,5,2999,0.2,GCash,Pending,Online,"816 Rizal St.","Gift order"
O000006,"2025-08-23 18:45:00",C00130,E0062,UPS,Electronics,1,4999,0,"Debit Card",Pending,Marketplace,"Unit 6, Building 3","Urgent"
O000007,"2022-10-14 07:44:00",C00650,E0140,Monitor,"Computer Accesossories",9,9999,0.2,PayPal,Unknown,Online,"799 MAIN ST.",Unknown
O000008,"2022-06-19 22:12:00",C00767,E0248,Unknown,Unknown,8,9999,0.2,"Debit Card",Pending,Store,"662 mabini st.","Gift order"
O000009,"2023-08-12 15:33:00",C00808,E0011,"Office chair","Office Furniture",3,4999,0.15,n/a,Canceled,Unknown,"Unit 12, Building 47","Gift order"
O000010,"2024-02-13 18:07:00",C00678,E0013,"Office chair","Office Furniture",3,4999,0.05,"Bank Transfer",Canceled,Unknown,"482 Main St.","Deliver after 5PM"
O000011,"2025-02-17 14:39:00",C00190,E0033,Monitor,"Computer Accesossories",10,9999,0.15,Cash,Canceled,Marketplace,"Unit 6, Building 36","Urgent"
O000012,"2024-11-22 06:24:00",C00690,E0017,Keyboard,"Computer Accesossories",9,2499,0.03,PayPal,Returned,Marketplace,"163 Main St.",Unknown
O000013,"2024-12-18 13:13:00",C00299,E0243,Smartphone,"Mobile Devices",5,12999,0.1,"Debit Card",Pending,Marketplace,"349 Bonifacio St.",Unknown
O000014,"2022-02-17 21:05:00",C00590,E0246,Projector,Electronics,5,4000,0.15,PayPal,Shipped,Store,"unit 2, building 44","Urgent"
O000015,"2023-02-24 06:13:00",C00126,E0102,Router,Networking,4,1499,0.2,Cash,Pending,Store,"204 Rizal St.","Urgent"
O000016,"2024-04-09 20:20:00",C00627,E0195,Webcam,"Computer Accesossories",7,1499,0,Cash,Canceled,Store,"738 Bonifacio St.",Unknown
O000017,"2022-03-02 18:06:00",C00251,E0177,Desk,"Office Furniture",2,19999,0,"Debit Card",Canceled,Online,"Unit 7, Building 26","Call customer"
O000018,"2022-10-02 01:04:00",C00294,E0028,Webcam,"Computer Accesossories",2,1499,0.15,"Bank Transfer",Pending,Online,"200 RIZAL ST.",Unknown
O000019,"2023-06-07 01:44:00",C00850,E0094,Unknown,Unknown,3,9999,0,"Bank Transfer",Returned,Online,"962 Main St.","Gift order"
O000020,"2025-05-29 02:52:00",C00218,E0026,Keyboard,"Computer Accesossories",7,2499,0.2,"Debit Card",Pending,Online,"435 Bonifacio St.","Call customer"
O000021,"2023-08-18 23:02:00",C00799,E0050,"Office chair","Office Furniture",0,4999,0.1,GCash,Canceled,Marketplace,"Unit 2, Building 7",Unknown
O000022,"2022-02-06 19:52:00",C00293,E0147,Keyboard,"Computer Accesossories",6,2499,0.05,GCash,Delivered,Unknown,"Unit 14, Building 50",Unknown
O000023,"2023-08-31 17:41:00",C00803,E0094,Tablet,"Mobile Devices",8,8999,0.15,"Debit Card",Unknown,Store,"909 Mabini St.","Urgent"
O000024,"2022-08-10 05:53:00",C00574,E0246,Laptop,"Mobile Devices",5,29999,0.15,"Bank Transfer",Delivered,Online,"658 Quezon St.",Unknown
O000025,"2023-04-13 16:38:00",C00142,E0169,UPS,Electronics,10,4999,0.15,"Debit Card",Shipped,Unknown,"Unit 19, Building 40","Deliver after 5PM"
O000026,"2022-10-29 12:37:00",C00803,E0141,Desk,"Office Furniture",9,19999,0,Cash,Unknown,Online,"829 Quezon St.","Deliver after 5PM"
O000027,"2023-10-05 18:21:00",C00247,E0151,"External drive",Electronics,5,999,0.03,Cash,Processing,Store,"Unit 17, Building 28","Gift order"
O000028,"2022-05-09 01:07:00",C00627,E0086,Projector,Electronics,9,4000,0,"Debit Card",Pending,Store,"Unit 7, Building 38",Unknown
O000029,"2022-10-22 01:46:00",C00614,E0073,Desk,"Office Furniture",0,19999,0.1,"Bank Transfer",Canceled,Unknown,"894 Quezon St.","Deliver after 5PM"
O000030,"2025-12-03 19:04:00",C00069,E0249,Mouse,"Computer Accesossories",1,1499,0.05,"Credit Card",Shipped,Store,"Unit 13, Building 7",Unknown
O000031,"2024-08-08 00:13:00",C00225,E0193,Desk,"Office Furniture",2,19999,0,"Debit Card",Shipped,Store,"Unit 3, Building 43","Deliver after 5PM"
O000032,"2022-04-11 23:10:00",C00045,E0250,Projector,Electronics,6,4000,0.15,Cash,Canceled,Unknown,"526 Rizal St.",Unknown
O000033,"2022-07-08 15:57:00",C00953,E0250,Desk,"Office Furniture",9,19999,0.15,PayPal,Processing,Store,"896 Bonifacio St.","Call customer"
O000034,"2024-04-16 00:21:00",C00737,E0163,Desk,"Office Furniture",8,19999,0.15,PayPal,Canceled,Store,"881 Main St.","Urgent"
O000035,"2022-06-22 21:53:00",C00403,E0174,Projector,Electronics,4,4000,0,GCash,Pending,Online,"584 rizal st.","Gift order"
O000036,"2025-05-01 01:35:00",C00803,E0140,Unknown,Unknown,5,1499,0.05,Cash,Returned,Unknown,"Unit 14, Building 47","Call customer"
O000037,"2025-08-20 04:19:00",C00087,E0073,"Office chair","Office Furniture",6,4999,0.2,Cash,Delivered,Online,Warehouse,"Deliver after 5PM"
O000038,"2024-07-14 08:24:00",C00507,E0157,Webcam,"Computer Accesossories",10,1499,0.1,GCash,Processing,Store,"Unit 19, Building 13",Unknown
O000039,"2025-08-10 17:20:00",C00244,E0095,Laptop,"Mobile Devices",1,29999,0,"Debit Card",Delivered,Store,"340 Quezon St.","Urgent"
O000040,"2023-07-27 17:11:00",C00472,E0152,Desk,"Office Furniture",6,19999,0.1,GCash,Returned,Store,"Unit 19, Building 18","Urgent"
O000041,"2023-02-03 17:57:00",C00697,E0235,"Office chair","Office Furniture",2,4999,0.2,GCash,Returned,Store,"623 Mabini St.","Gift order"
O000042,"2024-01-27 11:01:00",C00333,E0005,Tablet,"Mobile Devices",9,8999,0.15,"Debit Card",Unknown,Marketplace,"644 Bonifacio St.",Unknown
O000043,"2024-09-12 19:30:00",C00276,E0204,Laptop,"Mobile Devices",4,29999,0.03,"Debit Card",Processing,Online,"Unit 4, Building 16","Call customer"
O000044,"2022-04-04 00:39:00",C00795,E0091,Keyboard,"Computer Accesossories",2,2499,0,Cash,Canceled,Online,"Unit 16, Building 1","Urgent"
O000045,"2024-11-19 16:35:00",C00829,E0234,"External drive",Electronics,7,999,0.15,"Bank Transfer",Shipped,Store,"Unit 11, Building 33",Unknown
O000046,"2023-07-27 17:40:00",C00862,E0158,Printer,"Computer Accesossories",7,3499,0.2,PayPal,Unknown,Online,"Unit 2, Building 10","Urgent"
O000047,"2025-04-15 20:56:00",C00119,E0205,"Office chair","Office Furniture",4,4999,0,"Debit Card",Pending,Unknown,"649 Quezon St.","Call customer"
O000048,"2023-09-14 09:54:00",C00503,E0037,Headset,"Computer Accesossories",10,1499,0.2,PayPal,Returned,Unknown,"Unit 1, Building 9",Unknown
O000049,"2025-12-12 05:58:00",C00725,E0140,"External drive",Electronics,4,999,0.03,Cash,Unknown,Marketplace,"640 Main St.","Deliver after 5PM"
O000050,"2023-05-17 13:16:00",C00786,E0121,Desk,"Office Furniture",4,19999,0.03,"Credit Card",Shipped,Marketplace,"Unit 18, Building 41","Gift order"
O000051,"2022-11-13 18:02:00",C00760,E0117,Desk,"Office Furniture",10,19999,0.2,Cash,Canceled,Unknown,"451 Main St.","Urgent"
O000052,"2023-02-11 14:50:00",C00949,E0008,"Office chair","Office Furniture",10,4999,0,"Bank Transfer",Pending,Marketplace,"Unit 3, Building 41","Deliver after 5PM"
O000053,"2022-10-22 07:57:00",C00209,E0082,Webcam,"Computer Accesossories",6,1499,0.15,"Bank Transfer",Delivered,Online,"225 Rizal St.","Deliver after 5PM"
O000054,"2023-11-13 08:55:00",C00619,E0212,Projector,Electronics,8,4000,0.1,GCash,Processing,Store,"480 Bonifacio St.",Unknown
O000055,"2023-11-01 04:37:00",C00996,E0026,Keyboard,"Computer Accesossories",4,2499,0,PayPal,Canceled,Store,"Unit 15, Building 34","Urgent"
O000056,"2025-11-20 23:46:00",C00947,E0016,"External drive",Electronics,9,999,0.1,"Debit Card",Processing,Unknown,"84 Bonifacio St.","Call customer"
O000057,"2022-11-30 06:55:00",C00798,E0238,Router,Networking,2,1499,0.03,Cash,Delivered,Unknown,"524 Rizal St.","Deliver after 5PM"
O000058,"2024-05-01 15:05:00",C00050,E0163,Keyboard,"Computer Accesossories",8,2499,0.1,Cash,Returned,Online,"478 Rizal St.","Urgent"
O000059,"2022-03-27 03:39:00",C00779,E0113,UPS,Electronics,8,4999,0.15,"Credit Card",Unknown,Store,"467 Mabini St.","Call customer"
O000060,"2022-12-27 03:05:00",C00881,E0003,Tablet,"Mobile Devices",9,8999,0.05,GCash,Shipped,Marketplace,"739 Quezon St.","Urgent"
O000061,"2025-09-27 18:38:00",C00993,E0117,Monitor,"Computer Accesossories",10,9999,0.03,"Debit Card",Processing,Online,"266 Main St.",Unknown
O000062,"2024-05-15 03:23:00",C00614,E0159,Laptop,"Mobile Devices",8,29999,0.03,n/a,Processing,Online,"351 Mabini St.",Unknown
O000063,"2023-08-08 01:15:00",C00578,E0235,"External drive",Electronics,1,999,0.1,"Debit Card",Shipped,Unknown,"Unit 12, Building 19","Urgent"
O000064,"2023-05-30 15:53:00",C00061,E0197,Monitor,"Computer Accesossories",5,9999,0.15,PayPal,Canceled,Online,"409 Mabini St.",Unknown
O000065,"2025-01-19 00:33:00",C00111,E0250,"Office chair","Office Furniture",8,4999,0.2,Cash,Processing,Online,"Unit 12, Building 34","Urgent"
O000066,"2024-03-31 05:07:00",C00881,E0136,Smartphone,"Mobile Devices",1,12999,0.15,GCash,Pending,Store,"6 Mabini St.","Urgent"
O000067,"2024-06-19 08:53:00",C00247,E0213,Keyboard,"Computer Accesossories",7,2499,0.15,Cash,Delivered,Online,"319 Mabini St.",Unknown
O000068,"2024-07-04 18:31:00",C00600,E0061,Webcam,"Computer Accesossories",2,1499,0.05,PayPal,Unknown,Store,"684 Main St.","Deliver after 5PM"
O000069,"2024-10-24 01:51:00",C00542,E0127,Smartphone,"Mobile Devices",10,12999,0.15,GCash,Pending,Online,"Unit 10, Building 7",Unknown
O000070,"2022-11-01 06:31:00",C00179,E0196,"Office chair","Office Furniture",8,4999,0,GCash,Canceled,Store,"934 main st.",Unknown
O000071,"2022-10-13 00:13:00",C00109,E0023,Desk,"Office Furniture",9,19999,0.03,Cash,Returned,Store,"Unit 20, Building 33",Unknown
O000072,"2022-06-21 14:01:00",C00521,E0008,Projector,Electronics,9,4000,0.2,"Bank Transfer",Shipped,Store,"777 Main St.","Gift order"
O000073,"2024-11-04 11:28:00",C00048,E0108,Headset,"Computer Accesossories",9,1499,0.15,"Credit Card",Delivered,Marketplace,"610 Quezon St.","Deliver after 5PM"
O000074,"2024-10-20 21:52:00",C00155,E0119,Router,Networking,3,1499,0.15,PayPal,Delivered,Online,"274 Main St.","Call customer"
O000075,"2022-07-01 18:27:00",C00182,E0125,Printer,"Computer Accesossories",7,3499,0.03,"Debit Card",Shipped,Unknown,"687 Quezon St.","Gift order"
O000076,"2025-12-08 20:18:00",C00440,E0007,Printer,"Computer Accesossories",7,3499,0.15,"Debit Card",Processing,Online,"282 Bonifacio St.","Deliver after 5PM"
O000077,"2023-03-31 08:34:00",C00265,E0102,Headset,"Computer Accesossories",9,1499,0.03,n/a,Pending,Unknown,"255 Mabini St.","Urgent"
O000078,"2024-04-14 03:14:00",C00941,E0066,"Office chair","Office Furniture",7,4999,0,n/a,Processing,Marketplace,"Unit 16, Building 10",Unknown
O000079,"2023-01-31 22:18:00",C00759,E0124,UPS,Electronics,10,4999,0,"Credit Card",Canceled,Store,"646 Main St.","Gift order"
O000080,"2025-02-02 04:06:00",C00807,E0058,Projector,Electronics,8,4000,0,PayPal,Shipped,Store,"Unit 20, Building 16","Deliver after 5PM"
O000081,"2024-06-20 09:59:00",C00349,E0151,Printer,"Computer Accesossories",10,3499,0.05,PayPal,Shipped,Online,"911 Main St.","Gift order"
O000082,"2025-10-30 23:03:00",C00255,E0106,Router,Networking,9,1499,0.05,"Debit Card",Canceled,Unknown,"Unit 5, Building 20","Gift order"
O000083,"2025-10-29 08:50:00",C00809,E0112,Printer,"Computer Accesossories",10,3499,0.05,"Debit Card",Delivered,Online,"Unit 10, Building 50","Urgent"
O000084,"2024-11-03 19:01:00",C00803,E0034,Projector,Electronics,4,4000,0.1,"Debit Card",Processing,Online,"712 Quezon St.","Gift order"
O000085,"2024-05-26 15:44:00",C00400,E0008,Monitor,"Computer Accesossories",5,9999,0,"Debit Card",Canceled,Online,"Unit 1, Building 7","Gift order"
O000086,"2024-09-12 22:31:00",C00455,E0239,"External drive",Electronics,4,999,0.05,PayPal,Shipped,Unknown,"832 Quezon St.",Unknown
O000087,"2023-02-22 16:16:00",C00396,E0222,"External drive",Electronics,6,999,0.2,PayPal,Processing,Online,"Unit 8, Building 33","Call customer"
O000088,"2023-07-04 01:02:00",C00347,E0190,Keyboard,"Computer Accesossories",5,2499,0.1,PayPal,Shipped,Store,"784 Quezon St.","Gift order"
O000089,"2023-02-27 07:42:00",C00552,E0098,Smartphone,"Mobile Devices",8,12999,0.15,Cash,Pending,Online,"Unit 2, Building 17","Urgent"
O000090,"2022-03-09 12:38:00",C00916,E0059,"Office chair","Office Furniture",6,4999,0.15,PayPal,Returned,Store,"Unit 3, Building 28","Call customer"
O000091,"2023-06-05 08:58:00",C00840,E0137,UPS,Electronics,5,4999,0.03,GCash,Returned,Online,"16 Mabini St.",Unknown
O000092,"2023-06-08 17:47:00",C00796,E0040,UPS,Electronics,10,4999,0.15,"Credit Card",Pending,Online,"698 RIZAL ST.",Unknown
O000093,"2024-02-20 22:16:00",C00461,E0042,Webcam,"Computer Accesossories",3,1499,0.15,"Credit Card",Returned,Online,"31 Quezon St.","Deliver after 5PM"
O000094,"2024-11-20 01:45:00",C00016,E0048,Mouse,"Computer Accesossories",4,1499,0,"Bank Transfer",Pending,Store,"Unit 18, Building 44",Unknown
O000095,"2022-01-23 17:05:00",C00940,E0186,Mouse,"Computer Accesossories",4,1499,0,PayPal,Pending,Online,"806 Quezon St.","Call customer"
O000096,"2024-04-16 18:20:00",C00469,E0214,"External drive",Electronics,1,999,0,"Debit Card",Returned,Online,"855 Main St.",Unknown
O000097,"2024-03-09 13:17:00",C00089,E0182,Monitor,"Computer Accesossories",1,9999,0,Cash,Canceled,Online,"unit 9, building 50","Urgent"
O000098,"2024-05-30 13:35:00",C00637,E0104,Keyboard,"Computer Accesossories",9,2499,0.15,GCash,Delivered,Store,"Unit 4, Building 31",Unknown
O000099,"2024-01-16 00:23:00",C00466,E0230,Unknown,Unknown,7,999,0.15,Cash,Processing,Unknown,"783 Mabini St.","Call customer"
O000100,"2022-06-11 17:54:00",C00344,E0131,"Office chair","Office Furniture",6,4999,0.05,"Bank Transfer",Pending,Store,"500 Mabini St.",Unknown
O000101,"2025-01-14 21:51:00",C00963,E0036,Desk,"Office Furniture",3,19999,0.1,GCash,Shipped,Marketplace,"Unit 4, Building 36","Call customer"
O000102,"2024-09-22 01:20:00",C00891,E0094,Headset,"Computer Accesossories",3,1499,0,PayPal,Shipped,Online,"Unit 7, Building 9","Gift order"
O000103,"2022-12-30 16:10:00",C00006,E0015,Monitor,"Computer Accesossories",10,9999,0.05,"Credit Card",Canceled,Marketplace,"Unit 3, Building 4",Unknown
O000104,"2025-11-30 01:05:00",C00112,E0209,Smartphone,"Mobile Devices",6,12999,0,"Bank Transfer",Pending,Store,"Unit 1, Building 31",Unknown
O000105,"2022-06-27 16:36:00",C00145,E0205,Tablet,"Mobile Devices",9,8999,0.2,GCash,Delivered,Store,"264 Mabini St.",Unknown
O000106,"2022-06-30 19:50:00",C00085,E0055,UPS,Electronics,3,4999,0.15,PayPal,Processing,Online,"Unit 7, Building 47","Deliver after 5PM"
O000107,"2023-05-11 10:55:00",C00446,E0010,Router,Networking,7,1499,0.15,"Credit Card",Shipped,Store,"516 Rizal St.","Urgent"
O000108,"2024-02-23 20:54:00",C00836,E0114,UPS,Electronics,3,4999,0.1,"Bank Transfer",Shipped,Unknown,"Unit 20, Building 3","Call customer"
O000109,"2022-08-08 01:31:00",C00103,E0244,Monitor,"Computer Accesossories",1,9999,0.03,"Bank Transfer",Shipped,Online,"699 Quezon St.","Call customer"
O000110,"2023-04-24 10:52:00",C00683,E0035,Keyboard,"Computer Accesossories",2,2499,0,GCash,Unknown,Online,"778 Main St.",Unknown
O000111,"2023-01-10 11:51:00",C00449,E0073,Laptop,"Mobile Devices",5,29999,0,GCash,Shipped,Store,"691 mabini st.","Urgent"
O000112,"2023-09-15 23:00:00",C00900,E0055,Desk,"Office Furniture",2,19999,0,PayPal,Pending,Unknown,"Unit 20, Building 12","Urgent"
O000113,"2024-02-05 21:36:00",C00987,E0125,Tablet,"Mobile Devices",1,8999,0.1,"Bank Transfer",Canceled,Online,"Unit 16, Building 33","Urgent"
O000114,"2023-03-23 21:12:00",C00231,E0006,Laptop,"Mobile Devices",5,29999,0,"Credit Card",Pending,Unknown,"357 Main St.","Call customer"
O000115,"2023-06-07 04:57:00",C00063,E0161,Keyboard,"Computer Accesossories",5,2499,0.15,"Credit Card",Processing,Online,"72 Main St.","Gift order"
O000116,"2025-10-18 01:22:00",C00015,E0039,UPS,Electronics,9,4999,0.03,"Bank Transfer",Processing,Online,"Unit 15, Building 22","Deliver after 5PM"
O000117,"2023-01-17 02:10:00",C00247,E0108,Smartphone,"Mobile Devices",7,12999,0,PayPal,Pending,Online,"912 Main St.",Unknown
O000118,"2022-07-06 11:53:00",C00102,E0166,"External drive",Electronics,9,999,0.03,GCash,Unknown,Marketplace,"580 Main St.","Urgent"
O000119,"2025-01-01 11:21:00",C00707,E0250,Headset,"Computer Accesossories",2,1499,0.1,"Credit Card",Returned,Store,"69 Bonifacio St.","Deliver after 5PM"
O000120,"2024-09-09 05:51:00",C00142,E0044,Router,Networking,6,1499,0.15,"Credit Card",Canceled,Store,"641 RIZAL ST.",Unknown
O000121,"2023-03-09 23:08:00",C00592,E0155,Router,Networking,2,1499,0.05,PayPal,Pending,Marketplace,"960 Rizal St.","Gift order"
O000122,"2024-01-06 04:44:00",C00778,E0034,Webcam,"Computer Accesossories",4,1499,0,Cash,Canceled,Online,"468 Quezon St.","Urgent"
O000123,"2022-09-28 02:43:00",C00761,E0019,Headset,"Computer Accesossories",10,1499,0.2,"Credit Card",Returned,Marketplace,"69 Bonifacio St.",Unknown
O000124,"2024-05-09 15:00:00",C00428,E0216,UPS,Electronics,6,4999,0,PayPal,Processing,Marketplace,"596 Mabini St.","Gift order"
O000125,"2024-03-12 06:43:00",C00663,E0155,Desk,"Office Furniture",4,19999,0.05,"Debit Card",Shipped,Online,"Unit 11, Building 42","Urgent"
O000126,"2022-07-27 21:32:00",C00974,E0176,Tablet,"Mobile Devices",1,8999,0.15,PayPal,Processing,Store,"909 Rizal St.",Unknown
O000127,"2022-04-28 11:34:00",C00829,E0177,Mouse,"Computer Accesossories",4,1499,0,"Debit Card",Shipped,Online,"Unit 19, Building 44","Gift order"
O000128,"2024-04-02 18:45:00",C00578,E0121,Projector,Electronics,6,4000,0.05,GCash,Delivered,Online,"442 Rizal St.",Unknown
O000129,"2022-01-17 18:21:00",C00409,E0153,Keyboard,"Computer Accesossories",5,2499,0,"Bank Transfer",Delivered,Online,"Unit 5, Building 16","Deliver after 5PM"
O000130,"2022-09-01 08:11:00",C00558,E0150,Mouse,"Computer Accesossories",5,1499,0.2,Cash,Shipped,Store,"Unit 15, Building 37","Gift order"
O000131,"2023-04-08 03:58:00",C00963,E0136,Projector,Electronics,1,4000,0.1,GCash,Canceled,Store,"215 Mabini St.","Deliver after 5PM"
O000132,"2024-08-01 08:17:00",C00891,E0166,UPS,Electronics,1,4999,0.03,"Bank Transfer",Returned,Store,"927 Quezon St.","Gift order"
O000133,"2025-10-28 10:26:00",C00848,E0012,UPS,Electronics,8,4999,0.2,"Bank Transfer",Unknown,Marketplace,"334 Bonifacio St.","Gift order"
O000134,"2025-10-29 05:46:00",C00123,E0109,Laptop,"Mobile Devices",5,29999,0.03,PayPal,Processing,Store,"826 Main St.","Urgent"
O000135,"2024-02-14 19:22:00",C00661,E0048,Tablet,"Mobile Devices",9,8999,0.15,"Debit Card",Returned,Store,"Unit 5, Building 41","Deliver after 5PM"
O000136,"2023-01-25 16:38:00",C00849,E0229,"External drive",Electronics,1,999,0.2,"Credit Card",Pending,Online,"UNIT 3, BUILDING 4",Unknown
O000137,"2024-11-01 05:53:00",C00406,E0026,"Office chair","Office Furniture",7,4999,0.03,GCash,Returned,Unknown,"Unit 14, Building 46","Call customer"
O000138,"2024-04-04 15:12:00",C00708,E0040,Keyboard,"Computer Accesossories",5,2499,0.03,Cash,Shipped,Store,"355 Bonifacio St.","Gift order"
O000139,"2023-01-10 19:21:00",C00740,E0123,Projector,Electronics,1,4000,0,Cash,Shipped,Online,"Unit 8, Building 1","Urgent"
O000140,"2025-02-18 09:49:00",C00794,E0099,Keyboard,"Computer Accesossories",0,2499,0.03,"Debit Card",Processing,Unknown,"Unit 13, Building 5","Gift order"
O000141,"2022-04-03 11:20:00",C00089,E0110,Router,Networking,2,1499,0.05,PayPal,Delivered,Store,"Unit 19, Building 47","Urgent"
O000142,"2025-04-25 10:28:00",C00141,E0005,Printer,"Computer Accesossories",6,3499,0,PayPal,Processing,Online,"154 Mabini St.","Gift order"
O000143,"2025-06-24 12:29:00",C00221,E0019,Keyboard,"Computer Accesossories",8,2499,0.1,GCash,Processing,Online,"Unit 19, Building 34","Gift order"
O000144,"2023-12-23 07:53:00",C00789,E0098,"Office chair","Office Furniture",10,4999,0.2,PayPal,Canceled,Store,"239 Main St.","Call customer"
O000145,"2024-09-22 12:17:00",C00144,E0108,Webcam,"Computer Accesossories",8,1499,0,PayPal,Delivered,Store,"459 Bonifacio St.","Urgent"
O000146,"2024-02-29 11:27:00",C00323,E0179,Mouse,"Computer Accesossories",5,1499,0.05,"Bank Transfer",Canceled,Store,"986 Quezon St.","Deliver after 5PM"
O000147,"2025-08-24 11:08:00",C00478,E0185,Laptop,"Mobile Devices",4,29999,0.15,PayPal,Shipped,Online,"Unit 20, Building 19","Call customer"
O000148,"2023-07-31 13:42:00",C00764,E0057,Printer,"Computer Accesossories",5,3499,0.05,"Debit Card",Delivered,Store,"Unit 20, Building 16","Gift order"
O000149,"2023-08-07 07:36:00",C00674,E0180,Webcam,"Computer Accesossories",0,1499,0,GCash,Returned,Store,"UNIT 17, BUILDING 38","Deliver after 5PM"
O000150,"2024-07-01 04:03:00",C00921,E0219,Webcam,"Computer Accesossories",2,1499,0.05,"Bank Transfer",Delivered,Store,"880 RIZAL ST.",Unknown
O000151,"2022-10-31 23:39:00",C00110,E0035,"External drive",Electronics,1,999,0.05,GCash,Delivered,Store,"Unit 1, Building 36",Unknown
O000152,"2025-03-20 19:13:00",C00407,E0100,Mouse,"Computer Accesossories",6,1499,0.05,"Credit Card",Delivered,Store,"200 Mabini St.","Urgent"
O000153,"2025-09-05 03:01:00",C00821,E0169,Desk,"Office Furniture",8,19999,0.2,Cash,Returned,Unknown,"Unit 19, Building 18",Unknown
O000154,"2022-11-10 20:05:00",C00310,E0054,Projector,Electronics,8,4000,0,"Debit Card",Processing,Online,"Unit 6, Building 29","Urgent"
O000155,"2023-02-12 06:08:00",C00411,E0147,Monitor,"Computer Accesossories",0,9999,0.05,"Credit Card",Delivered,Online,"Unit 14, Building 30",Unknown
O000156,"2024-06-15 13:09:00",C00921,E0192,Laptop,"Mobile Devices",10,29999,0.03,"Credit Card",Returned,Marketplace,"836 Quezon St.",Unknown
O000157,"2022-09-27 01:08:00",C00760,E0205,UPS,Electronics,8,4999,0,"Credit Card",Returned,Marketplace,"Unit 2, Building 29","Call customer"
O000158,"2025-09-14 17:29:00",C00267,E0106,Monitor,"Computer Accesossories",8,9999,0,"Credit Card",Pending,Unknown,"555 Rizal St.","Gift order"
O000159,"2025-07-12 04:21:00",C00801,E0177,"Office chair","Office Furniture",3,4999,0.15,"Debit Card",Returned,Store,"498 Rizal St.",Unknown
O000160,"2022-09-24 02:05:00",C00355,E0177,Webcam,"Computer Accesossories",9,1499,0.2,Cash,Delivered,Online,"unit 20, building 10","Urgent"
O000161,"2025-05-10 10:47:00",C00969,E0100,Router,Networking,8,1499,0.1,"Credit Card",Processing,Unknown,"Unit 19, Building 42","Urgent"
O000162,"2023-02-04 23:47:00",C00899,E0232,Unknown,Unknown,4,1499,0.1,"Bank Transfer",Canceled,Online,"278 Quezon St.","Deliver after 5PM"
O000163,"2025-10-31 12:49:00",C00699,E0115,Headset,"Computer Accesossories",2,1499,0,PayPal,Processing,Store,"Unit 14, Building 15","Urgent"
O000164,"2022-11-24 11:36:00",C00146,E0208,Tablet,"Mobile Devices",7,8999,0,"Bank Transfer",Processing,Marketplace,"Unit 13, Building 15",Unknown
O000165,"2022-11-12 20:26:00",C00387,E0020,"Office chair","Office Furniture",5,4999,0.1,PayPal,Shipped,Online,"45 Mabini St.","Urgent"
O000166,"2022-05-12 20:05:00",C00524,E0170,UPS,Electronics,2,4999,0.05,"Bank Transfer",Canceled,Online,"306 Main St.","Call customer"
O000167,"2025-02-13 17:03:00",C00814,E0100,Keyboard,"Computer Accesossories",5,2499,0,"Bank Transfer",Canceled,Marketplace,"Unit 13, Building 41","Gift order"
O000168,"2023-09-29 23:07:00",C00145,E0184,UPS,Electronics,3,4999,0.15,PayPal,Pending,Online,"961 bonifacio st.","Gift order"
O000169,"2025-04-19 19:38:00",C00204,E0029,Router,Networking,10,1499,0.2,"Bank Transfer",Pending,Unknown,"Unit 2, Building 1",Unknown
O000170,"2022-11-27 17:21:00",C00048,E0084,"External drive",Electronics,7,999,0.2,Cash,Canceled,Online,"863 BONIFACIO ST.","Gift order"
O000171,"2024-06-12 07:54:00",C00690,E0203,UPS,Electronics,9,4999,0.1,"Bank Transfer",Pending,Unknown,"Unit 13, Building 12","Urgent"
O000172,"2024-06-07 17:19:00",C00161,E0052,UPS,Electronics,1,4999,0,PayPal,Shipped,Online,"Unit 3, Building 34",Unknown
O000173,"2025-12-05 00:25:00",C00645,E0186,"Office chair","Office Furniture",8,4999,0,GCash,Returned,Store,"Unit 20, Building 9","Gift order"
O000174,"2022-08-28 14:58:00",C00253,E0139,Router,Networking,6,1499,0.2,PayPal,Delivered,Store,"627 Mabini St.","Urgent"
O000175,"2023-09-23 19:32:00",C00446,E0161,Unknown,Unknown,3,2999,0.2,"Credit Card",Unknown,Marketplace,"Unit 5, Building 49","Call customer"
O000176,"2022-05-09 14:36:00",C00469,E0079,Smartphone,"Mobile Devices",8,12999,0.15,PayPal,Canceled,Marketplace,"Unit 7, Building 39","Gift order"
O000177,"2024-11-28 20:21:00",C00300,E0199,Tablet,"Mobile Devices",10,8999,0.1,Cash,Processing,Store,"826 Quezon St.","Gift order"
O000178,"2022-10-13 14:02:00",C00558,E0046,Printer,"Computer Accesossories",5,3499,0,Cash,Pending,Store,"587 Bonifacio St.","Call customer"
O000179,"2025-09-27 17:35:00",C00567,E0089,Desk,"Office Furniture",10,19999,0,"Bank Transfer",Pending,Unknown,"Unit 19, Building 50",Unknown
O000180,"2024-01-03 12:18:00",C00681,E0217,UPS,Electronics,5,4999,0.15,Cash,Delivered,Online,"670 Main St.",Unknown
O000181,"2022-03-13 00:07:00",C00278,E0236,Printer,"Computer Accesossories",7,3499,0.03,"Bank Transfer",Shipped,Store,"Unit 12, Building 11","Gift order"
O000182,"2022-10-18 04:07:00",C00955,E0109,"External drive",Electronics,10,999,0.05,"Credit Card",Returned,Marketplace,"Unit 9, Building 32","Gift order"
O000183,"2023-09-14 17:18:00",C00099,E0218,Projector,Electronics,6,4000,0.03,Cash,Pending,Marketplace,"342 Mabini St.","Deliver after 5PM"
O000184,"2022-04-26 00:47:00",C00070,E0238,Router,Networking,3,1499,0,PayPal,Delivered,Store,"Unit 8, Building 40",Unknown
O000185,"2025-10-14 10:35:00",C00355,E0036,Router,Networking,3,1499,0,GCash,Shipped,Online,"69 Main St.","Deliver after 5PM"
O000186,"2022-07-09 08:28:00",C00366,E0198,Keyboard,"Computer Accesossories",5,2499,0.03,PayPal,Delivered,Store,"471 RIZAL ST.","Urgent"
O000187,"2022-09-13 16:13:00",C00187,E0110,UPS,Electronics,2,4999,0.15,Cash,Canceled,Marketplace,"701 Main St.","Call customer"
O000188,"2024-04-16 10:53:00",C00052,E0026,Webcam,"Computer Accesossories",6,1499,0.15,PayPal,Shipped,Online,"Unit 16, Building 29","Deliver after 5PM"
O000189,"2024-03-25 18:59:00",C00590,E0066,UPS,Electronics,4,4999,0.15,"Debit Card",Pending,Online,"234 Bonifacio St.",Unknown
O000190,"2025-12-22 10:10:00",C00175,E0167,Printer,"Computer Accesossories",9,3499,0.05,"Debit Card",Returned,Online,"Unit 15, Building 11","Gift order"
O000191,"2023-11-04 20:45:00",C00607,E0014,Keyboard,"Computer Accesossories",9,2499,0,PayPal,Pending,Marketplace,"Unit 7, Building 41","Gift order"
O000192,"2022-01-30 10:48:00",C00273,E0204,UPS,Electronics,5,4999,0,"Credit Card",Delivered,Online,"85 Rizal St.","Deliver after 5PM"
O000193,"2023-12-01 13:54:00",C00855,E0138,Monitor,"Computer Accesossories",2,9999,0.1,Cash,Canceled,Unknown,"Unit 4, Building 29","Call customer"
O000194,"2023-10-09 04:35:00",C00092,E0161,Projector,Electronics,7,4000,0.05,Cash,Delivered,Online,Warehouse,Unknown
O000195,"2022-09-06 03:36:00",C00874,E0147,Headset,"Computer Accesossories",2,1499,0.03,"Credit Card",Pending,Unknown,"544 MABINI ST.",Unknown
O000196,"2024-08-02 06:25:00",C00937,E0113,Monitor,"Computer Accesossories",9,9999,0.03,GCash,Processing,Store,"818 Bonifacio St.","Deliver after 5PM"
O000197,"2023-10-21 13:05:00",C00396,E0211,Desk,"Office Furniture",8,19999,0,"Debit Card",Pending,Online,"Unit 17, Building 16","Gift order"
O000198,"2022-02-27 05:34:00",C00182,E0134,Monitor,"Computer Accesossories",0,9999,0.05,PayPal,Pending,Marketplace,"Unit 11, Building 35","Call customer"
O000199,"2022-03-29 11:07:00",C00009,E0068,Keyboard,"Computer Accesossories",0,2499,0.03,GCash,Shipped,Unknown,"278 Quezon St.","Urgent"
O000200,"2022-02-14 18:26:00",C00940,E0169,Projector,Electronics,7,4000,0,"Credit Card",Shipped,Store,"Unit 11, Building 49","Call customer"
O000201,"2025-01-06 23:57:00",C00658,E0248,Desk,"Office Furniture",8,19999,0,Cash,Shipped,Online,"208 Mabini St.","Urgent"
O000202,"2025-01-28 15:28:00",C00780,E0122,Unknown,Unknown,9,1499,0.05,Cash,Shipped,Unknown,"895 Quezon St.","Call customer"
O000203,"2023-06-26 05:02:00",C00916,E0022,Tablet,"Mobile Devices",2,8999,0.03,n/a,Returned,Unknown,"606 Mabini St.","Deliver after 5PM"
O000204,"2025-08-10 02:03:00",C00148,E0193,Printer,"Computer Accesossories",10,3499,0.03,PayPal,Delivered,Store,"UNIT 6, BUILDING 12","Call customer"
O000205,"2022-01-29 08:53:00",C00053,E0010,Mouse,"Computer Accesossories",3,1499,0.15,PayPal,Pending,Store,"560 quezon st.","Call customer"
O000206,"2023-04-30 12:57:00",C00598,E0008,Laptop,"Mobile Devices",3,29999,0.15,Cash,Canceled,Online,"unit 7, building 40","Urgent"
O000207,"2022-07-11 03:13:00",C00671,E0100,Headset,"Computer Accesossories",10,1499,0,PayPal,Returned,Online,"508 Main St.",Unknown
O000208,"2024-07-20 08:19:00",C00878,E0202,UPS,Electronics,1,4999,0.05,Cash,Pending,Marketplace,"774 Main St.","Call customer"
O000209,"2024-07-02 15:56:00",C00641,E0091,"Office chair","Office Furniture",10,4999,0.2,"Debit Card",Pending,Unknown,"Unit 12, Building 45","Call customer"
O000210,"2022-08-18 12:02:00",C00596,E0237,Projector,Electronics,2,4000,0.15,GCash,Shipped,Online,"811 Bonifacio St.",Unknown
O000211,"2022-01-20 16:33:00",C00841,E0169,Webcam,"Computer Accesossories",0,1499,0.1,"Credit Card",Returned,Store,"Unit 5, Building 13","Call customer"
O000212,"2025-01-11 08:32:00",C00989,E0136,Desk,"Office Furniture",8,19999,0.15,Cash,Processing,Online,Warehouse,"Urgent"
O000213,"2023-03-23 00:03:00",C00732,E0104,Headset,"Computer Accesossories",9,1499,0.2,Cash,Canceled,Store,"Unit 9, Building 8",Unknown
O000214,"2025-04-02 02:24:00",C00760,E0213,Tablet,"Mobile Devices",4,8999,0.1,PayPal,Pending,Store,"815 Mabini St.","Deliver after 5PM"
O000215,"2024-05-20 15:16:00",C00996,E0151,Webcam,"Computer Accesossories",0,1499,0,Cash,Returned,Online,"unit 17, building 6","Call customer"
O000216,"2024-10-23 04:48:00",C00681,E0004,Monitor,"Computer Accesossories",3,9999,0,"Debit Card",Pending,Online,"Unit 20, Building 39",Unknown
O000217,"2023-07-14 12:27:00",C00739,E0005,"External drive",Electronics,1,999,0.2,"Bank Transfer",Shipped,Store,"Unit 5, Building 3",Unknown
O000218,"2024-10-14 08:44:00",C00422,E0080,Keyboard,"Computer Accesossories",8,2499,0.03,n/a,Shipped,Store,"565 Mabini St.",Unknown
O000219,"2025-07-10 05:50:00",C00118,E0227,Laptop,"Mobile Devices",0,29999,0.1,Cash,Unknown,Unknown,"UNIT 7, BUILDING 9","Deliver after 5PM"
O000220,"2024-02-06 00:31:00",C00936,E0250,"External drive",Electronics,7,999,0.2,"Debit Card",Processing,Online,"225 Mabini St.","Call customer"
O000221,"2023-04-30 00:23:00",C00572,E0247,Desk,"Office Furniture",5,19999,0.05,PayPal,Delivered,Store,"Unit 1, Building 33",Unknown
O000222,"2024-03-04 11:59:00",C00901,E0114,UPS,Electronics,3,4999,0.15,"Debit Card",Shipped,Online,"679 Rizal St.",Unknown
O000223,"2024-04-25 03:51:00",C00129,E0061,"Office chair","Office Furniture",9,4999,0.03,"Debit Card",Returned,Store,"Unit 5, Building 6","Gift order"
O000224,"2023-06-02 19:47:00",C00994,E0103,Smartphone,"Mobile Devices",3,12999,0,Cash,Pending,Store,"505 Rizal St.","Gift order"
O000225,"2023-05-26 00:54:00",C00295,E0129,Projector,Electronics,4,4000,0,GCash,Canceled,Store,"24 Quezon St.",Unknown
O000226,"2022-07-26 01:11:00",C00822,E0186,Keyboard,"Computer Accesossories",6,2499,0,PayPal,Unknown,Store,"UNIT 4, BUILDING 46","Urgent"
O000227,"2022-08-04 19:28:00",C00827,E0071,Laptop,"Mobile Devices",10,29999,0,"Bank Transfer",Processing,Online,"781 Bonifacio St.","Gift order"
O000228,"2022-11-15 11:43:00",C00866,E0163,Headset,"Computer Accesossories",1,1499,0.05,Cash,Pending,Online,"349 Rizal St.",Unknown
O000229,"2024-08-25 05:35:00",C00779,E0015,Router,Networking,9,1499,0.15,Cash,Canceled,Online,"798 Bonifacio St.",Unknown
O000230,"2025-05-05 18:40:00",C00347,E0215,Mouse,"Computer Accesossories",8,1499,0.1,PayPal,Shipped,Online,"888 Bonifacio St.",Unknown
O000231,"2023-08-24 06:51:00",C00125,E0101,Tablet,"Mobile Devices",4,8999,0,"Bank Transfer",Returned,Online,"Unit 12, Building 5",Unknown
O000232,"2023-05-19 18:54:00",C00417,E0230,Printer,"Computer Accesossories",3,3499,0,Cash,Returned,Marketplace,"915 Rizal St.","Urgent"
O000233,"2025-03-29 04:18:00",C00757,E0109,Tablet,"Mobile Devices",9,8999,0,"Debit Card",Pending,Online,"Unit 18, Building 25","Urgent"
O000234,"2023-04-19 21:55:00",C00334,E0005,Projector,Electronics,6,4000,0,"Credit Card",Canceled,Online,"Unit 8, Building 36",Unknown
O000235,"2022-10-08 17:49:00",C00382,E0196,Tablet,"Mobile Devices",8,8999,0.15,"Debit Card",Returned,Online,"165 Rizal St.","Call customer"
O000236,"2024-06-10 23:53:00",C00453,E0027,Laptop,"Mobile Devices",7,29999,0,"Bank Transfer",Returned,Unknown,"771 Rizal St.","Gift order"
O000237,"2023-10-14 09:14:00",C00516,E0217,"Office chair","Office Furniture",3,4999,0.05,"Credit Card",Shipped,Online,"Unit 13, Building 10",Unknown
O000238,"2024-07-07 13:27:00",C00148,E0123,Monitor,"Computer Accesossories",1,9999,0.03,"Credit Card",Delivered,Unknown,"142 Mabini St.","Gift order"
O000239,"2024-10-29 15:38:00",C00606,E0174,Mouse,"Computer Accesossories",1,1499,0.1,"Debit Card",Returned,Store,"Unit 16, Building 13","Call customer"
O000240,"2025-05-05 14:27:00",C00462,E0015,Router,Networking,6,1499,0.1,"Bank Transfer",Shipped,Online,"871 Main St.","Deliver after 5PM"
O000241,"2023-06-16 04:54:00",C00212,E0047,Laptop,"Mobile Devices",4,29999,0.2,"Credit Card",Pending,Online,"851 Mabini St.",Unknown
O000242,"2024-05-16 05:03:00",C00275,E0215,Webcam,"Computer Accesossories",3,1499,0.05,"Debit Card",Unknown,Store,"878 Rizal St.","Deliver after 5PM"
O000243,"2025-01-30 00:06:00",C00063,E0109,Unknown,Unknown,3,19999,0,Cash,Pending,Store,"457 Main St.","Call customer"
O000244,"2025-04-09 06:13:00",C00230,E0219,Monitor,"Computer Accesossories",8,9999,0.15,"Credit Card",Pending,Store,"34 Quezon St.","Deliver after 5PM"
O000245,"2023-10-28 03:44:00",C00506,E0047,Webcam,"Computer Accesossories",10,1499,0,Cash,Processing,Online,"306 Bonifacio St.",Unknown
O000246,"2024-05-09 14:25:00",C00365,E0053,Tablet,"Mobile Devices",3,8999,0.05,GCash,Delivered,Store,"880 Bonifacio St.","Gift order"
O000247,"2024-01-15 13:54:00",C00579,E0246,Projector,Electronics,3,4000,0,"Debit Card",Processing,Marketplace,"266 Bonifacio St.","Urgent"
O000248,"2023-02-27 05:00:00",C00825,E0085,"Office chair","Office Furniture",6,4999,0.2,"Debit Card",Returned,Online,"Unit 19, Building 33","Urgent"
O000249,"2025-07-01 06:48:00",C00607,E0110,Unknown,Unknown,4,999,0.03,GCash,Canceled,Store,"unit 9, building 49","Deliver after 5PM"
O000250,"2024-03-15 10:58:00",C00249,E0248,Headset,"Computer Accesossories",10,1499,0.03,"Debit Card",Shipped,Store,"794 Mabini St.","Call customer"
O000251,"2025-06-28 03:37:00",C00382,E0060,Router,Networking,7,1499,0.1,"Debit Card",Processing,Store,"645 Quezon St.","Urgent"
O000252,"2025-12-07 00:56:00",C00585,E0152,Keyboard,"Computer Accesossories",2,2499,0,"Debit Card",Shipped,Store,"UNIT 12, BUILDING 1",Unknown
O000253,"2022-08-04 09:15:00",C00144,E0067,Headset,"Computer Accesossories",9,1499,0.2,PayPal,Processing,Unknown,"839 Mabini St.",Unknown
O000254,"2022-01-16 09:49:00",C00589,E0051,Mouse,"Computer Accesossories",8,1499,0,GCash,Pending,Store,"Unit 6, Building 22",Unknown
O000255,"2023-08-17 13:17:00",C00540,E0136,Mouse,"Computer Accesossories",6,1499,0.2,PayPal,Processing,Store,"Unit 9, Building 26","Call customer"
O000256,"2023-03-20 20:55:00",C00188,E0223,Unknown,Unknown,2,14999,0.03,"Debit Card",Returned,Online,"Unit 15, Building 12",Unknown
O000257,"2022-01-27 02:54:00",C00609,E0003,Unknown,Unknown,4,1999,0.03,PayPal,Processing,Online,"Unit 2, Building 38","Urgent"
O000258,"2022-05-17 15:53:00",C00087,E0148,Mouse,"Computer Accesossories",1,1499,0,"Credit Card",Pending,Store,"392 Main St.","Urgent"
O000259,"2024-08-02 15:42:00",C00429,E0213,Projector,Electronics,7,4000,0.2,PayPal,Unknown,Marketplace,"Unit 6, Building 13","Gift order"
O000260,"2024-05-21 21:09:00",C00421,E0030,Laptop,"Mobile Devices",2,29999,0,PayPal,Pending,Marketplace,"922 Mabini St.","Gift order"
O000261,"2024-08-20 21:57:00",C00033,E0109,Projector,Electronics,6,4000,0,"Credit Card",Pending,Online,"unit 16, building 21","Gift order"
O000262,"2025-06-23 19:36:00",C00225,E0114,Printer,"Computer Accesossories",5,3499,0.15,"Debit Card",Canceled,Store,"262 Quezon St.","Call customer"
O000263,"2023-04-07 12:53:00",C00178,E0051,Webcam,"Computer Accesossories",7,1499,0.1,"Credit Card",Shipped,Marketplace,"Unit 6, Building 6","Urgent"
O000264,"2023-10-20 18:38:00",C00438,E0013,Printer,"Computer Accesossories",10,3499,0.2,"Debit Card",Canceled,Store,"269 Mabini St.","Gift order"
O000265,"2022-06-18 17:48:00",C00696,E0225,Desk,"Office Furniture",7,19999,0.03,Cash,Shipped,Online,"532 Mabini St.","Urgent"
O000266,"2024-07-16 15:59:00",C00042,E0179,Headset,"Computer Accesossories",0,1499,0.05,"Debit Card",Shipped,Online,"35 Mabini St.","Gift order"
O000267,"2025-04-27 16:15:00",C00838,E0104,Headset,"Computer Accesossories",7,1499,0,"Credit Card",Delivered,Unknown,"Unit 20, Building 2","Deliver after 5PM"
O000268,"2024-06-01 10:13:00",C00425,E0053,Printer,"Computer Accesossories",10,3499,0.15,PayPal,Canceled,Online,"Unit 11, Building 2","Urgent"
O000269,"2022-08-30 22:29:00",C00886,E0103,Smartphone,"Mobile Devices",9,12999,0.15,"Credit Card",Processing,Unknown,"918 Main St.","Deliver after 5PM"
O000270,"2025-06-14 02:43:00",C00331,E0248,UPS,Electronics,3,4999,0.2,"Bank Transfer",Pending,Marketplace,"Unit 6, Building 26","Deliver after 5PM"
O000271,"2025-11-07 21:15:00",C00709,E0005,Monitor,"Computer Accesossories",4,9999,0.15,"Bank Transfer",Delivered,Online,Warehouse,"Call customer"
O000272,"2025-05-28 16:10:00",C00252,E0208,Laptop,"Mobile Devices",9,29999,0,GCash,Pending,Online,"977 Mabini St.",Unknown
O000273,"2024-12-16 18:55:00",C00595,E0236,Router,Networking,2,1499,0,Cash,Canceled,Online,"646 Mabini St.","Deliver after 5PM"
O000274,"2025-07-12 17:02:00",C00969,E0107,Webcam,"Computer Accesossories",8,1499,0.15,"Debit Card",Pending,Online,"Unit 17, Building 33","Urgent"
O000275,"2025-08-06 20:29:00",C00702,E0029,Router,Networking,2,1499,0.15,"Credit Card",Delivered,Online,"571 Main St.",Unknown
O000276,"2024-07-23 01:40:00",C00276,E0056,"Office chair","Office Furniture",7,4999,0.05,"Credit Card",Shipped,Unknown,Warehouse,Unknown
O000277,"2023-08-28 21:59:00",C00611,E0005,Tablet,"Mobile Devices",5,8999,0.1,GCash,Canceled,Unknown,Warehouse,"Call customer"
O000278,"2023-05-12 12:20:00",C00262,E0129,"External drive",Electronics,1,999,0.1,"Credit Card",Returned,Store,"Unit 4, Building 23","Urgent"
O000279,"2024-11-26 11:17:00",C00439,E0010,Desk,"Office Furniture",7,19999,0.03,GCash,Delivered,Online,"Unit 19, Building 20",Unknown
O000280,"2022-12-23 04:47:00",C00578,E0159,Unknown,Unknown,3,14999,0.1,"Bank Transfer",Canceled,Store,"194 Mabini St.",Unknown
O000281,"2025-05-20 23:35:00",C00570,E0132,Headset,"Computer Accesossories",6,1499,0.1,"Debit Card",Unknown,Online,"253 Mabini St.","Call customer"
O000282,"2025-05-30 07:06:00",C00087,E0040,Keyboard,"Computer Accesossories",10,2499,0.15,Cash,Pending,Unknown,"716 Quezon St.","Call customer"
O000283,"2025-08-28 21:14:00",C00210,E0133,"External drive",Electronics,5,999,0,"Credit Card",Returned,Store,"Unit 10, Building 1",Unknown
O000284,"2025-08-22 04:03:00",C00437,E0110,Tablet,"Mobile Devices",4,8999,0.1,"Debit Card",Canceled,Store,"Unit 2, Building 42","Urgent"
O000285,"2022-01-09 02:30:00",C00419,E0026,UPS,Electronics,4,4999,0.1,"Bank Transfer",Returned,Marketplace,"Unit 10, Building 16",Unknown
O000286,"2025-12-26 05:20:00",C00100,E0004,Laptop,"Mobile Devices",4,29999,0.1,"Credit Card",Pending,Unknown,"Unit 5, Building 45",Unknown
O000287,"2025-04-10 19:46:00",C00195,E0077,Router,Networking,4,1499,0,"Debit Card",Pending,Online,"Unit 15, Building 48","Urgent"
O000288,"2023-10-08 02:59:00",C00074,E0202,Headset,"Computer Accesossories",8,1499,0.15,"Debit Card",Canceled,Online,"unit 13, building 13",Unknown
O000289,"2023-12-07 11:34:00",C00736,E0205,Tablet,"Mobile Devices",2,8999,0.05,PayPal,Unknown,Marketplace,"Unit 8, Building 1","Call customer"
O000290,"2022-08-29 17:17:00",C00025,E0175,Mouse,"Computer Accesossories",10,1499,0.15,PayPal,Processing,Store,"568 Quezon St.","Deliver after 5PM"
O000291,"2025-01-11 00:09:00",C00290,E0178,Desk,"Office Furniture",3,19999,0.1,PayPal,Returned,Store,"Unit 20, Building 30",Unknown
O000292,"2024-10-27 16:57:00",C00495,E0249,Laptop,"Mobile Devices",8,29999,0.15,PayPal,Returned,Unknown,"907 Mabini St.","Urgent"
O000293,"2024-03-09 12:06:00",C00167,E0205,Desk,"Office Furniture",9,19999,0.05,"Bank Transfer",Returned,Store,"Unit 8, Building 39","Gift order"
O000294,"2024-09-04 08:23:00",C00885,E0137,Smartphone,"Mobile Devices",5,12999,0,"Credit Card",Canceled,Unknown,"Unit 9, Building 27","Gift order"
O000295,"2022-09-28 13:11:00",C00142,E0192,Desk,"Office Furniture",10,19999,0,Cash,Delivered,Online,"339 Main St.","Urgent"
O000296,"2024-06-07 00:23:00",C00858,E0003,Tablet,"Mobile Devices",9,8999,0.05,"Credit Card",Canceled,Store,Warehouse,"Call customer"
O000297,"2023-11-26 05:44:00",C00879,E0029,Tablet,"Mobile Devices",6,8999,0.03,Cash,Delivered,Online,"Unit 11, Building 17","Deliver after 5PM"
O000298,"2022-10-08 01:20:00",C00527,E0024,Monitor,"Computer Accesossories",10,9999,0.03,PayPal,Processing,Marketplace,"781 Mabini St.","Deliver after 5PM"
O000299,"2025-11-05 11:09:00",C00013,E0061,"External drive",Electronics,10,999,0.1,"Debit Card",Pending,Marketplace,"460 Rizal St.","Call customer"
O000300,"2024-10-29 11:01:00",C00744,E0163,Monitor,"Computer Accesossories",0,9999,0.2,Cash,Delivered,Marketplace,"133 Rizal St.","Deliver after 5PM"
O000301,"2023-10-31 09:28:00",C00219,E0025,Smartphone,"Mobile Devices",1,12999,0.05,"Debit Card",Pending,Unknown,"Unit 19, Building 35",Unknown
O000302,"2023-09-08 22:25:00",C00200,E0226,"Office chair","Office Furniture",7,4999,0.03,PayPal,Delivered,Online,"384 Quezon St.",Unknown
O000303,"2025-11-22 15:54:00",C00103,E0145,Keyboard,"Computer Accesossories",9,2499,0.2,"Credit Card",Canceled,Store,"Unit 7, Building 37",Unknown
O000304,"2023-01-17 17:58:00",C00386,E0159,Projector,Electronics,4,4000,0.1,"Bank Transfer",Processing,Unknown,"164 RIZAL ST.","Call customer"
O000305,"2025-11-11 00:04:00",C00301,E0036,Mouse,"Computer Accesossories",4,1499,0.05,GCash,Processing,Online,"819 Quezon St.","Call customer"
O000306,"2025-11-14 10:08:00",C00638,E0018,Mouse,"Computer Accesossories",1,1499,0.15,"Debit Card",Processing,Store,"Unit 5, Building 9","Gift order"
O000307,"2023-03-24 06:04:00",C00029,E0237,"External drive",Electronics,1,999,0.1,Cash,Pending,Marketplace,"174 Bonifacio St.",Unknown
O000308,"2022-03-18 20:30:00",C00664,E0223,Desk,"Office Furniture",1,19999,0.2,"Bank Transfer",Processing,Online,"863 Quezon St.","Gift order"
O000309,"2023-01-26 16:42:00",C00274,E0081,Tablet,"Mobile Devices",5,8999,0.1,GCash,Canceled,Store,"Unit 19, Building 35","Deliver after 5PM"
O000310,"2022-06-08 08:38:00",C00834,E0081,Laptop,"Mobile Devices",7,29999,0.05,PayPal,Delivered,Online,"304 Rizal St.","Call customer"
O000311,"2024-02-20 03:08:00",C00667,E0020,Smartphone,"Mobile Devices",9,12999,0,"Debit Card",Shipped,Online,"Unit 6, Building 44",Unknown
O000312,"2022-12-01 04:58:00",C00911,E0238,Smartphone,"Mobile Devices",9,12999,0,Cash,Canceled,Store,"unit 17, building 42","Gift order"
O000313,"2024-12-05 01:24:00",C00479,E0192,Tablet,"Mobile Devices",4,8999,0.05,PayPal,Delivered,Store,"276 Bonifacio St.","Deliver after 5PM"
O000314,"2024-06-29 04:12:00",C00086,E0099,Desk,"Office Furniture",1,19999,0.1,PayPal,Shipped,Unknown,"Unit 13, Building 21","Call customer"
O000315,"2024-10-07 11:06:00",C00537,E0115,"Office chair","Office Furniture",8,4999,0.1,"Credit Card",Pending,Online,"392 Mabini St.","Call customer"
O000316,"2022-05-21 16:37:00",C00207,E0136,Desk,"Office Furniture",5,19999,0.03,"Credit Card",Delivered,Unknown,"Unit 1, Building 16","Deliver after 5PM"
O000317,"2023-09-03 08:09:00",C00711,E0086,Router,Networking,9,1499,0,"Debit Card",Processing,Store,"13 Bonifacio St.","Gift order"
O000318,"2025-05-06 15:55:00",C00569,E0069,Monitor,"Computer Accesossories",8,9999,0.03,n/a,Shipped,Online,"Unit 13, Building 49","Deliver after 5PM"
O000319,"2022-01-30 18:20:00",C00849,E0161,"External drive",Electronics,10,999,0.15,n/a,Returned,Marketplace,"Unit 8, Building 6","Deliver after 5PM"
O000320,"2022-10-14 10:33:00",C00233,E0025,Tablet,"Mobile Devices",1,8999,0,GCash,Shipped,Online,"Unit 3, Building 33",Unknown
O000321,"2024-12-06 23:10:00",C00328,E0202,Smartphone,"Mobile Devices",9,12999,0.15,"Debit Card",Processing,Online,"Unit 18, Building 25","Deliver after 5PM"
O000322,"2023-03-06 03:54:00",C00673,E0248,Smartphone,"Mobile Devices",1,12999,0.03,GCash,Pending,Store,"Unit 5, Building 25","Deliver after 5PM"
O000323,"2023-10-02 13:39:00",C00743,E0037,Mouse,"Computer Accesossories",1,1499,0.1,GCash,Pending,Store,"234 Quezon St.","Gift order"
O000324,"2023-10-10 08:55:00",C00478,E0115,Tablet,"Mobile Devices",8,8999,0,"Credit Card",Pending,Store,"554 Bonifacio St.",Unknown
O000325,"2023-12-24 18:04:00",C00624,E0196,Router,Networking,10,1499,0.15,GCash,Shipped,Online,"421 Rizal St.",Unknown
O000326,"2024-09-07 12:05:00",C00806,E0171,Unknown,Unknown,10,4999,0.2,GCash,Canceled,Unknown,"397 Main St.",Unknown
O000327,"2025-08-21 15:00:00",C00601,E0034,Mouse,"Computer Accesossories",7,1499,0.1,"Credit Card",Canceled,Store,"Unit 14, Building 43","Gift order"
O000328,"2022-04-05 07:45:00",C00883,E0133,"External drive",Electronics,7,999,0.1,"Credit Card",Returned,Online,"453 Rizal St.",Unknown
O000329,"2023-03-23 03:20:00",C00927,E0009,"Office chair","Office Furniture",1,4999,0.2,PayPal,Shipped,Marketplace,"270 MAIN ST.",Unknown
O000330,"2025-08-27 22:06:00",C00411,E0138,Headset,"Computer Accesossories",4,1499,0.03,PayPal,Delivered,Store,"Unit 9, Building 23","Call customer"
O000331,"2024-04-23 15:36:00",C00438,E0245,Printer,"Computer Accesossories",1,3499,0,"Credit Card",Delivered,Online,"Unit 4, Building 23",Unknown
O000332,"2022-11-25 19:58:00",C00793,E0191,Mouse,"Computer Accesossories",8,1499,0.15,Cash,Shipped,Unknown,"312 Rizal St.","Gift order"
O000333,"2024-02-03 02:35:00",C00970,E0120,UPS,Electronics,9,4999,0,"Bank Transfer",Delivered,Store,"366 Bonifacio St.","Gift order"
O000334,"2023-07-03 23:59:00",C00972,E0042,UPS,Electronics,2,4999,0,PayPal,Shipped,Online,"Unit 9, Building 43",Unknown
O000335,"2025-12-15 18:16:00",C00132,E0152,"External drive",Electronics,4,999,0.2,"Debit Card",Processing,Online,"Unit 14, Building 41",Unknown
O000336,"2022-03-02 18:46:00",C00387,E0116,Headset,"Computer Accesossories",7,1499,0.1,n/a,Shipped,Store,"285 Rizal St.","Deliver after 5PM"
O000337,"2025-04-20 17:02:00",C00367,E0159,Unknown,Unknown,8,4999,0.1,GCash,Pending,Online,"UNIT 7, BUILDING 16","Call customer"
O000338,"2022-10-14 12:52:00",C00224,E0018,Tablet,"Mobile Devices",9,8999,0.1,PayPal,Canceled,Marketplace,"Unit 6, Building 32","Call customer"
O000339,"2022-07-09 09:38:00",C00821,E0086,"Office chair","Office Furniture",4,4999,0.2,PayPal,Canceled,Store,"185 Bonifacio St.","Urgent"
O000340,"2023-04-24 02:16:00",C00704,E0124,Printer,"Computer Accesossories",5,3499,0.05,GCash,Canceled,Marketplace,"219 Main St.","Deliver after 5PM"
O000341,"2023-10-22 09:15:00",C00542,E0206,"Office chair","Office Furniture",7,4999,0.2,"Debit Card",Pending,Online,"Unit 14, Building 31","Gift order"
O000342,"2025-01-28 02:35:00",C00434,E0078,Keyboard,"Computer Accesossories",1,2499,0.05,"Bank Transfer",Returned,Store,"885 Quezon St.",Unknown
O000343,"2022-05-28 11:16:00",C00190,E0246,Webcam,"Computer Accesossories",1,1499,0,PayPal,Unknown,Marketplace,"938 rizal st.",Unknown
O000344,"2022-07-31 10:04:00",C00412,E0109,UPS,Electronics,10,4999,0,Cash,Processing,Online,"382 quezon st.",Unknown
O000345,"2022-08-22 06:16:00",C00179,E0094,Keyboard,"Computer Accesossories",4,2499,0.2,"Credit Card",Canceled,Online,"696 Mabini St.","Deliver after 5PM"
O000346,"2024-03-29 09:49:00",C00598,E0132,Desk,"Office Furniture",10,19999,0.05,"Debit Card",Delivered,Online,"Unit 9, Building 43","Gift order"
O000347,"2022-07-08 10:44:00",C00274,E0125,"External drive",Electronics,7,999,0,"Credit Card",Canceled,Online,"Unit 8, Building 16",Unknown
O000348,"2024-01-30 05:18:00",C00347,E0054,Webcam,"Computer Accesossories",5,1499,0.03,GCash,Returned,Marketplace,"208 Quezon St.","Call customer"
O000349,"2024-08-30 02:10:00",C00332,E0070,Mouse,"Computer Accesossories",7,1499,0.03,"Debit Card",Delivered,Store,"27 Quezon St.","Gift order"
O000350,"2025-04-23 20:15:00",C00230,E0173,Webcam,"Computer Accesossories",9,1499,0,"Credit Card",Delivered,Online,"Unit 9, Building 35","Deliver after 5PM"
O000351,"2025-12-28 00:35:00",C00293,E0102,"External drive",Electronics,7,999,0,"Bank Transfer",Shipped,Store,"Unit 6, Building 25","Gift order"
O000352,"2023-02-25 06:38:00",C00012,E0056,Desk,"Office Furniture",3,19999,0.05,PayPal,Delivered,Store,"Unit 20, Building 27",Unknown
O000353,"2024-04-23 21:56:00",C00979,E0100,Monitor,"Computer Accesossories",4,9999,0,PayPal,Canceled,Store,"35 Main St.","Call customer"
O000354,"2023-03-18 15:58:00",C00547,E0204,Monitor,"Computer Accesossories",8,9999,0.05,PayPal,Returned,Online,"76 Mabini St.","Call customer"
O000355,"2025-03-30 20:45:00",C00916,E0234,Laptop,"Mobile Devices",1,29999,0.03,"Bank Transfer",Pending,Online,"898 Bonifacio St.",Unknown
O000356,"2023-02-15 08:32:00",C00215,E0082,Mouse,"Computer Accesossories",5,1499,0,GCash,Delivered,Store,"Unit 4, Building 38",Unknown
O000357,"2022-10-05 09:57:00",C00095,E0031,Keyboard,"Computer Accesossories",3,2499,0.05,"Debit Card",Delivered,Online,"Unit 7, Building 28","Call customer"
O000358,"2024-10-02 12:18:00",C00039,E0236,Smartphone,"Mobile Devices",4,12999,0,PayPal,Pending,Marketplace,"Unit 5, Building 8",Unknown
O000359,"2022-06-05 22:15:00",C00989,E0170,Keyboard,"Computer Accesossories",4,2499,0.1,"Debit Card",Shipped,Online,"Unit 12, Building 19",Unknown
O000360,"2025-12-20 14:37:00",C00437,E0100,Tablet,"Mobile Devices",10,8999,0.05,GCash,Pending,Marketplace,"Unit 12, Building 43","Call customer"
O000361,"2024-10-30 09:56:00",C00414,E0035,"External drive",Electronics,8,999,0.1,"Debit Card",Pending,Unknown,"Unit 10, Building 42","Gift order"
O000362,"2024-11-08 20:26:00",C00828,E0027,Unknown,Unknown,5,499,0,GCash,Delivered,Store,"Unit 4, Building 8",Unknown
O000363,"2022-11-27 04:14:00",C00549,E0072,Headset,"Computer Accesossories",3,1499,0,"Debit Card",Canceled,Online,"Unit 3, Building 3",Unknown
O000364,"2023-04-13 11:56:00",C00969,E0199,"Office chair","Office Furniture",2,4999,0,"Credit Card",Canceled,Online,"Unit 10, Building 8","Deliver after 5PM"
O000365,"2022-03-25 19:48:00",C00075,E0007,UPS,Electronics,4,4999,0,PayPal,Processing,Store,"341 Rizal St.","Call customer"
O000366,"2023-08-13 15:35:00",C00657,E0131,Smartphone,"Mobile Devices",5,12999,0,"Bank Transfer",Shipped,Store,"658 Main St.",Unknown
O000367,"2023-03-31 21:39:00",C00015,E0082,Projector,Electronics,5,4000,0.15,"Bank Transfer",Canceled,Unknown,"Unit 18, Building 49","Gift order"
O000368,"2025-05-19 13:36:00",C00557,E0110,Laptop,"Mobile Devices",5,29999,0,"Bank Transfer",Processing,Marketplace,"Unit 2, Building 6","Gift order"
O000369,"2024-04-28 02:59:00",C00144,E0092,Mouse,"Computer Accesossories",9,1499,0,"Bank Transfer",Canceled,Unknown,"Unit 10, Building 18","Gift order"
O000370,"2023-01-05 10:51:00",C00923,E0065,Keyboard,"Computer Accesossories",9,2499,0.03,Cash,Delivered,Marketplace,"Unit 11, Building 16","Call customer"
O000371,"2024-12-30 10:20:00",C00829,E0097,Laptop,"Mobile Devices",10,29999,0.15,"Credit Card",Processing,Marketplace,"692 Bonifacio St.",Unknown
O000372,"2023-10-22 20:34:00",C00144,E0155,Desk,"Office Furniture",9,19999,0,"Bank Transfer",Canceled,Online,"Unit 6, Building 8","Deliver after 5PM"
O000373,"2022-12-27 12:24:00",C00364,E0193,Laptop,"Mobile Devices",8,29999,0,GCash,Unknown,Store,"47 QUEZON ST.","Urgent"
O000374,"2024-09-29 19:31:00",C00596,E0166,"Office chair","Office Furniture",1,4999,0.2,PayPal,Returned,Store,Warehouse,"Gift order"
O000375,"2025-04-01 19:51:00",C00824,E0056,Keyboard,"Computer Accesossories",4,2499,0.2,PayPal,Delivered,Store,"Unit 10, Building 22",Unknown
O000376,"2023-08-13 07:28:00",C00630,E0180,UPS,Electronics,10,4999,0.2,"Debit Card",Delivered,Unknown,"664 Mabini St.",Unknown
O000377,"2025-07-03 01:09:00",C00697,E0238,Unknown,Unknown,2,19999,0.15,"Credit Card",Processing,Marketplace,"Unit 3, Building 9","Deliver after 5PM"
O000378,"2023-08-06 20:32:00",C00621,E0080,Unknown,Unknown,4,7999,0.03,"Credit Card",Shipped,Store,"584 Bonifacio St.",Unknown
O000379,"2025-11-29 02:13:00",C00390,E0098,Tablet,"Mobile Devices",7,8999,0,GCash,Pending,Store,"207 Quezon St.","Call customer"
O000380,"2023-03-07 16:08:00",C00824,E0091,Keyboard,"Computer Accesossories",2,2499,0.1,"Bank Transfer",Processing,Marketplace,"Unit 16, Building 12","Call customer"
O000381,"2023-03-28 07:31:00",C00421,E0067,Webcam,"Computer Accesossories",7,1499,0.1,"Credit Card",Returned,Online,"23 Mabini St.","Gift order"
O000382,"2025-03-30 04:36:00",C00839,E0173,Laptop,"Mobile Devices",7,29999,0.03,"Bank Transfer",Processing,Store,"Unit 1, Building 40","Urgent"
O000383,"2023-06-12 21:56:00",C00802,E0169,"Office chair","Office Furniture",2,4999,0,"Bank Transfer",Returned,Unknown,"Unit 10, Building 23","Gift order"
O000384,"2022-10-08 11:07:00",C00666,E0157,Webcam,"Computer Accesossories",5,1499,0.03,"Credit Card",Returned,Unknown,"58 Bonifacio St.","Gift order"
O000385,"2024-09-26 12:49:00",C00144,E0218,Projector,Electronics,1,4000,0.2,Cash,Unknown,Online,"Unit 10, Building 33","Deliver after 5PM"
O000386,"2023-02-21 06:48:00",C00522,E0043,Router,Networking,8,1499,0,PayPal,Returned,Online,"Unit 9, Building 39","Deliver after 5PM"
O000387,"2022-09-30 00:35:00",C00193,E0038,Printer,"Computer Accesossories",5,3499,0,"Credit Card",Returned,Online,"UNIT 11, BUILDING 19",Unknown
O000388,"2025-08-08 01:34:00",C00746,E0189,Laptop,"Mobile Devices",4,29999,0,"Bank Transfer",Shipped,Unknown,"106 Mabini St.","Gift order"
O000389,"2023-10-17 11:32:00",C00529,E0239,"Office chair","Office Furniture",1,4999,0.1,Cash,Canceled,Online,"919 Bonifacio St.",Unknown
O000390,"2024-06-11 02:06:00",C00116,E0022,Tablet,"Mobile Devices",7,8999,0.1,GCash,Canceled,Store,"164 Quezon St.",Unknown
O000391,"2023-11-13 17:13:00",C00433,E0084,Headset,"Computer Accesossories",5,1499,0.05,"Debit Card",Processing,Store,"789 Bonifacio St.",Unknown
O000392,"2022-10-18 03:29:00",C00834,E0069,UPS,Electronics,6,4999,0.15,n/a,Unknown,Store,"350 Rizal St.","Gift order"
O000393,"2024-05-30 18:35:00",C00728,E0016,Keyboard,"Computer Accesossories",5,2499,0.2,"Debit Card",Unknown,Store,"Unit 1, Building 35","Gift order"
O000394,"2023-04-04 17:55:00",C00119,E0031,UPS,Electronics,8,4999,0,PayPal,Delivered,Store,"63 main st.","Urgent"
O000395,"2023-08-28 21:18:00",C00709,E0170,Headset,"Computer Accesossories",1,1499,0,PayPal,Pending,Store,"Unit 4, Building 25","Gift order"
O000396,"2023-12-18 12:25:00",C00387,E0135,Projector,Electronics,7,4000,0.2,n/a,Returned,Store,"Unit 5, Building 44","Call customer"
O000397,"2023-02-06 14:39:00",C00639,E0181,Laptop,"Mobile Devices",3,29999,0.03,"Bank Transfer",Delivered,Online,"85 MABINI ST.",Unknown
O000398,"2022-03-04 16:02:00",C00865,E0120,UPS,Electronics,6,4999,0.05,"Credit Card",Shipped,Unknown,"212 mabini st.","Call customer"
O000399,"2024-02-27 07:57:00",C00246,E0208,Unknown,Unknown,7,19999,0,PayPal,Shipped,Store,"Unit 19, Building 11","Call customer"
O000400,"2022-01-06 01:51:00",C00683,E0192,Desk,"Office Furniture",1,19999,0.05,"Credit Card",Pending,Unknown,"Unit 7, Building 16",Unknown
O000401,"2023-03-21 12:38:00",C00604,E0014,Webcam,"Computer Accesossories",1,1499,0,GCash,Pending,Marketplace,"875 Bonifacio St.","Call customer"
O000402,"2022-05-13 10:34:00",C00051,E0237,Printer,"Computer Accesossories",3,3499,0.03,Cash,Delivered,Store,"939 Main St.",Unknown
O000403,"2025-07-24 13:33:00",C00788,E0118,Unknown,Unknown,10,1999,0.05,"Credit Card",Shipped,Store,"Unit 1, Building 40","Urgent"
O000404,"2025-05-23 14:39:00",C00316,E0036,Smartphone,"Mobile Devices",3,12999,0.2,"Bank Transfer",Shipped,Unknown,"Unit 16, Building 28",Unknown
O000405,"2024-11-08 15:30:00",C00443,E0140,Webcam,"Computer Accesossories",9,1499,0.03,PayPal,Returned,Store,"Unit 14, Building 28",Unknown
O000406,"2024-11-20 00:36:00",C00333,E0044,Keyboard,"Computer Accesossories",8,2499,0,PayPal,Unknown,Marketplace,"595 Bonifacio St.","Gift order"
O000407,"2022-11-08 13:20:00",C00379,E0246,Router,Networking,0,1499,0.15,Cash,Shipped,Online,"338 Quezon St.","Urgent"
O000408,"2025-04-23 11:55:00",C00862,E0079,Webcam,"Computer Accesossories",2,1499,0,"Debit Card",Pending,Store,"269 Mabini St.","Gift order"
O000409,"2025-02-23 15:22:00",C00604,E0051,Laptop,"Mobile Devices",1,29999,0.03,"Debit Card",Returned,Marketplace,"153 Rizal St.","Urgent"
O000410,"2022-09-01 20:35:00",C00201,E0006,Keyboard,"Computer Accesossories",0,2499,0.2,PayPal,Processing,Store,"Unit 8, Building 31",Unknown
O000411,"2023-10-31 15:56:00",C00377,E0231,Desk,"Office Furniture",5,19999,0.15,PayPal,Delivered,Marketplace,"662 Mabini St.",Unknown
O000412,"2022-05-15 08:24:00",C00527,E0051,Smartphone,"Mobile Devices",9,12999,0,"Debit Card",Processing,Marketplace,"671 Bonifacio St.","Gift order"
O000413,"2023-03-19 13:25:00",C00831,E0118,Headset,"Computer Accesossories",9,1499,0.2,GCash,Shipped,Unknown,"Unit 18, Building 14",Unknown
O000414,"2024-05-31 19:44:00",C00327,E0205,Laptop,"Mobile Devices",0,29999,0.05,GCash,Delivered,Store,"288 Rizal St.",Unknown
O000415,"2024-08-15 14:14:00",C00683,E0161,Unknown,Unknown,3,14999,0.05,Cash,Shipped,Marketplace,"113 Mabini St.",Unknown
O000416,"2022-01-10 09:21:00",C00143,E0233,Headset,"Computer Accesossories",9,1499,0,"Bank Transfer",Shipped,Online,"Unit 8, Building 43","Call customer"
O000417,"2022-12-08 12:22:00",C00928,E0047,"External drive",Electronics,5,999,0.1,GCash,Processing,Store,"Unit 12, Building 19","Call customer"
O000418,"2025-07-18 13:02:00",C00682,E0231,UPS,Electronics,2,4999,0.1,PayPal,Delivered,Online,"139 Quezon St.","Urgent"
O000419,"2023-05-22 14:16:00",C00987,E0109,Router,Networking,3,1499,0.05,"Debit Card",Processing,Online,"Unit 17, Building 8",Unknown
O000420,"2025-04-21 19:59:00",C00021,E0203,Projector,Electronics,10,4000,0.03,Cash,Delivered,Marketplace,"344 Main St.","Urgent"
O000421,"2025-10-18 22:46:00",C00221,E0072,"External drive",Electronics,4,999,0,GCash,Shipped,Online,"674 Mabini St.","Urgent"
O000422,"2024-03-31 09:23:00",C00262,E0034,Headset,"Computer Accesossories",9,1499,0.03,"Bank Transfer",Shipped,Online,"767 Mabini St.",Unknown
O000423,"2023-02-20 20:19:00",C00703,E0168,Projector,Electronics,10,4000,0,Cash,Delivered,Online,"620 Rizal St.","Urgent"
O000424,"2022-11-28 16:07:00",C00516,E0126,Mouse,"Computer Accesossories",3,1499,0.2,GCash,Shipped,Unknown,"472 Quezon St.","Deliver after 5PM"
O000425,"2024-11-18 21:28:00",C00634,E0216,Router,Networking,8,1499,0.2,n/a,Returned,Store,"250 Bonifacio St.",Unknown
O000426,"2023-09-27 20:22:00",C00407,E0013,Mouse,"Computer Accesossories",3,1499,0,GCash,Processing,Unknown,"707 Quezon St.",Unknown
O000427,"2022-10-27 07:50:00",C00563,E0171,Keyboard,"Computer Accesossories",9,2499,0,"Bank Transfer",Processing,Store,"174 Mabini St.",Unknown
O000428,"2023-02-08 21:46:00",C00426,E0216,Laptop,"Mobile Devices",9,29999,0.03,PayPal,Delivered,Online,"Unit 19, Building 46","Gift order"
O000429,"2024-09-14 05:02:00",C00800,E0013,Headset,"Computer Accesossories",6,1499,0,Cash,Returned,Store,Warehouse,"Call customer"
O000430,"2022-06-15 03:56:00",C00266,E0240,"Office chair","Office Furniture",2,4999,0.05,Cash,Delivered,Online,"242 Quezon St.",Unknown
O000431,"2024-10-23 16:26:00",C00760,E0103,"External drive",Electronics,7,999,0.03,Cash,Delivered,Online,"Unit 17, Building 31",Unknown
O000432,"2022-12-06 23:08:00",C00181,E0127,Desk,"Office Furniture",7,19999,0.1,PayPal,Pending,Store,"Unit 12, Building 12",Unknown
O000433,"2025-05-15 12:34:00",C00398,E0081,Desk,"Office Furniture",4,19999,0.05,GCash,Pending,Store,"Unit 1, Building 2","Gift order"
O000434,"2025-10-30 19:58:00",C00591,E0250,Keyboard,"Computer Accesossories",7,2499,0.05,PayPal,Canceled,Online,"unit 20, building 15",Unknown
O000435,"2022-10-25 18:06:00",C00128,E0133,Unknown,Unknown,8,999,0.1,"Bank Transfer",Delivered,Online,"Unit 17, Building 42","Gift order"
O000436,"2023-08-07 18:39:00",C00110,E0126,Monitor,"Computer Accesossories",10,9999,0.03,"Debit Card",Pending,Store,"679 Main St.",Unknown
O000437,"2025-11-03 22:20:00",C00473,E0245,"Office chair","Office Furniture",2,4999,0.15,PayPal,Delivered,Store,"520 Main St.",Unknown
O000438,"2025-12-26 18:41:00",C00049,E0030,"External drive",Electronics,1,999,0.2,"Bank Transfer",Shipped,Online,"228 rizal st.",Unknown
O000439,"2022-04-03 09:44:00",C00303,E0096,Webcam,"Computer Accesossories",4,1499,0.2,PayPal,Processing,Store,"Unit 5, Building 31","Urgent"
O000440,"2025-05-21 20:09:00",C00615,E0180,Router,Networking,6,1499,0,"Bank Transfer",Pending,Store,"724 Rizal St.","Gift order"
O000441,"2023-04-23 18:38:00",C00258,E0082,Mouse,"Computer Accesossories",5,1499,0.15,"Bank Transfer",Canceled,Marketplace,"Unit 2, Building 42","Call customer"
O000442,"2024-01-13 18:34:00",C00888,E0046,Router,Networking,5,1499,0.15,GCash,Processing,Online,"Unit 5, Building 8",Unknown
O000443,"2023-08-25 00:45:00",C00872,E0242,Printer,"Computer Accesossories",5,3499,0.2,Cash,Processing,Online,"Unit 4, Building 42","Urgent"
O000444,"2023-08-31 17:55:00",C00287,E0063,"External drive",Electronics,3,999,0.2,GCash,Delivered,Online,"121 Bonifacio St.","Gift order"
O000445,"2023-07-16 00:39:00",C00553,E0159,Router,Networking,5,1499,0.15,"Debit Card",Returned,Online,Warehouse,"Urgent"
O000446,"2023-10-14 12:20:00",C00980,E0045,Mouse,"Computer Accesossories",3,1499,0.2,PayPal,Delivered,Store,"UNIT 8, BUILDING 15","Deliver after 5PM"
O000447,"2023-01-28 19:43:00",C00153,E0076,Laptop,"Mobile Devices",4,29999,0,"Credit Card",Processing,Marketplace,"691 Bonifacio St.","Call customer"
O000448,"2023-03-04 15:23:00",C00520,E0112,"External drive",Electronics,7,999,0,"Bank Transfer",Processing,Marketplace,"Unit 9, Building 14",Unknown
O000449,"2025-03-28 11:10:00",C00864,E0162,Unknown,Unknown,9,14999,0.1,GCash,Delivered,Store,"Unit 4, Building 31","Call customer"
O000450,"2024-07-26 03:51:00",C00349,E0071,Keyboard,"Computer Accesossories",4,2499,0.15,"Debit Card",Returned,Unknown,"Unit 17, Building 28","Deliver after 5PM"
O000451,"2025-06-05 18:16:00",C00023,E0224,Projector,Electronics,7,4000,0.2,Cash,Canceled,Online,"Unit 7, Building 34",Unknown
O000452,"2024-07-06 03:21:00",C00347,E0020,Webcam,"Computer Accesossories",6,1499,0.2,PayPal,Returned,Store,"Unit 12, Building 40","Call customer"
O000453,"2022-02-08 08:20:00",C00972,E0059,Headset,"Computer Accesossories",6,1499,0,"Credit Card",Delivered,Marketplace,"821 Quezon St.","Call customer"
O000454,"2022-04-25 21:54:00",C00896,E0213,Printer,"Computer Accesossories",6,3499,0.1,"Credit Card",Shipped,Unknown,"Unit 2, Building 43","Deliver after 5PM"
O000455,"2023-12-20 07:01:00",C00592,E0097,Tablet,"Mobile Devices",1,8999,0.15,Cash,Returned,Marketplace,"Unit 15, Building 23",Unknown
O000456,"2023-03-19 12:20:00",C00697,E0073,Mouse,"Computer Accesossories",1,1499,0.05,GCash,Returned,Store,"108 Bonifacio St.","Call customer"
O000457,"2024-06-19 21:26:00",C00309,E0072,Projector,Electronics,1,4000,0.1,"Credit Card",Processing,Online,"456 Bonifacio St.","Deliver after 5PM"
O000458,"2025-05-24 15:52:00",C00246,E0241,Printer,"Computer Accesossories",8,3499,0.2,PayPal,Shipped,Online,"Unit 16, Building 25","Gift order"
O000459,"2023-07-31 00:16:00",C00612,E0114,"Office chair","Office Furniture",1,4999,0.05,"Credit Card",Pending,Marketplace,"Unit 14, Building 24","Deliver after 5PM"
O000460,"2022-11-04 07:47:00",C00671,E0169,Desk,"Office Furniture",6,19999,0.05,"Credit Card",Processing,Online,Warehouse,"Deliver after 5PM"
O000461,"2022-06-11 02:03:00",C00432,E0020,Monitor,"Computer Accesossories",5,9999,0,GCash,Shipped,Online,"561 Main St.","Gift order"
O000462,"2023-07-21 12:27:00",C00659,E0196,Smartphone,"Mobile Devices",5,12999,0.15,"Debit Card",Returned,Online,"688 Quezon St.",Unknown
O000463,"2022-09-30 11:25:00",C00283,E0184,Keyboard,"Computer Accesossories",0,2499,0,"Credit Card",Processing,Marketplace,"Unit 11, Building 18","Deliver after 5PM"
O000464,"2024-12-31 13:11:00",C00545,E0100,Desk,"Office Furniture",2,19999,0,Cash,Returned,Marketplace,"Unit 15, Building 20",Unknown
O000465,"2023-01-20 10:38:00",C00171,E0235,Router,Networking,2,1499,0.2,"Credit Card",Pending,Unknown,"Unit 14, Building 20",Unknown
O000466,"2023-02-22 02:13:00",C00527,E0096,Mouse,"Computer Accesossories",2,1499,0.05,GCash,Shipped,Store,"959 Bonifacio St.","Gift order"
O000467,"2025-02-01 19:20:00",C00908,E0174,"External drive",Electronics,10,999,0.2,GCash,Shipped,Store,"Unit 13, Building 30","Urgent"
O000468,"2023-03-17 17:13:00",C00094,E0141,UPS,Electronics,10,4999,0.15,"Credit Card",Pending,Online,"194 Mabini St.","Urgent"
O000469,"2022-07-30 22:38:00",C00868,E0014,Projector,Electronics,10,4000,0,"Credit Card",Pending,Online,"Unit 8, Building 6","Call customer"
O000470,"2024-01-13 06:54:00",C00304,E0003,Headset,"Computer Accesossories",6,1499,0.05,Cash,Canceled,Unknown,"Unit 20, Building 36","Call customer"
O000471,"2023-10-17 14:26:00",C00802,E0143,Router,Networking,4,1499,0,"Credit Card",Canceled,Store,"Unit 5, Building 4",Unknown
O000472,"2025-06-19 23:51:00",C00390,E0177,Tablet,"Mobile Devices",7,8999,0.2,"Credit Card",Processing,Online,"415 Bonifacio St.","Call customer"
O000473,"2025-07-30 12:10:00",C00542,E0050,Smartphone,"Mobile Devices",10,12999,0,PayPal,Returned,Unknown,"945 Mabini St.","Gift order"
O000474,"2022-04-11 22:12:00",C00274,E0144,"Office chair","Office Furniture",1,4999,0,"Credit Card",Pending,Store,"923 Main St.","Urgent"
O000475,"2025-07-17 16:25:00",C00187,E0068,Laptop,"Mobile Devices",1,29999,0,"Bank Transfer",Delivered,Store,"990 Mabini St.",Unknown
O000476,"2025-07-23 16:46:00",C00037,E0025,UPS,Electronics,6,4999,0.03,"Credit Card",Canceled,Store,"Unit 15, Building 47",Unknown
O000477,"2025-06-10 19:53:00",C00132,E0227,UPS,Electronics,4,4999,0.2,"Credit Card",Pending,Online,"Unit 9, Building 43",Unknown
O000478,"2025-03-28 19:00:00",C00263,E0220,Webcam,"Computer Accesossories",1,1499,0.2,GCash,Pending,Online,"266 Quezon St.","Urgent"
O000479,"2023-09-23 14:08:00",C00486,E0056,Smartphone,"Mobile Devices",10,12999,0.1,GCash,Canceled,Online,"Unit 14, Building 22","Urgent"
O000480,"2025-04-29 05:23:00",C00923,E0001,"External drive",Electronics,3,999,0.15,"Credit Card",Pending,Store,"Unit 14, Building 35","Gift order"
O000481,"2024-09-20 13:40:00",C00565,E0057,Headset,"Computer Accesossories",1,1499,0,GCash,Processing,Marketplace,"919 Mabini St.",Unknown
O000482,"2025-06-29 15:17:00",C00299,E0249,Webcam,"Computer Accesossories",5,1499,0.2,"Debit Card",Returned,Store,"Unit 14, Building 17","Deliver after 5PM"
O000483,"2024-04-12 11:50:00",C00413,E0113,Webcam,"Computer Accesossories",6,1499,0.15,Cash,Pending,Store,"360 Bonifacio St.","Urgent"
O000484,"2022-03-19 02:48:00",C00149,E0033,Webcam,"Computer Accesossories",10,1499,0.05,"Credit Card",Returned,Online,"Unit 18, Building 4",Unknown
O000485,"2022-04-11 02:51:00",C00567,E0002,Monitor,"Computer Accesossories",0,9999,0.05,"Bank Transfer",Shipped,Store,"Unit 16, Building 7","Call customer"
O000486,"2024-05-03 00:22:00",C00877,E0069,UPS,Electronics,3,4999,0.1,"Credit Card",Pending,Unknown,"212 quezon st.","Call customer"
O000487,"2024-04-17 14:47:00",C00901,E0226,"Office chair","Office Furniture",9,4999,0,Cash,Delivered,Marketplace,"Unit 3, Building 11","Call customer"
O000488,"2024-03-25 15:41:00",C00853,E0006,Projector,Electronics,0,4000,0,Cash,Pending,Marketplace,"Unit 5, Building 37","Call customer"
O000489,"2025-05-22 05:21:00",C00690,E0195,Mouse,"Computer Accesossories",7,1499,0,"Bank Transfer",Delivered,Online,Warehouse,"Call customer"
O000490,"2023-09-13 23:39:00",C00674,E0127,Monitor,"Computer Accesossories",5,9999,0.1,"Credit Card",Unknown,Store,"Unit 2, Building 32",Unknown
O000491,"2023-05-09 09:55:00",C00680,E0013,Monitor,"Computer Accesossories",4,9999,0,"Debit Card",Shipped,Online,"839 Mabini St.","Deliver after 5PM"
O000492,"2023-11-21 12:16:00",C00317,E0025,Desk,"Office Furniture",6,19999,0.1,GCash,Processing,Store,"550 Mabini St.",Unknown
O000493,"2025-04-07 11:31:00",C00419,E0104,Laptop,"Mobile Devices",5,29999,0.2,Cash,Delivered,Unknown,"310 Quezon St.","Call customer"
O000494,"2024-03-31 18:28:00",C00826,E0211,Router,Networking,5,1499,0,"Debit Card",Canceled,Online,"UNIT 12, BUILDING 46",Unknown
O000495,"2022-02-09 02:29:00",C00768,E0010,Desk,"Office Furniture",1,19999,0.1,"Bank Transfer",Returned,Store,"321 mabini st.",Unknown
O000496,"2025-01-30 18:27:00",C00246,E0095,UPS,Electronics,4,4999,0.1,GCash,Delivered,Online,"991 Rizal St.","Deliver after 5PM"
O000497,"2022-01-15 02:17:00",C00651,E0080,Tablet,"Mobile Devices",10,8999,0.1,"Credit Card",Returned,Store,"Unit 3, Building 45",Unknown
O000498,"2023-02-06 22:49:00",C00793,E0161,Desk,"Office Furniture",1,19999,0.05,"Bank Transfer",Canceled,Unknown,"Unit 16, Building 38",Unknown
O000499,"2022-10-17 16:55:00",C00130,E0173,Keyboard,"Computer Accesossories",7,2499,0,"Bank Transfer",Canceled,Store,"Unit 20, Building 20","Call customer"
O000500,"2024-07-13 08:40:00",C00839,E0082,Printer,"Computer Accesossories",7,3499,0.2,PayPal,Processing,Online,"Unit 1, Building 44",Unknown
O000501,"2025-01-10 03:44:00",C00798,E0230,Printer,"Computer Accesossories",8,3499,0.15,PayPal,Returned,Store,"249 Mabini St.","Gift order"
O000502,"2022-01-24 06:00:00",C00587,E0003,Desk,"Office Furniture",7,19999,0.2,GCash,Delivered,Unknown,"Unit 1, Building 31",Unknown
O000503,"2022-05-15 20:26:00",C00529,E0102,Webcam,"Computer Accesossories",8,1499,0,"Debit Card",Delivered,Online,"479 Mabini St.","Call customer"
O000504,"2025-11-03 07:38:00",C00737,E0182,"External drive",Electronics,7,999,0.15,"Credit Card",Returned,Unknown,"985 Bonifacio St.","Deliver after 5PM"
O000505,"2025-03-21 03:12:00",C00284,E0045,Monitor,"Computer Accesossories",3,9999,0.1,"Debit Card",Delivered,Store,"179 Main St.","Deliver after 5PM"
O000506,"2024-07-21 11:50:00",C00204,E0198,"Office chair","Office Furniture",1,4999,0.03,"Credit Card",Canceled,Online,"Unit 15, Building 16","Gift order"
O000507,"2023-09-30 10:58:00",C00027,E0225,Keyboard,"Computer Accesossories",10,2499,0,"Credit Card",Returned,Online,"Unit 1, Building 15","Deliver after 5PM"
O000508,"2024-07-18 03:31:00",C00421,E0129,Headset,"Computer Accesossories",2,1499,0.05,"Credit Card",Returned,Marketplace,"96 Quezon St.",Unknown
O000509,"2025-02-11 18:20:00",C00465,E0196,Projector,Electronics,8,4000,0.15,"Bank Transfer",Pending,Store,"Unit 19, Building 46",Unknown
O000510,"2023-04-23 02:40:00",C00811,E0108,Router,Networking,4,1499,0.15,"Bank Transfer",Shipped,Marketplace,"Unit 10, Building 35",Unknown
O000511,"2025-04-16 09:44:00",C00021,E0220,"Office chair","Office Furniture",4,4999,0.1,"Bank Transfer",Canceled,Marketplace,"Unit 10, Building 31",Unknown
O000512,"2022-08-09 01:30:00",C00762,E0090,Desk,"Office Furniture",7,19999,0.2,"Bank Transfer",Shipped,Marketplace,"966 Main St.","Call customer"
O000513,"2025-11-04 12:33:00",C00747,E0153,Keyboard,"Computer Accesossories",7,2499,0.15,"Bank Transfer",Delivered,Marketplace,"Unit 7, Building 37","Urgent"
O000514,"2024-06-28 02:42:00",C00134,E0142,Tablet,"Mobile Devices",1,8999,0,Cash,Returned,Marketplace,"207 RIZAL ST.","Call customer"
O000515,"2023-07-28 12:01:00",C00233,E0175,Unknown,Unknown,1,4999,0.2,"Credit Card",Delivered,Online,"331 Rizal St.",Unknown
O000516,"2022-03-09 12:55:00",C00970,E0088,Mouse,"Computer Accesossories",9,1499,0,"Debit Card",Processing,Online,"Unit 15, Building 27","Call customer"
O000517,"2023-11-14 00:30:00",C00029,E0174,Keyboard,"Computer Accesossories",9,2499,0.1,"Bank Transfer",Shipped,Online,"945 Rizal St.","Gift order"
O000518,"2025-03-04 16:49:00",C00258,E0206,Keyboard,"Computer Accesossories",9,2499,0,"Bank Transfer",Returned,Marketplace,"308 Main St.","Urgent"
O000519,"2025-01-14 17:32:00",C00540,E0125,Printer,"Computer Accesossories",1,3499,0.03,PayPal,Pending,Marketplace,"Unit 9, Building 34",Unknown
O000520,"2025-11-26 02:03:00",C00758,E0005,"External drive",Electronics,7,999,0.2,Cash,Returned,Online,"548 Mabini St.","Deliver after 5PM"
O000521,"2024-02-02 16:31:00",C00437,E0013,"External drive",Electronics,9,999,0,PayPal,Canceled,Store,"UNIT 1, BUILDING 7","Gift order"
O000522,"2025-10-02 04:01:00",C00576,E0040,Webcam,"Computer Accesossories",6,1499,0,GCash,Pending,Store,"Unit 16, Building 38","Deliver after 5PM"
O000523,"2022-07-31 10:34:00",C00619,E0166,Headset,"Computer Accesossories",6,1499,0,"Bank Transfer",Pending,Marketplace,"Unit 10, Building 36","Deliver after 5PM"
O000524,"2024-04-23 05:24:00",C00072,E0046,Printer,"Computer Accesossories",10,3499,0.2,"Credit Card",Returned,Online,"492 Rizal St.","Urgent"
O000525,"2025-07-13 10:55:00",C00386,E0093,Headset,"Computer Accesossories",8,1499,0,GCash,Returned,Store,"Unit 1, Building 42",Unknown
O000526,"2025-07-07 00:46:00",C00495,E0059,Headset,"Computer Accesossories",5,1499,0.05,"Bank Transfer",Returned,Store,"375 Mabini St.","Deliver after 5PM"
O000527,"2023-04-18 01:38:00",C00341,E0038,Headset,"Computer Accesossories",5,1499,0.2,"Credit Card",Delivered,Online,"265 Quezon St.",Unknown
O000528,"2022-05-15 16:17:00",C00280,E0115,"External drive",Electronics,4,999,0.2,PayPal,Returned,Store,"428 Quezon St.","Urgent"
O000529,"2025-05-03 00:50:00",C00242,E0104,Unknown,Unknown,7,999,0,PayPal,Pending,Online,"417 Main St.","Gift order"
O000530,"2023-05-26 23:45:00",C00181,E0165,Mouse,"Computer Accesossories",5,1499,0.05,"Bank Transfer",Shipped,Store,"Unit 10, Building 15","Call customer"
O000531,"2023-10-17 06:47:00",C00228,E0086,Headset,"Computer Accesossories",3,1499,0.2,"Debit Card",Returned,Unknown,"Unit 6, Building 15","Urgent"
O000532,"2022-11-09 09:48:00",C00839,E0118,Keyboard,"Computer Accesossories",1,2499,0.2,Cash,Pending,Marketplace,"Unit 16, Building 4",Unknown
O000533,"2022-04-18 08:09:00",C00161,E0096,Projector,Electronics,6,4000,0.15,Cash,Canceled,Marketplace,"926 Main St.","Call customer"
O000534,"2025-06-05 08:59:00",C00775,E0081,"Office chair","Office Furniture",10,4999,0,"Bank Transfer",Processing,Marketplace,"420 Rizal St.","Urgent"
O000535,"2022-06-02 21:42:00",C00798,E0001,Headset,"Computer Accesossories",6,1499,0,"Debit Card",Delivered,Marketplace,"Unit 20, Building 29","Call customer"
O000536,"2023-01-24 21:13:00",C00112,E0012,Monitor,"Computer Accesossories",1,9999,0,Cash,Canceled,Store,"101 Bonifacio St.","Gift order"
O000537,"2025-09-06 03:24:00",C00549,E0188,"Office chair","Office Furniture",9,4999,0.2,"Debit Card",Canceled,Store,Warehouse,"Urgent"
O000538,"2024-09-26 05:52:00",C00159,E0162,Mouse,"Computer Accesossories",2,1499,0.1,Cash,Processing,Unknown,"800 Main St.","Deliver after 5PM"
O000539,"2024-06-27 16:48:00",C00623,E0141,Mouse,"Computer Accesossories",10,1499,0.05,"Bank Transfer",Pending,Online,"unit 14, building 29",Unknown
O000540,"2024-05-20 09:22:00",C00213,E0078,Mouse,"Computer Accesossories",6,1499,0.1,PayPal,Processing,Store,"Unit 5, Building 23","Urgent"
O000541,"2023-05-07 15:45:00",C00705,E0143,Headset,"Computer Accesossories",4,1499,0.1,PayPal,Returned,Marketplace,"25 Main St.",Unknown
O000542,"2022-03-16 21:36:00",C00243,E0134,Webcam,"Computer Accesossories",4,1499,0.1,"Bank Transfer",Processing,Marketplace,Warehouse,"Deliver after 5PM"
O000543,"2022-06-12 09:14:00",C00504,E0178,Router,Networking,10,1499,0,GCash,Delivered,Marketplace,"Unit 5, Building 33","Call customer"
O000544,"2022-07-24 16:38:00",C00648,E0104,Unknown,Unknown,3,999,0.05,"Credit Card",Shipped,Online,"Unit 3, Building 43",Unknown
O000545,"2022-03-31 08:06:00",C00423,E0104,Desk,"Office Furniture",3,19999,0,"Debit Card",Canceled,Marketplace,"Unit 13, Building 40","Call customer"
O000546,"2023-09-13 09:09:00",C00558,E0215,Desk,"Office Furniture",3,19999,0.15,"Bank Transfer",Pending,Online,"232 Main St.","Gift order"
O000547,"2025-10-22 12:40:00",C00419,E0002,Desk,"Office Furniture",5,19999,0.15,PayPal,Canceled,Unknown,"Unit 5, Building 20","Deliver after 5PM"
O000548,"2025-10-02 06:18:00",C00072,E0133,Monitor,"Computer Accesossories",4,9999,0,"Debit Card",Returned,Store,"323 Main St.","Gift order"
O000549,"2022-03-20 16:23:00",C00465,E0026,Printer,"Computer Accesossories",10,3499,0.1,"Credit Card",Delivered,Online,"Unit 15, Building 21",Unknown
O000550,"2024-07-20 23:17:00",C00629,E0236,Webcam,"Computer Accesossories",4,1499,0.15,"Credit Card",Returned,Unknown,"993 Bonifacio St.","Gift order"
O000551,"2023-09-08 02:00:00",C00360,E0060,Monitor,"Computer Accesossories",1,9999,0.1,PayPal,Unknown,Store,"Unit 11, Building 19","Urgent"
O000552,"2023-10-22 07:25:00",C00410,E0119,Tablet,"Mobile Devices",5,8999,0.15,PayPal,Canceled,Store,"259 Bonifacio St.","Urgent"
O000553,"2024-04-10 03:01:00",C00883,E0057,Smartphone,"Mobile Devices",8,12999,0,GCash,Processing,Online,"455 Bonifacio St.","Deliver after 5PM"
O000554,"2025-12-11 13:53:00",C00294,E0076,Monitor,"Computer Accesossories",0,9999,0.05,GCash,Shipped,Store,"Unit 10, Building 43","Call customer"
O000555,"2024-02-06 05:14:00",C00369,E0063,Unknown,Unknown,0,19999,0.03,PayPal,Canceled,Store,"Unit 4, Building 48","Gift order"
O000556,"2023-04-28 03:29:00",C00508,E0184,Router,Networking,5,1499,0.15,GCash,Shipped,Store,"Unit 5, Building 31",Unknown
O000557,"2022-07-09 08:44:00",C00494,E0235,Tablet,"Mobile Devices",5,8999,0,"Debit Card",Returned,Store,Warehouse,Unknown
O000558,"2025-04-18 17:39:00",C00548,E0178,Tablet,"Mobile Devices",5,8999,0.15,PayPal,Returned,Online,"6 Rizal St.","Urgent"
O000559,"2024-08-31 22:53:00",C00371,E0083,Keyboard,"Computer Accesossories",7,2499,0.03,GCash,Delivered,Online,"50 MAIN ST.","Deliver after 5PM"
O000560,"2024-07-30 06:35:00",C00876,E0060,Laptop,"Mobile Devices",10,29999,0,"Debit Card",Delivered,Store,"53 Bonifacio St.","Urgent"
O000561,"2022-05-31 01:16:00",C00972,E0161,Mouse,"Computer Accesossories",9,1499,0.1,"Debit Card",Returned,Store,"142 Rizal St.",Unknown
O000562,"2024-04-21 06:48:00",C00645,E0161,Router,Networking,7,1499,0.2,PayPal,Canceled,Store,"194 Mabini St.","Gift order"
O000563,"2024-06-08 08:00:00",C00586,E0188,Mouse,"Computer Accesossories",3,1499,0.2,PayPal,Delivered,Store,"Unit 8, Building 30","Deliver after 5PM"
O000564,"2025-03-08 10:54:00",C00264,E0067,Printer,"Computer Accesossories",3,3499,0,"Credit Card",Returned,Unknown,"748 Bonifacio St.",Unknown
O000565,"2022-06-02 09:50:00",C00026,E0083,Webcam,"Computer Accesossories",1,1499,0.15,"Debit Card",Canceled,Unknown,"Unit 6, Building 50","Deliver after 5PM"
O000566,"2022-04-17 05:59:00",C00977,E0061,Headset,"Computer Accesossories",0,1499,0.1,Cash,Processing,Marketplace,"Unit 1, Building 12","Deliver after 5PM"
O000567,"2025-04-22 18:31:00",C00874,E0149,"Office chair","Office Furniture",8,4999,0.1,PayPal,Shipped,Marketplace,"Unit 3, Building 5","Gift order"
O000568,"2024-07-22 00:13:00",C00475,E0221,Desk,"Office Furniture",7,19999,0.2,Cash,Canceled,Store,"Unit 19, Building 11","Deliver after 5PM"
O000569,"2022-10-13 16:29:00",C00538,E0052,Monitor,"Computer Accesossories",2,9999,0.15,"Debit Card",Processing,Store,"460 Main St.","Call customer"
O000570,"2025-10-11 02:27:00",C00645,E0102,"Office chair","Office Furniture",8,4999,0.03,n/a,Shipped,Online,"Unit 20, Building 20","Urgent"
O000571,"2024-05-29 05:13:00",C00133,E0062,"Office chair","Office Furniture",1,4999,0.03,PayPal,Delivered,Store,"589 Main St.","Deliver after 5PM"
O000572,"2022-03-03 19:07:00",C00437,E0157,Desk,"Office Furniture",7,19999,0,n/a,Processing,Marketplace,"383 Mabini St.","Gift order"
O000573,"2024-03-11 08:37:00",C00340,E0142,Laptop,"Mobile Devices",1,29999,0.2,"Bank Transfer",Processing,Store,Warehouse,Unknown
O000574,"2025-09-01 19:51:00",C00126,E0085,Projector,Electronics,10,4000,0.03,"Credit Card",Canceled,Marketplace,"Unit 7, Building 30","Urgent"
O000575,"2023-12-18 08:47:00",C00693,E0051,Tablet,"Mobile Devices",8,8999,0,"Debit Card",Delivered,Online,"457 Bonifacio St.","Urgent"
O000576,"2022-06-18 14:17:00",C00822,E0232,Webcam,"Computer Accesossories",0,1499,0.05,GCash,Canceled,Marketplace,"847 Rizal St.",Unknown
O000577,"2023-11-04 22:49:00",C00578,E0105,Headset,"Computer Accesossories",10,1499,0.05,Cash,Canceled,Unknown,"313 Mabini St.","Call customer"
O000578,"2023-10-28 21:06:00",C00992,E0136,Tablet,"Mobile Devices",1,8999,0.05,Cash,Returned,Store,"Unit 7, Building 13","Deliver after 5PM"
O000579,"2024-02-09 01:00:00",C00134,E0172,Webcam,"Computer Accesossories",4,1499,0,PayPal,Returned,Online,"288 Quezon St.",Unknown
O000580,"2025-03-17 19:48:00",C00713,E0101,UPS,Electronics,10,4999,0.05,GCash,Processing,Unknown,"Unit 20, Building 33",Unknown
O000581,"2025-01-23 08:49:00",C00009,E0166,Laptop,"Mobile Devices",8,29999,0.15,GCash,Canceled,Unknown,"Unit 9, Building 21",Unknown
O000582,"2025-09-12 08:55:00",C00596,E0232,Projector,Electronics,5,4000,0.1,"Credit Card",Delivered,Store,"Unit 1, Building 47","Deliver after 5PM"
O000583,"2025-08-28 16:13:00",C00582,E0190,Laptop,"Mobile Devices",9,29999,0,GCash,Shipped,Marketplace,"Unit 8, Building 44",Unknown
O000584,"2025-02-04 02:24:00",C00862,E0245,Router,Networking,5,1499,0.1,Cash,Delivered,Online,"97 Rizal St.",Unknown
O000585,"2024-10-04 16:34:00",C00514,E0083,Unknown,Unknown,10,999,0.2,GCash,Processing,Marketplace,"699 Main St.","Urgent"
O000586,"2025-10-31 12:20:00",C00829,E0031,Printer,"Computer Accesossories",8,3499,0.05,PayPal,Delivered,Store,"Unit 11, Building 24",Unknown
O000587,"2022-11-01 01:02:00",C00272,E0240,UPS,Electronics,8,4999,0.05,"Bank Transfer",Pending,Online,"565 Bonifacio St.","Urgent"
O000588,"2024-09-05 21:46:00",C00928,E0040,Keyboard,"Computer Accesossories",0,2499,0,PayPal,Pending,Marketplace,"Unit 18, Building 45",Unknown
O000589,"2023-06-10 11:23:00",C00723,E0086,Unknown,Unknown,10,2999,0.03,GCash,Returned,Store,"238 Rizal St.","Deliver after 5PM"
O000590,"2022-05-07 08:43:00",C00251,E0103,Tablet,"Mobile Devices",1,8999,0,"Bank Transfer",Unknown,Unknown,"Unit 2, Building 37","Call customer"
O000591,"2025-10-17 00:25:00",C00025,E0235,Router,Networking,10,1499,0.1,"Credit Card",Canceled,Online,"392 Rizal St.",Unknown
O000592,"2023-04-19 18:47:00",C00625,E0038,Unknown,Unknown,10,999,0.2,"Bank Transfer",Canceled,Online,"456 Mabini St.","Deliver after 5PM"
O000593,"2025-02-20 10:31:00",C00064,E0103,Mouse,"Computer Accesossories",9,1499,0.03,"Credit Card",Canceled,Marketplace,"Unit 14, Building 24",Unknown
O000594,"2025-03-08 13:52:00",C00939,E0210,"Office chair","Office Furniture",7,4999,0.05,"Bank Transfer",Canceled,Online,"Unit 9, Building 27","Gift order"
O000595,"2022-04-19 13:05:00",C00559,E0079,Keyboard,"Computer Accesossories",9,2499,0.03,"Credit Card",Processing,Unknown,"737 Main St.",Unknown
O000596,"2023-12-01 06:55:00",C00408,E0139,Unknown,Unknown,9,4999,0.2,"Bank Transfer",Canceled,Unknown,"66 Rizal St.","Urgent"
O000597,"2023-06-22 04:35:00",C00409,E0203,Laptop,"Mobile Devices",4,29999,0,GCash,Returned,Unknown,"Unit 16, Building 7",Unknown
O000598,"2022-04-23 15:52:00",C00382,E0188,Headset,"Computer Accesossories",5,1499,0.15,PayPal,Delivered,Store,"UNIT 2, BUILDING 44",Unknown
O000599,"2022-12-28 00:23:00",C00781,E0239,Smartphone,"Mobile Devices",6,12999,0.2,"Credit Card",Delivered,Store,"Unit 16, Building 18",Unknown
O000600,"2025-09-21 10:40:00",C00767,E0080,Printer,"Computer Accesossories",7,3499,0.1,"Bank Transfer",Returned,Unknown,"265 Rizal St.",Unknown
O000601,"2023-12-17 23:13:00",C00245,E0118,UPS,Electronics,1,4999,0.03,"Bank Transfer",Delivered,Unknown,"623 Quezon St.","Gift order"
O000602,"2022-01-10 16:20:00",C00372,E0134,Printer,"Computer Accesossories",2,3499,0,Cash,Canceled,Store,"Unit 11, Building 33","Gift order"
O000603,"2023-06-08 08:21:00",C00383,E0196,Mouse,"Computer Accesossories",10,1499,0.05,Cash,Returned,Unknown,"Unit 18, Building 17","Deliver after 5PM"
O000604,"2025-06-02 17:42:00",C00847,E0148,Desk,"Office Furniture",10,19999,0.05,"Credit Card",Returned,Store,"Unit 5, Building 10","Call customer"
O000605,"2025-06-15 15:42:00",C00168,E0211,Tablet,"Mobile Devices",1,8999,0,GCash,Returned,Online,"Unit 16, Building 44","Deliver after 5PM"
O000606,"2023-07-28 14:19:00",C00494,E0185,Webcam,"Computer Accesossories",5,1499,0,"Credit Card",Canceled,Store,"Unit 14, Building 40","Deliver after 5PM"
O000607,"2024-12-10 14:30:00",C00302,E0248,Monitor,"Computer Accesossories",5,9999,0,PayPal,Returned,Online,"Unit 11, Building 39",Unknown
O000608,"2025-12-01 18:13:00",C00286,E0216,Webcam,"Computer Accesossories",4,1499,0,"Credit Card",Returned,Online,"Unit 12, Building 27",Unknown
O000609,"2024-08-11 00:42:00",C00105,E0097,Laptop,"Mobile Devices",10,29999,0.03,Cash,Delivered,Store,"Unit 3, Building 35","Urgent"
O000610,"2023-08-06 09:29:00",C00134,E0161,Monitor,"Computer Accesossories",7,9999,0,"Credit Card",Delivered,Online,"Unit 14, Building 5","Call customer"
O000611,"2023-12-12 19:55:00",C00726,E0214,Printer,"Computer Accesossories",9,3499,0.05,PayPal,Canceled,Store,"Unit 20, Building 18",Unknown
O000612,"2025-05-25 16:48:00",C00546,E0074,Headset,"Computer Accesossories",9,1499,0,PayPal,Delivered,Store,"Unit 7, Building 28","Call customer"
O000613,"2022-09-17 14:59:00",C00680,E0200,"Office chair","Office Furniture",9,4999,0.2,PayPal,Pending,Online,"Unit 8, Building 18",Unknown
O000614,"2022-01-15 13:11:00",C00891,E0194,"External drive",Electronics,4,999,0,"Debit Card",Processing,Unknown,"133 QUEZON ST.","Deliver after 5PM"
O000615,"2024-08-20 06:03:00",C00353,E0209,UPS,Electronics,4,4999,0.15,"Credit Card",Pending,Store,"Unit 11, Building 19",Unknown
O000616,"2025-12-05 21:14:00",C00489,E0249,Webcam,"Computer Accesossories",8,1499,0.1,GCash,Shipped,Unknown,"Unit 17, Building 26",Unknown
O000617,"2023-09-01 08:32:00",C00183,E0160,Projector,Electronics,7,4000,0.2,PayPal,Pending,Online,"Unit 8, Building 44","Deliver after 5PM"
O000618,"2025-04-29 21:53:00",C00569,E0153,"Office chair","Office Furniture",7,4999,0.2,"Credit Card",Pending,Store,"Unit 16, Building 6","Deliver after 5PM"
O000619,"2025-07-03 01:20:00",C00375,E0210,Mouse,"Computer Accesossories",2,1499,0,"Credit Card",Unknown,Unknown,"UNIT 16, BUILDING 11",Unknown
O000620,"2025-06-25 11:29:00",C00627,E0146,"Office chair","Office Furniture",5,4999,0.05,"Debit Card",Processing,Online,"138 Bonifacio St.","Call customer"
O000621,"2023-08-10 02:35:00",C00679,E0230,"Office chair","Office Furniture",6,4999,0,GCash,Shipped,Marketplace,"Unit 16, Building 19",Unknown
O000622,"2023-02-23 01:50:00",C00475,E0052,Laptop,"Mobile Devices",8,29999,0.05,PayPal,Processing,Unknown,"292 Mabini St.","Gift order"
O000623,"2023-04-24 09:41:00",C00843,E0142,UPS,Electronics,10,4999,0,GCash,Shipped,Marketplace,"310 Quezon St.",Unknown
O000624,"2023-02-22 09:47:00",C00220,E0154,"External drive",Electronics,5,999,0.03,"Bank Transfer",Delivered,Online,"155 Main St.",Unknown
O000625,"2023-02-22 16:05:00",C00167,E0159,Webcam,"Computer Accesossories",2,1499,0,PayPal,Pending,Unknown,"423 Mabini St.","Deliver after 5PM"
O000626,"2022-03-15 16:09:00",C00713,E0053,Monitor,"Computer Accesossories",4,9999,0,"Bank Transfer",Returned,Online,"308 Main St.","Urgent"
O000627,"2025-11-15 17:57:00",C00298,E0010,"Office chair","Office Furniture",10,4999,0.1,Cash,Processing,Marketplace,"unit 14, building 2",Unknown
O000628,"2024-10-12 14:22:00",C00387,E0194,Router,Networking,6,1499,0,"Credit Card",Returned,Online,"Unit 11, Building 50",Unknown
O000629,"2023-01-20 18:39:00",C00354,E0153,Tablet,"Mobile Devices",1,8999,0,"Bank Transfer",Canceled,Unknown,"UNIT 7, BUILDING 45",Unknown
O000630,"2022-02-24 18:31:00",C00187,E0056,Printer,"Computer Accesossories",5,3499,0.03,"Bank Transfer",Canceled,Marketplace,"293 Bonifacio St.",Unknown
O000631,"2022-12-17 07:29:00",C00911,E0084,UPS,Electronics,1,4999,0,GCash,Returned,Marketplace,"892 Main St.","Gift order"
O000632,"2022-02-19 06:58:00",C00561,E0182,Headset,"Computer Accesossories",3,1499,0.03,"Credit Card",Shipped,Online,"Unit 12, Building 34","Call customer"
O000633,"2024-11-25 13:47:00",C00040,E0103,Mouse,"Computer Accesossories",2,1499,0.03,Cash,Canceled,Store,"106 Main St.","Urgent"
O000634,"2025-01-19 03:45:00",C00105,E0079,Desk,"Office Furniture",7,19999,0,Cash,Shipped,Unknown,"Unit 13, Building 23","Gift order"
O000635,"2024-11-03 08:59:00",C00204,E0075,UPS,Electronics,8,4999,0,"Debit Card",Shipped,Marketplace,"691 Quezon St.",Unknown
O000636,"2022-06-26 02:38:00",C00386,E0205,Tablet,"Mobile Devices",3,8999,0.15,PayPal,Processing,Store,"238 Bonifacio St.","Call customer"
O000637,"2025-10-22 20:28:00",C00088,E0105,Smartphone,"Mobile Devices",0,12999,0.15,"Debit Card",Pending,Store,"644 Mabini St.","Gift order"
O000638,"2024-08-07 01:00:00",C00591,E0086,UPS,Electronics,3,4999,0.2,GCash,Shipped,Unknown,"Unit 19, Building 22",Unknown
O000639,"2024-09-01 22:44:00",C00115,E0107,UPS,Electronics,3,4999,0,"Bank Transfer",Shipped,Unknown,"802 Mabini St.",Unknown
O000640,"2022-08-29 13:45:00",C00621,E0125,Router,Networking,4,1499,0.15,GCash,Pending,Unknown,"346 QUEZON ST.","Deliver after 5PM"
O000641,"2023-09-10 17:18:00",C00252,E0081,Router,Networking,3,1499,0,GCash,Processing,Unknown,"Unit 12, Building 26","Deliver after 5PM"
O000642,"2022-09-13 21:13:00",C00484,E0025,Projector,Electronics,7,4000,0.2,"Bank Transfer",Returned,Store,"285 Main St.","Gift order"
O000643,"2023-06-12 08:24:00",C00591,E0118,"Office chair","Office Furniture",2,4999,0,"Debit Card",Delivered,Unknown,"Unit 18, Building 42","Urgent"
O000644,"2023-05-09 15:46:00",C00470,E0002,Laptop,"Mobile Devices",5,29999,0.1,PayPal,Pending,Store,"849 Main St.","Deliver after 5PM"
O000645,"2025-04-14 01:39:00",C00864,E0053,Webcam,"Computer Accesossories",7,1499,0.2,"Debit Card",Delivered,Unknown,"543 Rizal St.","Urgent"
O000646,"2025-10-30 23:30:00",C00796,E0016,Webcam,"Computer Accesossories",1,1499,0.15,PayPal,Canceled,Online,"511 Main St.","Call customer"
O000647,"2025-05-01 04:43:00",C00181,E0158,Desk,"Office Furniture",8,19999,0.2,PayPal,Shipped,Online,"Unit 16, Building 26",Unknown
O000648,"2025-05-09 16:10:00",C00004,E0220,UPS,Electronics,8,4999,0.05,"Credit Card",Pending,Store,"Unit 5, Building 48","Call customer"
O000649,"2023-12-09 05:59:00",C00034,E0119,"External drive",Electronics,0,999,0,Cash,Processing,Online,"528 Mabini St.","Gift order"
O000650,"2024-09-07 11:07:00",C00026,E0016,Router,Networking,9,1499,0.15,"Bank Transfer",Processing,Online,"445 Rizal St.","Urgent"
O000651,"2024-11-30 07:29:00",C00213,E0027,Laptop,"Mobile Devices",8,29999,0.15,PayPal,Unknown,Unknown,"599 Mabini St.",Unknown
O000652,"2023-02-23 23:28:00",C00127,E0162,Smartphone,"Mobile Devices",4,12999,0.2,"Debit Card",Returned,Online,"131 Mabini St.","Urgent"
O000653,"2024-06-19 03:37:00",C00554,E0005,UPS,Electronics,2,4999,0.1,PayPal,Shipped,Unknown,"148 Main St.",Unknown
O000654,"2022-11-19 13:18:00",C00993,E0248,Tablet,"Mobile Devices",4,8999,0.2,"Credit Card",Processing,Store,"Unit 2, Building 15","Deliver after 5PM"
O000655,"2024-08-17 21:43:00",C00097,E0153,Webcam,"Computer Accesossories",4,1499,0.03,"Bank Transfer",Shipped,Unknown,"702 Main St.","Gift order"
O000656,"2025-08-22 16:25:00",C00428,E0121,Monitor,"Computer Accesossories",7,9999,0.1,GCash,Processing,Marketplace,"742 Bonifacio St.","Call customer"
O000657,"2023-01-15 09:09:00",C00778,E0103,Mouse,"Computer Accesossories",7,1499,0.15,GCash,Delivered,Store,Warehouse,"Deliver after 5PM"
O000658,"2025-02-26 11:20:00",C00204,E0020,Headset,"Computer Accesossories",7,1499,0.05,"Credit Card",Delivered,Online,"688 Quezon St.","Gift order"
O000659,"2025-09-07 14:13:00",C00578,E0055,Tablet,"Mobile Devices",3,8999,0.05,Cash,Canceled,Store,"Unit 1, Building 48",Unknown
O000660,"2022-11-12 13:19:00",C00527,E0092,Tablet,"Mobile Devices",9,8999,0.1,GCash,Canceled,Online,"Unit 10, Building 50","Deliver after 5PM"
O000661,"2022-08-09 00:18:00",C00308,E0066,UPS,Electronics,4,4999,0,"Credit Card",Canceled,Unknown,"790 Mabini St.","Gift order"
O000662,"2024-06-13 11:58:00",C00461,E0114,Monitor,"Computer Accesossories",4,9999,0.2,"Bank Transfer",Shipped,Store,"840 Quezon St.","Gift order"
O000663,"2022-11-20 23:20:00",C00849,E0173,Desk,"Office Furniture",4,19999,0.15,"Credit Card",Processing,Store,"Unit 17, Building 26",Unknown
O000664,"2023-12-30 12:02:00",C00215,E0085,Projector,Electronics,9,4000,0,n/a,Shipped,Online,"Unit 13, Building 17","Gift order"
O000665,"2025-04-08 03:42:00",C00046,E0194,Mouse,"Computer Accesossories",7,1499,0.05,"Debit Card",Delivered,Unknown,"949 main st.","Urgent"
O000666,"2023-03-17 06:23:00",C00528,E0081,"Office chair","Office Furniture",7,4999,0.03,"Credit Card",Pending,Marketplace,"831 Mabini St.","Deliver after 5PM"
O000667,"2022-04-23 12:47:00",C00195,E0234,Desk,"Office Furniture",10,19999,0,PayPal,Processing,Store,"Unit 15, Building 6","Gift order"
O000668,"2022-06-07 15:00:00",C00725,E0042,"External drive",Electronics,5,999,0.03,n/a,Returned,Store,"833 Rizal St.","Call customer"
O000669,"2022-12-01 04:02:00",C00490,E0224,Smartphone,"Mobile Devices",1,12999,0.03,PayPal,Unknown,Online,"109 Main St.",Unknown
O000670,"2023-04-16 01:24:00",C00113,E0031,Webcam,"Computer Accesossories",2,1499,0.03,Cash,Processing,Unknown,"661 Rizal St.","Urgent"
O000671,"2023-10-27 11:37:00",C00807,E0039,Mouse,"Computer Accesossories",8,1499,0.1,PayPal,Returned,Online,"Unit 19, Building 46","Deliver after 5PM"
O000672,"2024-04-08 17:03:00",C00051,E0216,Mouse,"Computer Accesossories",1,1499,0,"Bank Transfer",Pending,Store,"Unit 9, Building 17","Deliver after 5PM"
O000673,"2025-12-07 02:44:00",C00242,E0070,Desk,"Office Furniture",2,19999,0,n/a,Unknown,Unknown,"Unit 17, Building 3",Unknown
O000674,"2024-07-24 08:21:00",C00937,E0214,"Office chair","Office Furniture",10,4999,0.15,"Credit Card",Shipped,Store,"368 Quezon St.","Urgent"
O000675,"2025-10-13 20:34:00",C00354,E0050,Laptop,"Mobile Devices",7,29999,0,"Bank Transfer",Delivered,Marketplace,"Unit 5, Building 44",Unknown
O000676,"2022-09-05 12:24:00",C00535,E0033,Printer,"Computer Accesossories",0,3499,0.15,GCash,Returned,Unknown,"Unit 13, Building 24",Unknown
O000677,"2023-08-28 01:10:00",C00331,E0038,Printer,"Computer Accesossories",8,3499,0.03,Cash,Returned,Store,"Unit 13, Building 5","Call customer"
O000678,"2022-11-04 00:40:00",C00528,E0070,"Office chair","Office Furniture",6,4999,0,GCash,Returned,Unknown,"127 Main St.","Deliver after 5PM"
O000679,"2023-07-09 08:56:00",C00288,E0221,Laptop,"Mobile Devices",2,29999,0,"Bank Transfer",Shipped,Store,"698 Quezon St.","Call customer"
O000680,"2022-04-03 04:06:00",C00638,E0241,Tablet,"Mobile Devices",7,8999,0.1,PayPal,Processing,Store,"Unit 12, Building 30",Unknown
O000681,"2023-11-12 11:32:00",C00720,E0077,Webcam,"Computer Accesossories",5,1499,0,PayPal,Processing,Store,"335 Main St.","Call customer"
O000682,"2022-04-05 07:16:00",C00163,E0002,Printer,"Computer Accesossories",4,3499,0.1,"Bank Transfer",Canceled,Marketplace,"724 BONIFACIO ST.","Urgent"
O000683,"2024-03-09 17:23:00",C00132,E0025,Smartphone,"Mobile Devices",2,12999,0.1,PayPal,Pending,Marketplace,"unit 4, building 1","Deliver after 5PM"
O000684,"2024-02-22 09:22:00",C00815,E0157,Projector,Electronics,5,4000,0.15,"Debit Card",Processing,Store,"Unit 6, Building 40","Gift order"
O000685,"2022-02-28 02:01:00",C00615,E0128,"Office chair","Office Furniture",4,4999,0.15,GCash,Returned,Online,"525 Quezon St.","Deliver after 5PM"
O000686,"2023-06-07 06:29:00",C00047,E0244,UPS,Electronics,9,4999,0,"Debit Card",Pending,Online,"15 Mabini St.",Unknown
O000687,"2024-12-11 06:51:00",C00262,E0002,Unknown,Unknown,8,1999,0.1,"Debit Card",Pending,Online,"387 Rizal St.",Unknown
O000688,"2025-01-08 04:07:00",C00569,E0203,Printer,"Computer Accesossories",9,3499,0.1,PayPal,Canceled,Online,"Unit 12, Building 42",Unknown
O000689,"2022-03-17 12:25:00",C00187,E0052,Printer,"Computer Accesossories",1,3499,0,"Debit Card",Returned,Store,"Unit 17, Building 43","Gift order"
O000690,"2023-12-21 03:09:00",C00571,E0175,Monitor,"Computer Accesossories",2,9999,0.1,PayPal,Processing,Marketplace,"Unit 4, Building 6","Deliver after 5PM"
O000691,"2023-12-18 11:47:00",C00253,E0128,Tablet,"Mobile Devices",6,8999,0.15,"Bank Transfer",Returned,Store,"Unit 16, Building 26","Gift order"
O000692,"2024-09-02 15:23:00",C00317,E0023,Headset,"Computer Accesossories",6,1499,0,Cash,Returned,Marketplace,"184 Quezon St.","Deliver after 5PM"
O000693,"2022-01-27 21:51:00",C00084,E0058,Tablet,"Mobile Devices",2,8999,0,"Bank Transfer",Delivered,Online,Warehouse,Unknown
O000694,"2024-12-10 12:06:00",C00644,E0205,Smartphone,"Mobile Devices",5,12999,0,"Bank Transfer",Returned,Online,"Unit 19, Building 25","Gift order"
O000695,"2024-07-14 05:02:00",C00186,E0111,Printer,"Computer Accesossories",2,3499,0.1,"Credit Card",Shipped,Online,"Unit 12, Building 44","Urgent"
O000696,"2024-09-28 14:00:00",C00693,E0128,Mouse,"Computer Accesossories",6,1499,0.1,n/a,Canceled,Marketplace,"Unit 18, Building 45",Unknown
O000697,"2024-12-08 10:43:00",C00883,E0213,Projector,Electronics,4,4000,0.1,"Credit Card",Processing,Online,"281 Mabini St.","Urgent"
O000698,"2024-09-30 12:53:00",C00754,E0086,Webcam,"Computer Accesossories",6,1499,0.05,"Debit Card",Returned,Online,"763 Main St.","Gift order"
O000699,"2023-06-02 10:41:00",C00174,E0154,Unknown,Unknown,5,499,0.1,PayPal,Delivered,Store,"658 Bonifacio St.","Call customer"
O000700,"2023-07-27 17:55:00",C00747,E0137,"Office chair","Office Furniture",9,4999,0.03,"Bank Transfer",Shipped,Store,"44 Mabini St.",Unknown
O000701,"2023-07-17 02:22:00",C00031,E0081,Monitor,"Computer Accesossories",4,9999,0,"Bank Transfer",Delivered,Marketplace,"Unit 15, Building 18","Gift order"
O000702,"2024-06-03 23:02:00",C00486,E0068,Monitor,"Computer Accesossories",3,9999,0.15,PayPal,Canceled,Online,"Unit 1, Building 12","Gift order"
O000703,"2024-12-28 03:43:00",C00607,E0226,Headset,"Computer Accesossories",6,1499,0.05,"Credit Card",Pending,Marketplace,"Unit 11, Building 29","Gift order"
O000704,"2024-12-17 18:13:00",C00188,E0105,Laptop,"Mobile Devices",1,29999,0.2,"Bank Transfer",Pending,Unknown,"867 Bonifacio St.",Unknown
O000705,"2024-03-28 03:55:00",C00613,E0166,Tablet,"Mobile Devices",2,8999,0.05,Cash,Processing,Store,"511 Quezon St.",Unknown
O000706,"2024-10-31 00:31:00",C00373,E0031,Unknown,Unknown,1,19999,0.2,"Bank Transfer",Returned,Store,"749 Mabini St.","Deliver after 5PM"
O000707,"2023-12-21 14:13:00",C00636,E0034,Headset,"Computer Accesossories",0,1499,0.05,GCash,Canceled,Unknown,"805 Quezon St.",Unknown
O000708,"2024-11-29 10:47:00",C00576,E0169,Tablet,"Mobile Devices",5,8999,0.15,"Credit Card",Returned,Unknown,"845 Mabini St.",Unknown
O000709,"2022-03-19 04:38:00",C00843,E0229,Keyboard,"Computer Accesossories",7,2499,0.15,"Bank Transfer",Pending,Online,"Unit 19, Building 8",Unknown
O000710,"2023-01-04 21:29:00",C00366,E0056,Monitor,"Computer Accesossories",1,9999,0.15,"Debit Card",Processing,Unknown,"875 Quezon St.",Unknown
O000711,"2025-11-20 01:36:00",C00938,E0133,"Office chair","Office Furniture",6,4999,0.03,"Credit Card",Canceled,Store,"278 Mabini St.",Unknown
O000712,"2025-01-02 05:31:00",C00601,E0091,Projector,Electronics,9,4000,0.03,"Debit Card",Delivered,Store,"Unit 3, Building 22","Urgent"
O000713,"2022-04-20 16:07:00",C00465,E0100,Monitor,"Computer Accesossories",10,9999,0.15,PayPal,Canceled,Store,"758 Main St.","Urgent"
O000714,"2025-09-02 08:18:00",C00423,E0153,UPS,Electronics,1,4999,0,"Credit Card",Shipped,Online,"880 Main St.","Gift order"
O000715,"2024-06-17 10:19:00",C00379,E0073,UPS,Electronics,8,4999,0.03,"Bank Transfer",Processing,Online,"631 Main St.","Call customer"
O000716,"2024-01-16 19:18:00",C00866,E0229,Monitor,"Computer Accesossories",10,9999,0.2,GCash,Delivered,Online,"121 Rizal St.",Unknown
O000717,"2022-12-12 14:27:00",C00934,E0199,Keyboard,"Computer Accesossories",10,2499,0.03,"Credit Card",Shipped,Online,"Unit 9, Building 7",Unknown
O000718,"2022-04-12 01:21:00",C00638,E0247,"Office chair","Office Furniture",6,4999,0.05,"Credit Card",Delivered,Unknown,"Unit 12, Building 43","Gift order"
O000719,"2024-04-29 16:03:00",C00094,E0008,Webcam,"Computer Accesossories",6,1499,0.15,Cash,Shipped,Unknown,"483 bonifacio st.","Gift order"
O000720,"2025-02-12 12:56:00",C00590,E0245,UPS,Electronics,4,4999,0.15,PayPal,Pending,Online,"96 MAIN ST.","Urgent"
O000721,"2025-11-05 21:46:00",C00932,E0001,Smartphone,"Mobile Devices",10,12999,0.03,PayPal,Processing,Online,"Unit 20, Building 14","Gift order"
O000722,"2024-11-30 03:48:00",C00902,E0216,"External drive",Electronics,8,999,0.05,"Credit Card",Returned,Online,"Unit 9, Building 10",Unknown
O000723,"2023-06-12 14:41:00",C00453,E0153,"External drive",Electronics,3,999,0.03,"Debit Card",Canceled,Online,"314 Mabini St.","Deliver after 5PM"
O000724,"2025-06-16 22:21:00",C00148,E0051,Tablet,"Mobile Devices",6,8999,0.2,GCash,Canceled,Online,"Unit 13, Building 25","Deliver after 5PM"
O000725,"2022-05-11 03:42:00",C00791,E0167,Smartphone,"Mobile Devices",3,12999,0.2,GCash,Processing,Store,"UNIT 8, BUILDING 32","Gift order"
O000726,"2024-10-04 09:45:00",C00807,E0085,"Office chair","Office Furniture",6,4999,0.05,"Bank Transfer",Returned,Marketplace,"846 QUEZON ST.","Gift order"
O000727,"2025-07-28 23:30:00",C00992,E0107,UPS,Electronics,5,4999,0.03,"Credit Card",Shipped,Unknown,"Unit 15, Building 17","Call customer"
O000728,"2022-10-09 01:15:00",C00967,E0169,Laptop,"Mobile Devices",10,29999,0.2,Cash,Shipped,Store,"Unit 18, Building 6","Urgent"
O000729,"2023-01-16 22:36:00",C00502,E0172,Tablet,"Mobile Devices",7,8999,0,"Credit Card",Canceled,Store,"631 Main St.","Urgent"
O000730,"2025-05-20 02:33:00",C00852,E0197,Desk,"Office Furniture",8,19999,0.15,"Credit Card",Returned,Online,"822 mabini st.",Unknown
O000731,"2024-01-21 03:14:00",C00112,E0103,Webcam,"Computer Accesossories",2,1499,0.03,"Credit Card",Pending,Online,"245 RIZAL ST.","Urgent"
O000732,"2024-04-27 13:26:00",C00992,E0092,"Office chair","Office Furniture",1,4999,0.1,"Debit Card",Shipped,Online,"468 Rizal St.","Gift order"
O000733,"2022-04-28 04:29:00",C00866,E0216,UPS,Electronics,0,4999,0.2,Cash,Pending,Online,"792 Main St.","Gift order"
O000734,"2025-11-10 19:12:00",C00236,E0195,Router,Networking,4,1499,0,"Debit Card",Shipped,Unknown,"Unit 14, Building 22","Gift order"
O000735,"2025-04-06 09:12:00",C00700,E0068,Desk,"Office Furniture",9,19999,0.1,PayPal,Pending,Store,"739 Main St.","Call customer"
O000736,"2025-01-19 16:02:00",C00794,E0094,Router,Networking,2,1499,0.1,n/a,Delivered,Marketplace,Warehouse,"Deliver after 5PM"
O000737,"2023-08-01 03:25:00",C00151,E0025,"External drive",Electronics,4,999,0.2,Cash,Shipped,Store,"unit 8, building 14","Deliver after 5PM"
O000738,"2022-08-11 14:24:00",C00243,E0248,Router,Networking,6,1499,0.2,PayPal,Canceled,Unknown,"667 Main St.","Gift order"
O000739,"2023-08-12 20:31:00",C00722,E0184,"External drive",Electronics,10,999,0.05,PayPal,Processing,Marketplace,Warehouse,"Call customer"
O000740,"2024-03-13 05:55:00",C00187,E0116,Monitor,"Computer Accesossories",9,9999,0.2,"Credit Card",Returned,Unknown,"Unit 4, Building 36",Unknown
O000741,"2022-08-29 00:38:00",C00865,E0147,Laptop,"Mobile Devices",7,29999,0.05,Cash,Returned,Unknown,"Unit 15, Building 30",Unknown
O000742,"2022-06-23 08:42:00",C00108,E0145,"Office chair","Office Furniture",3,4999,0,"Debit Card",Delivered,Unknown,"326 Bonifacio St.","Urgent"
O000743,"2022-11-02 01:22:00",C00854,E0146,UPS,Electronics,4,4999,0.2,PayPal,Returned,Marketplace,"46 Main St.",Unknown
O000744,"2023-06-29 23:33:00",C00116,E0126,Router,Networking,4,1499,0.2,"Debit Card",Canceled,Store,"Unit 11, Building 42","Urgent"
O000745,"2024-02-03 12:38:00",C00863,E0021,Tablet,"Mobile Devices",8,8999,0,"Bank Transfer",Pending,Online,"583 Quezon St.","Urgent"
O000746,"2025-10-21 01:13:00",C00657,E0101,Webcam,"Computer Accesossories",4,1499,0.05,"Credit Card",Shipped,Store,"Unit 18, Building 32",Unknown
O000747,"2022-08-21 05:35:00",C00126,E0116,Mouse,"Computer Accesossories",10,1499,0.05,"Credit Card",Pending,Online,"523 Quezon St.","Call customer"
O000748,"2025-11-05 23:51:00",C00710,E0170,Headset,"Computer Accesossories",6,1499,0.1,"Debit Card",Returned,Marketplace,"Unit 3, Building 5",Unknown
O000749,"2025-04-18 04:57:00",C00193,E0098,Tablet,"Mobile Devices",1,8999,0,"Debit Card",Processing,Marketplace,"Unit 19, Building 7","Gift order"
O000750,"2022-01-10 16:34:00",C00945,E0149,Smartphone,"Mobile Devices",1,12999,0,Cash,Unknown,Store,"Unit 19, Building 31","Call customer"
O000751,"2023-07-25 18:09:00",C00630,E0107,Tablet,"Mobile Devices",2,8999,0.2,"Credit Card",Returned,Marketplace,"Unit 7, Building 34",Unknown
O000752,"2022-06-08 03:05:00",C00659,E0024,Projector,Electronics,1,4000,0,PayPal,Shipped,Marketplace,"427 Rizal St.","Call customer"
O000753,"2025-12-23 08:50:00",C00502,E0215,Projector,Electronics,3,4000,0,Cash,Canceled,Marketplace,"484 Main St.","Urgent"
O000754,"2025-03-14 16:54:00",C00195,E0087,Keyboard,"Computer Accesossories",8,2499,0.1,"Credit Card",Pending,Online,"Unit 17, Building 3",Unknown
O000755,"2022-06-25 16:46:00",C00402,E0093,Router,Networking,5,1499,0.1,GCash,Pending,Online,"Unit 18, Building 8",Unknown
O000756,"2025-09-27 11:46:00",C00823,E0078,Tablet,"Mobile Devices",3,8999,0.2,Cash,Processing,Store,"277 Bonifacio St.",Unknown
O000757,"2023-03-20 16:23:00",C00173,E0106,"Office chair","Office Furniture",10,4999,0,GCash,Returned,Store,"Unit 17, Building 26","Call customer"
O000758,"2025-01-18 02:44:00",C00678,E0099,Headset,"Computer Accesossories",8,1499,0.03,Cash,Shipped,Unknown,"655 Bonifacio St.",Unknown
O000759,"2022-08-21 17:41:00",C00223,E0027,"Office chair","Office Furniture",2,4999,0.03,"Credit Card",Canceled,Unknown,"Unit 5, Building 10","Gift order"
O000760,"2024-09-03 02:40:00",C00903,E0065,Keyboard,"Computer Accesossories",1,2499,0,Cash,Delivered,Marketplace,"792 Rizal St.",Unknown
O000761,"2025-09-15 21:37:00",C00405,E0233,Headset,"Computer Accesossories",8,1499,0.2,"Bank Transfer",Processing,Unknown,"54 Main St.","Call customer"
O000762,"2022-05-30 00:44:00",C00353,E0071,Keyboard,"Computer Accesossories",8,2499,0.03,"Bank Transfer",Returned,Store,"Unit 19, Building 12","Gift order"
O000763,"2025-12-24 22:14:00",C00565,E0044,"External drive",Electronics,6,999,0,"Bank Transfer",Returned,Online,"Unit 17, Building 2",Unknown
O000764,"2022-03-23 08:11:00",C00629,E0155,"Office chair","Office Furniture",6,4999,0.15,PayPal,Canceled,Unknown,"Unit 11, Building 16",Unknown
O000765,"2022-04-27 11:00:00",C00565,E0236,"External drive",Electronics,1,999,0.15,GCash,Delivered,Marketplace,"Unit 17, Building 27",Unknown
O000766,"2023-10-29 18:22:00",C00176,E0042,UPS,Electronics,5,4999,0.2,"Credit Card",Processing,Unknown,"UNIT 3, BUILDING 23",Unknown
O000767,"2025-12-12 03:01:00",C00827,E0239,Desk,"Office Furniture",8,19999,0,Cash,Shipped,Marketplace,"67 Quezon St.",Unknown
O000768,"2024-09-24 16:50:00",C00222,E0163,Projector,Electronics,1,4000,0.03,"Bank Transfer",Returned,Store,"Unit 15, Building 48",Unknown
O000769,"2022-05-25 05:28:00",C00223,E0019,Monitor,"Computer Accesossories",10,9999,0,Cash,Canceled,Store,"Unit 2, Building 28","Deliver after 5PM"
O000770,"2023-06-16 21:53:00",C00722,E0107,Printer,"Computer Accesossories",4,3499,0.03,PayPal,Pending,Online,"558 Main St.","Gift order"
O000771,"2022-05-09 13:40:00",C00778,E0017,Printer,"Computer Accesossories",9,3499,0.03,Cash,Processing,Marketplace,"193 Mabini St.","Call customer"
O000772,"2023-09-18 04:06:00",C00864,E0102,Laptop,"Mobile Devices",6,29999,0.05,PayPal,Shipped,Store,"Unit 8, Building 39",Unknown
O000773,"2024-08-08 04:42:00",C00913,E0195,Webcam,"Computer Accesossories",7,1499,0.15,GCash,Delivered,Online,"754 Quezon St.","Gift order"
O000774,"2025-09-06 02:08:00",C00630,E0117,Smartphone,"Mobile Devices",10,12999,0.03,Cash,Shipped,Store,"Unit 3, Building 42","Urgent"
O000775,"2023-07-29 03:34:00",C00694,E0011,Mouse,"Computer Accesossories",8,1499,0.2,"Bank Transfer",Canceled,Store,"Unit 4, Building 50","Gift order"
O000776,"2022-10-15 01:23:00",C00459,E0021,Smartphone,"Mobile Devices",5,12999,0.03,n/a,Pending,Unknown,"Unit 7, Building 30",Unknown
O000777,"2025-08-21 11:46:00",C00461,E0195,UPS,Electronics,6,4999,0,"Bank Transfer",Canceled,Store,"996 Bonifacio St.",Unknown
O000778,"2022-03-06 23:02:00",C00507,E0195,Monitor,"Computer Accesossories",0,9999,0.05,Cash,Shipped,Store,"710 Main St.","Call customer"
O000779,"2025-02-04 13:26:00",C00130,E0198,Printer,"Computer Accesossories",9,3499,0.1,Cash,Pending,Online,"798 Main St.",Unknown
O000780,"2025-11-20 09:42:00",C00676,E0109,"External drive",Electronics,1,999,0.1,PayPal,Canceled,Unknown,"62 Rizal St.",Unknown
O000781,"2024-08-08 14:39:00",C00165,E0073,Unknown,Unknown,10,14999,0.15,Cash,Processing,Marketplace,"Unit 4, Building 11",Unknown
O000782,"2024-08-30 01:01:00",C00363,E0228,Desk,"Office Furniture",4,19999,0.03,PayPal,Delivered,Store,"UNIT 3, BUILDING 22",Unknown
O000783,"2025-08-03 04:01:00",C00209,E0014,"External drive",Electronics,8,999,0.15,PayPal,Delivered,Store,"Unit 7, Building 36","Call customer"
O000784,"2024-05-19 03:07:00",C00733,E0157,Printer,"Computer Accesossories",2,3499,0.15,PayPal,Delivered,Marketplace,"549 Rizal St.","Deliver after 5PM"
O000785,"2024-01-26 01:34:00",C00188,E0205,Mouse,"Computer Accesossories",10,1499,0,GCash,Shipped,Store,"521 Bonifacio St.","Gift order"
O000786,"2023-10-10 01:55:00",C00462,E0207,Mouse,"Computer Accesossories",2,1499,0,"Debit Card",Delivered,Marketplace,"Unit 19, Building 25","Urgent"
O000787,"2022-03-11 09:27:00",C00524,E0237,Keyboard,"Computer Accesossories",0,2499,0,PayPal,Shipped,Store,"Unit 19, Building 15","Call customer"
O000788,"2025-08-30 12:01:00",C00480,E0041,Projector,Electronics,0,4000,0,GCash,Pending,Online,"Unit 8, Building 10","Gift order"
O000789,"2025-02-28 04:25:00",C00793,E0015,Mouse,"Computer Accesossories",2,1499,0.1,PayPal,Canceled,Marketplace,"Unit 5, Building 30","Gift order"
O000790,"2025-04-26 08:36:00",C00729,E0160,"Office chair","Office Furniture",6,4999,0.05,"Credit Card",Processing,Online,"727 Mabini St.","Urgent"
O000791,"2022-10-25 21:17:00",C00682,E0235,Keyboard,"Computer Accesossories",3,2499,0,"Debit Card",Returned,Online,"UNIT 11, BUILDING 43",Unknown
O000792,"2022-02-02 11:00:00",C00299,E0174,Smartphone,"Mobile Devices",9,12999,0.2,PayPal,Delivered,Online,"503 Quezon St.","Call customer"
O000793,"2025-12-02 08:13:00",C00533,E0247,Mouse,"Computer Accesossories",8,1499,0.1,n/a,Unknown,Online,"775 Rizal St.",Unknown
O000794,"2023-05-30 22:33:00",C00925,E0092,Headset,"Computer Accesossories",7,1499,0.05,Cash,Canceled,Store,"unit 1, building 43","Urgent"
O000795,"2022-08-04 04:39:00",C00916,E0197,Keyboard,"Computer Accesossories",5,2499,0,"Debit Card",Unknown,Store,"422 Bonifacio St.","Urgent"
O000796,"2022-02-26 17:41:00",C00866,E0193,Printer,"Computer Accesossories",2,3499,0.15,PayPal,Canceled,Online,"Unit 7, Building 5","Deliver after 5PM"
O000797,"2024-11-22 23:29:00",C00172,E0051,Laptop,"Mobile Devices",8,29999,0.03,Cash,Pending,Marketplace,"962 Main St.","Urgent"
O000798,"2022-02-19 01:28:00",C00497,E0084,"Office chair","Office Furniture",7,4999,0,Cash,Canceled,Marketplace,"Unit 10, Building 40","Call customer"
O000799,"2025-10-18 12:08:00",C00295,E0197,Router,Networking,9,1499,0,"Debit Card",Shipped,Unknown,"978 Mabini St.","Gift order"
O000800,"2023-06-19 21:12:00",C00436,E0201,UPS,Electronics,10,4999,0,Cash,Returned,Unknown,"Unit 17, Building 48","Gift order"
O000801,"2023-07-09 19:04:00",C00657,E0039,Desk,"Office Furniture",1,19999,0.1,GCash,Canceled,Store,"unit 7, building 30",Unknown
O000802,"2024-06-02 23:17:00",C00959,E0113,Unknown,Unknown,9,999,0.03,Cash,Canceled,Marketplace,"Unit 15, Building 24","Urgent"
O000803,"2024-06-03 22:57:00",C00481,E0244,Mouse,"Computer Accesossories",1,1499,0.03,"Credit Card",Processing,Online,"Unit 11, Building 30",Unknown
O000804,"2024-01-23 07:09:00",C00595,E0139,"External drive",Electronics,3,999,0,"Debit Card",Canceled,Unknown,"621 Main St.","Call customer"
O000805,"2022-05-30 07:52:00",C00445,E0188,UPS,Electronics,6,4999,0.05,GCash,Delivered,Online,"UNIT 16, BUILDING 3","Call customer"
O000806,"2023-05-06 07:55:00",C00677,E0125,Printer,"Computer Accesossories",1,3499,0,GCash,Returned,Online,"245 Bonifacio St.","Call customer"
O000807,"2024-09-05 22:31:00",C00448,E0110,Monitor,"Computer Accesossories",1,9999,0.15,PayPal,Pending,Online,"519 Mabini St.",Unknown
O000808,"2025-05-22 16:32:00",C00085,E0163,Keyboard,"Computer Accesossories",7,2499,0.03,GCash,Processing,Online,"716 Main St.","Call customer"
O000809,"2024-11-13 08:59:00",C00850,E0212,Smartphone,"Mobile Devices",7,12999,0.05,"Bank Transfer",Shipped,Store,"604 Rizal St.",Unknown
O000810,"2023-09-28 11:28:00",C00955,E0096,Projector,Electronics,8,4000,0.1,"Debit Card",Delivered,Marketplace,"Unit 19, Building 28","Call customer"
O000811,"2023-01-14 02:31:00",C00138,E0152,Webcam,"Computer Accesossories",5,1499,0.15,"Debit Card",Processing,Store,"371 Main St.","Deliver after 5PM"
O000812,"2024-08-15 21:14:00",C00491,E0036,Printer,"Computer Accesossories",7,3499,0,Cash,Pending,Online,"199 Main St.","Urgent"
O000813,"2023-05-11 00:57:00",C00258,E0129,Webcam,"Computer Accesossories",2,1499,0.05,"Debit Card",Delivered,Marketplace,"UNIT 17, BUILDING 14",Unknown
O000814,"2024-10-24 14:45:00",C00936,E0159,Desk,"Office Furniture",4,19999,0.1,"Credit Card",Canceled,Store,"unit 14, building 43",Unknown
O000815,"2024-03-03 01:44:00",C00443,E0034,Printer,"Computer Accesossories",10,3499,0.2,"Bank Transfer",Processing,Online,"Unit 10, Building 9","Call customer"
O000816,"2022-08-28 15:37:00",C00093,E0209,Unknown,Unknown,7,7999,0,GCash,Returned,Store,"Unit 1, Building 13","Call customer"
O000817,"2025-07-28 02:36:00",C00278,E0107,Router,Networking,6,1499,0.2,PayPal,Canceled,Unknown,"Unit 17, Building 10","Urgent"
O000818,"2025-10-11 17:05:00",C00610,E0194,Webcam,"Computer Accesossories",4,1499,0,"Credit Card",Shipped,Store,"218 Rizal St.",Unknown
O000819,"2025-03-03 19:50:00",C00208,E0023,Laptop,"Mobile Devices",3,29999,0,Cash,Processing,Marketplace,"Unit 5, Building 49",Unknown
O000820,"2023-03-28 15:27:00",C00366,E0122,Mouse,"Computer Accesossories",5,1499,0.1,Cash,Pending,Marketplace,"913 Rizal St.","Urgent"
O000821,"2024-08-05 22:03:00",C00906,E0066,Projector,Electronics,2,4000,0.03,"Bank Transfer",Canceled,Marketplace,"Unit 10, Building 29",Unknown
O000822,"2022-09-27 19:55:00",C00152,E0114,"Office chair","Office Furniture",4,4999,0,"Debit Card",Returned,Marketplace,"822 Rizal St.",Unknown
O000823,"2023-01-18 05:02:00",C00855,E0065,Mouse,"Computer Accesossories",6,1499,0.05,"Debit Card",Processing,Store,"Unit 19, Building 6",Unknown
O000824,"2022-01-16 20:03:00",C00161,E0119,Webcam,"Computer Accesossories",3,1499,0.05,"Bank Transfer",Shipped,Online,"Unit 2, Building 4","Urgent"
O000825,"2023-12-02 16:46:00",C00565,E0106,Monitor,"Computer Accesossories",8,9999,0.05,"Bank Transfer",Processing,Online,"Unit 8, Building 12","Call customer"
O000826,"2025-08-21 21:26:00",C00206,E0086,Monitor,"Computer Accesossories",5,9999,0.2,Cash,Canceled,Unknown,"Unit 13, Building 37","Deliver after 5PM"
O000827,"2024-01-10 18:26:00",C00941,E0238,Mouse,"Computer Accesossories",1,1499,0,"Credit Card",Canceled,Store,"91 Main St.","Urgent"
O000828,"2023-10-30 02:46:00",C00738,E0051,Headset,"Computer Accesossories",6,1499,0,"Bank Transfer",Processing,Store,"810 Quezon St.",Unknown
O000829,"2022-11-01 09:57:00",C00090,E0184,Smartphone,"Mobile Devices",10,12999,0,"Credit Card",Pending,Online,"694 Bonifacio St.","Gift order"
O000830,"2025-01-07 06:42:00",C00974,E0113,Webcam,"Computer Accesossories",8,1499,0,"Debit Card",Processing,Unknown,"Unit 19, Building 41","Gift order"
O000831,"2024-11-01 05:56:00",C00807,E0163,Desk,"Office Furniture",1,19999,0.05,"Credit Card",Processing,Unknown,"Unit 16, Building 16","Gift order"
O000832,"2025-01-11 22:38:00",C00198,E0200,Smartphone,"Mobile Devices",8,12999,0.03,"Bank Transfer",Pending,Unknown,"Unit 18, Building 4","Gift order"
O000833,"2022-12-12 16:52:00",C00991,E0044,Printer,"Computer Accesossories",9,3499,0.15,"Debit Card",Processing,Unknown,"Unit 12, Building 6","Call customer"
O000834,"2024-05-04 02:14:00",C00713,E0168,Mouse,"Computer Accesossories",5,1499,0.03,Cash,Delivered,Online,"Unit 7, Building 32","Urgent"
O000835,"2025-07-17 19:35:00",C00029,E0020,Desk,"Office Furniture",2,19999,0,"Credit Card",Processing,Store,"249 Quezon St.",Unknown
O000836,"2025-04-30 17:11:00",C00938,E0110,Headset,"Computer Accesossories",8,1499,0.15,"Credit Card",Canceled,Online,"8 Main St.","Gift order"
O000837,"2023-12-03 06:52:00",C00803,E0222,Webcam,"Computer Accesossories",5,1499,0.03,PayPal,Delivered,Online,"477 Main St.",Unknown
O000838,"2023-06-06 01:02:00",C00207,E0073,Smartphone,"Mobile Devices",9,12999,0.2,PayPal,Pending,Store,"892 Rizal St.","Urgent"
O000839,"2025-10-31 23:48:00",C00044,E0227,Keyboard,"Computer Accesossories",8,2499,0,"Credit Card",Delivered,Online,"768 Main St.",Unknown
O000840,"2025-01-04 13:47:00",C00407,E0224,Printer,"Computer Accesossories",1,3499,0.15,Cash,Pending,Marketplace,"214 Main St.","Urgent"
O000841,"2022-06-08 19:33:00",C00328,E0001,Webcam,"Computer Accesossories",1,1499,0,"Bank Transfer",Canceled,Unknown,"Unit 8, Building 2",Unknown
O000842,"2023-08-26 01:21:00",C00510,E0232,Keyboard,"Computer Accesossories",4,2499,0,"Bank Transfer",Returned,Unknown,"unit 5, building 1",Unknown
O000843,"2024-05-24 06:54:00",C00031,E0046,Printer,"Computer Accesossories",1,3499,0.05,"Bank Transfer",Returned,Online,"Unit 17, Building 36",Unknown
O000844,"2025-09-08 02:10:00",C00650,E0077,Webcam,"Computer Accesossories",1,1499,0.05,PayPal,Canceled,Marketplace,"Unit 14, Building 32","Gift order"
O000845,"2022-05-26 18:55:00",C00040,E0146,Keyboard,"Computer Accesossories",5,2499,0.1,"Debit Card",Pending,Online,"Unit 8, Building 20","Urgent"
O000846,"2024-06-20 14:42:00",C00603,E0165,Router,Networking,4,1499,0.2,"Debit Card",Delivered,Store,"Unit 7, Building 41",Unknown
O000847,"2025-07-08 00:10:00",C00434,E0051,Router,Networking,1,1499,0.2,"Bank Transfer",Shipped,Unknown,"466 Rizal St.","Gift order"
O000848,"2025-10-18 11:08:00",C00465,E0104,Keyboard,"Computer Accesossories",10,2499,0.2,"Debit Card",Processing,Marketplace,"917 MAIN ST.",Unknown
O000849,"2022-08-27 08:44:00",C00352,E0046,Projector,Electronics,2,4000,0.2,"Credit Card",Processing,Online,"Unit 9, Building 24",Unknown
O000850,"2025-08-29 09:13:00",C00911,E0148,Printer,"Computer Accesossories",3,3499,0.05,PayPal,Pending,Store,"Unit 6, Building 41","Deliver after 5PM"
O000851,"2022-08-13 11:04:00",C00503,E0165,Tablet,"Mobile Devices",2,8999,0,GCash,Processing,Unknown,"Unit 7, Building 42",Unknown
O000852,"2025-03-13 03:23:00",C00967,E0167,Monitor,"Computer Accesossories",1,9999,0.05,"Bank Transfer",Processing,Store,"50 Mabini St.",Unknown
O000853,"2023-02-07 02:01:00",C00761,E0123,Webcam,"Computer Accesossories",2,1499,0.03,"Debit Card",Pending,Unknown,"Unit 14, Building 1",Unknown
O000854,"2025-04-24 12:07:00",C00936,E0080,Tablet,"Mobile Devices",7,8999,0.1,GCash,Returned,Marketplace,"449 main st.","Urgent"
O000855,"2022-06-16 13:02:00",C00951,E0208,Tablet,"Mobile Devices",1,8999,0.15,PayPal,Delivered,Marketplace,"766 Bonifacio St.","Gift order"
O000856,"2025-06-20 12:48:00",C00168,E0009,UPS,Electronics,10,4999,0.05,Cash,Processing,Store,"Unit 14, Building 5","Urgent"
O000857,"2024-11-28 22:59:00",C00482,E0179,Desk,"Office Furniture",10,19999,0.2,GCash,Canceled,Marketplace,"Unit 16, Building 37","Deliver after 5PM"
O000858,"2025-08-06 17:54:00",C00641,E0026,Laptop,"Mobile Devices",7,29999,0.2,PayPal,Pending,Marketplace,"837 Rizal St.","Gift order"
O000859,"2022-02-22 04:33:00",C00016,E0219,Tablet,"Mobile Devices",7,8999,0.2,"Bank Transfer",Unknown,Online,"335 MAIN ST.","Gift order"
O000860,"2023-09-29 20:18:00",C00354,E0150,Printer,"Computer Accesossories",9,3499,0.05,"Credit Card",Shipped,Online,"792 Quezon St.",Unknown
O000861,"2024-05-04 21:59:00",C00832,E0192,"External drive",Electronics,8,999,0.15,"Credit Card",Canceled,Online,"Unit 2, Building 6","Urgent"
O000862,"2022-11-20 15:37:00",C00336,E0225,Keyboard,"Computer Accesossories",10,2499,0.1,"Debit Card",Canceled,Store,"632 Main St.","Call customer"
O000863,"2023-07-06 01:28:00",C00085,E0241,Keyboard,"Computer Accesossories",9,2499,0.2,"Debit Card",Shipped,Unknown,"557 Mabini St.","Deliver after 5PM"
O000864,"2024-09-14 12:45:00",C00741,E0112,Router,Networking,3,1499,0.03,"Credit Card",Delivered,Online,"Unit 6, Building 42","Deliver after 5PM"
O000865,"2023-01-22 21:13:00",C00493,E0022,"External drive",Electronics,1,999,0,PayPal,Canceled,Marketplace,"Unit 17, Building 42",Unknown
O000866,"2024-05-30 01:42:00",C00554,E0013,Router,Networking,10,1499,0.15,"Bank Transfer",Returned,Online,"963 Quezon St.","Call customer"
O000867,"2024-07-23 12:19:00",C00922,E0247,Webcam,"Computer Accesossories",5,1499,0.05,PayPal,Pending,Store,"Unit 7, Building 37","Urgent"
O000868,"2022-04-11 17:39:00",C00211,E0094,Smartphone,"Mobile Devices",4,12999,0,PayPal,Shipped,Online,Warehouse,"Urgent"
O000869,"2024-05-15 00:24:00",C00305,E0079,Projector,Electronics,2,4000,0,"Bank Transfer",Canceled,Unknown,"Unit 15, Building 45","Urgent"
O000870,"2025-04-09 09:03:00",C00035,E0041,Mouse,"Computer Accesossories",6,1499,0.2,"Credit Card",Pending,Store,"Unit 20, Building 6","Call customer"
O000871,"2022-06-19 12:43:00",C00283,E0081,Projector,Electronics,10,4000,0.15,"Bank Transfer",Shipped,Marketplace,"75 Mabini St.",Unknown
O000872,"2024-12-13 12:31:00",C00515,E0151,Headset,"Computer Accesossories",6,1499,0,Cash,Pending,Store,"696 Rizal St.","Call customer"
O000873,"2022-04-02 23:08:00",C00473,E0124,UPS,Electronics,1,4999,0,PayPal,Pending,Online,Warehouse,"Gift order"
O000874,"2025-04-18 19:08:00",C00500,E0089,Printer,"Computer Accesossories",7,3499,0.03,PayPal,Processing,Online,"Unit 11, Building 6","Gift order"
O000875,"2024-03-12 16:59:00",C00374,E0214,Desk,"Office Furniture",6,19999,0.05,"Bank Transfer",Canceled,Online,"580 Rizal St.","Gift order"
O000876,"2025-08-02 00:21:00",C00225,E0054,Tablet,"Mobile Devices",6,8999,0,Cash,Shipped,Online,"69 Bonifacio St.","Gift order"
O000877,"2025-03-08 14:54:00",C00494,E0147,"External drive",Electronics,9,999,0.15,PayPal,Canceled,Store,"60 Mabini St.","Urgent"
O000878,"2024-03-07 18:56:00",C00257,E0035,Unknown,Unknown,3,2999,0.1,PayPal,Pending,Store,"Unit 20, Building 6",Unknown
O000879,"2025-08-27 00:53:00",C00154,E0045,Unknown,Unknown,6,0,0,"Bank Transfer",Returned,Online,"Unit 20, Building 47",Unknown
O000880,"2022-01-04 09:56:00",C00131,E0079,"External drive",Electronics,4,999,0,PayPal,Processing,Marketplace,"131 Rizal St.",Unknown
O000881,"2023-05-13 17:00:00",C00678,E0018,Webcam,"Computer Accesossories",10,1499,0.03,Cash,Processing,Online,"478 Quezon St.","Gift order"
O000882,"2024-02-28 12:14:00",C00163,E0107,Projector,Electronics,5,4000,0.03,Cash,Returned,Online,"735 Rizal St.","Gift order"
O000883,"2024-01-10 06:22:00",C00352,E0033,Projector,Electronics,2,4000,0.2,Cash,Shipped,Marketplace,"413 Bonifacio St.",Unknown
O000884,"2022-09-15 22:54:00",C00815,E0139,Tablet,"Mobile Devices",6,8999,0.05,GCash,Pending,Online,"Unit 9, Building 38","Gift order"
O000885,"2023-07-04 18:05:00",C00355,E0036,Webcam,"Computer Accesossories",2,1499,0,PayPal,Delivered,Store,"Unit 5, Building 37","Call customer"
O000886,"2025-04-03 09:12:00",C00885,E0102,Monitor,"Computer Accesossories",6,9999,0.1,GCash,Shipped,Online,"Unit 19, Building 6",Unknown
O000887,"2024-03-30 23:28:00",C00804,E0196,"Office chair","Office Furniture",3,4999,0.2,"Bank Transfer",Pending,Marketplace,"Unit 15, Building 2","Deliver after 5PM"
O000888,"2023-11-02 21:14:00",C00140,E0001,Smartphone,"Mobile Devices",9,12999,0.1,GCash,Canceled,Online,"439 Rizal St.","Gift order"
O000889,"2023-04-03 09:49:00",C00656,E0026,Tablet,"Mobile Devices",4,8999,0.1,PayPal,Delivered,Store,"604 Quezon St.","Gift order"
O000890,"2024-07-11 06:38:00",C00350,E0070,Desk,"Office Furniture",7,19999,0.2,"Credit Card",Pending,Store,"992 BONIFACIO ST.","Deliver after 5PM"
O000891,"2022-12-27 13:53:00",C00917,E0013,Smartphone,"Mobile Devices",3,12999,0.15,"Bank Transfer",Unknown,Online,"Unit 2, Building 3","Deliver after 5PM"
O000892,"2023-10-18 08:25:00",C00587,E0060,Projector,Electronics,5,4000,0,"Debit Card",Delivered,Store,"225 Rizal St.","Urgent"
O000893,"2025-09-14 17:40:00",C00672,E0011,Mouse,"Computer Accesossories",6,1499,0.15,n/a,Shipped,Store,"322 Bonifacio St.","Urgent"
O000894,"2022-10-13 07:35:00",C00397,E0213,Keyboard,"Computer Accesossories",7,2499,0.2,"Debit Card",Pending,Marketplace,"Unit 19, Building 40","Deliver after 5PM"
O000895,"2024-08-02 09:18:00",C00165,E0177,"External drive",Electronics,1,999,0.03,PayPal,Unknown,Online,"771 Quezon St.","Gift order"
O000896,"2022-09-08 11:59:00",C00888,E0027,Monitor,"Computer Accesossories",2,9999,0,"Debit Card",Delivered,Online,"506 Main St.","Urgent"
O000897,"2022-05-01 04:33:00",C00930,E0048,Mouse,"Computer Accesossories",8,1499,0,Cash,Delivered,Online,"Unit 9, Building 49","Urgent"
O000898,"2024-02-14 10:21:00",C00425,E0123,Printer,"Computer Accesossories",2,3499,0,"Debit Card",Delivered,Store,"364 Quezon St.","Call customer"
O000899,"2022-10-13 23:26:00",C00972,E0027,"External drive",Electronics,10,999,0.05,"Bank Transfer",Processing,Store,"Unit 3, Building 21",Unknown
O000900,"2024-05-11 15:02:00",C00010,E0249,Tablet,"Mobile Devices",1,8999,0.15,Cash,Processing,Marketplace,"Unit 6, Building 49","Gift order"
O000901,"2022-04-16 07:58:00",C00797,E0139,Tablet,"Mobile Devices",6,8999,0.03,"Debit Card",Canceled,Unknown,"137 Quezon St.","Urgent"
O000902,"2022-12-07 08:43:00",C00688,E0100,"External drive",Electronics,8,999,0.2,"Bank Transfer",Shipped,Unknown,Warehouse,Unknown
O000903,"2025-02-13 11:41:00",C00540,E0025,Tablet,"Mobile Devices",9,8999,0.1,GCash,Pending,Unknown,"987 Rizal St.","Gift order"
O000904,"2023-01-15 11:15:00",C00377,E0072,Monitor,"Computer Accesossories",5,9999,0.05,"Credit Card",Delivered,Store,"Unit 17, Building 10","Call customer"
O000905,"2025-09-29 09:55:00",C00369,E0114,Monitor,"Computer Accesossories",5,9999,0.1,"Bank Transfer",Pending,Unknown,"Unit 2, Building 34","Call customer"
O000906,"2024-03-01 09:40:00",C00895,E0242,Webcam,"Computer Accesossories",8,1499,0,"Credit Card",Returned,Online,"479 Rizal St.","Urgent"
O000907,"2022-02-03 17:18:00",C00527,E0197,Laptop,"Mobile Devices",2,29999,0.03,"Bank Transfer",Pending,Marketplace,"802 Quezon St.","Gift order"
O000908,"2023-05-06 08:54:00",C00101,E0100,Desk,"Office Furniture",1,19999,0.2,"Credit Card",Shipped,Marketplace,"Unit 1, Building 35","Gift order"
O000909,"2022-11-08 05:57:00",C00438,E0021,Laptop,"Mobile Devices",2,29999,0.15,PayPal,Pending,Online,"Unit 4, Building 29","Call customer"
O000910,"2023-02-13 16:53:00",C00285,E0019,Laptop,"Mobile Devices",2,29999,0.05,"Debit Card",Delivered,Store,"UNIT 3, BUILDING 28","Urgent"
O000911,"2024-12-10 18:12:00",C00948,E0004,Smartphone,"Mobile Devices",5,12999,0.2,n/a,Processing,Online,"unit 14, building 28","Urgent"
O000912,"2022-09-07 15:48:00",C00830,E0017,Keyboard,"Computer Accesossories",8,2499,0.2,"Debit Card",Canceled,Store,"982 bonifacio st.",Unknown
O000913,"2024-06-21 12:35:00",C00872,E0084,"External drive",Electronics,3,999,0,PayPal,Shipped,Store,"Unit 18, Building 15",Unknown
O000914,"2023-04-21 15:41:00",C00864,E0188,Webcam,"Computer Accesossories",5,1499,0.03,"Credit Card",Canceled,Marketplace,"Unit 10, Building 36","Urgent"
O000915,"2025-04-24 20:02:00",C00960,E0172,Webcam,"Computer Accesossories",1,1499,0.05,Cash,Pending,Store,"478 Quezon St.","Gift order"
O000916,"2023-06-03 09:16:00",C00497,E0241,Printer,"Computer Accesossories",4,3499,0,PayPal,Delivered,Store,"Unit 17, Building 26","Gift order"
O000917,"2023-03-03 15:18:00",C00139,E0057,Desk,"Office Furniture",10,19999,0.1,"Bank Transfer",Unknown,Online,"557 Main St.","Urgent"
O000918,"2023-12-30 04:50:00",C00374,E0030,Unknown,Unknown,5,499,0,PayPal,Delivered,Unknown,"Unit 14, Building 36",Unknown
O000919,"2023-03-21 21:47:00",C00154,E0067,Projector,Electronics,4,4000,0.05,"Credit Card",Shipped,Store,"775 Bonifacio St.","Call customer"
O000920,"2023-05-08 19:23:00",C00186,E0154,"External drive",Electronics,1,999,0.03,"Debit Card",Pending,Unknown,"Unit 11, Building 18",Unknown
O000921,"2024-07-09 14:02:00",C00070,E0155,Printer,"Computer Accesossories",10,3499,0.15,"Debit Card",Delivered,Online,Warehouse,"Gift order"
O000922,"2023-02-26 12:34:00",C00830,E0029,Router,Networking,2,1499,0.05,PayPal,Processing,Unknown,"Unit 15, Building 43",Unknown
O000923,"2024-05-19 18:37:00",C00316,E0196,Monitor,"Computer Accesossories",6,9999,0.03,PayPal,Pending,Online,"336 Quezon St.","Urgent"
O000924,"2025-04-16 03:10:00",C00934,E0167,Keyboard,"Computer Accesossories",9,2499,0.05,Cash,Shipped,Store,"Unit 12, Building 13",Unknown
O000925,"2025-12-17 08:13:00",C00995,E0127,Laptop,"Mobile Devices",4,29999,0.1,GCash,Shipped,Online,"278 Mabini St.","Call customer"
O000926,"2022-03-16 14:23:00",C00745,E0109,Printer,"Computer Accesossories",3,3499,0,GCash,Canceled,Unknown,"Unit 18, Building 33","Call customer"
O000927,"2022-11-12 14:59:00",C00614,E0039,UPS,Electronics,5,4999,0.2,PayPal,Delivered,Online,"Unit 9, Building 29","Gift order"
O000928,"2025-02-21 22:42:00",C00193,E0250,Tablet,"Mobile Devices",8,8999,0.05,PayPal,Delivered,Online,"471 Main St.",Unknown
O000929,"2025-07-24 03:30:00",C00387,E0245,"External drive",Electronics,1,999,0.05,"Bank Transfer",Delivered,Online,"UNIT 5, BUILDING 29","Gift order"
O000930,"2023-08-29 05:44:00",C00525,E0141,Smartphone,"Mobile Devices",10,12999,0.03,"Bank Transfer",Delivered,Store,"Unit 11, Building 33","Call customer"
O000931,"2024-09-15 04:21:00",C00162,E0168,Laptop,"Mobile Devices",5,29999,0.15,"Bank Transfer",Pending,Unknown,"360 Main St.",Unknown
O000932,"2025-12-07 19:55:00",C00836,E0209,Router,Networking,2,1499,0,"Debit Card",Pending,Unknown,"651 Rizal St.","Gift order"
O000933,"2025-03-03 08:14:00",C00564,E0171,Laptop,"Mobile Devices",3,29999,0.1,GCash,Delivered,Online,"Unit 18, Building 25","Call customer"
O000934,"2022-10-01 13:07:00",C00375,E0128,Laptop,"Mobile Devices",0,29999,0.2,"Debit Card",Shipped,Store,"858 Bonifacio St.","Call customer"
O000935,"2025-02-23 12:38:00",C00192,E0086,Smartphone,"Mobile Devices",4,12999,0.2,"Bank Transfer",Shipped,Store,"Unit 3, Building 12","Call customer"
O000936,"2023-05-30 10:33:00",C00115,E0051,Printer,"Computer Accesossories",2,3499,0.03,PayPal,Shipped,Marketplace,"Unit 5, Building 9","Gift order"
O000937,"2022-03-22 23:43:00",C00597,E0185,Headset,"Computer Accesossories",1,1499,0.03,PayPal,Delivered,Marketplace,"568 Main St.","Deliver after 5PM"
O000938,"2023-05-27 00:46:00",C00894,E0004,"Office chair","Office Furniture",1,4999,0.15,PayPal,Shipped,Store,"Unit 2, Building 22",Unknown
O000939,"2023-03-30 10:41:00",C00797,E0061,Monitor,"Computer Accesossories",10,9999,0,Cash,Delivered,Online,"795 Mabini St.","Deliver after 5PM"
O000940,"2024-12-08 06:25:00",C00844,E0144,"External drive",Electronics,1,999,0.15,PayPal,Pending,Online,"5 Bonifacio St.",Unknown
O000941,"2023-06-16 23:27:00",C00430,E0101,"Office chair","Office Furniture",6,4999,0,n/a,Canceled,Online,"Unit 17, Building 37",Unknown
O000942,"2024-03-25 08:22:00",C00899,E0083,Mouse,"Computer Accesossories",7,1499,0.15,n/a,Processing,Unknown,"566 Quezon St.","Gift order"
O000943,"2022-07-22 06:42:00",C00122,E0130,Unknown,Unknown,6,2999,0.1,"Credit Card",Shipped,Online,"Unit 12, Building 18",Unknown
O000944,"2025-08-01 15:32:00",C00016,E0111,Tablet,"Mobile Devices",10,8999,0.03,"Credit Card",Canceled,Store,"975 Quezon St.","Urgent"
O000945,"2024-08-20 10:14:00",C00771,E0089,"Office chair","Office Furniture",2,4999,0.2,PayPal,Pending,Store,"Unit 1, Building 6",Unknown
O000946,"2022-02-24 13:08:00",C00586,E0074,Printer,"Computer Accesossories",6,3499,0,"Debit Card",Canceled,Unknown,"Unit 14, Building 43","Deliver after 5PM"
O000947,"2025-07-28 01:56:00",C00770,E0014,Router,Networking,8,1499,0.03,Cash,Canceled,Marketplace,Warehouse,Unknown
O000948,"2025-08-08 17:28:00",C00955,E0073,Keyboard,"Computer Accesossories",10,2499,0.2,"Bank Transfer",Processing,Marketplace,"371 Quezon St.",Unknown
O000949,"2024-12-03 16:56:00",C00443,E0009,Mouse,"Computer Accesossories",2,1499,0.05,GCash,Returned,Online,"556 Bonifacio St.",Unknown
O000950,"2023-08-08 14:21:00",C00319,E0115,"External drive",Electronics,9,999,0.15,PayPal,Returned,Store,"349 Rizal St.","Gift order"
O000951,"2022-06-16 13:45:00",C00464,E0135,Smartphone,"Mobile Devices",10,12999,0.2,GCash,Delivered,Online,"Unit 8, Building 37","Call customer"
O000952,"2025-07-29 10:50:00",C00178,E0059,Smartphone,"Mobile Devices",2,12999,0.1,"Bank Transfer",Canceled,Marketplace,"Unit 20, Building 32",Unknown
O000953,"2024-09-07 17:40:00",C00024,E0202,Laptop,"Mobile Devices",3,29999,0,"Bank Transfer",Canceled,Marketplace,"Unit 2, Building 37",Unknown
O000954,"2025-11-29 21:51:00",C00528,E0178,Headset,"Computer Accesossories",1,1499,0.05,PayPal,Returned,Online,"Unit 5, Building 40","Urgent"
O000955,"2022-04-02 11:07:00",C00669,E0056,Projector,Electronics,10,4000,0.03,"Credit Card",Delivered,Unknown,"459 Quezon St.",Unknown
O000956,"2022-09-24 12:51:00",C00010,E0077,Router,Networking,9,1499,0,n/a,Delivered,Online,"979 Quezon St.","Call customer"
O000957,"2024-03-18 12:56:00",C00813,E0217,UPS,Electronics,10,4999,0.03,"Credit Card",Processing,Online,"513 Rizal St.","Urgent"
O000958,"2024-03-03 18:23:00",C00502,E0053,"Office chair","Office Furniture",6,4999,0.1,Cash,Returned,Store,"Unit 20, Building 20","Call customer"
O000959,"2024-04-30 23:43:00",C00623,E0053,Smartphone,"Mobile Devices",7,12999,0,"Bank Transfer",Returned,Store,"595 Main St.","Call customer"
O000960,"2024-03-16 12:13:00",C00812,E0014,"Office chair","Office Furniture",7,4999,0,"Bank Transfer",Returned,Unknown,"868 main st.","Urgent"
O000961,"2025-11-09 23:30:00",C00909,E0042,"External drive",Electronics,10,999,0.2,GCash,Delivered,Online,"343 Mabini St.","Urgent"
O000962,"2025-11-21 18:58:00",C00563,E0047,Projector,Electronics,10,4000,0.2,Cash,Processing,Store,"200 Quezon St.","Deliver after 5PM"
O000963,"2023-08-12 02:23:00",C00273,E0045,Router,Networking,2,1499,0.15,"Bank Transfer",Shipped,Store,"Unit 8, Building 45","Urgent"
O000964,"2025-11-15 17:20:00",C00787,E0038,Webcam,"Computer Accesossories",1,1499,0.03,"Credit Card",Shipped,Store,"unit 17, building 40","Deliver after 5PM"
O000965,"2025-08-21 13:19:00",C00273,E0106,Printer,"Computer Accesossories",7,3499,0.1,Cash,Pending,Marketplace,"744 Main St.","Gift order"
O000966,"2023-10-10 12:47:00",C00328,E0136,Laptop,"Mobile Devices",1,29999,0,"Bank Transfer",Shipped,Online,"Unit 7, Building 29","Gift order"
O000967,"2025-07-22 09:24:00",C00284,E0191,Tablet,"Mobile Devices",4,8999,0.1,"Bank Transfer",Processing,Store,Warehouse,"Urgent"
O000968,"2024-09-20 09:13:00",C00119,E0154,Unknown,Unknown,4,1999,0.03,"Credit Card",Pending,Unknown,"578 Quezon St.","Deliver after 5PM"
O000969,"2024-09-23 14:15:00",C00595,E0030,Tablet,"Mobile Devices",1,8999,0.05,"Bank Transfer",Processing,Marketplace,"Unit 15, Building 42","Call customer"
O000970,"2024-11-02 23:38:00",C00627,E0138,Printer,"Computer Accesossories",6,3499,0.2,PayPal,Delivered,Marketplace,"Unit 16, Building 31","Gift order"
O000971,"2025-08-04 05:05:00",C00925,E0209,Monitor,"Computer Accesossories",9,9999,0.1,"Debit Card",Canceled,Store,"869 Rizal St.",Unknown
O000972,"2025-08-02 00:58:00",C00449,E0059,Desk,"Office Furniture",10,19999,0,"Debit Card",Pending,Marketplace,"311 Rizal St.",Unknown
O000973,"2024-08-19 03:08:00",C00782,E0105,"Office chair","Office Furniture",4,4999,0,"Credit Card",Shipped,Online,"Unit 18, Building 2","Urgent"
O000974,"2024-10-28 05:46:00",C00501,E0196,Smartphone,"Mobile Devices",10,12999,0.15,GCash,Processing,Online,"Unit 19, Building 31",Unknown
O000975,"2024-11-21 23:15:00",C00511,E0129,"External drive",Electronics,0,999,0.15,Cash,Shipped,Marketplace,"678 Main St.","Urgent"
O000976,"2025-06-02 23:49:00",C00187,E0177,Keyboard,"Computer Accesossories",2,2499,0.2,"Credit Card",Delivered,Marketplace,"Unit 3, Building 48",Unknown
O000977,"2022-05-19 14:28:00",C00453,E0043,Printer,"Computer Accesossories",10,3499,0,PayPal,Canceled,Online,"Unit 10, Building 1","Call customer"
O000978,"2023-02-15 22:35:00",C00489,E0037,Desk,"Office Furniture",6,19999,0.2,Cash,Returned,Online,"Unit 7, Building 3","Gift order"
O000979,"2023-01-08 02:49:00",C00801,E0008,Projector,Electronics,2,4000,0.1,GCash,Processing,Store,"790 Rizal St.","Urgent"
O000980,"2024-08-26 03:30:00",C00381,E0136,Mouse,"Computer Accesossories",7,1499,0.15,GCash,Delivered,Store,"UNIT 14, BUILDING 22","Call customer"
O000981,"2025-03-01 11:28:00",C00776,E0164,Smartphone,"Mobile Devices",6,12999,0.2,"Credit Card",Pending,Store,Warehouse,"Deliver after 5PM"
O000982,"2023-10-18 10:33:00",C00804,E0121,Smartphone,"Mobile Devices",4,12999,0.05,"Debit Card",Shipped,Online,"416 Quezon St.",Unknown
O000983,"2022-08-23 02:21:00",C00722,E0071,Headset,"Computer Accesossories",7,1499,0,"Debit Card",Unknown,Store,"Unit 13, Building 20","Call customer"
O000984,"2024-06-14 20:22:00",C00576,E0056,Desk,"Office Furniture",1,19999,0.03,"Debit Card",Canceled,Online,"497 Main St.",Unknown
O000985,"2023-08-31 20:42:00",C00850,E0182,Desk,"Office Furniture",5,19999,0.2,Cash,Returned,Store,"Unit 18, Building 49","Urgent"
O000986,"2023-10-10 03:19:00",C00515,E0242,Headset,"Computer Accesossories",7,1499,0.15,GCash,Pending,Online,"983 Bonifacio St.","Urgent"
O000987,"2025-07-07 17:18:00",C00104,E0098,Printer,"Computer Accesossories",2,3499,0,"Credit Card",Processing,Online,"Unit 13, Building 38","Urgent"
O000988,"2025-04-11 11:59:00",C00647,E0145,Smartphone,"Mobile Devices",5,12999,0,Cash,Delivered,Online,"Unit 15, Building 6","Call customer"
O000989,"2023-06-22 03:23:00",C00758,E0163,Keyboard,"Computer Accesossories",5,2499,0.15,"Debit Card",Shipped,Unknown,"Unit 4, Building 15","Call customer"
O000990,"2025-05-03 16:31:00",C00197,E0114,Mouse,"Computer Accesossories",3,1499,0,"Debit Card",Delivered,Online,"722 Quezon St.","Call customer"
O000991,"2023-07-08 00:50:00",C00362,E0088,Desk,"Office Furniture",2,19999,0.05,"Credit Card",Pending,Marketplace,"Unit 1, Building 37","Urgent"
O000992,"2025-07-11 11:49:00",C00654,E0016,Webcam,"Computer Accesossories",6,1499,0.15,n/a,Processing,Store,"401 Rizal St.","Urgent"
O000993,"2025-09-06 19:13:00",C00254,E0063,Keyboard,"Computer Accesossories",2,2499,0.1,PayPal,Shipped,Store,"Unit 17, Building 8","Deliver after 5PM"
O000994,"2024-07-03 20:45:00",C00622,E0157,Mouse,"Computer Accesossories",10,1499,0.05,"Debit Card",Delivered,Online,"419 Bonifacio St.","Call customer"
O000995,"2023-04-16 12:41:00",C00407,E0032,UPS,Electronics,9,4999,0,"Bank Transfer",Pending,Marketplace,"43 Rizal St.",Unknown
O000996,"2022-07-16 16:01:00",C00434,E0035,Webcam,"Computer Accesossories",7,1499,0.03,"Debit Card",Pending,Store,"Unit 18, Building 7","Call customer"
O000997,"2022-06-27 10:37:00",C00431,E0217,Keyboard,"Computer Accesossories",1,2499,0.15,"Debit Card",Processing,Unknown,"179 Rizal St.",Unknown
O000998,"2025-01-31 22:09:00",C00067,E0016,Webcam,"Computer Accesossories",2,1499,0.03,"Bank Transfer",Canceled,Unknown,"19 quezon st.","Gift order"
O000999,"2024-12-23 12:26:00",C00401,E0143,UPS,Electronics,1,4999,0,"Bank Transfer",Pending,Online,"85 Mabini St.",Unknown
O001000,"2025-05-19 04:01:00",C00494,E0002,Smartphone,"Mobile Devices",6,12999,0,"Debit Card",Delivered,Unknown,"548 Bonifacio St.","Gift order"
O001001,"2023-04-13 17:07:00",C00139,E0148,Headset,"Computer Accesossories",3,1499,0.03,"Debit Card",Pending,Unknown,"Unit 18, Building 44","Call customer"
O001002,"2023-08-21 07:41:00",C00466,E0140,Laptop,"Mobile Devices",9,29999,0.05,"Credit Card",Canceled,Store,"Unit 12, Building 41","Call customer"
O001003,"2023-11-20 17:15:00",C00476,E0249,Laptop,"Mobile Devices",0,29999,0.2,Cash,Processing,Store,"724 Bonifacio St.",Unknown
O001004,"2024-02-07 21:26:00",C00032,E0024,UPS,Electronics,5,4999,0.1,"Credit Card",Pending,Online,"171 RIZAL ST.","Gift order"
O001005,"2023-04-10 07:07:00",C00108,E0002,Monitor,"Computer Accesossories",5,9999,0.03,"Bank Transfer",Shipped,Marketplace,Warehouse,"Call customer"
O001006,"2024-04-25 14:51:00",C00613,E0095,Monitor,"Computer Accesossories",6,9999,0.05,"Credit Card",Processing,Online,"Unit 17, Building 49",Unknown
O001007,"2022-04-22 12:26:00",C00376,E0227,Headset,"Computer Accesossories",1,1499,0.03,"Bank Transfer",Processing,Store,"Unit 12, Building 11","Call customer"
O001008,"2024-12-15 14:58:00",C00747,E0142,Projector,Electronics,9,4000,0,"Debit Card",Pending,Marketplace,"Unit 10, Building 24","Gift order"
O001009,"2023-03-21 02:58:00",C00907,E0183,Printer,"Computer Accesossories",8,3499,0,"Debit Card",Canceled,Unknown,"834 Main St.",Unknown
O001010,"2022-07-05 15:25:00",C00117,E0027,Smartphone,"Mobile Devices",8,12999,0,GCash,Returned,Online,Warehouse,Unknown
O001011,"2025-03-12 02:42:00",C00916,E0224,Headset,"Computer Accesossories",5,1499,0.2,Cash,Returned,Online,"Unit 9, Building 31",Unknown
O001012,"2024-03-21 13:09:00",C00436,E0230,UPS,Electronics,3,4999,0.2,"Bank Transfer",Shipped,Store,"Unit 12, Building 7","Urgent"
O001013,"2023-07-26 22:27:00",C00264,E0084,Mouse,"Computer Accesossories",3,1499,0.1,n/a,Pending,Unknown,"842 Mabini St.",Unknown
O001014,"2022-08-02 07:41:00",C00970,E0128,Webcam,"Computer Accesossories",7,1499,0,GCash,Returned,Online,"766 Quezon St.","Call customer"
O001015,"2022-08-07 22:43:00",C00274,E0180,Mouse,"Computer Accesossories",5,1499,0.03,"Bank Transfer",Delivered,Marketplace,"Unit 3, Building 43","Call customer"
O001016,"2022-04-10 08:00:00",C00531,E0084,Tablet,"Mobile Devices",0,8999,0,"Debit Card",Returned,Store,"UNIT 11, BUILDING 47",Unknown
O001017,"2024-12-22 08:28:00",C00759,E0225,Tablet,"Mobile Devices",7,8999,0.03,"Bank Transfer",Pending,Unknown,"Unit 6, Building 48","Deliver after 5PM"
O001018,"2022-02-23 16:34:00",C00154,E0246,Smartphone,"Mobile Devices",7,12999,0,"Debit Card",Canceled,Store,"Unit 6, Building 22","Urgent"
O001019,"2023-12-11 00:52:00",C00435,E0045,Router,Networking,9,1499,0,"Debit Card",Delivered,Store,"717 Quezon St.","Call customer"
O001020,"2022-11-06 00:38:00",C00115,E0095,Smartphone,"Mobile Devices",1,12999,0.05,GCash,Shipped,Unknown,"983 Mabini St.","Deliver after 5PM"
O001021,"2024-01-16 11:44:00",C00230,E0102,Printer,"Computer Accesossories",8,3499,0.15,"Bank Transfer",Delivered,Online,"984 MAIN ST.",Unknown
O001022,"2023-05-06 20:13:00",C00693,E0012,Keyboard,"Computer Accesossories",1,2499,0,"Debit Card",Shipped,Online,"175 Rizal St.","Deliver after 5PM"
O001023,"2024-09-18 07:33:00",C00590,E0078,Mouse,"Computer Accesossories",8,1499,0.2,Cash,Shipped,Online,"982 Bonifacio St.",Unknown
O001024,"2025-02-08 05:08:00",C00458,E0018,"Office chair","Office Furniture",9,4999,0.03,GCash,Processing,Store,"455 Mabini St.",Unknown
O001025,"2023-04-03 06:28:00",C00321,E0079,Laptop,"Mobile Devices",10,29999,0.05,n/a,Processing,Marketplace,"666 Bonifacio St.","Deliver after 5PM"
O001026,"2022-07-27 21:07:00",C00764,E0060,Webcam,"Computer Accesossories",1,1499,0.2,"Credit Card",Canceled,Online,"Unit 6, Building 22","Urgent"
O001027,"2024-08-09 02:23:00",C00222,E0191,Laptop,"Mobile Devices",2,29999,0.03,"Bank Transfer",Delivered,Store,"Unit 19, Building 5",Unknown
O001028,"2025-04-23 10:21:00",C00862,E0049,Printer,"Computer Accesossories",1,3499,0,GCash,Canceled,Store,"29 Quezon St.",Unknown
O001029,"2023-08-11 11:33:00",C00277,E0115,Router,Networking,8,1499,0,"Debit Card",Processing,Online,"787 Quezon St.","Urgent"
O001030,"2024-02-27 14:39:00",C00746,E0009,Tablet,"Mobile Devices",3,8999,0.2,n/a,Processing,Unknown,"Unit 18, Building 7",Unknown
O001031,"2023-06-23 08:20:00",C00270,E0076,Keyboard,"Computer Accesossories",8,2499,0.1,"Debit Card",Returned,Online,"817 mabini st.","Deliver after 5PM"
O001032,"2025-05-07 21:15:00",C00311,E0224,Laptop,"Mobile Devices",2,29999,0,"Debit Card",Shipped,Marketplace,Warehouse,"Call customer"
O001033,"2022-03-18 00:18:00",C00811,E0055,Printer,"Computer Accesossories",5,3499,0.15,"Debit Card",Canceled,Store,"881 Mabini St.","Gift order"
O001034,"2022-05-04 02:12:00",C00115,E0044,Smartphone,"Mobile Devices",8,12999,0.15,PayPal,Pending,Online,"377 Bonifacio St.",Unknown
O001035,"2023-11-24 00:28:00",C00493,E0244,"External drive",Electronics,8,999,0.05,Cash,Returned,Store,"Unit 8, Building 8",Unknown
O001036,"2022-11-29 11:19:00",C00608,E0108,Printer,"Computer Accesossories",7,3499,0.1,"Credit Card",Shipped,Online,"888 Main St.",Unknown
O001037,"2025-10-30 21:17:00",C00333,E0148,Monitor,"Computer Accesossories",10,9999,0.2,"Debit Card",Canceled,Online,"Unit 19, Building 43","Deliver after 5PM"
O001038,"2023-06-07 12:15:00",C00820,E0129,Headset,"Computer Accesossories",3,1499,0,"Bank Transfer",Returned,Online,"429 Mabini St.",Unknown
O001039,"2023-10-21 07:17:00",C00126,E0109,Keyboard,"Computer Accesossories",6,2499,0.1,"Bank Transfer",Delivered,Unknown,"974 Quezon St.","Deliver after 5PM"
O001040,"2023-01-24 11:10:00",C00116,E0115,Desk,"Office Furniture",3,19999,0.03,Cash,Shipped,Online,"Unit 4, Building 2","Gift order"
O001041,"2023-03-12 23:37:00",C00457,E0123,Headset,"Computer Accesossories",8,1499,0,"Debit Card",Delivered,Online,"139 Mabini St.","Call customer"
O001042,"2023-06-09 19:18:00",C00380,E0100,Smartphone,"Mobile Devices",10,12999,0.03,"Debit Card",Canceled,Marketplace,"Unit 16, Building 25","Call customer"
O001043,"2025-11-13 08:11:00",C00011,E0176,Headset,"Computer Accesossories",1,1499,0,PayPal,Delivered,Marketplace,"689 Bonifacio St.","Deliver after 5PM"
O001044,"2025-04-05 08:53:00",C00831,E0157,Webcam,"Computer Accesossories",0,1499,0.1,"Credit Card",Canceled,Marketplace,"Unit 2, Building 4","Gift order"
O001045,"2022-07-30 13:22:00",C00503,E0028,Desk,"Office Furniture",8,19999,0.05,GCash,Canceled,Unknown,"483 Rizal St.",Unknown
O001046,"2024-03-06 19:04:00",C00146,E0054,Laptop,"Mobile Devices",10,29999,0.15,Cash,Returned,Unknown,"Unit 5, Building 14","Urgent"
O001047,"2024-06-04 18:55:00",C00714,E0098,Smartphone,"Mobile Devices",5,12999,0,GCash,Shipped,Marketplace,"41 Rizal St.","Deliver after 5PM"
O001048,"2022-07-13 08:27:00",C00029,E0208,Mouse,"Computer Accesossories",10,1499,0.03,PayPal,Shipped,Online,"443 Quezon St.","Call customer"
O001049,"2023-01-22 17:43:00",C00543,E0129,Printer,"Computer Accesossories",6,3499,0.03,"Credit Card",Canceled,Marketplace,"55 Rizal St.","Gift order"
O001050,"2022-10-07 21:50:00",C00048,E0243,Projector,Electronics,10,4000,0.05,"Debit Card",Returned,Unknown,"Unit 8, Building 45",Unknown
O001051,"2024-09-25 18:56:00",C00821,E0044,Projector,Electronics,9,4000,0,GCash,Shipped,Store,Warehouse,"Gift order"
O001052,"2025-12-14 05:38:00",C00762,E0082,Headset,"Computer Accesossories",7,1499,0,Cash,Pending,Store,"610 Mabini St.","Urgent"
O001053,"2024-05-14 11:28:00",C00031,E0021,Tablet,"Mobile Devices",5,8999,0.05,PayPal,Shipped,Store,"978 Main St.",Unknown
O001054,"2025-11-29 22:04:00",C00369,E0107,Laptop,"Mobile Devices",5,29999,0.1,Cash,Returned,Online,"Unit 7, Building 16",Unknown
O001055,"2022-04-01 02:53:00",C00424,E0041,Monitor,"Computer Accesossories",2,9999,0.03,"Credit Card",Processing,Unknown,"unit 1, building 1","Deliver after 5PM"
O001056,"2024-05-23 12:03:00",C00855,E0071,Projector,Electronics,2,4000,0,PayPal,Pending,Marketplace,"54 Main St.",Unknown
O001057,"2022-08-19 18:20:00",C00819,E0228,Router,Networking,1,1499,0.03,GCash,Pending,Marketplace,"935 Bonifacio St.","Call customer"
O001058,"2022-01-17 08:10:00",C00679,E0192,Router,Networking,7,1499,0.05,"Bank Transfer",Shipped,Unknown,"UNIT 16, BUILDING 50",Unknown
O001059,"2024-02-23 01:23:00",C00363,E0234,Headset,"Computer Accesossories",2,1499,0.05,"Debit Card",Shipped,Store,"Unit 5, Building 48",Unknown
O001060,"2022-02-08 16:34:00",C00686,E0132,Smartphone,"Mobile Devices",1,12999,0.1,"Debit Card",Delivered,Unknown,"518 Main St.","Gift order"
O001061,"2025-09-12 17:05:00",C00437,E0093,Tablet,"Mobile Devices",1,8999,0.03,PayPal,Delivered,Online,"700 Main St.",Unknown
O001062,"2023-10-23 01:01:00",C00357,E0194,Monitor,"Computer Accesossories",7,9999,0.1,Cash,Delivered,Store,"Unit 12, Building 24","Deliver after 5PM"
O001063,"2025-07-04 13:58:00",C00619,E0186,Keyboard,"Computer Accesossories",1,2499,0,"Credit Card",Pending,Online,"Unit 5, Building 8","Deliver after 5PM"
O001064,"2024-09-20 17:14:00",C00695,E0148,Monitor,"Computer Accesossories",8,9999,0.15,"Debit Card",Returned,Online,"606 Bonifacio St.","Gift order"
O001065,"2022-09-22 01:34:00",C00367,E0126,Projector,Electronics,2,4000,0.03,PayPal,Returned,Online,"Unit 11, Building 40","Deliver after 5PM"
O001066,"2022-08-05 10:07:00",C00416,E0225,"External drive",Electronics,7,999,0.15,PayPal,Pending,Online,"526 Quezon St.","Urgent"
O001067,"2023-10-31 08:23:00",C00573,E0205,UPS,Electronics,1,4999,0.1,PayPal,Delivered,Store,"937 Rizal St.",Unknown
O001068,"2022-01-10 13:24:00",C00873,E0183,"External drive",Electronics,5,999,0.03,Cash,Shipped,Store,"Unit 14, Building 1","Gift order"
O001069,"2023-07-20 18:55:00",C00479,E0227,Tablet,"Mobile Devices",8,8999,0.05,"Credit Card",Unknown,Online,Warehouse,Unknown
O001070,"2023-10-19 20:50:00",C00337,E0077,Headset,"Computer Accesossories",10,1499,0.1,Cash,Processing,Online,"Unit 17, Building 11","Gift order"
O001071,"2022-12-02 11:20:00",C00075,E0082,Projector,Electronics,1,4000,0.05,Cash,Unknown,Marketplace,"126 Rizal St.",Unknown
O001072,"2023-07-02 02:32:00",C00959,E0212,Laptop,"Mobile Devices",2,29999,0.2,PayPal,Pending,Store,"619 Rizal St.",Unknown
O001073,"2025-07-03 04:50:00",C00232,E0131,Headset,"Computer Accesossories",9,1499,0.1,"Credit Card",Delivered,Marketplace,"UNIT 14, BUILDING 3","Gift order"
O001074,"2023-02-25 19:54:00",C00072,E0146,Mouse,"Computer Accesossories",2,1499,0,"Credit Card",Processing,Marketplace,"Unit 3, Building 43","Call customer"
O001075,"2025-11-20 19:50:00",C00557,E0150,"Office chair","Office Furniture",7,4999,0,"Credit Card",Pending,Store,"564 Bonifacio St.",Unknown
O001076,"2022-04-05 04:12:00",C00538,E0162,"External drive",Electronics,3,999,0.15,"Credit Card",Canceled,Unknown,Warehouse,"Call customer"
O001077,"2023-05-18 17:58:00",C00668,E0040,Desk,"Office Furniture",7,19999,0.1,"Bank Transfer",Unknown,Store,"995 Quezon St.","Deliver after 5PM"
O001078,"2022-10-29 06:12:00",C00556,E0044,Printer,"Computer Accesossories",0,3499,0.15,"Bank Transfer",Canceled,Online,"Unit 1, Building 37","Gift order"
O001079,"2024-07-31 16:59:00",C00971,E0147,Unknown,Unknown,9,19999,0.15,"Bank Transfer",Canceled,Store,"65 Rizal St.","Urgent"
O001080,"2024-01-27 05:34:00",C00795,E0020,Smartphone,"Mobile Devices",7,12999,0.15,GCash,Canceled,Store,"127 Main St.",Unknown
O001081,"2022-01-09 19:34:00",C00588,E0012,Projector,Electronics,5,4000,0.15,GCash,Shipped,Marketplace,"553 Quezon St.","Urgent"
O001082,"2022-07-24 06:04:00",C00305,E0015,"Office chair","Office Furniture",1,4999,0.1,"Bank Transfer",Shipped,Online,"544 Quezon St.","Urgent"
O001083,"2025-08-08 10:45:00",C00539,E0136,Unknown,Unknown,8,799,0,"Debit Card",Returned,Marketplace,"Unit 4, Building 31","Urgent"
O001084,"2023-07-08 15:38:00",C00163,E0116,Mouse,"Computer Accesossories",5,1499,0.15,GCash,Delivered,Online,"534 Mabini St.","Call customer"
O001085,"2024-06-24 14:18:00",C00679,E0082,Projector,Electronics,3,4000,0.15,"Debit Card",Shipped,Online,"466 Rizal St.","Urgent"
O001086,"2022-10-05 22:26:00",C00793,E0067,Monitor,"Computer Accesossories",5,9999,0.05,"Credit Card",Returned,Store,"Unit 5, Building 13","Gift order"
O001087,"2025-08-22 16:47:00",C00233,E0093,Desk,"Office Furniture",10,19999,0,Cash,Shipped,Unknown,"949 Main St.","Gift order"
O001088,"2023-04-20 20:23:00",C00423,E0221,Printer,"Computer Accesossories",1,3499,0.1,"Bank Transfer",Unknown,Store,"Unit 13, Building 23","Call customer"
O001089,"2023-05-25 01:03:00",C00891,E0126,Router,Networking,9,1499,0.2,Cash,Shipped,Unknown,"564 bonifacio st.","Gift order"
O001090,"2024-02-04 12:36:00",C00414,E0193,UPS,Electronics,1,4999,0.2,"Credit Card",Pending,Store,"152 Quezon St.","Deliver after 5PM"
O001091,"2025-08-16 09:48:00",C00063,E0217,"Office chair","Office Furniture",6,4999,0.05,"Bank Transfer",Shipped,Unknown,"Unit 7, Building 46","Deliver after 5PM"
O001092,"2025-08-02 17:31:00",C00353,E0226,"Office chair","Office Furniture",10,4999,0.2,Cash,Pending,Marketplace,"747 Rizal St.","Urgent"
O001093,"2025-05-20 15:29:00",C00735,E0250,Keyboard,"Computer Accesossories",5,2499,0,"Bank Transfer",Delivered,Unknown,"Unit 10, Building 31",Unknown
O001094,"2023-07-16 19:30:00",C00011,E0105,Headset,"Computer Accesossories",4,1499,0,GCash,Canceled,Store,"629 bonifacio st.","Urgent"
O001095,"2024-05-17 11:32:00",C00292,E0133,Tablet,"Mobile Devices",8,8999,0.03,"Credit Card",Shipped,Marketplace,"985 Main St.","Call customer"
O001096,"2023-07-18 01:45:00",C00222,E0019,Router,Networking,1,1499,0.2,"Debit Card",Delivered,Unknown,"939 Mabini St.","Urgent"
O001097,"2025-11-16 23:53:00",C00187,E0101,Printer,"Computer Accesossories",9,3499,0,GCash,Canceled,Online,"651 Quezon St.",Unknown
O001098,"2024-06-28 00:39:00",C00415,E0046,UPS,Electronics,7,4999,0.1,"Bank Transfer",Pending,Online,"42 Quezon St.","Deliver after 5PM"
O001099,"2024-10-18 15:42:00",C00200,E0100,Tablet,"Mobile Devices",4,8999,0,"Debit Card",Returned,Store,"Unit 17, Building 24","Deliver after 5PM"
O001100,"2022-11-11 16:10:00",C00108,E0081,Tablet,"Mobile Devices",10,8999,0.05,GCash,Delivered,Marketplace,"659 mabini st.",Unknown
O001101,"2025-09-24 06:41:00",C00768,E0025,Projector,Electronics,6,4000,0.1,"Credit Card",Pending,Store,"UNIT 12, BUILDING 34","Call customer"
O001102,"2023-04-11 16:57:00",C00922,E0056,UPS,Electronics,7,4999,0.05,"Credit Card",Returned,Marketplace,"Unit 6, Building 12",Unknown
O001103,"2025-06-05 15:20:00",C00212,E0138,Headset,"Computer Accesossories",2,1499,0,PayPal,Shipped,Online,"Unit 13, Building 43",Unknown
O001104,"2025-03-22 20:24:00",C00849,E0037,"External drive",Electronics,4,999,0.2,"Bank Transfer",Processing,Online,"unit 1, building 42",Unknown
O001105,"2025-08-16 03:50:00",C00489,E0091,Tablet,"Mobile Devices",2,8999,0,"Bank Transfer",Returned,Online,"Unit 11, Building 4",Unknown
O001106,"2022-06-16 00:11:00",C00430,E0217,Smartphone,"Mobile Devices",6,12999,0.05,"Bank Transfer",Returned,Marketplace,"Unit 11, Building 1","Deliver after 5PM"
O001107,"2022-02-13 23:09:00",C00780,E0180,Keyboard,"Computer Accesossories",1,2499,0.1,"Bank Transfer",Shipped,Online,"Unit 11, Building 14",Unknown
O001108,"2024-12-17 02:40:00",C00665,E0097,Monitor,"Computer Accesossories",3,9999,0,Cash,Pending,Online,"Unit 15, Building 4","Call customer"
O001109,"2022-08-31 03:29:00",C00609,E0148,Printer,"Computer Accesossories",8,3499,0,GCash,Pending,Marketplace,"631 Quezon St.","Deliver after 5PM"
O001110,"2023-03-25 00:32:00",C00577,E0139,Webcam,"Computer Accesossories",9,1499,0,"Credit Card",Canceled,Store,"Unit 18, Building 44","Gift order"
O001111,"2023-06-04 16:11:00",C00264,E0125,Projector,Electronics,1,4000,0.05,"Credit Card",Processing,Store,"Unit 3, Building 21",Unknown
O001112,"2024-12-04 02:17:00",C00416,E0079,Tablet,"Mobile Devices",3,8999,0,"Bank Transfer",Returned,Online,"383 Bonifacio St.","Deliver after 5PM"
O001113,"2022-06-25 07:07:00",C00248,E0098,"External drive",Electronics,2,999,0.2,"Bank Transfer",Shipped,Marketplace,"Unit 9, Building 4","Deliver after 5PM"
O001114,"2022-05-13 10:06:00",C00908,E0024,Projector,Electronics,10,4000,0.15,PayPal,Unknown,Store,"Unit 2, Building 41","Deliver after 5PM"
O001115,"2022-05-29 09:19:00",C00106,E0123,"External drive",Electronics,7,999,0,"Debit Card",Delivered,Marketplace,"568 Rizal St.",Unknown
O001116,"2024-09-09 15:45:00",C00237,E0016,Mouse,"Computer Accesossories",6,1499,0,GCash,Delivered,Marketplace,"649 Quezon St.","Deliver after 5PM"
O001117,"2023-12-11 16:59:00",C00140,E0221,Projector,Electronics,6,4000,0,GCash,Processing,Online,"Unit 2, Building 35",Unknown
O001118,"2022-12-05 13:32:00",C00204,E0178,Printer,"Computer Accesossories",10,3499,0.05,PayPal,Delivered,Marketplace,"798 Main St.","Call customer"
O001119,"2024-01-25 07:10:00",C00507,E0063,Monitor,"Computer Accesossories",0,9999,0.15,"Credit Card",Returned,Marketplace,"241 Mabini St.",Unknown
O001120,"2024-09-15 18:56:00",C00383,E0005,Laptop,"Mobile Devices",7,29999,0.03,"Debit Card",Returned,Marketplace,"unit 6, building 40","Urgent"
O001121,"2024-01-19 23:22:00",C00024,E0197,Desk,"Office Furniture",3,19999,0.1,"Debit Card",Delivered,Online,"Unit 2, Building 24",Unknown
O001122,"2022-10-06 13:09:00",C00066,E0022,"Office chair","Office Furniture",2,4999,0,"Bank Transfer",Processing,Online,"Unit 15, Building 31",Unknown
O001123,"2025-01-20 16:44:00",C00602,E0138,Unknown,Unknown,4,7999,0.15,PayPal,Shipped,Store,"553 Bonifacio St.",Unknown
O001124,"2022-11-04 20:50:00",C00766,E0094,Projector,Electronics,10,4000,0.2,"Bank Transfer",Shipped,Store,"642 Mabini St.","Urgent"
O001125,"2023-07-29 13:53:00",C00215,E0133,Laptop,"Mobile Devices",3,29999,0,"Bank Transfer",Processing,Marketplace,"349 Main St.","Urgent"
O001126,"2025-06-16 04:04:00",C00711,E0048,Headset,"Computer Accesossories",10,1499,0.05,Cash,Processing,Store,"Unit 12, Building 25",Unknown
O001127,"2024-04-30 05:20:00",C00327,E0044,Webcam,"Computer Accesossories",10,1499,0.03,Cash,Canceled,Store,"959 quezon st.",Unknown
O001128,"2022-12-24 06:45:00",C00572,E0170,Webcam,"Computer Accesossories",4,1499,0.05,"Bank Transfer",Delivered,Unknown,"728 Quezon St.","Urgent"
O001129,"2022-05-29 22:37:00",C00247,E0012,"External drive",Electronics,1,999,0.2,"Bank Transfer",Delivered,Marketplace,"181 main st.","Urgent"
O001130,"2025-05-10 02:45:00",C00709,E0113,Printer,"Computer Accesossories",2,3499,0.15,GCash,Processing,Store,"506 Mabini St.","Deliver after 5PM"
O001131,"2023-10-13 19:51:00",C00353,E0034,Projector,Electronics,0,4000,0.1,"Credit Card",Delivered,Store,"Unit 3, Building 15","Urgent"
O001132,"2022-11-16 06:34:00",C00031,E0218,Tablet,"Mobile Devices",2,8999,0.03,Cash,Unknown,Marketplace,"398 Bonifacio St.",Unknown
O001133,"2024-08-11 15:09:00",C00713,E0183,Tablet,"Mobile Devices",3,8999,0,"Credit Card",Shipped,Store,"372 Main St.","Call customer"
O001134,"2022-05-20 01:19:00",C00900,E0229,"Office chair","Office Furniture",5,4999,0,"Bank Transfer",Canceled,Store,"301 Main St.","Urgent"
O001135,"2023-11-24 18:40:00",C00815,E0099,Mouse,"Computer Accesossories",7,1499,0.03,"Debit Card",Processing,Online,Warehouse,"Deliver after 5PM"
O001136,"2023-09-04 03:25:00",C00532,E0062,Smartphone,"Mobile Devices",8,12999,0.1,"Debit Card",Shipped,Marketplace,"Unit 13, Building 48",Unknown
O001137,"2022-07-20 16:06:00",C00357,E0027,Tablet,"Mobile Devices",1,8999,0.1,n/a,Canceled,Online,"993 Mabini St.","Gift order"
O001138,"2024-08-27 20:22:00",C00678,E0038,Smartphone,"Mobile Devices",5,12999,0.03,"Debit Card",Returned,Online,"Unit 18, Building 48","Urgent"
O001139,"2022-01-21 04:56:00",C00393,E0201,Smartphone,"Mobile Devices",9,12999,0.03,"Debit Card",Returned,Unknown,"Unit 15, Building 19","Call customer"
O001140,"2024-01-15 18:23:00",C00437,E0185,Tablet,"Mobile Devices",9,8999,0,"Debit Card",Shipped,Marketplace,"209 Quezon St.","Urgent"
O001141,"2023-06-19 10:03:00",C00043,E0039,Projector,Electronics,2,4000,0.1,Cash,Unknown,Store,"372 Rizal St.",Unknown
O001142,"2023-01-21 08:47:00",C00355,E0077,UPS,Electronics,7,4999,0.15,"Bank Transfer",Shipped,Marketplace,"Unit 18, Building 8","Deliver after 5PM"
O001143,"2024-04-11 19:40:00",C00677,E0250,"Office chair","Office Furniture",1,4999,0.2,"Bank Transfer",Shipped,Online,"Unit 15, Building 36","Call customer"
O001144,"2022-04-08 17:16:00",C00254,E0204,Projector,Electronics,1,4000,0.05,"Debit Card",Pending,Store,Warehouse,"Deliver after 5PM"
O001145,"2023-12-07 20:21:00",C00700,E0086,Unknown,Unknown,5,1499,0.05,PayPal,Canceled,Marketplace,"853 Bonifacio St.","Deliver after 5PM"
O001146,"2024-12-19 01:49:00",C00871,E0221,"Office chair","Office Furniture",9,4999,0,Cash,Canceled,Online,"233 BONIFACIO ST.","Deliver after 5PM"
O001147,"2022-10-19 22:44:00",C00865,E0126,UPS,Electronics,10,4999,0,"Debit Card",Returned,Online,"Unit 10, Building 16","Gift order"
O001148,"2023-03-01 17:41:00",C00508,E0109,Tablet,"Mobile Devices",2,8999,0.1,GCash,Returned,Store,"Unit 7, Building 11","Gift order"
O001149,"2022-03-29 06:43:00",C00416,E0196,"Office chair","Office Furniture",2,4999,0.1,"Debit Card",Delivered,Store,"Unit 17, Building 29","Deliver after 5PM"
O001150,"2022-06-25 20:40:00",C00106,E0121,Unknown,Unknown,1,2999,0.15,"Bank Transfer",Returned,Store,"547 Main St.","Call customer"
O001151,"2023-01-30 09:04:00",C00424,E0032,Monitor,"Computer Accesossories",8,9999,0.03,"Credit Card",Canceled,Store,"Unit 10, Building 8","Call customer"
O001152,"2023-12-16 13:55:00",C00547,E0084,Tablet,"Mobile Devices",4,8999,0.15,PayPal,Canceled,Store,"Unit 4, Building 20",Unknown
O001153,"2022-08-02 12:23:00",C00812,E0242,Printer,"Computer Accesossories",1,3499,0.2,Cash,Returned,Unknown,"UNIT 17, BUILDING 11","Deliver after 5PM"
O001154,"2024-07-25 06:48:00",C00529,E0022,Mouse,"Computer Accesossories",4,1499,0,GCash,Canceled,Online,Warehouse,Unknown
O001155,"2024-12-10 23:14:00",C00262,E0149,Keyboard,"Computer Accesossories",2,2499,0.1,"Bank Transfer",Pending,Store,"949 Quezon St.",Unknown
O001156,"2025-02-17 03:35:00",C00516,E0137,Mouse,"Computer Accesossories",6,1499,0.2,PayPal,Canceled,Online,"159 Bonifacio St.","Gift order"
O001157,"2025-11-16 21:16:00",C00091,E0107,Headset,"Computer Accesossories",2,1499,0.15,PayPal,Canceled,Store,"664 Bonifacio St.",Unknown
O001158,"2025-02-13 04:50:00",C00608,E0082,Mouse,"Computer Accesossories",9,1499,0.03,PayPal,Pending,Unknown,"308 Bonifacio St.",Unknown
O001159,"2022-11-23 07:03:00",C00395,E0126,Laptop,"Mobile Devices",0,29999,0.05,Cash,Canceled,Online,"262 mabini st.","Deliver after 5PM"
O001160,"2024-07-03 09:32:00",C00436,E0180,Monitor,"Computer Accesossories",3,9999,0.15,"Credit Card",Delivered,Online,"Unit 7, Building 40",Unknown
O001161,"2023-05-07 13:35:00",C00715,E0106,Tablet,"Mobile Devices",1,8999,0,"Bank Transfer",Returned,Store,"488 Mabini St.","Deliver after 5PM"
O001162,"2023-07-12 11:14:00",C00577,E0036,Router,Networking,8,1499,0.05,"Bank Transfer",Returned,Marketplace,"320 Bonifacio St.","Gift order"
O001163,"2022-03-18 09:08:00",C00509,E0164,Laptop,"Mobile Devices",6,29999,0.1,GCash,Pending,Online,"Unit 8, Building 29","Urgent"
O001164,"2025-04-21 09:00:00",C00161,E0112,Tablet,"Mobile Devices",1,8999,0.2,GCash,Shipped,Online,"16 Bonifacio St.","Deliver after 5PM"
O001165,"2024-08-05 00:55:00",C00131,E0160,Printer,"Computer Accesossories",4,3499,0.03,Cash,Shipped,Store,"388 Rizal St.",Unknown
O001166,"2025-09-26 15:42:00",C00491,E0054,Webcam,"Computer Accesossories",6,1499,0.05,Cash,Delivered,Online,"900 Main St.","Gift order"
O001167,"2022-02-12 22:10:00",C00523,E0022,Printer,"Computer Accesossories",6,3499,0,"Bank Transfer",Shipped,Marketplace,"270 Quezon St.","Urgent"
O001168,"2024-05-05 00:23:00",C00722,E0151,Desk,"Office Furniture",9,19999,0.15,GCash,Returned,Online,"527 Quezon St.","Call customer"
O001169,"2025-08-02 00:12:00",C00822,E0191,Desk,"Office Furniture",5,19999,0.03,"Credit Card",Pending,Unknown,"299 MABINI ST.","Call customer"
O001170,"2024-06-19 19:39:00",C00873,E0219,"External drive",Electronics,1,999,0,Cash,Processing,Marketplace,"458 Bonifacio St.","Call customer"
O001171,"2022-08-12 01:18:00",C00621,E0093,"External drive",Electronics,7,999,0.1,PayPal,Shipped,Online,"Unit 15, Building 6","Call customer"
O001172,"2024-07-13 18:07:00",C00945,E0042,Webcam,"Computer Accesossories",1,1499,0,"Credit Card",Returned,Online,"Unit 15, Building 26","Urgent"
O001173,"2025-10-14 12:24:00",C00401,E0155,Unknown,Unknown,9,9999,0.15,"Credit Card",Pending,Marketplace,"126 Bonifacio St.","Deliver after 5PM"
O001174,"2023-08-08 19:03:00",C00464,E0036,"Office chair","Office Furniture",5,4999,0,"Bank Transfer",Pending,Store,"Unit 2, Building 30","Deliver after 5PM"
O001175,"2023-05-19 19:07:00",C00964,E0226,Laptop,"Mobile Devices",7,29999,0.15,GCash,Pending,Online,"Unit 18, Building 32",Unknown
O001176,"2024-08-19 11:01:00",C00616,E0161,Keyboard,"Computer Accesossories",10,2499,0,"Bank Transfer",Delivered,Marketplace,"Unit 8, Building 6",Unknown
O001177,"2024-11-28 12:11:00",C00815,E0058,"External drive",Electronics,8,999,0.03,Cash,Processing,Unknown,Warehouse,"Call customer"
O001178,"2024-04-04 12:23:00",C00404,E0077,Printer,"Computer Accesossories",10,3499,0.03,GCash,Shipped,Store,"668 Main St.","Deliver after 5PM"
O001179,"2023-05-27 08:58:00",C00167,E0211,Laptop,"Mobile Devices",9,29999,0.15,"Debit Card",Delivered,Store,"429 Bonifacio St.","Urgent"
O001180,"2023-01-21 02:50:00",C00951,E0081,Smartphone,"Mobile Devices",0,12999,0,PayPal,Delivered,Online,"Unit 6, Building 31",Unknown
O001181,"2025-03-14 23:54:00",C00631,E0080,UPS,Electronics,4,4999,0,"Bank Transfer",Canceled,Unknown,"Unit 2, Building 47",Unknown
O001182,"2023-03-14 02:34:00",C00847,E0036,Mouse,"Computer Accesossories",8,1499,0.05,"Debit Card",Returned,Store,"288 Quezon St.","Call customer"
O001183,"2025-10-14 01:04:00",C00118,E0229,Printer,"Computer Accesossories",9,3499,0.15,"Debit Card",Returned,Store,"Unit 5, Building 35",Unknown
O001184,"2022-01-05 15:44:00",C00342,E0217,Monitor,"Computer Accesossories",4,9999,0,"Bank Transfer",Canceled,Store,"Unit 9, Building 4","Call customer"
O001185,"2023-07-06 13:45:00",C00661,E0111,Monitor,"Computer Accesossories",3,9999,0.2,"Bank Transfer",Pending,Marketplace,"Unit 8, Building 49","Urgent"
O001186,"2025-01-25 00:44:00",C00773,E0054,Monitor,"Computer Accesossories",1,9999,0.2,GCash,Pending,Marketplace,"701 Rizal St.","Call customer"
O001187,"2025-07-22 23:48:00",C00916,E0085,Smartphone,"Mobile Devices",3,12999,0,PayPal,Processing,Marketplace,"Unit 12, Building 25","Gift order"
O001188,"2025-01-23 22:14:00",C00074,E0008,Tablet,"Mobile Devices",10,8999,0.03,GCash,Delivered,Store,"Unit 17, Building 1",Unknown
O001189,"2024-11-09 07:38:00",C00576,E0111,Projector,Electronics,4,4000,0.15,PayPal,Delivered,Unknown,"Unit 15, Building 49","Gift order"
O001190,"2022-11-19 21:20:00",C00102,E0241,Webcam,"Computer Accesossories",8,1499,0.1,GCash,Shipped,Online,"Unit 5, Building 3","Deliver after 5PM"
O001191,"2022-04-07 14:18:00",C00258,E0123,Headset,"Computer Accesossories",1,1499,0.15,n/a,Delivered,Online,"588 Quezon St.","Gift order"
O001192,"2024-09-27 05:39:00",C00915,E0111,Monitor,"Computer Accesossories",7,9999,0.03,"Bank Transfer",Pending,Online,"712 Bonifacio St.","Gift order"
O001193,"2024-01-21 04:44:00",C00770,E0050,Laptop,"Mobile Devices",9,29999,0,Cash,Canceled,Online,"339 Rizal St.","Gift order"
O001194,"2023-08-28 02:51:00",C00025,E0206,Printer,"Computer Accesossories",7,3499,0.1,"Credit Card",Returned,Marketplace,"486 Main St.",Unknown
O001195,"2024-05-30 14:41:00",C00262,E0032,Webcam,"Computer Accesossories",8,1499,0,PayPal,Canceled,Store,"738 Main St.",Unknown
O001196,"2023-12-08 12:17:00",C00461,E0152,Laptop,"Mobile Devices",6,29999,0.05,"Bank Transfer",Shipped,Unknown,"944 Mabini St.",Unknown
O001197,"2025-04-09 19:45:00",C00412,E0081,Keyboard,"Computer Accesossories",4,2499,0,"Debit Card",Processing,Store,Warehouse,"Gift order"
O001198,"2022-03-08 00:01:00",C00832,E0182,"External drive",Electronics,8,999,0.03,Cash,Processing,Marketplace,"83 main st.","Gift order"
O001199,"2022-12-25 12:14:00",C00941,E0067,Webcam,"Computer Accesossories",1,1499,0.2,PayPal,Delivered,Online,"110 Rizal St.",Unknown
O001200,"2023-04-20 01:25:00",C00720,E0104,Webcam,"Computer Accesossories",8,1499,0,"Bank Transfer",Shipped,Online,"207 Quezon St.",Unknown
O001201,"2024-03-19 17:26:00",C00298,E0122,UPS,Electronics,5,4999,0,"Bank Transfer",Shipped,Online,"Unit 11, Building 12","Gift order"
O001202,"2025-01-07 18:53:00",C00398,E0161,UPS,Electronics,8,4999,0,PayPal,Returned,Online,"Unit 1, Building 40",Unknown
O001203,"2025-10-22 14:50:00",C00969,E0098,Router,Networking,6,1499,0.15,"Bank Transfer",Returned,Marketplace,"UNIT 8, BUILDING 50","Deliver after 5PM"
O001204,"2025-10-31 00:27:00",C00408,E0014,Smartphone,"Mobile Devices",9,12999,0.1,GCash,Shipped,Unknown,"Unit 9, Building 13","Urgent"
O001205,"2024-04-14 07:20:00",C00990,E0236,Mouse,"Computer Accesossories",1,1499,0,PayPal,Returned,Online,"Unit 18, Building 32","Deliver after 5PM"
O001206,"2024-04-13 09:31:00",C00747,E0078,Webcam,"Computer Accesossories",10,1499,0.03,PayPal,Returned,Marketplace,"Unit 17, Building 10",Unknown
O001207,"2023-01-19 10:33:00",C00008,E0066,"External drive",Electronics,9,999,0.05,PayPal,Canceled,Marketplace,"963 MAIN ST.",Unknown
O001208,"2025-09-07 04:40:00",C00855,E0084,Laptop,"Mobile Devices",6,29999,0.2,"Bank Transfer",Shipped,Online,"Unit 14, Building 20",Unknown
O001209,"2023-04-08 17:42:00",C00241,E0051,"Office chair","Office Furniture",3,4999,0,"Debit Card",Shipped,Store,"550 Main St.","Urgent"
O001210,"2023-09-26 03:31:00",C00661,E0197,Tablet,"Mobile Devices",5,8999,0,"Debit Card",Delivered,Store,"657 Main St.","Call customer"
O001211,"2024-11-30 08:18:00",C00502,E0179,Monitor,"Computer Accesossories",2,9999,0.1,"Debit Card",Unknown,Store,"Unit 10, Building 18","Call customer"
O001212,"2022-01-29 16:00:00",C00651,E0012,Projector,Electronics,1,4000,0.15,"Bank Transfer",Returned,Store,"Unit 8, Building 30","Urgent"
O001213,"2024-05-01 20:20:00",C00900,E0099,"Office chair","Office Furniture",0,4999,0.15,Cash,Pending,Store,Warehouse,"Call customer"
O001214,"2023-02-04 14:34:00",C00742,E0168,Projector,Electronics,7,4000,0,n/a,Pending,Store,"Unit 6, Building 14",Unknown
O001215,"2024-03-12 05:07:00",C00575,E0016,Unknown,Unknown,2,2999,0.15,"Credit Card",Processing,Unknown,"Unit 5, Building 43","Deliver after 5PM"
O001216,"2023-05-02 09:37:00",C00554,E0125,Smartphone,"Mobile Devices",4,12999,0,GCash,Processing,Store,"517 Mabini St.",Unknown
O001217,"2023-03-18 20:33:00",C00329,E0246,UPS,Electronics,2,4999,0.05,PayPal,Canceled,Marketplace,"737 Bonifacio St.",Unknown
O001218,"2025-06-02 09:04:00",C00192,E0119,Tablet,"Mobile Devices",10,8999,0,PayPal,Shipped,Marketplace,"945 Bonifacio St.","Urgent"
O001219,"2024-11-17 08:21:00",C00044,E0216,Laptop,"Mobile Devices",5,29999,0.05,GCash,Canceled,Marketplace,"753 Bonifacio St.",Unknown
O001220,"2025-02-15 20:42:00",C00885,E0054,"External drive",Electronics,8,999,0.05,PayPal,Shipped,Unknown,"778 Mabini St.","Deliver after 5PM"
O001221,"2023-07-04 13:52:00",C00131,E0200,Mouse,"Computer Accesossories",1,1499,0,"Credit Card",Returned,Marketplace,"804 Quezon St.","Call customer"
O001222,"2022-08-26 18:44:00",C00052,E0160,"Office chair","Office Furniture",8,4999,0.1,"Credit Card",Canceled,Marketplace,"470 Quezon St.","Urgent"
O001223,"2025-10-02 17:38:00",C00428,E0064,Printer,"Computer Accesossories",2,3499,0,PayPal,Pending,Store,"Unit 11, Building 50","Gift order"
O001224,"2023-05-26 06:49:00",C00492,E0097,"Office chair","Office Furniture",9,4999,0,"Debit Card",Delivered,Marketplace,"Unit 13, Building 18",Unknown
O001225,"2024-03-31 09:55:00",C00361,E0067,Desk,"Office Furniture",2,19999,0.05,"Credit Card",Canceled,Store,"Unit 17, Building 19","Call customer"
O001226,"2022-08-31 22:44:00",C00201,E0124,Laptop,"Mobile Devices",1,29999,0,Cash,Canceled,Online,"Unit 15, Building 24","Call customer"
O001227,"2022-12-01 05:36:00",C00079,E0158,Smartphone,"Mobile Devices",4,12999,0.05,Cash,Pending,Online,"UNIT 10, BUILDING 13","Deliver after 5PM"
O001228,"2024-11-30 10:38:00",C00278,E0121,Printer,"Computer Accesossories",2,3499,0,"Debit Card",Delivered,Store,"unit 7, building 46",Unknown
O001229,"2024-09-11 14:24:00",C00809,E0159,Desk,"Office Furniture",9,19999,0,PayPal,Canceled,Unknown,"808 Main St.",Unknown
O001230,"2024-09-30 09:03:00",C00434,E0147,"Office chair","Office Furniture",5,4999,0.1,"Bank Transfer",Processing,Store,"unit 12, building 38","Call customer"
O001231,"2025-04-08 22:11:00",C00356,E0082,Projector,Electronics,6,4000,0.05,"Credit Card",Delivered,Store,"341 Main St.","Gift order"
O001232,"2023-02-16 04:31:00",C00133,E0135,Router,Networking,3,1499,0,"Debit Card",Processing,Online,"3 Rizal St.","Gift order"
O001233,"2023-07-23 02:45:00",C00176,E0085,Keyboard,"Computer Accesossories",10,2499,0,Cash,Returned,Online,"Unit 12, Building 3",Unknown
O001234,"2023-10-01 17:23:00",C00252,E0086,Printer,"Computer Accesossories",1,3499,0.2,"Debit Card",Processing,Store,"Unit 1, Building 18","Deliver after 5PM"
O001235,"2022-10-04 15:23:00",C00384,E0108,Webcam,"Computer Accesossories",4,1499,0,"Debit Card",Delivered,Marketplace,"605 Bonifacio St.","Urgent"
O001236,"2025-06-08 18:49:00",C00354,E0184,"Office chair","Office Furniture",9,4999,0,"Credit Card",Pending,Unknown,Warehouse,Unknown
O001237,"2023-08-15 00:19:00",C00342,E0106,Smartphone,"Mobile Devices",6,12999,0,GCash,Canceled,Unknown,"Unit 11, Building 35","Gift order"
O001238,"2025-12-28 22:08:00",C00063,E0103,Mouse,"Computer Accesossories",3,1499,0,Cash,Processing,Store,"349 Bonifacio St.",Unknown
O001239,"2022-10-29 01:53:00",C00568,E0106,Smartphone,"Mobile Devices",7,12999,0.03,PayPal,Returned,Marketplace,"306 Rizal St.",Unknown
O001240,"2022-09-27 22:03:00",C00176,E0140,Smartphone,"Mobile Devices",2,12999,0.15,"Debit Card",Processing,Store,"Unit 13, Building 8","Urgent"
O001241,"2025-04-20 08:57:00",C00058,E0231,"External drive",Electronics,5,999,0.05,"Bank Transfer",Shipped,Online,Warehouse,"Gift order"
O001242,"2022-03-23 19:03:00",C00932,E0032,Router,Networking,4,1499,0.03,PayPal,Processing,Store,"Unit 11, Building 39","Gift order"
O001243,"2023-02-05 17:46:00",C00443,E0043,Tablet,"Mobile Devices",5,8999,0.05,"Credit Card",Pending,Marketplace,"181 Rizal St.","Gift order"
O001244,"2025-10-27 00:49:00",C00176,E0080,"Office chair","Office Furniture",1,4999,0,"Credit Card",Shipped,Unknown,"27 Bonifacio St.",Unknown
O001245,"2025-08-12 11:02:00",C00286,E0029,"Office chair","Office Furniture",3,4999,0.1,PayPal,Processing,Store,"458 Bonifacio St.","Deliver after 5PM"
O001246,"2022-02-14 10:15:00",C00371,E0147,"Office chair","Office Furniture",10,4999,0.1,n/a,Unknown,Online,"Unit 18, Building 28","Call customer"
O001247,"2024-03-17 21:29:00",C00256,E0190,"Office chair","Office Furniture",6,4999,0.15,Cash,Delivered,Unknown,"859 Rizal St.","Call customer"
O001248,"2022-09-24 21:43:00",C00896,E0095,"Office chair","Office Furniture",2,4999,0,Cash,Returned,Unknown,"Unit 9, Building 4","Call customer"
O001249,"2024-09-17 01:15:00",C00778,E0051,Router,Networking,5,1499,0.05,"Credit Card",Pending,Store,"Unit 12, Building 10",Unknown
O001250,"2022-03-30 19:04:00",C00374,E0062,Router,Networking,9,1499,0.2,"Credit Card",Delivered,Online,"289 Quezon St.",Unknown
O001251,"2025-07-06 21:24:00",C00038,E0120,Smartphone,"Mobile Devices",3,12999,0.03,PayPal,Shipped,Online,"Unit 20, Building 41",Unknown
O001252,"2022-08-19 23:32:00",C00072,E0212,Laptop,"Mobile Devices",0,29999,0.15,PayPal,Pending,Marketplace,"Unit 6, Building 2","Urgent"
O001253,"2022-02-03 22:26:00",C00688,E0217,Printer,"Computer Accesossories",5,3499,0,Cash,Canceled,Store,"325 Main St.","Gift order"
O001254,"2024-01-03 20:07:00",C00413,E0006,Tablet,"Mobile Devices",5,8999,0.05,"Bank Transfer",Returned,Online,"118 main st.",Unknown
O001255,"2023-06-09 06:48:00",C00878,E0108,Unknown,Unknown,4,1999,0.2,"Bank Transfer",Returned,Online,"450 Rizal St.","Call customer"
O001256,"2023-10-20 23:47:00",C00758,E0157,Desk,"Office Furniture",1,19999,0,"Credit Card",Delivered,Unknown,"628 Bonifacio St.",Unknown
O001257,"2023-07-05 01:01:00",C00883,E0160,Headset,"Computer Accesossories",10,1499,0.2,GCash,Processing,Online,"Unit 3, Building 22","Call customer"
O001258,"2023-06-27 20:12:00",C00491,E0063,Webcam,"Computer Accesossories",1,1499,0.03,"Bank Transfer",Shipped,Online,"39 Mabini St.",Unknown
O001259,"2022-10-05 22:56:00",C00510,E0159,Webcam,"Computer Accesossories",0,1499,0.1,GCash,Shipped,Store,"625 Rizal St.",Unknown
O001260,"2023-12-29 14:36:00",C00086,E0213,Router,Networking,9,1499,0.1,"Bank Transfer",Processing,Marketplace,"unit 5, building 25","Deliver after 5PM"
O001261,"2024-05-16 03:05:00",C00761,E0146,Keyboard,"Computer Accesossories",0,2499,0,"Bank Transfer",Unknown,Store,"UNIT 7, BUILDING 14","Gift order"
O001262,"2022-01-18 22:21:00",C00944,E0013,Smartphone,"Mobile Devices",0,12999,0,"Bank Transfer",Processing,Unknown,"Unit 17, Building 3","Call customer"
O001263,"2024-06-01 09:19:00",C00130,E0067,Mouse,"Computer Accesossories",10,1499,0,GCash,Pending,Online,"Unit 17, Building 8","Deliver after 5PM"
O001264,"2023-03-08 13:31:00",C00461,E0114,Printer,"Computer Accesossories",10,3499,0,"Bank Transfer",Shipped,Unknown,"Unit 9, Building 13","Urgent"
O001265,"2022-08-04 10:52:00",C00254,E0211,Webcam,"Computer Accesossories",3,1499,0.15,Cash,Delivered,Online,"Unit 13, Building 31","Call customer"
O001266,"2022-06-03 10:15:00",C00531,E0027,Keyboard,"Computer Accesossories",5,2499,0,Cash,Unknown,Unknown,"147 Main St.",Unknown
O001267,"2024-04-09 00:38:00",C00548,E0207,"External drive",Electronics,1,999,0.15,n/a,Delivered,Marketplace,"918 Bonifacio St.","Call customer"
O001268,"2025-10-07 22:57:00",C00173,E0120,Router,Networking,2,1499,0.2,PayPal,Pending,Store,"Unit 14, Building 23",Unknown
O001269,"2025-12-19 16:37:00",C00640,E0148,UPS,Electronics,9,4999,0,"Bank Transfer",Shipped,Store,"987 Main St.","Call customer"
O001270,"2025-02-13 14:26:00",C00686,E0174,"External drive",Electronics,5,999,0.03,PayPal,Canceled,Online,"525 Mabini St.","Gift order"
O001271,"2025-05-19 09:28:00",C00728,E0147,Unknown,Unknown,2,9999,0.03,"Credit Card",Canceled,Marketplace,"161 Rizal St.","Urgent"
O001272,"2022-08-17 13:31:00",C00969,E0229,Desk,"Office Furniture",9,19999,0.1,"Bank Transfer",Processing,Store,"753 Mabini St.","Urgent"
O001273,"2025-02-14 10:16:00",C00903,E0148,Webcam,"Computer Accesossories",5,1499,0.03,"Credit Card",Delivered,Online,"Unit 17, Building 8","Deliver after 5PM"
O001274,"2024-03-12 01:08:00",C00887,E0020,"Office chair","Office Furniture",6,4999,0.03,Cash,Canceled,Online,"Unit 10, Building 46",Unknown
O001275,"2022-06-05 11:03:00",C00541,E0039,Tablet,"Mobile Devices",4,8999,0.15,Cash,Processing,Store,"Unit 10, Building 42",Unknown
O001276,"2023-09-22 04:56:00",C00841,E0052,Tablet,"Mobile Devices",8,8999,0,Cash,Delivered,Marketplace,"Unit 2, Building 50",Unknown
O001277,"2023-10-15 15:50:00",C00223,E0100,Monitor,"Computer Accesossories",1,9999,0.03,Cash,Pending,Unknown,"Unit 20, Building 21",Unknown
O001278,"2025-08-06 08:32:00",C00077,E0114,Webcam,"Computer Accesossories",5,1499,0.05,Cash,Pending,Online,"Unit 16, Building 43","Deliver after 5PM"
O001279,"2024-02-13 09:01:00",C00810,E0052,UPS,Electronics,1,4999,0.15,PayPal,Processing,Store,"Unit 16, Building 31","Call customer"
O001280,"2022-01-01 04:14:00",C00280,E0169,Unknown,Unknown,2,1999,0.1,"Credit Card",Shipped,Unknown,"791 Quezon St.","Gift order"
O001281,"2024-09-07 11:24:00",C00240,E0200,Printer,"Computer Accesossories",6,3499,0,GCash,Delivered,Marketplace,"Unit 13, Building 43","Urgent"
O001282,"2023-01-07 21:03:00",C00507,E0222,Desk,"Office Furniture",5,19999,0.05,PayPal,Pending,Unknown,"895 Bonifacio St.","Urgent"
O001283,"2024-11-13 17:21:00",C00707,E0133,Mouse,"Computer Accesossories",9,1499,0,"Credit Card",Canceled,Online,"Unit 18, Building 21","Urgent"
O001284,"2023-07-29 01:09:00",C00395,E0180,Router,Networking,9,1499,0.15,GCash,Pending,Online,"411 Rizal St.","Call customer"
O001285,"2024-06-18 14:06:00",C00088,E0088,UPS,Electronics,8,4999,0.15,"Bank Transfer",Processing,Unknown,"508 Rizal St.","Urgent"
O001286,"2022-06-04 18:44:00",C00435,E0044,Printer,"Computer Accesossories",7,3499,0,GCash,Canceled,Online,"492 Quezon St.","Urgent"
O001287,"2023-10-02 14:36:00",C00434,E0113,Laptop,"Mobile Devices",3,29999,0.15,PayPal,Delivered,Marketplace,"468 Bonifacio St.","Call customer"
O001288,"2022-11-06 19:32:00",C00453,E0062,Printer,"Computer Accesossories",10,3499,0,"Bank Transfer",Pending,Marketplace,"897 Mabini St.","Deliver after 5PM"
O001289,"2022-08-20 18:21:00",C00446,E0117,Headset,"Computer Accesossories",2,1499,0,Cash,Delivered,Marketplace,"321 Rizal St.","Call customer"
O001290,"2022-11-27 11:20:00",C00742,E0248,Keyboard,"Computer Accesossories",6,2499,0.2,"Bank Transfer",Canceled,Store,"782 quezon st.",Unknown
O001291,"2022-09-15 11:35:00",C00338,E0079,"Office chair","Office Furniture",1,4999,0.03,"Bank Transfer",Canceled,Store,"Unit 14, Building 16","Call customer"
O001292,"2025-10-02 09:46:00",C00770,E0034,"External drive",Electronics,9,999,0.03,GCash,Pending,Store,"302 Rizal St.",Unknown
O001293,"2025-06-11 05:17:00",C00442,E0155,Smartphone,"Mobile Devices",4,12999,0,Cash,Canceled,Store,"Unit 2, Building 7",Unknown
O001294,"2025-10-19 11:39:00",C00063,E0186,Smartphone,"Mobile Devices",8,12999,0,n/a,Shipped,Unknown,"277 Quezon St.","Urgent"
O001295,"2022-08-31 08:13:00",C00191,E0027,Router,Networking,7,1499,0.03,"Debit Card",Shipped,Unknown,"672 Bonifacio St.","Gift order"
O001296,"2025-05-04 23:06:00",C00389,E0075,Monitor,"Computer Accesossories",10,9999,0.03,PayPal,Pending,Marketplace,"588 Mabini St.",Unknown
O001297,"2025-03-13 00:56:00",C00916,E0211,Smartphone,"Mobile Devices",0,12999,0.05,"Bank Transfer",Canceled,Unknown,"Unit 9, Building 39",Unknown
O001298,"2022-01-07 18:26:00",C00030,E0092,Mouse,"Computer Accesossories",6,1499,0,PayPal,Canceled,Store,"UNIT 1, BUILDING 20","Call customer"
O001299,"2023-12-31 03:43:00",C00914,E0196,Smartphone,"Mobile Devices",4,12999,0.05,GCash,Pending,Online,"Unit 1, Building 40","Call customer"
O001300,"2025-10-17 16:54:00",C00148,E0152,Laptop,"Mobile Devices",1,29999,0.05,GCash,Shipped,Store,Warehouse,"Gift order"
O001301,"2024-08-23 06:48:00",C00581,E0165,Router,Networking,1,1499,0.1,Cash,Canceled,Store,"Unit 9, Building 2",Unknown
O001302,"2023-07-15 00:20:00",C00077,E0127,UPS,Electronics,9,4999,0.1,Cash,Returned,Online,"Unit 10, Building 44","Deliver after 5PM"
O001303,"2024-02-28 04:20:00",C00680,E0247,Router,Networking,7,1499,0.03,Cash,Pending,Store,"262 Main St.","Urgent"
O001304,"2022-11-19 08:48:00",C00954,E0174,Desk,"Office Furniture",10,19999,0.03,PayPal,Canceled,Online,"169 Rizal St.","Call customer"
O001305,"2024-01-26 20:24:00",C00197,E0100,Webcam,"Computer Accesossories",4,1499,0,"Debit Card",Processing,Marketplace,"679 Bonifacio St.",Unknown
O001306,"2025-03-16 20:00:00",C00994,E0070,Keyboard,"Computer Accesossories",6,2499,0.2,"Credit Card",Shipped,Online,"Unit 1, Building 45",Unknown
O001307,"2024-02-03 18:05:00",C00383,E0087,"Office chair","Office Furniture",8,4999,0,"Debit Card",Canceled,Marketplace,"796 Bonifacio St.",Unknown
O001308,"2025-09-20 05:01:00",C00394,E0081,"External drive",Electronics,10,999,0.03,"Bank Transfer",Pending,Store,"Unit 12, Building 49",Unknown
O001309,"2022-10-11 08:54:00",C00435,E0078,Projector,Electronics,1,4000,0.05,"Bank Transfer",Canceled,Unknown,"29 Mabini St.","Gift order"
O001310,"2024-08-29 00:42:00",C00485,E0157,Tablet,"Mobile Devices",1,8999,0.2,PayPal,Returned,Online,"Unit 12, Building 1","Call customer"
O001311,"2025-06-19 19:24:00",C00027,E0243,Laptop,"Mobile Devices",8,29999,0.15,"Debit Card",Pending,Marketplace,"651 rizal st.",Unknown
O001312,"2023-08-01 04:08:00",C00216,E0196,Webcam,"Computer Accesossories",10,1499,0.03,"Bank Transfer",Canceled,Online,"UNIT 14, BUILDING 38",Unknown
O001313,"2025-04-02 10:57:00",C00246,E0150,Laptop,"Mobile Devices",2,29999,0.03,GCash,Processing,Store,"Unit 6, Building 47","Deliver after 5PM"
O001314,"2025-01-06 23:18:00",C00663,E0142,Headset,"Computer Accesossories",10,1499,0.1,Cash,Returned,Online,"Unit 17, Building 17",Unknown
O001315,"2022-11-16 23:31:00",C00453,E0156,Projector,Electronics,9,4000,0.03,Cash,Canceled,Unknown,"470 Main St.","Deliver after 5PM"
O001316,"2022-12-12 23:31:00",C00428,E0113,Webcam,"Computer Accesossories",4,1499,0.15,"Bank Transfer",Returned,Unknown,"650 Main St.","Gift order"
O001317,"2023-11-01 09:07:00",C00352,E0170,Headset,"Computer Accesossories",6,1499,0.05,GCash,Pending,Online,"Unit 10, Building 41","Urgent"
O001318,"2022-02-24 00:04:00",C00602,E0045,Monitor,"Computer Accesossories",2,9999,0.05,"Debit Card",Returned,Unknown,"Unit 11, Building 7",Unknown
O001319,"2024-12-25 11:27:00",C00277,E0056,Headset,"Computer Accesossories",7,1499,0.2,n/a,Processing,Online,"Unit 6, Building 25",Unknown
O001320,"2022-08-07 23:17:00",C00450,E0044,"Office chair","Office Furniture",7,4999,0.03,PayPal,Canceled,Store,"unit 1, building 28",Unknown
O001321,"2023-11-19 17:33:00",C00074,E0027,UPS,Electronics,6,4999,0.05,PayPal,Delivered,Marketplace,"60 QUEZON ST.","Call customer"
O001322,"2022-09-13 19:24:00",C00363,E0060,Monitor,"Computer Accesossories",3,9999,0.1,"Credit Card",Shipped,Unknown,"47 Quezon St.","Deliver after 5PM"
O001323,"2023-11-12 16:36:00",C00085,E0125,"External drive",Electronics,8,999,0,GCash,Processing,Store,"59 MAIN ST.","Urgent"
O001324,"2024-12-20 07:23:00",C00294,E0204,Webcam,"Computer Accesossories",3,1499,0.05,PayPal,Delivered,Online,"36 Mabini St.","Gift order"
O001325,"2024-01-21 10:40:00",C00481,E0015,Keyboard,"Computer Accesossories",8,2499,0.15,GCash,Pending,Unknown,"Unit 2, Building 10",Unknown
O001326,"2025-08-22 11:16:00",C00477,E0222,Laptop,"Mobile Devices",10,29999,0.1,"Credit Card",Processing,Online,"Unit 9, Building 26","Gift order"
O001327,"2022-01-20 09:34:00",C00328,E0193,Desk,"Office Furniture",2,19999,0.1,PayPal,Canceled,Online,"185 Mabini St.","Urgent"
O001328,"2025-04-06 02:25:00",C00947,E0090,Mouse,"Computer Accesossories",3,1499,0.03,"Debit Card",Delivered,Online,"Unit 13, Building 24","Call customer"
O001329,"2024-12-02 16:55:00",C00241,E0170,Printer,"Computer Accesossories",0,3499,0.03,PayPal,Delivered,Online,"392 Bonifacio St.","Call customer"
O001330,"2024-05-04 10:15:00",C00014,E0158,Mouse,"Computer Accesossories",1,1499,0.05,Cash,Canceled,Store,"Unit 7, Building 31","Urgent"
O001331,"2024-10-18 18:14:00",C00638,E0072,Projector,Electronics,3,4000,0.15,"Credit Card",Returned,Store,"963 Quezon St.","Urgent"
O001332,"2024-11-20 02:50:00",C00943,E0020,Smartphone,"Mobile Devices",10,12999,0.1,Cash,Canceled,Marketplace,"Unit 7, Building 15","Gift order"
O001333,"2022-10-28 08:49:00",C00400,E0126,Mouse,"Computer Accesossories",3,1499,0.03,"Debit Card",Processing,Store,"886 Bonifacio St.","Gift order"
O001334,"2023-06-04 11:06:00",C00794,E0246,Printer,"Computer Accesossories",6,3499,0.03,"Credit Card",Delivered,Unknown,"5 Mabini St.","Gift order"
O001335,"2024-03-20 23:19:00",C00675,E0001,Headset,"Computer Accesossories",2,1499,0.03,"Bank Transfer",Shipped,Online,"Unit 14, Building 38",Unknown
O001336,"2024-02-14 14:56:00",C00078,E0242,Tablet,"Mobile Devices",6,8999,0.15,"Bank Transfer",Shipped,Store,"813 Mabini St.",Unknown
O001337,"2023-07-05 06:56:00",C00441,E0051,Monitor,"Computer Accesossories",3,9999,0.03,PayPal,Processing,Marketplace,"135 Main St.",Unknown
O001338,"2025-09-30 23:55:00",C00335,E0026,Laptop,"Mobile Devices",1,29999,0.1,GCash,Canceled,Store,"UNIT 8, BUILDING 11",Unknown
O001339,"2023-03-22 10:41:00",C00620,E0173,Smartphone,"Mobile Devices",5,12999,0,"Credit Card",Shipped,Online,"719 Mabini St.",Unknown
O001340,"2024-11-02 05:20:00",C00691,E0038,Laptop,"Mobile Devices",8,29999,0.2,PayPal,Canceled,Store,"Unit 10, Building 23",Unknown
O001341,"2022-07-24 18:42:00",C00612,E0155,Mouse,"Computer Accesossories",2,1499,0.05,GCash,Pending,Online,"unit 13, building 6","Gift order"
O001342,"2025-10-28 00:30:00",C00496,E0002,Desk,"Office Furniture",7,19999,0.05,Cash,Canceled,Online,"Unit 20, Building 50","Urgent"
O001343,"2022-04-18 08:05:00",C00661,E0097,UPS,Electronics,3,4999,0,PayPal,Delivered,Online,"988 Mabini St.","Urgent"
O001344,"2025-07-31 11:22:00",C00859,E0027,Desk,"Office Furniture",8,19999,0.1,"Bank Transfer",Shipped,Store,"648 Main St.","Call customer"
O001345,"2025-09-13 01:39:00",C00339,E0166,"Office chair","Office Furniture",4,4999,0.15,"Credit Card",Delivered,Store,"Unit 7, Building 23",Unknown
O001346,"2025-05-27 14:56:00",C00721,E0206,Smartphone,"Mobile Devices",7,12999,0.1,PayPal,Shipped,Unknown,"417 Rizal St.",Unknown
O001347,"2022-06-07 14:51:00",C00341,E0089,Mouse,"Computer Accesossories",6,1499,0,"Bank Transfer",Canceled,Store,"Unit 20, Building 17",Unknown
O001348,"2025-05-27 18:46:00",C00458,E0149,Mouse,"Computer Accesossories",9,1499,0,"Credit Card",Pending,Marketplace,"Unit 19, Building 26","Urgent"
O001349,"2023-09-30 04:35:00",C00163,E0191,Smartphone,"Mobile Devices",5,12999,0.05,Cash,Shipped,Online,"Unit 2, Building 29","Deliver after 5PM"
O001350,"2024-09-27 10:04:00",C00837,E0248,UPS,Electronics,10,4999,0,"Bank Transfer",Pending,Store,"157 Bonifacio St.","Call customer"
O001351,"2022-06-30 22:13:00",C00802,E0189,Monitor,"Computer Accesossories",1,9999,0,"Bank Transfer",Shipped,Store,"494 Bonifacio St.","Gift order"
O001352,"2023-12-08 15:44:00",C00845,E0098,Mouse,"Computer Accesossories",6,1499,0.03,PayPal,Shipped,Online,"351 Main St.","Deliver after 5PM"
O001353,"2023-02-14 01:35:00",C00416,E0170,"External drive",Electronics,2,999,0,Cash,Returned,Store,"Unit 4, Building 32",Unknown
O001354,"2023-02-03 06:18:00",C00852,E0250,Monitor,"Computer Accesossories",1,9999,0.03,"Bank Transfer",Canceled,Online,"473 Bonifacio St.",Unknown
O001355,"2025-01-19 01:09:00",C00697,E0123,Unknown,Unknown,9,9999,0.15,PayPal,Delivered,Marketplace,"Unit 14, Building 20",Unknown
O001356,"2025-05-25 20:43:00",C00607,E0145,Router,Networking,5,1499,0.03,PayPal,Canceled,Marketplace,"638 Main St.","Deliver after 5PM"
O001357,"2025-08-09 00:41:00",C00248,E0158,"Office chair","Office Furniture",6,4999,0.15,PayPal,Processing,Store,"189 Quezon St.","Call customer"
O001358,"2025-01-11 21:03:00",C00722,E0044,Mouse,"Computer Accesossories",5,1499,0.15,PayPal,Unknown,Online,"Unit 12, Building 44","Call customer"
O001359,"2025-02-01 09:31:00",C00746,E0211,Router,Networking,1,1499,0,"Credit Card",Processing,Online,"138 Mabini St.",Unknown
O001360,"2023-03-04 05:00:00",C00781,E0018,Laptop,"Mobile Devices",2,29999,0.15,GCash,Delivered,Marketplace,"906 Main St.",Unknown
O001361,"2022-04-25 15:48:00",C00358,E0027,Headset,"Computer Accesossories",4,1499,0.03,GCash,Pending,Online,"293 Quezon St.","Call customer"
O001362,"2025-03-27 22:22:00",C00164,E0017,Tablet,"Mobile Devices",10,8999,0.1,"Debit Card",Pending,Unknown,"Unit 10, Building 5","Urgent"
O001363,"2024-06-18 13:54:00",C00789,E0131,"Office chair","Office Furniture",9,4999,0.05,"Bank Transfer",Shipped,Marketplace,"694 Quezon St.","Deliver after 5PM"
O001364,"2024-04-13 11:53:00",C00886,E0087,Monitor,"Computer Accesossories",8,9999,0.05,n/a,Processing,Online,"unit 16, building 40",Unknown
O001365,"2024-03-24 13:53:00",C00517,E0096,Laptop,"Mobile Devices",4,29999,0.03,"Bank Transfer",Returned,Online,"Unit 6, Building 12","Urgent"
O001366,"2025-02-23 00:11:00",C00920,E0127,Desk,"Office Furniture",5,19999,0.03,"Debit Card",Shipped,Online,"646 Main St.","Call customer"
O001367,"2025-02-21 19:15:00",C00340,E0129,Projector,Electronics,6,4000,0.03,GCash,Pending,Marketplace,"Unit 20, Building 46",Unknown
O001368,"2023-10-21 02:08:00",C00773,E0148,Headset,"Computer Accesossories",1,1499,0.05,"Credit Card",Pending,Store,"736 Main St.","Call customer"
O001369,"2025-05-24 12:40:00",C00064,E0008,Projector,Electronics,10,4000,0.05,GCash,Returned,Marketplace,"615 Mabini St.","Urgent"
O001370,"2022-02-04 21:32:00",C00329,E0070,Tablet,"Mobile Devices",2,8999,0.1,"Debit Card",Pending,Online,"Unit 15, Building 1","Deliver after 5PM"
O001371,"2024-02-16 21:57:00",C00779,E0094,Projector,Electronics,2,4000,0.03,GCash,Shipped,Marketplace,"552 Rizal St.","Deliver after 5PM"
O001372,"2025-06-22 04:56:00",C00689,E0172,UPS,Electronics,10,4999,0.15,Cash,Returned,Store,Warehouse,"Deliver after 5PM"
O001373,"2023-06-15 11:37:00",C00721,E0067,Tablet,"Mobile Devices",10,8999,0.03,PayPal,Processing,Marketplace,"581 Bonifacio St.","Deliver after 5PM"
O001374,"2024-08-27 22:33:00",C00706,E0219,Router,Networking,2,1499,0.2,"Credit Card",Canceled,Unknown,"959 Rizal St.","Urgent"
O001375,"2023-07-19 02:40:00",C00149,E0126,Webcam,"Computer Accesossories",1,1499,0,"Credit Card",Delivered,Store,"662 Main St.","Urgent"
O001376,"2022-12-20 23:03:00",C00301,E0169,Projector,Electronics,3,4000,0.15,GCash,Pending,Store,Warehouse,Unknown
O001377,"2023-01-17 16:18:00",C00820,E0200,Smartphone,"Mobile Devices",5,12999,0.15,Cash,Delivered,Store,"Unit 8, Building 4","Gift order"
O001378,"2025-03-21 05:21:00",C00118,E0060,Desk,"Office Furniture",8,19999,0.15,PayPal,Delivered,Marketplace,"Unit 3, Building 6",Unknown
O001379,"2025-07-22 01:26:00",C00011,E0118,Projector,Electronics,9,4000,0.05,PayPal,Shipped,Store,"399 Rizal St.","Urgent"
O001380,"2023-11-13 01:40:00",C00555,E0236,Router,Networking,2,1499,0.1,GCash,Canceled,Store,"Unit 9, Building 23",Unknown
O001381,"2025-04-10 08:47:00",C00921,E0196,Laptop,"Mobile Devices",3,29999,0.2,"Debit Card",Returned,Store,"2 Mabini St.","Call customer"
O001382,"2023-06-14 09:26:00",C00326,E0041,"Office chair","Office Furniture",8,4999,0.2,"Bank Transfer",Shipped,Store,"626 Rizal St.","Gift order"
O001383,"2025-02-16 09:09:00",C00633,E0243,Headset,"Computer Accesossories",10,1499,0.15,"Credit Card",Delivered,Store,"Unit 4, Building 24","Urgent"
O001384,"2023-06-12 03:10:00",C00191,E0074,Headset,"Computer Accesossories",4,1499,0,Cash,Pending,Marketplace,"222 Quezon St.","Urgent"
O001385,"2022-11-27 07:38:00",C00215,E0058,"Office chair","Office Furniture",9,4999,0.1,PayPal,Processing,Store,"Unit 17, Building 39","Call customer"
O001386,"2022-07-24 23:03:00",C00997,E0182,Smartphone,"Mobile Devices",6,12999,0.15,GCash,Processing,Unknown,"3 Quezon St.","Deliver after 5PM"
O001387,"2025-09-05 10:21:00",C00102,E0197,Tablet,"Mobile Devices",4,8999,0.2,GCash,Processing,Unknown,"995 Main St.","Gift order"
O001388,"2023-04-06 03:24:00",C00672,E0204,Smartphone,"Mobile Devices",3,12999,0.15,"Bank Transfer",Canceled,Online,"Unit 3, Building 11","Deliver after 5PM"
O001389,"2025-04-19 13:59:00",C00857,E0209,Smartphone,"Mobile Devices",1,12999,0.15,"Debit Card",Canceled,Online,"365 rizal st.","Call customer"
O001390,"2022-08-07 13:25:00",C00997,E0006,"External drive",Electronics,2,999,0.05,"Bank Transfer",Pending,Online,"Unit 14, Building 49","Call customer"
O001391,"2023-05-05 18:49:00",C00837,E0204,Monitor,"Computer Accesossories",4,9999,0.2,"Debit Card",Delivered,Online,"949 Rizal St.","Urgent"
O001392,"2024-04-13 06:54:00",C00957,E0009,Router,Networking,6,1499,0.15,Cash,Delivered,Store,"741 Rizal St.","Call customer"
O001393,"2023-07-31 12:21:00",C00095,E0077,"Office chair","Office Furniture",8,4999,0.15,Cash,Shipped,Unknown,"Unit 6, Building 14","Gift order"
O001394,"2024-02-26 23:54:00",C00451,E0151,Laptop,"Mobile Devices",7,29999,0.2,"Debit Card",Processing,Store,"Unit 12, Building 39","Urgent"
O001395,"2024-01-21 09:38:00",C00863,E0242,Smartphone,"Mobile Devices",1,12999,0.15,"Credit Card",Canceled,Store,"71 Main St.","Call customer"
O001396,"2023-04-26 18:38:00",C00326,E0072,"External drive",Electronics,2,999,0.2,PayPal,Pending,Online,"858 Bonifacio St.",Unknown
O001397,"2024-01-27 11:32:00",C00383,E0196,Tablet,"Mobile Devices",7,8999,0.1,PayPal,Processing,Marketplace,"945 Rizal St.","Call customer"
O001398,"2023-03-13 12:33:00",C00908,E0173,Webcam,"Computer Accesossories",6,1499,0.1,PayPal,Delivered,Marketplace,"Unit 17, Building 7","Deliver after 5PM"
O001399,"2024-04-07 14:33:00",C00925,E0057,Smartphone,"Mobile Devices",5,12999,0.15,"Bank Transfer",Returned,Store,"Unit 5, Building 30",Unknown
O001400,"2022-10-28 23:50:00",C00785,E0144,Projector,Electronics,10,4000,0,"Credit Card",Processing,Online,"Unit 10, Building 27",Unknown
O001401,"2025-06-27 15:10:00",C00336,E0136,Laptop,"Mobile Devices",5,29999,0.1,GCash,Shipped,Online,"UNIT 16, BUILDING 2","Deliver after 5PM"
O001402,"2024-08-10 15:51:00",C00822,E0147,"External drive",Electronics,8,999,0.1,Cash,Returned,Online,"unit 1, building 39",Unknown
O001403,"2024-03-26 12:47:00",C00806,E0063,"External drive",Electronics,9,999,0.05,Cash,Pending,Store,"43 Mabini St.","Deliver after 5PM"
O001404,"2022-05-20 23:24:00",C00447,E0158,Webcam,"Computer Accesossories",5,1499,0.1,Cash,Delivered,Store,"573 Rizal St.","Call customer"
O001405,"2022-10-04 18:59:00",C00920,E0224,Unknown,Unknown,7,799,0,"Debit Card",Canceled,Marketplace,"37 Rizal St.",Unknown
O001406,"2024-11-27 21:50:00",C00971,E0089,Tablet,"Mobile Devices",5,8999,0.1,"Credit Card",Shipped,Store,"429 Rizal St.",Unknown
O001407,"2024-08-06 20:20:00",C00158,E0001,Unknown,Unknown,8,7999,0.03,GCash,Unknown,Online,"Unit 14, Building 29","Gift order"
O001408,"2023-07-28 09:33:00",C00934,E0050,Tablet,"Mobile Devices",3,8999,0.1,"Bank Transfer",Delivered,Unknown,"624 Quezon St.",Unknown
O001409,"2022-03-27 08:50:00",C00886,E0066,Projector,Electronics,2,4000,0.05,PayPal,Delivered,Online,"Unit 8, Building 45","Deliver after 5PM"
O001410,"2025-04-06 06:40:00",C00796,E0045,"External drive",Electronics,9,999,0,"Debit Card",Returned,Marketplace,"Unit 10, Building 50",Unknown
O001411,"2023-09-18 10:40:00",C00871,E0077,Mouse,"Computer Accesossories",4,1499,0,GCash,Processing,Store,"Unit 5, Building 16","Call customer"
O001412,"2023-05-17 06:22:00",C00614,E0247,Router,Networking,9,1499,0.15,PayPal,Canceled,Store,"681 Main St.",Unknown
O001413,"2024-03-23 02:50:00",C00937,E0080,UPS,Electronics,6,4999,0,"Credit Card",Shipped,Marketplace,"Unit 3, Building 8",Unknown
O001414,"2024-04-09 10:02:00",C00374,E0006,"Office chair","Office Furniture",7,4999,0.2,"Credit Card",Returned,Store,"Unit 2, Building 2",Unknown
O001415,"2022-03-14 04:29:00",C00297,E0038,Headset,"Computer Accesossories",3,1499,0.15,PayPal,Delivered,Store,"893 Quezon St.",Unknown
O001416,"2022-06-29 09:15:00",C00874,E0226,Projector,Electronics,8,4000,0,"Debit Card",Processing,Marketplace,"Unit 8, Building 2","Call customer"
O001417,"2024-02-21 03:18:00",C00308,E0182,Router,Networking,4,1499,0.1,Cash,Shipped,Marketplace,"Unit 19, Building 19","Urgent"
O001418,"2024-11-06 18:30:00",C00570,E0242,Tablet,"Mobile Devices",5,8999,0.15,"Debit Card",Returned,Unknown,Warehouse,"Call customer"
O001419,"2025-07-26 18:39:00",C00381,E0054,Tablet,"Mobile Devices",2,8999,0.05,"Bank Transfer",Canceled,Store,"762 Quezon St.","Call customer"
O001420,"2023-05-10 23:53:00",C00610,E0086,Projector,Electronics,3,4000,0.03,"Credit Card",Delivered,Store,"Unit 12, Building 11",Unknown
O001421,"2024-09-29 01:07:00",C00684,E0053,"Office chair","Office Furniture",2,4999,0.03,"Credit Card",Shipped,Store,"Unit 16, Building 5","Urgent"
O001422,"2023-10-25 21:56:00",C00936,E0090,"External drive",Electronics,6,999,0,"Credit Card",Processing,Online,"219 Bonifacio St.","Urgent"
O001423,"2022-09-13 13:05:00",C00431,E0170,Webcam,"Computer Accesossories",1,1499,0.15,"Credit Card",Delivered,Online,"Unit 13, Building 43",Unknown
O001424,"2025-11-20 18:28:00",C00956,E0165,Keyboard,"Computer Accesossories",1,2499,0.2,PayPal,Shipped,Marketplace,"299 Main St.",Unknown
O001425,"2022-06-28 10:24:00",C00864,E0033,Monitor,"Computer Accesossories",6,9999,0.2,PayPal,Returned,Online,"Unit 8, Building 44","Deliver after 5PM"
O001426,"2023-10-29 05:09:00",C00857,E0113,Router,Networking,7,1499,0,"Bank Transfer",Shipped,Store,"Unit 15, Building 42",Unknown
O001427,"2024-07-12 23:31:00",C00862,E0192,Projector,Electronics,2,4000,0,Cash,Processing,Marketplace,"228 Rizal St.",Unknown
O001428,"2023-12-25 14:44:00",C00929,E0222,Unknown,Unknown,7,499,0,Cash,Canceled,Marketplace,"20 Bonifacio St.",Unknown
O001429,"2024-05-11 16:39:00",C00509,E0070,Projector,Electronics,6,4000,0.05,"Debit Card",Delivered,Store,"UNIT 11, BUILDING 38","Urgent"
O001430,"2022-01-16 16:31:00",C00728,E0174,Tablet,"Mobile Devices",4,8999,0.03,GCash,Pending,Store,"Unit 5, Building 7",Unknown
O001431,"2024-12-10 02:29:00",C00989,E0134,Desk,"Office Furniture",8,19999,0,"Credit Card",Shipped,Online,"342 Rizal St.","Gift order"
O001432,"2024-06-12 10:50:00",C00630,E0197,"External drive",Electronics,8,999,0,Cash,Processing,Unknown,"Unit 6, Building 23","Gift order"
O001433,"2024-05-16 21:23:00",C00642,E0199,"Office chair","Office Furniture",9,4999,0.1,"Debit Card",Returned,Store,"548 Main St.","Call customer"
O001434,"2022-02-18 06:12:00",C00650,E0247,Webcam,"Computer Accesossories",1,1499,0,PayPal,Returned,Unknown,"Unit 5, Building 8","Deliver after 5PM"
O001435,"2025-09-12 05:06:00",C00287,E0211,Laptop,"Mobile Devices",6,29999,0.1,PayPal,Pending,Unknown,"Unit 14, Building 40","Urgent"
O001436,"2025-01-22 15:50:00",C00348,E0191,Mouse,"Computer Accesossories",8,1499,0.03,PayPal,Unknown,Marketplace,"Unit 5, Building 40","Gift order"
O001437,"2024-01-21 13:48:00",C00239,E0055,Desk,"Office Furniture",7,19999,0.15,"Debit Card",Pending,Unknown,"Unit 7, Building 38",Unknown
O001438,"2022-08-18 16:11:00",C00638,E0189,Mouse,"Computer Accesossories",1,1499,0,"Bank Transfer",Returned,Online,"Unit 1, Building 28","Gift order"
O001439,"2025-12-09 11:06:00",C00928,E0165,Tablet,"Mobile Devices",5,8999,0.2,"Debit Card",Canceled,Unknown,"UNIT 12, BUILDING 30","Deliver after 5PM"
O001440,"2023-08-25 13:04:00",C00820,E0058,Smartphone,"Mobile Devices",1,12999,0.03,PayPal,Processing,Unknown,"Unit 13, Building 34",Unknown
O001441,"2025-05-26 18:33:00",C00339,E0016,Smartphone,"Mobile Devices",1,12999,0,"Credit Card",Pending,Store,"41 Quezon St.","Urgent"
O001442,"2023-03-19 10:11:00",C00730,E0162,"External drive",Electronics,5,999,0.03,GCash,Returned,Store,"Unit 16, Building 4","Urgent"
O001443,"2024-12-04 13:34:00",C00503,E0097,Keyboard,"Computer Accesossories",2,2499,0.1,"Debit Card",Pending,Unknown,"233 Main St.","Deliver after 5PM"
O001444,"2025-07-07 06:43:00",C00372,E0063,UPS,Electronics,9,4999,0,Cash,Pending,Marketplace,"Unit 2, Building 14","Urgent"
O001445,"2023-05-14 15:46:00",C00065,E0075,UPS,Electronics,2,4999,0.05,GCash,Delivered,Online,"621 mabini st.","Call customer"
O001446,"2025-01-14 04:05:00",C00956,E0126,Smartphone,"Mobile Devices",2,12999,0.2,PayPal,Canceled,Online,"Unit 11, Building 6","Gift order"
O001447,"2022-07-08 08:22:00",C00444,E0200,Webcam,"Computer Accesossories",7,1499,0.2,"Debit Card",Delivered,Unknown,"906 Quezon St.","Deliver after 5PM"
O001448,"2023-02-04 22:41:00",C00682,E0221,"External drive",Electronics,2,999,0,"Credit Card",Canceled,Store,"755 Mabini St.","Call customer"
O001449,"2023-02-06 00:44:00",C00431,E0201,Printer,"Computer Accesossories",10,3499,0,"Debit Card",Pending,Store,"Unit 10, Building 39","Deliver after 5PM"
O001450,"2025-12-25 06:44:00",C00954,E0104,Webcam,"Computer Accesossories",4,1499,0,"Debit Card",Returned,Store,"Unit 11, Building 31","Urgent"
O001451,"2022-01-09 18:09:00",C00133,E0039,Keyboard,"Computer Accesossories",0,2499,0.03,"Debit Card",Returned,Unknown,"Unit 19, Building 18",Unknown
O001452,"2025-08-17 20:28:00",C00182,E0038,"External drive",Electronics,5,999,0.1,Cash,Canceled,Online,"985 Main St.","Deliver after 5PM"
O001453,"2024-12-17 21:48:00",C00618,E0215,Desk,"Office Furniture",2,19999,0.15,PayPal,Canceled,Store,"Unit 7, Building 34","Deliver after 5PM"
O001454,"2024-11-15 06:35:00",C00126,E0246,Headset,"Computer Accesossories",9,1499,0.15,Cash,Delivered,Unknown,"Unit 11, Building 3",Unknown
O001455,"2025-05-20 22:40:00",C00369,E0035,Monitor,"Computer Accesossories",8,9999,0.2,GCash,Canceled,Unknown,"UNIT 10, BUILDING 12","Gift order"
O001456,"2025-09-19 20:27:00",C00455,E0207,"External drive",Electronics,2,999,0.2,PayPal,Returned,Online,"Unit 20, Building 3","Gift order"
O001457,"2023-06-27 13:32:00",C00498,E0072,Laptop,"Mobile Devices",10,29999,0.2,"Credit Card",Pending,Store,"Unit 18, Building 45","Gift order"
O001458,"2023-12-19 03:33:00",C00403,E0021,Mouse,"Computer Accesossories",10,1499,0,"Credit Card",Delivered,Store,"564 Mabini St.",Unknown
O001459,"2025-12-03 16:20:00",C00864,E0059,Webcam,"Computer Accesossories",8,1499,0.05,n/a,Canceled,Store,"Unit 19, Building 11","Call customer"
O001460,"2025-11-14 00:59:00",C00766,E0058,"Office chair","Office Furniture",0,4999,0.1,"Credit Card",Shipped,Online,"UNIT 20, BUILDING 37","Deliver after 5PM"
O001461,"2025-07-26 14:29:00",C00748,E0173,Monitor,"Computer Accesossories",3,9999,0.1,"Credit Card",Pending,Marketplace,"Unit 16, Building 27",Unknown
O001462,"2024-06-13 22:36:00",C00568,E0097,Smartphone,"Mobile Devices",1,12999,0,Cash,Shipped,Online,"26 Quezon St.","Call customer"
O001463,"2024-12-20 11:59:00",C00263,E0082,"Office chair","Office Furniture",10,4999,0.05,PayPal,Canceled,Online,"Unit 19, Building 37","Gift order"
O001464,"2024-04-03 18:38:00",C00335,E0151,UPS,Electronics,1,4999,0.15,PayPal,Pending,Online,"unit 17, building 32","Urgent"
O001465,"2022-02-20 21:24:00",C00559,E0113,UPS,Electronics,4,4999,0.03,GCash,Delivered,Online,"800 Rizal St.",Unknown
O001466,"2024-10-26 11:03:00",C00099,E0039,Smartphone,"Mobile Devices",1,12999,0.15,GCash,Canceled,Marketplace,"Unit 18, Building 5",Unknown
O001467,"2025-05-01 07:34:00",C00927,E0128,Smartphone,"Mobile Devices",6,12999,0.03,"Debit Card",Delivered,Online,"38 Mabini St.",Unknown
O001468,"2022-04-07 11:25:00",C00011,E0220,Monitor,"Computer Accesossories",5,9999,0.05,Cash,Returned,Online,"Unit 12, Building 2","Deliver after 5PM"
O001469,"2024-01-09 20:23:00",C00846,E0206,Headset,"Computer Accesossories",7,1499,0.03,GCash,Shipped,Store,"898 Bonifacio St.","Urgent"
O001470,"2022-06-19 22:50:00",C00433,E0233,"External drive",Electronics,7,999,0.1,"Debit Card",Pending,Unknown,"Unit 8, Building 32",Unknown
O001471,"2025-02-04 03:50:00",C00270,E0095,Keyboard,"Computer Accesossories",1,2499,0,Cash,Delivered,Store,"Unit 17, Building 29","Call customer"
O001472,"2024-05-03 10:25:00",C00982,E0086,UPS,Electronics,7,4999,0.2,PayPal,Canceled,Online,"935 Main St.",Unknown
O001473,"2023-11-14 14:34:00",C00820,E0071,Tablet,"Mobile Devices",1,8999,0.2,GCash,Pending,Unknown,"Unit 10, Building 18","Deliver after 5PM"
O001474,"2025-09-09 19:21:00",C00941,E0094,Desk,"Office Furniture",8,19999,0.1,GCash,Shipped,Marketplace,"Unit 8, Building 50","Gift order"
O001475,"2024-05-21 13:23:00",C00283,E0073,UPS,Electronics,6,4999,0.03,GCash,Shipped,Marketplace,"UNIT 17, BUILDING 42","Gift order"
O001476,"2023-03-23 22:21:00",C00646,E0052,Monitor,"Computer Accesossories",6,9999,0,Cash,Delivered,Store,"497 Bonifacio St.","Gift order"
O001477,"2025-03-29 06:28:00",C00782,E0098,Monitor,"Computer Accesossories",4,9999,0.1,"Credit Card",Canceled,Store,"971 Mabini St.","Call customer"
O001478,"2025-11-26 21:43:00",C00887,E0116,Mouse,"Computer Accesossories",1,1499,0,"Bank Transfer",Canceled,Online,"Unit 17, Building 16","Call customer"
O001479,"2022-09-12 02:32:00",C00130,E0075,Monitor,"Computer Accesossories",6,9999,0.2,"Bank Transfer",Canceled,Online,"unit 3, building 43",Unknown
O001480,"2023-09-16 09:20:00",C00369,E0098,Tablet,"Mobile Devices",8,8999,0,"Debit Card",Processing,Marketplace,"UNIT 3, BUILDING 13","Gift order"
O001481,"2022-08-16 18:23:00",C00287,E0150,Projector,Electronics,5,4000,0,"Credit Card",Processing,Online,"Unit 6, Building 39",Unknown
O001482,"2024-11-25 01:34:00",C00319,E0136,Keyboard,"Computer Accesossories",9,2499,0.15,PayPal,Canceled,Online,"Unit 10, Building 47","Call customer"
O001483,"2022-01-07 07:01:00",C00128,E0173,Tablet,"Mobile Devices",0,8999,0.2,"Credit Card",Delivered,Store,"828 Quezon St.","Urgent"
O001484,"2024-05-23 19:54:00",C00340,E0150,Laptop,"Mobile Devices",5,29999,0,"Debit Card",Processing,Unknown,"933 mabini st.","Deliver after 5PM"
O001485,"2024-08-16 06:49:00",C00602,E0112,Printer,"Computer Accesossories",2,3499,0.15,GCash,Returned,Online,"Unit 11, Building 6","Urgent"
O001486,"2022-08-23 12:18:00",C00376,E0108,Printer,"Computer Accesossories",10,3499,0.1,"Debit Card",Processing,Online,"423 Rizal St.","Gift order"
O001487,"2025-06-01 19:12:00",C00579,E0043,Keyboard,"Computer Accesossories",6,2499,0.15,"Bank Transfer",Canceled,Online,"unit 13, building 24","Deliver after 5PM"
O001488,"2025-10-06 10:27:00",C00465,E0015,Mouse,"Computer Accesossories",4,1499,0,PayPal,Delivered,Store,"Unit 6, Building 5","Deliver after 5PM"
O001489,"2023-03-16 10:18:00",C00237,E0159,Desk,"Office Furniture",8,19999,0.2,"Credit Card",Shipped,Store,"37 Bonifacio St.","Call customer"
O001490,"2022-12-21 02:22:00",C00969,E0218,Laptop,"Mobile Devices",4,29999,0.1,PayPal,Canceled,Unknown,"Unit 16, Building 7","Call customer"
O001491,"2024-04-30 03:01:00",C00184,E0228,Monitor,"Computer Accesossories",2,9999,0.03,"Debit Card",Processing,Marketplace,"Unit 5, Building 11",Unknown
O001492,"2022-09-30 13:47:00",C00109,E0087,Smartphone,"Mobile Devices",2,12999,0.1,"Bank Transfer",Pending,Online,"696 Main St.","Gift order"
O001493,"2025-01-04 09:11:00",C00626,E0175,Laptop,"Mobile Devices",7,29999,0.1,GCash,Pending,Online,"254 Rizal St.","Call customer"
O001494,"2023-11-25 04:29:00",C00901,E0047,UPS,Electronics,7,4999,0,PayPal,Pending,Store,"547 Quezon St.","Call customer"
O001495,"2022-01-26 15:44:00",C00580,E0056,Smartphone,"Mobile Devices",8,12999,0.15,PayPal,Canceled,Unknown,"472 Mabini St.",Unknown
O001496,"2022-06-20 19:44:00",C00507,E0218,UPS,Electronics,1,4999,0,"Bank Transfer",Processing,Online,"Unit 17, Building 50","Gift order"
O001497,"2024-10-24 13:51:00",C00092,E0099,Keyboard,"Computer Accesossories",6,2499,0,PayPal,Pending,Store,"Unit 7, Building 40",Unknown
O001498,"2023-08-18 23:12:00",C00955,E0053,Smartphone,"Mobile Devices",6,12999,0,"Debit Card",Canceled,Store,"Unit 10, Building 14","Urgent"
O001499,"2022-07-24 08:36:00",C00444,E0012,Desk,"Office Furniture",3,19999,0.15,Cash,Returned,Unknown,"Unit 19, Building 8","Call customer"
O001500,"2022-01-05 11:50:00",C00273,E0123,Smartphone,"Mobile Devices",6,12999,0.2,PayPal,Processing,Marketplace,"Unit 6, Building 27","Call customer"
O001501,"2025-11-18 08:44:00",C00408,E0004,Projector,Electronics,3,4000,0.2,Cash,Returned,Store,"Unit 19, Building 45","Call customer"
O001502,"2025-07-05 05:28:00",C00563,E0027,Keyboard,"Computer Accesossories",0,2499,0.2,GCash,Delivered,Online,"622 Quezon St.",Unknown
O001503,"2023-10-14 19:04:00",C00139,E0172,Projector,Electronics,6,4000,0,GCash,Canceled,Marketplace,"Unit 15, Building 49","Deliver after 5PM"
O001504,"2024-08-01 05:49:00",C00332,E0059,Mouse,"Computer Accesossories",8,1499,0,"Credit Card",Delivered,Online,"279 Quezon St.","Urgent"
O001505,"2022-05-24 03:22:00",C00769,E0203,Router,Networking,7,1499,0.15,"Bank Transfer",Shipped,Store,"19 Bonifacio St.",Unknown
O001506,"2023-09-30 22:36:00",C00880,E0210,Router,Networking,2,1499,0.03,"Credit Card",Returned,Marketplace,"173 Rizal St.","Call customer"
O001507,"2025-11-07 06:53:00",C00628,E0146,Mouse,"Computer Accesossories",6,1499,0,"Debit Card",Delivered,Store,"657 Rizal St.","Gift order"
O001508,"2022-01-01 21:24:00",C00968,E0202,Router,Networking,7,1499,0.2,"Credit Card",Delivered,Online,"905 Quezon St.","Urgent"
O001509,"2024-10-15 20:01:00",C00355,E0033,Desk,"Office Furniture",10,19999,0.2,"Bank Transfer",Processing,Store,"Unit 6, Building 26","Call customer"
O001510,"2023-02-20 12:31:00",C00400,E0123,Smartphone,"Mobile Devices",8,12999,0.05,GCash,Unknown,Online,"708 Rizal St.","Deliver after 5PM"
O001511,"2025-01-31 04:51:00",C00496,E0031,Tablet,"Mobile Devices",1,8999,0,GCash,Pending,Marketplace,"Unit 15, Building 23","Gift order"
O001512,"2022-03-27 06:34:00",C00902,E0048,Projector,Electronics,6,4000,0.15,"Bank Transfer",Returned,Store,"Unit 7, Building 11","Gift order"
O001513,"2024-12-16 19:02:00",C00016,E0049,Laptop,"Mobile Devices",9,29999,0.15,PayPal,Returned,Unknown,"984 Main St.",Unknown
O001514,"2022-10-12 07:55:00",C00704,E0036,Tablet,"Mobile Devices",10,8999,0.2,"Credit Card",Processing,Unknown,"unit 8, building 15","Deliver after 5PM"
O001515,"2025-04-08 15:48:00",C00450,E0142,Headset,"Computer Accesossories",4,1499,0.03,"Credit Card",Pending,Unknown,"Unit 5, Building 38","Gift order"
O001516,"2023-11-05 03:19:00",C00920,E0104,Keyboard,"Computer Accesossories",9,2499,0,"Debit Card",Canceled,Store,"Unit 19, Building 33",Unknown
O001517,"2022-05-09 06:00:00",C00123,E0075,UPS,Electronics,9,4999,0.15,"Credit Card",Pending,Online,"466 Mabini St.","Call customer"
O001518,"2023-05-05 05:28:00",C00146,E0181,Webcam,"Computer Accesossories",3,1499,0,Cash,Delivered,Online,"Unit 9, Building 4",Unknown
O001519,"2025-09-02 20:27:00",C00328,E0124,Router,Networking,4,1499,0.2,PayPal,Shipped,Store,"Unit 12, Building 6","Gift order"
O001520,"2024-11-24 02:51:00",C00282,E0207,Headset,"Computer Accesossories",5,1499,0.15,"Credit Card",Returned,Unknown,"Unit 4, Building 7",Unknown
O001521,"2022-04-19 03:18:00",C00650,E0202,Tablet,"Mobile Devices",3,8999,0.05,"Debit Card",Canceled,Online,"Unit 13, Building 32","Urgent"
O001522,"2024-07-16 03:25:00",C00282,E0223,Headset,"Computer Accesossories",3,1499,0.15,GCash,Shipped,Online,"766 Main St.",Unknown
O001523,"2023-06-08 15:14:00",C00221,E0030,Router,Networking,1,1499,0,"Debit Card",Pending,Marketplace,"Unit 19, Building 30","Call customer"
O001524,"2025-04-02 00:48:00",C00232,E0064,Printer,"Computer Accesossories",10,3499,0.15,GCash,Returned,Online,"880 Quezon St.",Unknown
O001525,"2024-03-05 21:46:00",C00934,E0035,"External drive",Electronics,5,999,0.2,GCash,Canceled,Store,"Unit 17, Building 7","Deliver after 5PM"
O001526,"2022-10-14 07:49:00",C00947,E0080,Headset,"Computer Accesossories",5,1499,0,PayPal,Unknown,Store,"Unit 1, Building 43","Call customer"
O001527,"2022-08-13 15:47:00",C00058,E0179,"External drive",Electronics,4,999,0.1,"Credit Card",Processing,Store,"863 Mabini St.","Call customer"
O001528,"2024-09-12 01:49:00",C00427,E0082,Desk,"Office Furniture",8,19999,0,PayPal,Returned,Online,"Unit 15, Building 7",Unknown
O001529,"2022-06-20 03:08:00",C00346,E0161,Webcam,"Computer Accesossories",1,1499,0.2,GCash,Returned,Store,"Unit 6, Building 24",Unknown
O001530,"2025-12-27 22:58:00",C00526,E0166,Printer,"Computer Accesossories",4,3499,0.2,GCash,Returned,Store,"759 Rizal St.","Urgent"
O001531,"2022-11-26 18:38:00",C00708,E0177,Laptop,"Mobile Devices",9,29999,0,Cash,Pending,Online,"353 BONIFACIO ST.",Unknown
O001532,"2022-01-01 04:53:00",C00613,E0012,Tablet,"Mobile Devices",9,8999,0,n/a,Delivered,Store,"880 Main St.","Urgent"
O001533,"2024-12-04 13:56:00",C00082,E0106,Router,Networking,9,1499,0.1,"Bank Transfer",Delivered,Online,"Unit 20, Building 27","Urgent"
O001534,"2025-11-11 12:39:00",C00558,E0187,Monitor,"Computer Accesossories",5,9999,0.15,"Bank Transfer",Delivered,Marketplace,"Unit 2, Building 21",Unknown
O001535,"2025-01-18 23:51:00",C00984,E0152,Router,Networking,9,1499,0.15,GCash,Delivered,Unknown,"83 Mabini St.","Deliver after 5PM"
O001536,"2025-09-06 17:54:00",C00959,E0230,Unknown,Unknown,9,999,0,PayPal,Shipped,Store,"221 Quezon St.","Deliver after 5PM"
O001537,"2025-09-15 18:00:00",C00823,E0232,Mouse,"Computer Accesossories",6,1499,0.05,PayPal,Pending,Store,"UNIT 20, BUILDING 25","Gift order"
O001538,"2025-03-05 00:36:00",C00812,E0216,Projector,Electronics,10,4000,0.2,"Bank Transfer",Pending,Marketplace,"Unit 11, Building 31",Unknown
O001539,"2025-05-03 01:09:00",C00352,E0096,Unknown,Unknown,6,7999,0.2,"Debit Card",Shipped,Online,"Unit 2, Building 24","Gift order"
O001540,"2024-02-03 13:09:00",C00184,E0211,UPS,Electronics,1,4999,0.15,"Debit Card",Pending,Online,"720 Main St.","Urgent"
O001541,"2022-11-09 23:17:00",C00939,E0094,Desk,"Office Furniture",4,19999,0.1,"Bank Transfer",Canceled,Store,"Unit 10, Building 33","Deliver after 5PM"
O001542,"2025-02-01 23:02:00",C00448,E0204,"Office chair","Office Furniture",8,4999,0.05,"Bank Transfer",Shipped,Store,"248 Mabini St.","Deliver after 5PM"
O001543,"2025-09-30 17:23:00",C00335,E0028,Monitor,"Computer Accesossories",6,9999,0.03,"Credit Card",Returned,Online,"308 Quezon St.",Unknown
O001544,"2022-06-08 00:12:00",C00184,E0128,Headset,"Computer Accesossories",9,1499,0,"Bank Transfer",Canceled,Unknown,"392 Quezon St.","Call customer"
O001545,"2025-11-06 22:01:00",C00843,E0018,Desk,"Office Furniture",8,19999,0.03,GCash,Shipped,Marketplace,"Unit 5, Building 5",Unknown
O001546,"2023-04-24 22:33:00",C00767,E0213,Router,Networking,9,1499,0.15,Cash,Shipped,Online,"828 Main St.",Unknown
O001547,"2023-12-18 18:15:00",C00343,E0095,Router,Networking,8,1499,0.2,Cash,Shipped,Marketplace,"Unit 20, Building 24","Urgent"
O001548,"2023-10-12 03:24:00",C00905,E0119,Router,Networking,3,1499,0,Cash,Canceled,Unknown,"Unit 12, Building 29",Unknown
O001549,"2025-08-14 06:09:00",C00724,E0017,Webcam,"Computer Accesossories",4,1499,0.2,GCash,Shipped,Store,"367 Bonifacio St.","Gift order"
O001550,"2025-05-14 16:52:00",C00523,E0070,"External drive",Electronics,4,999,0.05,PayPal,Shipped,Store,"538 Mabini St.","Gift order"
O001551,"2024-03-28 00:36:00",C00945,E0217,Desk,"Office Furniture",9,19999,0.03,GCash,Canceled,Store,"275 mabini st.",Unknown
O001552,"2022-03-29 18:11:00",C00529,E0024,Smartphone,"Mobile Devices",10,12999,0.15,"Credit Card",Canceled,Store,"Unit 9, Building 3",Unknown
O001553,"2024-03-05 21:21:00",C00511,E0122,"Office chair","Office Furniture",0,4999,0.1,"Credit Card",Delivered,Marketplace,"Unit 14, Building 30","Call customer"
O001554,"2024-05-14 08:40:00",C00955,E0170,"External drive",Electronics,1,999,0.15,PayPal,Delivered,Unknown,"365 BONIFACIO ST.","Deliver after 5PM"
O001555,"2025-06-08 13:34:00",C00901,E0021,Keyboard,"Computer Accesossories",5,2499,0.2,GCash,Processing,Store,"706 Rizal St.","Urgent"
O001556,"2023-11-07 14:01:00",C00691,E0188,Router,Networking,8,1499,0.2,"Debit Card",Returned,Marketplace,"UNIT 11, BUILDING 42",Unknown
O001557,"2024-04-30 16:53:00",C00824,E0076,"Office chair","Office Furniture",2,4999,0.1,GCash,Delivered,Marketplace,"526 Rizal St.","Call customer"
O001558,"2025-02-10 21:22:00",C00485,E0090,Laptop,"Mobile Devices",3,29999,0,GCash,Pending,Store,"Unit 18, Building 2","Gift order"
O001559,"2025-07-29 09:36:00",C00636,E0001,Router,Networking,7,1499,0.2,"Bank Transfer",Shipped,Unknown,"729 Rizal St.",Unknown
O001560,"2022-06-08 03:56:00",C00551,E0224,Keyboard,"Computer Accesossories",8,2499,0,Cash,Processing,Marketplace,"393 Main St.","Gift order"
O001561,"2022-05-26 14:07:00",C00829,E0120,Projector,Electronics,2,4000,0.05,Cash,Delivered,Online,"810 Quezon St.","Deliver after 5PM"
O001562,"2024-12-23 20:46:00",C00125,E0109,Laptop,"Mobile Devices",8,29999,0.03,"Bank Transfer",Processing,Online,"956 Mabini St.","Gift order"
O001563,"2025-05-31 08:49:00",C00407,E0198,Smartphone,"Mobile Devices",7,12999,0.1,Cash,Returned,Online,"18 Main St.","Gift order"
O001564,"2023-06-23 06:28:00",C00832,E0046,Mouse,"Computer Accesossories",0,1499,0.15,PayPal,Returned,Store,"229 Quezon St.","Urgent"
O001565,"2023-03-05 23:15:00",C00415,E0095,Headset,"Computer Accesossories",1,1499,0.1,"Bank Transfer",Shipped,Online,"Unit 6, Building 42","Urgent"
O001566,"2025-06-30 06:40:00",C00405,E0249,Tablet,"Mobile Devices",9,8999,0.03,"Credit Card",Returned,Unknown,"Unit 16, Building 24","Gift order"
O001567,"2023-11-04 03:44:00",C00503,E0014,Smartphone,"Mobile Devices",9,12999,0.03,"Bank Transfer",Returned,Online,"684 Rizal St.",Unknown
O001568,"2025-10-17 09:54:00",C00758,E0072,"Office chair","Office Furniture",5,4999,0.1,"Bank Transfer",Delivered,Online,"UNIT 12, BUILDING 13",Unknown
O001569,"2023-01-12 15:36:00",C00664,E0124,Headset,"Computer Accesossories",1,1499,0.2,GCash,Delivered,Marketplace,Warehouse,"Call customer"
O001570,"2024-02-26 12:55:00",C00090,E0181,Laptop,"Mobile Devices",2,29999,0,"Debit Card",Canceled,Online,"600 Quezon St.","Urgent"
O001571,"2022-08-20 08:37:00",C00529,E0176,Desk,"Office Furniture",9,19999,0,"Debit Card",Returned,Store,"983 Quezon St.","Deliver after 5PM"
O001572,"2025-03-20 21:09:00",C00359,E0137,Laptop,"Mobile Devices",9,29999,0,"Debit Card",Processing,Marketplace,"Unit 2, Building 33","Call customer"
O001573,"2025-02-15 17:15:00",C00866,E0241,"External drive",Electronics,10,999,0.1,"Debit Card",Processing,Store,"unit 3, building 25",Unknown
O001574,"2023-04-08 09:02:00",C00466,E0194,Printer,"Computer Accesossories",8,3499,0.05,n/a,Pending,Online,"234 Rizal St.","Call customer"
O001575,"2025-01-26 18:01:00",C00807,E0198,Smartphone,"Mobile Devices",2,12999,0,PayPal,Returned,Store,"Unit 16, Building 10",Unknown
O001576,"2024-07-07 22:26:00",C00437,E0144,Tablet,"Mobile Devices",7,8999,0.05,PayPal,Processing,Online,"Unit 20, Building 49",Unknown
O001577,"2025-07-13 18:06:00",C00772,E0004,Projector,Electronics,8,4000,0.15,GCash,Returned,Online,"Unit 16, Building 35",Unknown
O001578,"2022-10-05 12:25:00",C00581,E0224,Keyboard,"Computer Accesossories",10,2499,0,n/a,Canceled,Online,"Unit 12, Building 30",Unknown
O001579,"2024-05-18 11:53:00",C00503,E0112,Headset,"Computer Accesossories",8,1499,0.1,"Bank Transfer",Returned,Store,"Unit 8, Building 50","Urgent"
O001580,"2025-03-05 07:17:00",C00513,E0104,Projector,Electronics,2,4000,0.15,PayPal,Shipped,Online,"Unit 5, Building 6","Urgent"
O001581,"2022-10-05 02:15:00",C00172,E0205,Smartphone,"Mobile Devices",6,12999,0.15,PayPal,Processing,Marketplace,"342 quezon st.",Unknown
O001582,"2024-06-17 19:46:00",C00665,E0022,"Office chair","Office Furniture",10,4999,0.2,"Debit Card",Canceled,Marketplace,"Unit 1, Building 41","Gift order"
O001583,"2024-09-26 03:07:00",C00600,E0097,Mouse,"Computer Accesossories",3,1499,0,PayPal,Canceled,Online,"956 Rizal St.","Deliver after 5PM"
O001584,"2025-05-27 12:10:00",C00104,E0096,Projector,Electronics,1,4000,0,Cash,Canceled,Marketplace,"733 Bonifacio St.",Unknown
O001585,"2024-09-02 02:58:00",C00249,E0027,Webcam,"Computer Accesossories",9,1499,0,PayPal,Returned,Online,"Unit 12, Building 24","Urgent"
O001586,"2023-05-22 06:59:00",C00764,E0159,Monitor,"Computer Accesossories",10,9999,0.05,Cash,Delivered,Store,Warehouse,"Gift order"
O001587,"2023-08-27 08:13:00",C00424,E0094,Mouse,"Computer Accesossories",0,1499,0,"Bank Transfer",Canceled,Unknown,"799 Quezon St.","Urgent"
O001588,"2023-06-27 02:19:00",C00282,E0198,Tablet,"Mobile Devices",3,8999,0.1,"Debit Card",Shipped,Online,"Unit 9, Building 3","Deliver after 5PM"
O001589,"2022-11-11 19:45:00",C00088,E0013,Laptop,"Mobile Devices",6,29999,0.1,"Debit Card",Processing,Marketplace,"775 Quezon St.","Urgent"
O001590,"2025-08-18 00:23:00",C00753,E0242,Keyboard,"Computer Accesossories",2,2499,0.2,GCash,Delivered,Online,"Unit 6, Building 46",Unknown
O001591,"2022-08-10 04:32:00",C00545,E0029,Webcam,"Computer Accesossories",1,1499,0,GCash,Unknown,Store,"830 Main St.","Urgent"
O001592,"2023-05-01 07:45:00",C00928,E0096,Mouse,"Computer Accesossories",2,1499,0,GCash,Returned,Unknown,"unit 1, building 37","Gift order"
O001593,"2025-02-01 05:34:00",C00293,E0099,Webcam,"Computer Accesossories",9,1499,0.05,"Bank Transfer",Shipped,Unknown,"984 Quezon St.","Urgent"
O001594,"2022-10-10 08:10:00",C00403,E0132,Router,Networking,4,1499,0.03,"Bank Transfer",Canceled,Marketplace,"Unit 9, Building 17",Unknown
O001595,"2024-06-25 13:19:00",C00684,E0188,Laptop,"Mobile Devices",0,29999,0.05,"Credit Card",Shipped,Marketplace,"Unit 8, Building 18",Unknown
O001596,"2025-01-31 20:44:00",C00735,E0140,"External drive",Electronics,8,999,0.03,"Debit Card",Pending,Store,"Unit 15, Building 8","Call customer"
O001597,"2025-01-27 15:10:00",C00177,E0237,Webcam,"Computer Accesossories",5,1499,0.05,"Bank Transfer",Returned,Online,"742 Quezon St.","Call customer"
O001598,"2022-12-29 20:07:00",C00503,E0145,Monitor,"Computer Accesossories",5,9999,0.05,GCash,Processing,Online,"16 Rizal St.","Gift order"
O001599,"2025-03-17 18:53:00",C00684,E0065,UPS,Electronics,4,4999,0.2,"Credit Card",Pending,Online,"Unit 1, Building 15",Unknown
O001600,"2024-10-01 03:50:00",C00519,E0131,UPS,Electronics,7,4999,0,GCash,Pending,Online,"Unit 5, Building 42",Unknown
O001601,"2022-02-14 18:37:00",C00453,E0029,"Office chair","Office Furniture",5,4999,0,"Debit Card",Canceled,Store,"483 Rizal St.","Urgent"
O001602,"2023-10-10 19:36:00",C00716,E0035,Tablet,"Mobile Devices",5,8999,0.03,PayPal,Delivered,Store,"Unit 11, Building 44",Unknown
O001603,"2025-04-05 09:28:00",C00086,E0190,Smartphone,"Mobile Devices",1,12999,0,"Credit Card",Processing,Store,"153 Main St.","Call customer"
O001604,"2025-07-16 02:23:00",C00952,E0029,Smartphone,"Mobile Devices",9,12999,0,Cash,Pending,Store,"Unit 4, Building 45","Deliver after 5PM"
O001605,"2025-12-23 03:39:00",C00239,E0101,Smartphone,"Mobile Devices",6,12999,0.03,"Debit Card",Processing,Marketplace,"24 Main St.",Unknown
O001606,"2022-01-10 13:15:00",C00356,E0198,Printer,"Computer Accesossories",3,3499,0.1,"Debit Card",Returned,Store,"Unit 11, Building 5","Call customer"
O001607,"2023-08-07 07:25:00",C00731,E0066,Webcam,"Computer Accesossories",1,1499,0.15,"Debit Card",Pending,Store,"Unit 2, Building 1","Gift order"
O001608,"2025-06-09 17:05:00",C00088,E0102,Headset,"Computer Accesossories",4,1499,0.03,"Bank Transfer",Returned,Online,"458 Mabini St.","Gift order"
O001609,"2023-07-24 00:33:00",C00639,E0097,"Office chair","Office Furniture",7,4999,0.1,"Debit Card",Delivered,Marketplace,"363 MABINI ST.",Unknown
O001610,"2023-11-12 08:56:00",C00788,E0106,Webcam,"Computer Accesossories",5,1499,0.03,PayPal,Returned,Online,"722 Rizal St.",Unknown
O001611,"2025-07-10 06:01:00",C00177,E0084,"Office chair","Office Furniture",2,4999,0.2,GCash,Processing,Online,"429 Main St.","Deliver after 5PM"
O001612,"2023-06-29 09:08:00",C00063,E0066,Projector,Electronics,8,4000,0,"Debit Card",Delivered,Online,"Unit 9, Building 20","Gift order"
O001613,"2025-03-09 21:51:00",C00019,E0249,Projector,Electronics,10,4000,0.15,"Debit Card",Returned,Store,"433 Rizal St.","Urgent"
O001614,"2025-02-03 19:29:00",C00761,E0103,Headset,"Computer Accesossories",10,1499,0.1,PayPal,Pending,Store,Warehouse,"Call customer"
O001615,"2025-02-15 02:06:00",C00447,E0058,"Office chair","Office Furniture",6,4999,0.03,"Credit Card",Delivered,Store,"878 Bonifacio St.",Unknown
O001616,"2022-06-23 14:40:00",C00131,E0203,Desk,"Office Furniture",7,19999,0.03,Cash,Processing,Store,"Unit 2, Building 11",Unknown
O001617,"2023-04-02 01:17:00",C00947,E0198,Router,Networking,0,1499,0.15,Cash,Shipped,Store,"Unit 6, Building 48",Unknown
O001618,"2022-08-07 16:16:00",C00154,E0211,Router,Networking,4,1499,0.05,"Debit Card",Delivered,Online,"394 Rizal St.","Urgent"
O001619,"2022-11-26 03:27:00",C00891,E0022,Projector,Electronics,9,4000,0.03,"Debit Card",Returned,Store,"107 Bonifacio St.",Unknown
O001620,"2022-06-09 15:36:00",C00645,E0094,UPS,Electronics,10,4999,0.05,GCash,Delivered,Online,"105 QUEZON ST.",Unknown
O001621,"2023-07-04 03:40:00",C00968,E0045,Mouse,"Computer Accesossories",7,1499,0.2,"Credit Card",Processing,Online,"395 Mabini St.",Unknown
O001622,"2023-12-30 02:51:00",C00068,E0018,"Office chair","Office Furniture",10,4999,0,GCash,Canceled,Online,"Unit 14, Building 41",Unknown
O001623,"2022-07-11 15:58:00",C00032,E0245,Smartphone,"Mobile Devices",2,12999,0,"Debit Card",Delivered,Store,"831 Quezon St.","Deliver after 5PM"
O001624,"2024-01-04 06:30:00",C00846,E0147,UPS,Electronics,3,4999,0.03,Cash,Delivered,Unknown,"Unit 12, Building 30","Call customer"
O001625,"2023-10-01 06:36:00",C00781,E0019,Keyboard,"Computer Accesossories",3,2499,0.03,"Credit Card",Shipped,Unknown,"994 Main St.","Call customer"
O001626,"2025-10-22 14:34:00",C00273,E0174,Printer,"Computer Accesossories",9,3499,0.2,PayPal,Canceled,Marketplace,"Unit 20, Building 48","Call customer"
O001627,"2022-06-14 22:16:00",C00263,E0034,Desk,"Office Furniture",6,19999,0,GCash,Delivered,Store,"361 Mabini St.",Unknown
O001628,"2025-03-15 03:53:00",C00654,E0221,Smartphone,"Mobile Devices",3,12999,0.1,"Bank Transfer",Processing,Store,"Unit 9, Building 26","Urgent"
O001629,"2025-02-27 03:52:00",C00578,E0211,Monitor,"Computer Accesossories",10,9999,0.2,PayPal,Delivered,Store,"311 Bonifacio St.","Gift order"
O001630,"2024-11-09 03:22:00",C00405,E0198,Smartphone,"Mobile Devices",5,12999,0.05,PayPal,Processing,Unknown,"182 Mabini St.","Call customer"
O001631,"2023-07-06 11:26:00",C00666,E0009,Monitor,"Computer Accesossories",2,9999,0.03,"Credit Card",Shipped,Marketplace,"819 Main St.","Deliver after 5PM"
O001632,"2025-08-18 16:19:00",C00898,E0156,Mouse,"Computer Accesossories",4,1499,0.05,PayPal,Processing,Store,"Unit 3, Building 32","Deliver after 5PM"
O001633,"2024-06-17 01:52:00",C00388,E0182,Desk,"Office Furniture",9,19999,0.03,Cash,Canceled,Unknown,"Unit 8, Building 21","Gift order"
O001634,"2023-01-15 11:42:00",C00223,E0094,"Office chair","Office Furniture",0,4999,0,"Credit Card",Shipped,Store,"Unit 2, Building 28","Gift order"
O001635,"2023-09-04 09:01:00",C00745,E0067,UPS,Electronics,5,4999,0.15,"Debit Card",Processing,Store,"860 Mabini St.","Call customer"
O001636,"2022-01-29 11:33:00",C00515,E0073,"External drive",Electronics,7,999,0.15,GCash,Canceled,Unknown,"417 QUEZON ST.",Unknown
O001637,"2023-01-04 16:22:00",C00436,E0027,Printer,"Computer Accesossories",4,3499,0.2,"Credit Card",Pending,Store,"509 Mabini St.",Unknown
O001638,"2025-07-29 11:03:00",C00233,E0155,UPS,Electronics,5,4999,0.15,Cash,Shipped,Online,"Unit 9, Building 11","Gift order"
O001639,"2024-12-06 09:40:00",C00697,E0132,Projector,Electronics,2,4000,0,GCash,Pending,Online,"625 Bonifacio St.","Urgent"
O001640,"2024-07-23 20:49:00",C00316,E0179,Headset,"Computer Accesossories",2,1499,0,GCash,Canceled,Unknown,"Unit 10, Building 7","Deliver after 5PM"
O001641,"2023-01-16 16:19:00",C00444,E0087,Mouse,"Computer Accesossories",7,1499,0,PayPal,Delivered,Online,"Unit 4, Building 25",Unknown
O001642,"2025-08-30 22:07:00",C00319,E0019,UPS,Electronics,9,4999,0.03,"Debit Card",Processing,Unknown,"UNIT 7, BUILDING 12","Deliver after 5PM"
O001643,"2024-12-07 06:44:00",C00087,E0023,Router,Networking,10,1499,0,PayPal,Shipped,Store,"447 Main St.",Unknown
O001644,"2022-12-20 08:20:00",C00522,E0248,Laptop,"Mobile Devices",3,29999,0,"Bank Transfer",Shipped,Unknown,"Unit 10, Building 11",Unknown
O001645,"2023-09-27 21:29:00",C00812,E0170,Printer,"Computer Accesossories",7,3499,0,"Credit Card",Pending,Unknown,"179 Bonifacio St.","Urgent"
O001646,"2025-12-06 03:46:00",C00247,E0054,Projector,Electronics,8,4000,0.2,GCash,Shipped,Online,"563 Rizal St.","Deliver after 5PM"
O001647,"2023-10-22 12:44:00",C00002,E0239,UPS,Electronics,9,4999,0.05,GCash,Returned,Store,"Unit 4, Building 44","Gift order"
O001648,"2025-05-12 01:16:00",C00621,E0043,Desk,"Office Furniture",6,19999,0.2,n/a,Canceled,Store,Warehouse,Unknown
O001649,"2022-12-19 19:30:00",C00641,E0069,Desk,"Office Furniture",7,19999,0.03,GCash,Processing,Online,"Unit 1, Building 14","Urgent"
O001650,"2022-12-24 22:57:00",C00275,E0019,UPS,Electronics,3,4999,0.03,GCash,Canceled,Unknown,"Unit 18, Building 38",Unknown
O001651,"2022-12-08 21:10:00",C00773,E0220,Desk,"Office Furniture",3,19999,0.1,Cash,Delivered,Online,"Unit 15, Building 49",Unknown
O001652,"2023-01-01 02:49:00",C00029,E0183,Laptop,"Mobile Devices",6,29999,0.1,PayPal,Delivered,Marketplace,"Unit 11, Building 40","Urgent"
O001653,"2024-10-03 08:32:00",C00276,E0217,Mouse,"Computer Accesossories",1,1499,0,Cash,Canceled,Unknown,"Unit 16, Building 16","Gift order"
O001654,"2024-09-16 11:32:00",C00752,E0234,Router,Networking,9,1499,0.2,"Debit Card",Canceled,Store,"Unit 6, Building 16",Unknown
O001655,"2023-10-31 13:38:00",C00475,E0241,Router,Networking,8,1499,0.03,GCash,Processing,Online,"901 Bonifacio St.","Call customer"
O001656,"2024-05-23 03:55:00",C00710,E0213,Laptop,"Mobile Devices",8,29999,0.2,"Debit Card",Shipped,Marketplace,"888 Mabini St.","Gift order"
O001657,"2022-09-12 22:25:00",C00294,E0193,Tablet,"Mobile Devices",9,8999,0.03,n/a,Pending,Store,"310 Main St.",Unknown
O001658,"2023-10-03 21:01:00",C00522,E0242,Projector,Electronics,10,4000,0.03,"Debit Card",Processing,Store,"112 Rizal St.","Call customer"
O001659,"2025-02-02 16:40:00",C00869,E0145,Headset,"Computer Accesossories",2,1499,0.15,"Credit Card",Delivered,Store,"Unit 17, Building 16","Deliver after 5PM"
O001660,"2022-07-12 20:02:00",C00425,E0234,Mouse,"Computer Accesossories",1,1499,0.15,"Bank Transfer",Canceled,Store,"Unit 2, Building 30","Deliver after 5PM"
O001661,"2024-04-13 08:17:00",C00109,E0088,Printer,"Computer Accesossories",10,3499,0,"Credit Card",Delivered,Unknown,"Unit 2, Building 34","Urgent"
O001662,"2022-02-03 04:10:00",C00118,E0176,"Office chair","Office Furniture",3,4999,0.03,PayPal,Returned,Marketplace,"Unit 3, Building 47","Urgent"
O001663,"2025-01-15 05:26:00",C00113,E0168,Tablet,"Mobile Devices",6,8999,0.1,"Debit Card",Returned,Online,"294 Main St.",Unknown
O001664,"2024-12-29 13:50:00",C00411,E0202,Keyboard,"Computer Accesossories",9,2499,0,Cash,Unknown,Store,"932 main st.",Unknown
O001665,"2024-11-27 05:46:00",C00696,E0191,Laptop,"Mobile Devices",8,29999,0.1,GCash,Canceled,Store,"Unit 10, Building 24","Call customer"
O001666,"2023-08-04 09:58:00",C00179,E0075,Printer,"Computer Accesossories",8,3499,0,Cash,Pending,Online,"Unit 15, Building 37",Unknown
O001667,"2023-03-24 15:27:00",C00135,E0082,Router,Networking,3,1499,0.15,GCash,Delivered,Store,"72 Rizal St.","Urgent"
O001668,"2024-04-11 06:20:00",C00984,E0232,Desk,"Office Furniture",2,19999,0.03,"Credit Card",Processing,Store,"Unit 10, Building 15","Deliver after 5PM"
O001669,"2023-01-12 16:16:00",C00272,E0063,Keyboard,"Computer Accesossories",3,2499,0,PayPal,Returned,Store,"27 Rizal St.","Call customer"
O001670,"2022-04-13 19:39:00",C00548,E0243,"External drive",Electronics,6,999,0.2,PayPal,Pending,Marketplace,"Unit 5, Building 1",Unknown
O001671,"2024-05-23 11:15:00",C00959,E0104,Webcam,"Computer Accesossories",6,1499,0.05,GCash,Returned,Online,"Unit 12, Building 12","Deliver after 5PM"
O001672,"2025-06-18 15:10:00",C00345,E0158,Mouse,"Computer Accesossories",8,1499,0.03,"Credit Card",Processing,Marketplace,"694 Bonifacio St.",Unknown
O001673,"2024-07-16 18:20:00",C00153,E0061,Tablet,"Mobile Devices",6,8999,0.1,n/a,Delivered,Online,"Unit 18, Building 1","Gift order"
O001674,"2024-09-15 19:59:00",C00214,E0120,Router,Networking,10,1499,0.1,n/a,Delivered,Online,"Unit 20, Building 6",Unknown
O001675,"2025-09-24 10:47:00",C00184,E0207,Keyboard,"Computer Accesossories",9,2499,0.15,Cash,Processing,Store,"Unit 3, Building 6","Deliver after 5PM"
O001676,"2025-07-23 12:12:00",C00402,E0247,Laptop,"Mobile Devices",4,29999,0.05,PayPal,Delivered,Store,"83 Quezon St.",Unknown
O001677,"2025-01-13 21:52:00",C00458,E0175,Tablet,"Mobile Devices",7,8999,0.05,"Bank Transfer",Canceled,Store,"Unit 12, Building 22","Gift order"
O001678,"2025-04-24 19:42:00",C00045,E0160,Desk,"Office Furniture",9,19999,0.2,GCash,Shipped,Unknown,"Unit 6, Building 6","Deliver after 5PM"
O001679,"2023-10-24 09:20:00",C00789,E0164,"External drive",Electronics,8,999,0.15,GCash,Shipped,Marketplace,"883 Quezon St.","Gift order"
O001680,"2025-12-16 11:19:00",C00936,E0022,UPS,Electronics,6,4999,0,GCash,Canceled,Store,"Unit 18, Building 21",Unknown
O001681,"2024-05-15 23:48:00",C00317,E0145,"External drive",Electronics,7,999,0.2,"Debit Card",Canceled,Store,"207 Rizal St.","Urgent"
O001682,"2025-08-25 04:22:00",C00821,E0240,Smartphone,"Mobile Devices",9,12999,0.15,"Debit Card",Delivered,Unknown,Warehouse,"Deliver after 5PM"
O001683,"2022-06-18 00:02:00",C00575,E0004,Webcam,"Computer Accesossories",3,1499,0.1,"Debit Card",Returned,Online,"Unit 16, Building 45","Call customer"
O001684,"2022-01-08 04:55:00",C00137,E0209,UPS,Electronics,5,4999,0.03,"Debit Card",Shipped,Store,"Unit 19, Building 30",Unknown
O001685,"2024-02-09 05:18:00",C00050,E0196,"External drive",Electronics,4,999,0.2,"Debit Card",Pending,Marketplace,"573 Quezon St.","Call customer"
O001686,"2022-01-20 14:35:00",C00327,E0219,Smartphone,"Mobile Devices",2,12999,0,"Credit Card",Returned,Marketplace,"Unit 4, Building 25",Unknown
O001687,"2024-04-16 22:24:00",C00465,E0173,Projector,Electronics,9,4000,0.2,"Bank Transfer",Delivered,Marketplace,"376 mabini st.","Call customer"
O001688,"2025-10-17 18:45:00",C00375,E0061,Laptop,"Mobile Devices",3,29999,0.15,"Debit Card",Returned,Online,Warehouse,Unknown
O001689,"2025-08-03 06:32:00",C00651,E0110,Laptop,"Mobile Devices",1,29999,0.2,Cash,Canceled,Online,"363 Rizal St.","Deliver after 5PM"
O001690,"2024-06-02 10:19:00",C00146,E0047,Keyboard,"Computer Accesossories",6,2499,0,"Debit Card",Delivered,Store,"Unit 20, Building 14",Unknown
O001691,"2024-08-11 00:53:00",C00777,E0135,"External drive",Electronics,9,999,0.05,PayPal,Returned,Marketplace,"85 QUEZON ST.","Urgent"
O001692,"2025-11-29 00:43:00",C00352,E0055,Webcam,"Computer Accesossories",3,1499,0.05,PayPal,Processing,Marketplace,"60 Quezon St.",Unknown
O001693,"2025-10-24 23:08:00",C00435,E0124,"Office chair","Office Furniture",1,4999,0.05,Cash,Shipped,Online,"555 Mabini St.",Unknown
O001694,"2022-03-31 03:44:00",C00045,E0150,Webcam,"Computer Accesossories",5,1499,0,PayPal,Delivered,Online,"Unit 17, Building 26",Unknown
O001695,"2023-09-13 04:10:00",C00376,E0178,Desk,"Office Furniture",8,19999,0.05,"Credit Card",Delivered,Online,"Unit 7, Building 10","Deliver after 5PM"
O001696,"2023-07-27 04:54:00",C00179,E0049,Webcam,"Computer Accesossories",2,1499,0.05,"Bank Transfer",Returned,Marketplace,"468 Quezon St.","Urgent"
O001697,"2024-11-25 12:45:00",C00655,E0090,Mouse,"Computer Accesossories",3,1499,0.05,"Debit Card",Delivered,Store,"Unit 11, Building 35","Gift order"
O001698,"2024-06-01 11:19:00",C00902,E0142,Tablet,"Mobile Devices",10,8999,0.2,PayPal,Canceled,Store,"Unit 9, Building 43","Urgent"
O001699,"2025-03-06 16:54:00",C00472,E0081,Laptop,"Mobile Devices",7,29999,0,Cash,Pending,Online,"815 Bonifacio St.","Deliver after 5PM"
O001700,"2025-05-30 00:04:00",C00844,E0021,Router,Networking,9,1499,0,"Bank Transfer",Delivered,Online,"640 Quezon St.","Urgent"
O001701,"2023-11-15 04:54:00",C00459,E0022,Tablet,"Mobile Devices",3,8999,0.2,"Credit Card",Pending,Marketplace,"973 Quezon St.","Urgent"
O001702,"2023-09-05 16:39:00",C00994,E0225,Monitor,"Computer Accesossories",6,9999,0.03,PayPal,Delivered,Online,"Unit 17, Building 45",Unknown
O001703,"2024-07-20 00:41:00",C00021,E0175,"Office chair","Office Furniture",9,4999,0.05,"Credit Card",Shipped,Online,"982 Bonifacio St.",Unknown
O001704,"2023-04-29 11:41:00",C00422,E0066,"External drive",Electronics,6,999,0,PayPal,Processing,Marketplace,"197 Quezon St.","Urgent"
O001705,"2025-06-14 09:35:00",C00783,E0137,Projector,Electronics,8,4000,0.1,GCash,Canceled,Store,"Unit 15, Building 47",Unknown
O001706,"2022-01-12 04:06:00",C00460,E0152,Mouse,"Computer Accesossories",7,1499,0.03,"Debit Card",Pending,Store,"Unit 15, Building 32",Unknown
O001707,"2022-01-16 17:12:00",C00106,E0005,Smartphone,"Mobile Devices",4,12999,0.1,"Debit Card",Processing,Online,"Unit 7, Building 45","Gift order"
O001708,"2022-09-15 09:33:00",C00963,E0231,Mouse,"Computer Accesossories",10,1499,0.2,"Credit Card",Processing,Online,"268 Quezon St.","Call customer"
O001709,"2024-10-04 03:14:00",C00730,E0126,Router,Networking,1,1499,0.2,PayPal,Returned,Online,"752 Mabini St.","Call customer"
O001710,"2022-09-30 01:12:00",C00864,E0054,"Office chair","Office Furniture",8,4999,0,"Credit Card",Delivered,Store,"Unit 14, Building 22","Call customer"
O001711,"2025-06-16 02:38:00",C00727,E0165,UPS,Electronics,9,4999,0.03,"Credit Card",Canceled,Online,"Unit 11, Building 38","Urgent"
O001712,"2025-01-14 06:05:00",C00410,E0059,Mouse,"Computer Accesossories",9,1499,0.1,Cash,Pending,Unknown,"Unit 17, Building 12","Gift order"
O001713,"2024-07-23 00:48:00",C00267,E0227,Laptop,"Mobile Devices",10,29999,0.2,"Debit Card",Delivered,Store,"Unit 16, Building 44",Unknown
O001714,"2024-07-27 11:51:00",C00424,E0043,Projector,Electronics,2,4000,0.05,GCash,Shipped,Store,"Unit 20, Building 20","Call customer"
O001715,"2025-03-08 13:28:00",C00700,E0056,Mouse,"Computer Accesossories",7,1499,0.15,"Debit Card",Canceled,Store,"750 Rizal St.","Urgent"
O001716,"2025-06-13 03:51:00",C00668,E0169,Keyboard,"Computer Accesossories",4,2499,0.2,Cash,Pending,Unknown,"Unit 14, Building 29","Call customer"
O001717,"2024-07-06 16:27:00",C00089,E0250,Monitor,"Computer Accesossories",8,9999,0.15,Cash,Processing,Store,"Unit 17, Building 46",Unknown
O001718,"2022-08-22 10:14:00",C00360,E0193,Printer,"Computer Accesossories",9,3499,0,PayPal,Returned,Online,"867 Main St.","Call customer"
O001719,"2022-09-26 04:57:00",C00171,E0135,Smartphone,"Mobile Devices",1,12999,0,"Credit Card",Pending,Online,"Unit 12, Building 29",Unknown
O001720,"2025-02-13 18:07:00",C00412,E0010,Projector,Electronics,5,4000,0.05,"Debit Card",Returned,Unknown,"817 QUEZON ST.","Gift order"
O001721,"2024-06-14 14:53:00",C00019,E0249,Mouse,"Computer Accesossories",3,1499,0.15,"Bank Transfer",Returned,Store,"Unit 19, Building 33","Deliver after 5PM"
O001722,"2024-09-20 12:39:00",C00711,E0239,Printer,"Computer Accesossories",9,3499,0.15,Cash,Processing,Store,"343 Rizal St.",Unknown
O001723,"2023-05-19 16:50:00",C00443,E0042,Projector,Electronics,8,4000,0,"Debit Card",Canceled,Online,"Unit 19, Building 28","Call customer"
O001724,"2024-02-08 18:39:00",C00740,E0012,Monitor,"Computer Accesossories",4,9999,0.1,GCash,Delivered,Online,"540 Bonifacio St.","Gift order"
O001725,"2023-11-20 06:39:00",C00585,E0145,Mouse,"Computer Accesossories",4,1499,0.15,PayPal,Pending,Unknown,"449 Mabini St.","Deliver after 5PM"
O001726,"2023-02-13 14:47:00",C00330,E0138,UPS,Electronics,4,4999,0.1,"Bank Transfer",Returned,Marketplace,"Unit 11, Building 28","Gift order"
O001727,"2023-03-06 12:12:00",C00831,E0036,UPS,Electronics,2,4999,0.2,GCash,Processing,Marketplace,"659 Bonifacio St.",Unknown
O001728,"2022-07-09 05:14:00",C00507,E0162,Headset,"Computer Accesossories",8,1499,0.2,Cash,Canceled,Store,"Unit 1, Building 48","Gift order"
O001729,"2023-07-02 22:00:00",C00304,E0155,Smartphone,"Mobile Devices",6,12999,0.2,"Bank Transfer",Canceled,Store,"792 Quezon St.",Unknown
O001730,"2025-11-09 00:45:00",C00768,E0117,Router,Networking,4,1499,0.1,"Bank Transfer",Delivered,Online,"928 Mabini St.",Unknown
O001731,"2024-03-26 22:39:00",C00761,E0159,Headset,"Computer Accesossories",3,1499,0,"Debit Card",Canceled,Store,"660 Rizal St.","Deliver after 5PM"
O001732,"2025-05-12 16:44:00",C00670,E0230,UPS,Electronics,8,4999,0.03,PayPal,Processing,Online,"640 Mabini St.","Deliver after 5PM"
O001733,"2023-02-21 09:48:00",C00613,E0195,Printer,"Computer Accesossories",3,3499,0.05,"Credit Card",Canceled,Online,"300 Rizal St.","Urgent"
O001734,"2023-09-28 02:01:00",C00400,E0053,Monitor,"Computer Accesossories",5,9999,0.2,Cash,Delivered,Online,"UNIT 18, BUILDING 40",Unknown
O001735,"2023-01-18 18:26:00",C00727,E0140,Smartphone,"Mobile Devices",5,12999,0,GCash,Processing,Store,"866 Mabini St.","Deliver after 5PM"
O001736,"2024-11-18 00:02:00",C00025,E0096,Projector,Electronics,7,4000,0.15,Cash,Processing,Marketplace,"Unit 1, Building 34","Gift order"
O001737,"2023-11-10 04:24:00",C00237,E0174,Mouse,"Computer Accesossories",3,1499,0.03,PayPal,Pending,Unknown,"489 Main St.","Call customer"
O001738,"2025-01-16 04:12:00",C00831,E0214,"External drive",Electronics,7,999,0.2,GCash,Canceled,Online,"Unit 13, Building 7","Call customer"
O001739,"2023-03-27 22:19:00",C00681,E0081,Headset,"Computer Accesossories",9,1499,0.05,PayPal,Processing,Unknown,"682 Mabini St.","Call customer"
O001740,"2025-09-19 16:22:00",C00549,E0170,Laptop,"Mobile Devices",1,29999,0,"Debit Card",Canceled,Marketplace,"793 Rizal St.","Urgent"
O001741,"2025-06-13 06:44:00",C00674,E0016,Projector,Electronics,6,4000,0,GCash,Delivered,Unknown,"unit 5, building 29","Gift order"
O001742,"2023-10-29 02:34:00",C00046,E0030,Router,Networking,10,1499,0.03,GCash,Unknown,Online,"Unit 3, Building 44",Unknown
O001743,"2022-03-05 17:46:00",C00744,E0145,Desk,"Office Furniture",2,19999,0.15,"Credit Card",Processing,Online,"Unit 7, Building 7","Urgent"
O001744,"2025-01-23 12:06:00",C00687,E0013,Laptop,"Mobile Devices",3,29999,0.2,Cash,Shipped,Unknown,"Unit 17, Building 38",Unknown
O001745,"2024-09-26 22:33:00",C00039,E0182,Projector,Electronics,3,4000,0.2,GCash,Shipped,Marketplace,"Unit 19, Building 12","Gift order"
O001746,"2025-06-07 23:54:00",C00999,E0205,"Office chair","Office Furniture",3,4999,0,"Debit Card",Returned,Store,"257 Bonifacio St.","Deliver after 5PM"
O001747,"2025-02-25 16:53:00",C00505,E0233,Mouse,"Computer Accesossories",9,1499,0.2,"Credit Card",Pending,Unknown,"816 main st.","Deliver after 5PM"
O001748,"2024-08-16 17:50:00",C00758,E0189,Printer,"Computer Accesossories",2,3499,0.05,"Debit Card",Returned,Marketplace,"914 Mabini St.","Deliver after 5PM"
O001749,"2022-10-25 16:40:00",C00088,E0149,UPS,Electronics,2,4999,0.2,Cash,Processing,Online,"Unit 8, Building 23","Deliver after 5PM"
O001750,"2023-09-18 13:52:00",C00455,E0046,Laptop,"Mobile Devices",4,29999,0.15,"Credit Card",Processing,Marketplace,"Unit 8, Building 9","Call customer"
O001751,"2022-02-28 05:24:00",C00950,E0013,Keyboard,"Computer Accesossories",9,2499,0.15,PayPal,Canceled,Marketplace,"765 Main St.","Gift order"
O001752,"2025-07-26 08:57:00",C00547,E0223,UPS,Electronics,10,4999,0,"Credit Card",Pending,Online,"740 Mabini St.","Call customer"
O001753,"2024-06-15 06:50:00",C00356,E0194,Projector,Electronics,8,4000,0.05,PayPal,Shipped,Online,"Unit 18, Building 4","Deliver after 5PM"
O001754,"2022-10-04 04:48:00",C00375,E0180,Monitor,"Computer Accesossories",10,9999,0.2,GCash,Processing,Online,"Unit 15, Building 18","Deliver after 5PM"
O001755,"2025-08-25 19:09:00",C00852,E0177,"External drive",Electronics,8,999,0.1,"Credit Card",Processing,Store,"101 Mabini St.",Unknown
O001756,"2022-04-29 19:21:00",C00946,E0228,Desk,"Office Furniture",1,19999,0.15,"Bank Transfer",Shipped,Store,"205 Quezon St.","Urgent"
O001757,"2022-07-23 12:01:00",C00468,E0207,Printer,"Computer Accesossories",5,3499,0.15,PayPal,Shipped,Store,"708 Quezon St.","Deliver after 5PM"
O001758,"2025-12-26 10:55:00",C00137,E0213,Desk,"Office Furniture",2,19999,0.1,GCash,Returned,Online,"753 Quezon St.","Deliver after 5PM"
O001759,"2022-07-08 13:24:00",C00665,E0198,UPS,Electronics,3,4999,0.1,Cash,Delivered,Store,"25 Mabini St.","Gift order"
O001760,"2024-03-04 18:50:00",C00833,E0070,Mouse,"Computer Accesossories",2,1499,0,"Credit Card",Processing,Store,"Unit 19, Building 5","Urgent"
O001761,"2025-09-22 20:23:00",C00568,E0230,"External drive",Electronics,4,999,0.1,"Bank Transfer",Returned,Online,"Unit 15, Building 14","Gift order"
O001762,"2024-12-07 10:51:00",C00776,E0171,"External drive",Electronics,10,999,0.1,PayPal,Returned,Unknown,"Unit 2, Building 35","Urgent"
O001763,"2025-03-12 12:34:00",C00502,E0116,Projector,Electronics,4,4000,0.2,"Credit Card",Processing,Online,Warehouse,Unknown
O001764,"2025-08-26 17:17:00",C00068,E0118,"Office chair","Office Furniture",9,4999,0,Cash,Returned,Online,"Unit 19, Building 43",Unknown
O001765,"2022-05-21 13:27:00",C00027,E0038,Keyboard,"Computer Accesossories",3,2499,0.15,"Debit Card",Delivered,Marketplace,"576 Quezon St.","Call customer"
O001766,"2024-10-16 01:19:00",C00203,E0249,Smartphone,"Mobile Devices",9,12999,0.03,GCash,Processing,Store,"Unit 13, Building 50","Call customer"
O001767,"2024-07-06 14:56:00",C00975,E0015,Smartphone,"Mobile Devices",8,12999,0.05,"Debit Card",Processing,Online,"Unit 5, Building 38","Deliver after 5PM"
O001768,"2023-05-30 15:07:00",C00901,E0183,Monitor,"Computer Accesossories",2,9999,0.03,Cash,Canceled,Online,Warehouse,Unknown
O001769,"2023-05-27 22:44:00",C00328,E0047,Unknown,Unknown,3,1499,0.05,"Bank Transfer",Pending,Online,"591 Mabini St.","Gift order"
O001770,"2023-11-14 08:22:00",C00734,E0158,Webcam,"Computer Accesossories",6,1499,0.1,n/a,Canceled,Store,"Unit 17, Building 40","Gift order"
O001771,"2022-11-09 01:46:00",C00104,E0077,Mouse,"Computer Accesossories",2,1499,0.1,"Debit Card",Canceled,Online,"Unit 19, Building 2",Unknown
O001772,"2025-01-25 03:35:00",C00061,E0127,Monitor,"Computer Accesossories",4,9999,0.15,"Debit Card",Canceled,Online,"528 Mabini St.","Urgent"
O001773,"2025-08-12 14:50:00",C00761,E0128,"Office chair","Office Furniture",10,4999,0.15,"Debit Card",Canceled,Online,"Unit 15, Building 47","Deliver after 5PM"
O001774,"2022-01-07 00:16:00",C00930,E0231,"External drive",Electronics,5,999,0.2,PayPal,Pending,Store,"966 Rizal St.",Unknown
O001775,"2025-10-30 17:24:00",C00266,E0144,Headset,"Computer Accesossories",7,1499,0.03,"Credit Card",Pending,Online,"Unit 13, Building 30","Gift order"
O001776,"2023-03-26 05:44:00",C00952,E0049,Projector,Electronics,5,4000,0.1,"Credit Card",Delivered,Unknown,"409 Main St.",Unknown
O001777,"2025-12-29 06:45:00",C00460,E0040,Headset,"Computer Accesossories",6,1499,0,"Bank Transfer",Shipped,Store,"736 Main St.","Deliver after 5PM"
O001778,"2025-08-05 18:08:00",C00784,E0058,Mouse,"Computer Accesossories",9,1499,0,"Debit Card",Pending,Store,"Unit 16, Building 11","Gift order"
O001779,"2022-10-13 16:29:00",C00630,E0114,Smartphone,"Mobile Devices",6,12999,0,"Debit Card",Delivered,Unknown,"248 Main St.","Gift order"
O001780,"2023-02-06 23:45:00",C00937,E0191,Monitor,"Computer Accesossories",8,9999,0.1,"Debit Card",Processing,Online,"37 Bonifacio St.",Unknown
O001781,"2023-11-16 12:51:00",C00217,E0069,Monitor,"Computer Accesossories",9,9999,0,PayPal,Unknown,Store,"Unit 18, Building 41","Call customer"
O001782,"2024-07-12 19:25:00",C00268,E0139,Webcam,"Computer Accesossories",5,1499,0.05,PayPal,Pending,Online,"Unit 19, Building 36","Deliver after 5PM"
O001783,"2025-05-26 18:36:00",C00040,E0038,"External drive",Electronics,9,999,0.1,"Debit Card",Pending,Unknown,"136 Main St.","Gift order"
O001784,"2024-10-18 06:03:00",C00226,E0053,Mouse,"Computer Accesossories",2,1499,0.15,"Debit Card",Processing,Online,"723 Rizal St.","Urgent"
O001785,"2024-02-05 07:58:00",C00790,E0166,"External drive",Electronics,6,999,0.05,Cash,Delivered,Store,"Unit 4, Building 6","Call customer"
O001786,"2023-09-27 20:58:00",C00075,E0005,Smartphone,"Mobile Devices",1,12999,0.2,Cash,Delivered,Unknown,"Unit 1, Building 40",Unknown
O001787,"2023-09-14 20:50:00",C00041,E0063,Smartphone,"Mobile Devices",8,12999,0.05,Cash,Returned,Store,"922 Mabini St.","Call customer"
O001788,"2022-03-08 02:10:00",C00550,E0224,Desk,"Office Furniture",5,19999,0.1,"Debit Card",Canceled,Store,"791 Rizal St.","Urgent"
O001789,"2022-03-13 18:18:00",C00921,E0149,Smartphone,"Mobile Devices",7,12999,0.15,Cash,Pending,Unknown,"168 Quezon St.","Gift order"
O001790,"2024-08-03 17:49:00",C00521,E0208,Webcam,"Computer Accesossories",5,1499,0,"Bank Transfer",Delivered,Unknown,"313 Quezon St.","Urgent"
O001791,"2023-06-08 18:45:00",C00314,E0243,Laptop,"Mobile Devices",10,29999,0.03,PayPal,Shipped,Marketplace,"Unit 5, Building 29",Unknown
O001792,"2024-01-21 23:44:00",C00907,E0110,Router,Networking,6,1499,0,"Credit Card",Canceled,Online,"160 Mabini St.","Gift order"
O001793,"2022-12-13 02:38:00",C00305,E0038,Printer,"Computer Accesossories",8,3499,0,"Bank Transfer",Pending,Marketplace,"475 Quezon St.","Call customer"
O001794,"2023-03-23 02:53:00",C00389,E0204,Router,Networking,8,1499,0.1,PayPal,Processing,Unknown,"Unit 6, Building 31",Unknown
O001795,"2022-12-27 17:42:00",C00999,E0028,Keyboard,"Computer Accesossories",2,2499,0.1,GCash,Canceled,Marketplace,"Unit 3, Building 38",Unknown
O001796,"2024-04-13 22:35:00",C00302,E0234,Laptop,"Mobile Devices",8,29999,0,"Credit Card",Canceled,Store,"Unit 13, Building 11","Gift order"
O001797,"2023-12-13 12:39:00",C00270,E0029,"Office chair","Office Furniture",7,4999,0.05,"Bank Transfer",Shipped,Online,"Unit 14, Building 38",Unknown
O001798,"2022-11-06 21:15:00",C00250,E0173,Webcam,"Computer Accesossories",3,1499,0,"Credit Card",Processing,Online,"Unit 1, Building 20","Deliver after 5PM"
O001799,"2024-05-01 07:45:00",C00348,E0218,Laptop,"Mobile Devices",10,29999,0,PayPal,Unknown,Store,"526 Main St.","Urgent"
O001800,"2025-04-01 20:41:00",C00970,E0096,Projector,Electronics,6,4000,0.03,"Bank Transfer",Pending,Unknown,"Unit 3, Building 17","Gift order"
O001801,"2025-09-07 18:42:00",C00265,E0173,"External drive",Electronics,8,999,0.05,Cash,Pending,Store,"Unit 13, Building 25","Urgent"
O001802,"2023-08-03 14:44:00",C00561,E0192,"External drive",Electronics,1,999,0.1,"Bank Transfer",Pending,Online,"Unit 1, Building 39",Unknown
O001803,"2024-01-28 14:32:00",C00483,E0239,Webcam,"Computer Accesossories",7,1499,0,"Debit Card",Delivered,Online,"Unit 1, Building 10",Unknown
O001804,"2025-12-30 22:08:00",C00438,E0160,"External drive",Electronics,4,999,0.15,"Debit Card",Processing,Store,"596 Bonifacio St.","Gift order"
O001805,"2025-02-25 09:52:00",C00109,E0212,Printer,"Computer Accesossories",9,3499,0.05,"Debit Card",Returned,Online,"Unit 3, Building 22","Deliver after 5PM"
O001806,"2025-05-04 15:41:00",C00022,E0033,"External drive",Electronics,2,999,0.2,"Bank Transfer",Pending,Unknown,"Unit 10, Building 50","Deliver after 5PM"
O001807,"2024-07-12 12:33:00",C00512,E0028,Webcam,"Computer Accesossories",6,1499,0,"Bank Transfer",Processing,Store,"Unit 19, Building 41","Call customer"
O001808,"2022-08-21 02:51:00",C00060,E0106,Laptop,"Mobile Devices",7,29999,0.05,"Credit Card",Delivered,Online,"Unit 6, Building 50","Deliver after 5PM"
O001809,"2025-11-27 07:13:00",C00423,E0204,Webcam,"Computer Accesossories",7,1499,0.15,Cash,Delivered,Marketplace,"Unit 19, Building 6","Gift order"
O001810,"2022-01-31 02:10:00",C00703,E0092,Printer,"Computer Accesossories",4,3499,0.05,Cash,Returned,Marketplace,"936 RIZAL ST.","Deliver after 5PM"
O001811,"2024-03-30 17:55:00",C00757,E0250,Unknown,Unknown,10,999,0,"Debit Card",Canceled,Unknown,"Unit 4, Building 20",Unknown
O001812,"2023-03-08 09:09:00",C00029,E0072,Projector,Electronics,9,4000,0.1,"Bank Transfer",Pending,Unknown,"Unit 4, Building 32",Unknown
O001813,"2022-10-28 07:02:00",C00374,E0155,Tablet,"Mobile Devices",6,8999,0,"Bank Transfer",Returned,Store,"Unit 2, Building 35",Unknown
O001814,"2022-02-26 04:06:00",C00242,E0155,Tablet,"Mobile Devices",6,8999,0,"Debit Card",Pending,Online,"Unit 5, Building 17",Unknown
O001815,"2024-08-17 18:44:00",C00995,E0120,Projector,Electronics,4,4000,0.2,Cash,Canceled,Online,"228 Rizal St.",Unknown
O001816,"2022-08-23 21:54:00",C00105,E0101,"Office chair","Office Furniture",7,4999,0,GCash,Delivered,Unknown,"35 Mabini St.","Deliver after 5PM"
O001817,"2025-01-01 06:59:00",C00405,E0171,UPS,Electronics,10,4999,0,Cash,Unknown,Store,"Unit 3, Building 36","Call customer"
O001818,"2022-11-24 15:14:00",C00504,E0237,Keyboard,"Computer Accesossories",9,2499,0.1,PayPal,Canceled,Online,"99 Bonifacio St.","Call customer"
O001819,"2023-06-06 08:01:00",C00711,E0033,Keyboard,"Computer Accesossories",7,2499,0.03,"Bank Transfer",Shipped,Online,"302 Rizal St.","Urgent"
O001820,"2023-07-27 11:24:00",C00040,E0142,Desk,"Office Furniture",6,19999,0.2,Cash,Processing,Unknown,"Unit 7, Building 10","Call customer"
O001821,"2024-08-08 01:47:00",C00490,E0007,Headset,"Computer Accesossories",6,1499,0.05,PayPal,Unknown,Marketplace,"726 Quezon St.",Unknown
O001822,"2024-06-15 04:58:00",C00393,E0126,Monitor,"Computer Accesossories",8,9999,0,PayPal,Pending,Online,Warehouse,"Urgent"
O001823,"2023-01-18 00:48:00",C00592,E0061,Webcam,"Computer Accesossories",2,1499,0,"Debit Card",Processing,Unknown,"71 bonifacio st.","Urgent"
O001824,"2025-03-08 17:33:00",C00042,E0078,Keyboard,"Computer Accesossories",9,2499,0.2,"Bank Transfer",Pending,Online,"Unit 15, Building 40",Unknown
O001825,"2024-08-01 14:47:00",C00863,E0248,"External drive",Electronics,8,999,0.03,Cash,Returned,Unknown,"Unit 18, Building 44",Unknown
O001826,"2025-04-07 11:16:00",C00735,E0143,Smartphone,"Mobile Devices",4,12999,0.05,n/a,Canceled,Unknown,"836 Main St.",Unknown
O001827,"2024-07-16 08:34:00",C00888,E0192,Tablet,"Mobile Devices",2,8999,0,GCash,Returned,Online,"997 Quezon St.","Gift order"
O001828,"2025-01-04 07:23:00",C00115,E0003,Projector,Electronics,5,4000,0.2,"Credit Card",Delivered,Marketplace,"Unit 7, Building 6",Unknown
O001829,"2025-11-26 11:43:00",C00506,E0013,Smartphone,"Mobile Devices",7,12999,0,GCash,Shipped,Store,"unit 13, building 45",Unknown
O001830,"2023-07-11 16:55:00",C00123,E0154,Mouse,"Computer Accesossories",6,1499,0.1,PayPal,Canceled,Store,"349 Bonifacio St.",Unknown
O001831,"2025-05-18 23:52:00",C00761,E0153,"Office chair","Office Furniture",4,4999,0.1,"Credit Card",Pending,Online,"Unit 7, Building 43","Gift order"
O001832,"2024-09-13 05:48:00",C00526,E0141,Smartphone,"Mobile Devices",4,12999,0.15,PayPal,Canceled,Online,"289 Mabini St.","Urgent"
O001833,"2024-12-02 08:01:00",C00759,E0095,Router,Networking,5,1499,0.05,"Bank Transfer",Canceled,Marketplace,"154 Mabini St.","Urgent"
O001834,"2022-01-12 20:35:00",C00117,E0167,Mouse,"Computer Accesossories",2,1499,0.03,"Credit Card",Returned,Store,"682 Rizal St.",Unknown
O001835,"2022-06-06 17:52:00",C00787,E0187,UPS,Electronics,10,4999,0,Cash,Canceled,Store,"unit 3, building 33",Unknown
O001836,"2023-04-28 03:32:00",C00230,E0047,Keyboard,"Computer Accesossories",5,2499,0.1,"Credit Card",Processing,Unknown,"6 Rizal St.",Unknown
O001837,"2022-07-09 15:40:00",C00588,E0018,Unknown,Unknown,2,799,0.15,PayPal,Shipped,Unknown,"Unit 2, Building 46","Urgent"
O001838,"2023-03-21 01:37:00",C00744,E0069,Mouse,"Computer Accesossories",10,1499,0.05,"Debit Card",Processing,Marketplace,"413 Rizal St.",Unknown
O001839,"2022-03-27 07:46:00",C00242,E0073,Smartphone,"Mobile Devices",8,12999,0.03,"Credit Card",Returned,Store,"296 Main St.",Unknown
O001840,"2024-10-26 03:34:00",C00667,E0061,Headset,"Computer Accesossories",2,1499,0.1,"Bank Transfer",Pending,Marketplace,"Unit 11, Building 23","Urgent"
O001841,"2022-09-16 04:43:00",C00315,E0201,UPS,Electronics,8,4999,0.1,Cash,Delivered,Marketplace,"UNIT 12, BUILDING 40","Gift order"
O001842,"2023-11-18 13:00:00",C00880,E0081,UPS,Electronics,7,4999,0.15,"Bank Transfer",Delivered,Online,"165 Rizal St.",Unknown
O001843,"2023-11-03 04:11:00",C00441,E0043,Tablet,"Mobile Devices",5,8999,0.1,"Bank Transfer",Processing,Store,"26 Bonifacio St.","Deliver after 5PM"
O001844,"2025-09-01 11:29:00",C00984,E0115,Keyboard,"Computer Accesossories",8,2499,0.03,"Bank Transfer",Delivered,Online,"Unit 12, Building 14","Urgent"
O001845,"2023-10-20 17:20:00",C00123,E0081,Printer,"Computer Accesossories",6,3499,0.05,"Credit Card",Unknown,Store,"Unit 18, Building 49","Gift order"
O001846,"2023-06-23 20:07:00",C00052,E0146,Projector,Electronics,5,4000,0.2,"Bank Transfer",Delivered,Online,"104 Mabini St.","Urgent"
O001847,"2025-03-19 10:33:00",C00677,E0166,Keyboard,"Computer Accesossories",0,2499,0.2,"Credit Card",Shipped,Unknown,"Unit 20, Building 36","Gift order"
O001848,"2025-01-28 07:58:00",C00031,E0047,Headset,"Computer Accesossories",6,1499,0.05,PayPal,Unknown,Unknown,"Unit 19, Building 16","Call customer"
O001849,"2022-03-14 04:56:00",C00043,E0161,Smartphone,"Mobile Devices",1,12999,0.15,"Bank Transfer",Shipped,Store,"Unit 14, Building 27","Urgent"
O001850,"2023-09-27 19:07:00",C00871,E0185,Tablet,"Mobile Devices",1,8999,0.03,"Credit Card",Returned,Online,"Unit 7, Building 35",Unknown
O001851,"2025-01-27 00:56:00",C00880,E0147,Router,Networking,8,1499,0,PayPal,Delivered,Store,"677 Bonifacio St.","Gift order"
O001852,"2023-10-19 01:38:00",C00808,E0076,Tablet,"Mobile Devices",4,8999,0.03,"Debit Card",Delivered,Store,"616 Bonifacio St.","Call customer"
O001853,"2023-05-24 18:20:00",C00093,E0210,UPS,Electronics,8,4999,0,"Debit Card",Canceled,Online,"37 Rizal St.","Urgent"
O001854,"2024-02-17 21:34:00",C00707,E0094,"Office chair","Office Furniture",1,4999,0.05,"Bank Transfer",Delivered,Online,"309 Rizal St.","Urgent"
O001855,"2024-04-23 15:30:00",C00514,E0011,Laptop,"Mobile Devices",5,29999,0,"Bank Transfer",Canceled,Store,"607 Mabini St.","Gift order"
O001856,"2023-11-25 23:13:00",C00237,E0114,Keyboard,"Computer Accesossories",8,2499,0,"Credit Card",Delivered,Marketplace,"197 Mabini St.",Unknown
O001857,"2022-03-05 00:10:00",C00811,E0008,Desk,"Office Furniture",1,19999,0.1,GCash,Delivered,Marketplace,"Unit 4, Building 9","Urgent"
O001858,"2022-07-11 15:47:00",C00263,E0015,Smartphone,"Mobile Devices",5,12999,0.15,"Bank Transfer",Canceled,Unknown,"89 Rizal St.",Unknown
O001859,"2024-05-05 16:18:00",C00078,E0163,Keyboard,"Computer Accesossories",9,2499,0.2,PayPal,Delivered,Marketplace,Warehouse,"Gift order"
O001860,"2023-05-05 06:12:00",C00166,E0181,Printer,"Computer Accesossories",10,3499,0.15,PayPal,Returned,Marketplace,"Unit 13, Building 14","Gift order"
O001861,"2023-06-12 18:27:00",C00972,E0200,"Office chair","Office Furniture",10,4999,0,GCash,Canceled,Online,"521 Bonifacio St.","Call customer"
O001862,"2022-07-27 02:15:00",C00699,E0204,Printer,"Computer Accesossories",6,3499,0.15,"Bank Transfer",Returned,Unknown,"220 Rizal St.","Urgent"
O001863,"2022-04-27 16:06:00",C00973,E0071,Router,Networking,5,1499,0.1,"Debit Card",Pending,Online,"778 Rizal St.",Unknown
O001864,"2023-06-22 16:29:00",C00577,E0019,Desk,"Office Furniture",8,19999,0.2,PayPal,Delivered,Online,"787 Rizal St.",Unknown
O001865,"2023-09-15 15:58:00",C00708,E0205,Printer,"Computer Accesossories",3,3499,0,PayPal,Pending,Marketplace,"900 Main St.","Call customer"
O001866,"2022-01-22 00:33:00",C00164,E0005,"External drive",Electronics,9,999,0,"Bank Transfer",Returned,Online,"Unit 15, Building 38","Deliver after 5PM"
O001867,"2025-11-25 02:14:00",C00471,E0133,Router,Networking,0,1499,0.15,"Bank Transfer",Canceled,Online,"Unit 18, Building 35","Urgent"
O001868,"2025-02-14 11:09:00",C00891,E0221,"Office chair","Office Furniture",6,4999,0,Cash,Pending,Store,"571 mabini st.","Deliver after 5PM"
O001869,"2024-09-30 06:17:00",C00886,E0106,Headset,"Computer Accesossories",9,1499,0.1,"Bank Transfer",Unknown,Store,"Unit 10, Building 12","Deliver after 5PM"
O001870,"2025-09-01 21:24:00",C00650,E0157,Projector,Electronics,6,4000,0.2,PayPal,Pending,Store,"629 Rizal St.",Unknown
O001871,"2024-08-11 12:52:00",C00756,E0234,Desk,"Office Furniture",1,19999,0.03,GCash,Returned,Online,"Unit 4, Building 1",Unknown
O001872,"2024-06-30 04:28:00",C00902,E0149,Unknown,Unknown,1,4999,0.05,Cash,Shipped,Online,"794 Mabini St.",Unknown
O001873,"2024-11-23 06:00:00",C00453,E0237,UPS,Electronics,9,4999,0,"Bank Transfer",Pending,Online,"440 rizal st.",Unknown
O001874,"2024-12-22 17:35:00",C00500,E0001,"External drive",Electronics,4,999,0,Cash,Processing,Marketplace,"703 rizal st.","Urgent"
O001875,"2022-07-13 00:57:00",C00603,E0048,Router,Networking,8,1499,0,"Credit Card",Pending,Marketplace,"Unit 15, Building 7","Deliver after 5PM"
O001876,"2025-08-08 06:56:00",C00136,E0237,Headset,"Computer Accesossories",0,1499,0.15,PayPal,Shipped,Online,"Unit 9, Building 33","Gift order"
O001877,"2023-06-13 17:56:00",C00170,E0210,Unknown,Unknown,4,999,0.05,"Bank Transfer",Delivered,Online,"371 Bonifacio St.","Gift order"
O001878,"2024-06-10 02:58:00",C00830,E0026,Keyboard,"Computer Accesossories",6,2499,0,Cash,Pending,Online,"24 Bonifacio St.","Urgent"
O001879,"2022-07-09 12:35:00",C00803,E0080,Monitor,"Computer Accesossories",3,9999,0,"Debit Card",Unknown,Marketplace,"Unit 17, Building 45","Deliver after 5PM"
O001880,"2024-03-17 23:07:00",C00141,E0206,Headset,"Computer Accesossories",3,1499,0,GCash,Pending,Online,"317 Mabini St.","Call customer"
O001881,"2023-08-13 23:22:00",C00205,E0073,Router,Networking,10,1499,0.1,"Credit Card",Returned,Marketplace,"unit 19, building 1","Urgent"
O001882,"2024-08-04 03:54:00",C00922,E0077,Smartphone,"Mobile Devices",5,12999,0.2,Cash,Shipped,Unknown,"586 Mabini St.",Unknown
O001883,"2023-07-30 22:45:00",C00493,E0021,Projector,Electronics,7,4000,0.15,"Credit Card",Delivered,Store,"Unit 20, Building 18","Gift order"
O001884,"2024-08-01 11:26:00",C00262,E0247,Tablet,"Mobile Devices",7,8999,0,GCash,Shipped,Store,"171 Mabini St.",Unknown
O001885,"2023-06-08 23:22:00",C00409,E0025,Unknown,Unknown,5,1999,0.05,"Debit Card",Pending,Marketplace,"864 Bonifacio St.",Unknown
O001886,"2023-08-23 12:37:00",C00423,E0091,Mouse,"Computer Accesossories",10,1499,0.1,Cash,Canceled,Marketplace,"Unit 18, Building 4","Deliver after 5PM"
O001887,"2023-11-11 01:42:00",C00933,E0111,Printer,"Computer Accesossories",6,3499,0.03,Cash,Canceled,Marketplace,"3 Rizal St.","Deliver after 5PM"
O001888,"2024-01-01 18:39:00",C00450,E0029,Desk,"Office Furniture",10,19999,0.2,"Credit Card",Pending,Online,"210 Rizal St.","Gift order"
O001889,"2022-05-26 09:17:00",C00429,E0087,Monitor,"Computer Accesossories",2,9999,0.2,"Debit Card",Delivered,Store,"389 Main St.","Urgent"
O001890,"2022-09-08 11:13:00",C00599,E0154,Desk,"Office Furniture",6,19999,0.2,Cash,Processing,Marketplace,"Unit 13, Building 45",Unknown
O001891,"2024-02-12 05:05:00",C00394,E0001,Monitor,"Computer Accesossories",10,9999,0,Cash,Pending,Store,"Unit 18, Building 19","Call customer"
O001892,"2023-03-27 19:12:00",C00871,E0176,Mouse,"Computer Accesossories",1,1499,0.03,"Credit Card",Canceled,Online,"359 Main St.","Call customer"
O001893,"2024-03-02 11:34:00",C00572,E0191,UPS,Electronics,6,4999,0.1,GCash,Pending,Online,"491 Rizal St.","Urgent"
O001894,"2025-03-04 08:43:00",C00414,E0114,Mouse,"Computer Accesossories",6,1499,0.1,"Bank Transfer",Canceled,Marketplace,"316 Quezon St.","Call customer"
O001895,"2025-05-29 23:12:00",C00525,E0212,Router,Networking,4,1499,0.03,Cash,Delivered,Store,"778 Quezon St.","Gift order"
O001896,"2024-08-09 00:24:00",C00633,E0217,Tablet,"Mobile Devices",2,8999,0.03,"Debit Card",Processing,Online,"416 Bonifacio St.","Urgent"
O001897,"2025-04-24 07:42:00",C00202,E0139,Router,Networking,7,1499,0.1,PayPal,Returned,Marketplace,"364 Mabini St.",Unknown
O001898,"2022-09-07 20:40:00",C00188,E0122,Tablet,"Mobile Devices",7,8999,0.15,Cash,Processing,Online,"302 Mabini St.",Unknown
O001899,"2025-03-05 23:46:00",C00114,E0213,Router,Networking,2,1499,0.05,"Bank Transfer",Canceled,Online,"752 Main St.","Urgent"
O001900,"2022-06-30 21:37:00",C00560,E0035,Smartphone,"Mobile Devices",2,12999,0,PayPal,Canceled,Marketplace,"370 Mabini St.","Deliver after 5PM"
O001901,"2025-03-03 11:07:00",C00831,E0114,UPS,Electronics,8,4999,0.05,PayPal,Shipped,Online,"25 Mabini St.","Gift order"
O001902,"2022-09-10 20:44:00",C00980,E0036,Laptop,"Mobile Devices",1,29999,0.2,"Debit Card",Processing,Store,"unit 20, building 43","Gift order"
O001903,"2025-07-22 05:44:00",C00478,E0045,Mouse,"Computer Accesossories",3,1499,0.15,GCash,Canceled,Store,"991 Mabini St.","Deliver after 5PM"
O001904,"2024-06-17 15:50:00",C00574,E0208,"Office chair","Office Furniture",6,4999,0.05,PayPal,Returned,Store,"Unit 4, Building 12","Urgent"
O001905,"2025-08-28 11:43:00",C00150,E0053,Unknown,Unknown,8,499,0.03,GCash,Returned,Marketplace,"897 Quezon St.","Call customer"
O001906,"2025-08-22 03:25:00",C00868,E0215,Headset,"Computer Accesossories",3,1499,0.2,"Credit Card",Delivered,Store,"Unit 5, Building 25",Unknown
O001907,"2024-07-23 10:59:00",C00642,E0142,Desk,"Office Furniture",1,19999,0.15,"Bank Transfer",Delivered,Online,"Unit 3, Building 1","Deliver after 5PM"
O001908,"2022-12-20 16:28:00",C00688,E0192,Router,Networking,6,1499,0.05,Cash,Pending,Unknown,"265 Main St.",Unknown
O001909,"2023-10-19 07:51:00",C00343,E0047,Projector,Electronics,2,4000,0.2,"Bank Transfer",Returned,Online,"117 Mabini St.",Unknown
O001910,"2024-11-18 20:57:00",C00636,E0083,Smartphone,"Mobile Devices",6,12999,0.2,"Credit Card",Shipped,Online,"852 Bonifacio St.","Gift order"
O001911,"2022-06-03 23:54:00",C00575,E0225,Laptop,"Mobile Devices",7,29999,0,"Debit Card",Pending,Marketplace,"29 Mabini St.",Unknown
O001912,"2022-07-19 21:18:00",C00579,E0228,"External drive",Electronics,1,999,0.15,"Bank Transfer",Processing,Online,"112 Mabini St.",Unknown
O001913,"2022-06-14 02:15:00",C00142,E0107,Router,Networking,2,1499,0,"Bank Transfer",Returned,Unknown,"179 Quezon St.",Unknown
O001914,"2025-08-24 19:26:00",C00993,E0233,Tablet,"Mobile Devices",9,8999,0.1,"Debit Card",Canceled,Online,"Unit 16, Building 37",Unknown
O001915,"2023-01-05 20:15:00",C00223,E0002,Headset,"Computer Accesossories",5,1499,0.15,"Bank Transfer",Canceled,Store,"667 main st.","Call customer"
O001916,"2025-09-04 12:52:00",C00520,E0064,Headset,"Computer Accesossories",3,1499,0,Cash,Canceled,Store,"100 Rizal St.","Deliver after 5PM"
O001917,"2025-09-02 20:17:00",C00690,E0035,"Office chair","Office Furniture",5,4999,0,"Debit Card",Returned,Store,"412 MABINI ST.","Urgent"
O001918,"2025-10-25 00:54:00",C00658,E0108,Printer,"Computer Accesossories",9,3499,0.1,"Bank Transfer",Processing,Online,"Unit 7, Building 6","Call customer"
O001919,"2023-08-12 17:35:00",C00872,E0019,Tablet,"Mobile Devices",8,8999,0.2,"Credit Card",Delivered,Online,"100 Main St.",Unknown
O001920,"2023-10-15 18:14:00",C00070,E0161,Printer,"Computer Accesossories",9,3499,0.2,"Bank Transfer",Delivered,Online,"138 rizal st.",Unknown
O001921,"2022-04-07 14:24:00",C00914,E0082,Webcam,"Computer Accesossories",6,1499,0.05,Cash,Shipped,Online,"Unit 14, Building 38","Urgent"
O001922,"2022-09-26 11:56:00",C00804,E0002,Keyboard,"Computer Accesossories",7,2499,0.1,"Bank Transfer",Processing,Marketplace,"Unit 5, Building 8",Unknown
O001923,"2024-06-11 05:38:00",C00272,E0044,Webcam,"Computer Accesossories",9,1499,0.03,"Debit Card",Shipped,Online,"Unit 17, Building 34","Deliver after 5PM"
O001924,"2025-05-31 07:09:00",C00752,E0009,UPS,Electronics,2,4999,0.03,PayPal,Shipped,Marketplace,"Unit 10, Building 20",Unknown
O001925,"2025-08-22 09:57:00",C00770,E0099,"External drive",Electronics,4,999,0.2,Cash,Delivered,Store,Warehouse,Unknown
O001926,"2024-10-22 00:44:00",C00742,E0144,Smartphone,"Mobile Devices",6,12999,0.03,"Credit Card",Pending,Store,"19 Bonifacio St.","Gift order"
O001927,"2024-06-30 07:17:00",C00732,E0010,Laptop,"Mobile Devices",9,29999,0.05,"Debit Card",Returned,Online,"359 Main St.","Urgent"
O001928,"2024-06-22 02:46:00",C00482,E0016,Smartphone,"Mobile Devices",3,12999,0.1,PayPal,Delivered,Online,"UNIT 11, BUILDING 17",Unknown
O001929,"2025-04-13 22:26:00",C00697,E0248,Mouse,"Computer Accesossories",9,1499,0.05,PayPal,Canceled,Unknown,"Unit 8, Building 1",Unknown
O001930,"2025-01-08 15:44:00",C00029,E0215,Monitor,"Computer Accesossories",5,9999,0,GCash,Delivered,Store,"Unit 7, Building 28","Call customer"
O001931,"2024-01-01 00:42:00",C00984,E0059,Projector,Electronics,2,4000,0,Cash,Returned,Unknown,"397 Main St.","Urgent"
O001932,"2022-05-17 04:05:00",C00700,E0099,Laptop,"Mobile Devices",4,29999,0,GCash,Canceled,Unknown,"Unit 8, Building 30",Unknown
O001933,"2025-11-14 20:58:00",C00033,E0123,Keyboard,"Computer Accesossories",1,2499,0.03,"Debit Card",Processing,Marketplace,"599 Mabini St.","Deliver after 5PM"
O001934,"2024-11-15 08:46:00",C00637,E0181,Printer,"Computer Accesossories",3,3499,0,Cash,Processing,Unknown,"Unit 12, Building 21","Urgent"
O001935,"2023-03-09 23:12:00",C00923,E0059,Monitor,"Computer Accesossories",1,9999,0.2,"Bank Transfer",Returned,Store,"Unit 7, Building 48","Urgent"
O001936,"2022-11-07 02:52:00",C00222,E0170,Router,Networking,2,1499,0.15,PayPal,Returned,Store,"965 Quezon St.","Deliver after 5PM"
O001937,"2022-11-10 17:36:00",C00326,E0237,Smartphone,"Mobile Devices",2,12999,0,GCash,Shipped,Store,"Unit 18, Building 34","Deliver after 5PM"
O001938,"2024-06-11 16:02:00",C00429,E0067,Printer,"Computer Accesossories",9,3499,0.05,PayPal,Shipped,Online,Warehouse,"Urgent"
O001939,"2025-03-27 01:51:00",C00270,E0142,Tablet,"Mobile Devices",5,8999,0.2,"Bank Transfer",Canceled,Store,"845 Quezon St.","Deliver after 5PM"
O001940,"2024-03-13 11:48:00",C00056,E0200,Mouse,"Computer Accesossories",7,1499,0.05,"Debit Card",Shipped,Online,"581 Rizal St.","Call customer"
O001941,"2025-10-29 14:03:00",C00387,E0105,"External drive",Electronics,2,999,0.15,"Debit Card",Pending,Store,"821 Mabini St.","Gift order"
O001942,"2022-08-27 03:16:00",C00916,E0215,UPS,Electronics,3,4999,0.05,"Debit Card",Shipped,Marketplace,"24 Bonifacio St.",Unknown
O001943,"2023-07-10 17:32:00",C00781,E0017,Webcam,"Computer Accesossories",9,1499,0.2,"Credit Card",Processing,Store,"Unit 2, Building 33","Urgent"
O001944,"2025-08-20 01:14:00",C00829,E0244,Printer,"Computer Accesossories",10,3499,0.1,GCash,Delivered,Unknown,"Unit 7, Building 13","Urgent"
O001945,"2022-07-02 15:46:00",C00514,E0130,"Office chair","Office Furniture",5,4999,0,"Credit Card",Pending,Online,"126 Mabini St.","Urgent"
O001946,"2023-03-03 02:02:00",C00429,E0037,Laptop,"Mobile Devices",6,29999,0.05,GCash,Canceled,Marketplace,"48 Main St.","Gift order"
O001947,"2024-06-19 23:16:00",C00663,E0092,UPS,Electronics,2,4999,0,Cash,Canceled,Online,"Unit 9, Building 14","Call customer"
O001948,"2024-07-03 23:06:00",C00484,E0248,Mouse,"Computer Accesossories",7,1499,0.05,Cash,Returned,Online,"Unit 9, Building 44","Urgent"
O001949,"2022-09-11 22:41:00",C00435,E0114,Webcam,"Computer Accesossories",9,1499,0.03,"Bank Transfer",Returned,Online,"680 Main St.",Unknown
O001950,"2023-11-20 17:34:00",C00377,E0145,"External drive",Electronics,2,999,0.03,"Credit Card",Delivered,Marketplace,"966 Mabini St.","Call customer"
O001951,"2022-11-04 02:51:00",C00471,E0105,Unknown,Unknown,10,7999,0.05,"Bank Transfer",Delivered,Store,"210 Bonifacio St.","Deliver after 5PM"
O001952,"2025-10-10 06:24:00",C00581,E0125,Router,Networking,8,1499,0,PayPal,Returned,Store,"970 rizal st.",Unknown
O001953,"2024-11-04 23:12:00",C00268,E0199,Desk,"Office Furniture",6,19999,0.1,"Bank Transfer",Processing,Store,"Unit 1, Building 24","Gift order"
O001954,"2024-12-05 16:53:00",C00850,E0230,"Office chair","Office Furniture",9,4999,0,n/a,Processing,Store,"754 Rizal St.",Unknown
O001955,"2023-08-30 05:54:00",C00126,E0063,UPS,Electronics,4,4999,0,GCash,Pending,Store,"Unit 14, Building 21",Unknown
O001956,"2023-11-21 07:40:00",C00088,E0212,Projector,Electronics,2,4000,0.03,PayPal,Shipped,Store,"Unit 5, Building 18","Urgent"
O001957,"2022-12-12 20:58:00",C00061,E0100,Webcam,"Computer Accesossories",4,1499,0,"Debit Card",Processing,Store,"574 Mabini St.","Deliver after 5PM"
O001958,"2023-01-22 05:49:00",C00274,E0175,"External drive",Electronics,1,999,0.05,PayPal,Unknown,Marketplace,"326 Quezon St.","Gift order"
O001959,"2023-06-06 00:51:00",C00522,E0035,Keyboard,"Computer Accesossories",5,2499,0,GCash,Unknown,Store,"184 Rizal St.","Deliver after 5PM"
O001960,"2025-07-29 21:08:00",C00507,E0060,"Office chair","Office Furniture",6,4999,0.03,GCash,Canceled,Unknown,"Unit 1, Building 22","Call customer"
O001961,"2025-09-18 05:52:00",C00332,E0216,Monitor,"Computer Accesossories",2,9999,0.2,PayPal,Canceled,Online,"Unit 18, Building 6",Unknown
O001962,"2025-09-23 03:38:00",C00117,E0209,Desk,"Office Furniture",2,19999,0.2,"Debit Card",Canceled,Online,"417 Mabini St.",Unknown
O001963,"2025-07-13 00:39:00",C00664,E0177,Smartphone,"Mobile Devices",3,12999,0.03,"Credit Card",Returned,Store,"Unit 13, Building 23","Gift order"
O001964,"2025-06-21 22:06:00",C00828,E0245,UPS,Electronics,8,4999,0,Cash,Shipped,Online,"134 Mabini St.",Unknown
O001965,"2025-04-09 14:51:00",C00522,E0121,Webcam,"Computer Accesossories",4,1499,0.15,Cash,Processing,Store,Warehouse,"Gift order"
O001966,"2022-07-09 13:55:00",C00443,E0192,Smartphone,"Mobile Devices",5,12999,0,"Debit Card",Returned,Store,"Unit 18, Building 5",Unknown
O001967,"2023-12-01 21:47:00",C00596,E0032,Keyboard,"Computer Accesossories",10,2499,0.03,"Debit Card",Canceled,Store,"Unit 5, Building 27",Unknown
O001968,"2023-02-08 06:07:00",C00372,E0103,Printer,"Computer Accesossories",1,3499,0.2,"Credit Card",Pending,Marketplace,"448 Mabini St.","Gift order"
O001969,"2023-06-11 22:15:00",C00725,E0172,Smartphone,"Mobile Devices",6,12999,0,"Credit Card",Pending,Marketplace,"328 Mabini St.",Unknown
O001970,"2024-07-16 22:36:00",C00860,E0132,Mouse,"Computer Accesossories",10,1499,0.03,"Debit Card",Canceled,Online,"Unit 1, Building 18","Call customer"
O001971,"2022-02-17 18:50:00",C00069,E0226,Desk,"Office Furniture",8,19999,0.05,GCash,Unknown,Unknown,"345 Bonifacio St.","Deliver after 5PM"
O001972,"2023-08-02 12:10:00",C00920,E0215,"Office chair","Office Furniture",2,4999,0,Cash,Processing,Online,"81 Mabini St.",Unknown
O001973,"2024-01-18 10:45:00",C00931,E0114,Mouse,"Computer Accesossories",5,1499,0.2,"Credit Card",Canceled,Store,"378 Quezon St.",Unknown
O001974,"2024-05-17 11:26:00",C00250,E0099,"Office chair","Office Furniture",6,4999,0.03,GCash,Delivered,Store,"Unit 6, Building 18","Urgent"
O001975,"2023-09-30 09:12:00",C00191,E0183,Webcam,"Computer Accesossories",3,1499,0.1,"Debit Card",Returned,Online,"755 Rizal St.",Unknown
O001976,"2022-08-26 01:30:00",C00290,E0192,"Office chair","Office Furniture",8,4999,0.03,PayPal,Returned,Marketplace,"unit 2, building 41","Gift order"
O001977,"2024-02-10 00:33:00",C00209,E0219,Desk,"Office Furniture",8,19999,0,"Debit Card",Processing,Store,"992 Rizal St.",Unknown
O001978,"2023-11-21 13:26:00",C00046,E0239,Headset,"Computer Accesossories",10,1499,0,"Credit Card",Returned,Marketplace,"Unit 14, Building 5","Gift order"
O001979,"2024-04-22 11:44:00",C00405,E0029,Router,Networking,2,1499,0.03,"Debit Card",Canceled,Marketplace,"Unit 6, Building 18",Unknown
O001980,"2024-07-21 13:17:00",C00027,E0149,Tablet,"Mobile Devices",7,8999,0,"Bank Transfer",Pending,Store,"209 Bonifacio St.","Urgent"
O001981,"2022-08-26 11:25:00",C00855,E0172,Laptop,"Mobile Devices",8,29999,0.2,"Bank Transfer",Returned,Store,"373 QUEZON ST.","Deliver after 5PM"
O001982,"2024-06-21 11:33:00",C00827,E0076,"External drive",Electronics,9,999,0,"Credit Card",Delivered,Marketplace,"unit 7, building 37","Call customer"
O001983,"2024-11-20 00:32:00",C00697,E0150,Webcam,"Computer Accesossories",6,1499,0,PayPal,Returned,Store,"UNIT 8, BUILDING 33","Gift order"
O001984,"2025-03-09 22:14:00",C00928,E0192,UPS,Electronics,5,4999,0.15,PayPal,Processing,Online,"UNIT 11, BUILDING 9",Unknown
O001985,"2024-11-26 05:53:00",C00114,E0036,Webcam,"Computer Accesossories",7,1499,0.05,"Bank Transfer",Delivered,Online,"997 Quezon St.","Deliver after 5PM"
O001986,"2023-12-23 12:35:00",C00750,E0187,Smartphone,"Mobile Devices",7,12999,0,Cash,Processing,Online,"870 Quezon St.","Call customer"
O001987,"2024-04-09 05:07:00",C00793,E0204,Unknown,Unknown,5,1499,0,GCash,Unknown,Store,"192 Bonifacio St.",Unknown
O001988,"2024-11-12 14:02:00",C00239,E0229,Monitor,"Computer Accesossories",6,9999,0,PayPal,Pending,Online,"Unit 13, Building 3","Call customer"
O001989,"2023-04-12 20:58:00",C00943,E0019,Desk,"Office Furniture",4,19999,0.1,"Debit Card",Returned,Store,Warehouse,Unknown
O001990,"2025-10-09 02:54:00",C00509,E0041,Desk,"Office Furniture",4,19999,0.1,Cash,Delivered,Online,"Unit 1, Building 14",Unknown
O001991,"2024-03-30 04:32:00",C00915,E0242,Webcam,"Computer Accesossories",6,1499,0.05,PayPal,Returned,Store,"Unit 3, Building 5",Unknown
O001992,"2024-02-13 15:35:00",C01000,E0068,Desk,"Office Furniture",8,19999,0.2,PayPal,Processing,Online,"27 Quezon St.","Deliver after 5PM"
O001993,"2024-07-16 15:18:00",C00531,E0219,Keyboard,"Computer Accesossories",5,2499,0.15,"Debit Card",Canceled,Unknown,"Unit 16, Building 41","Deliver after 5PM"
O001994,"2022-04-02 11:49:00",C00524,E0060,Laptop,"Mobile Devices",10,29999,0.15,"Bank Transfer",Unknown,Unknown,"480 Mabini St.",Unknown
O001995,"2025-04-23 17:55:00",C00776,E0181,Printer,"Computer Accesossories",8,3499,0,"Debit Card",Canceled,Store,"912 Mabini St.","Deliver after 5PM"
O001996,"2025-08-14 00:58:00",C00082,E0240,Router,Networking,4,1499,0.2,PayPal,Canceled,Marketplace,"Unit 19, Building 11","Call customer"
O001997,"2025-04-03 03:18:00",C00667,E0130,Tablet,"Mobile Devices",9,8999,0,"Bank Transfer",Canceled,Store,"Unit 13, Building 5","Gift order"
O001998,"2023-10-23 23:31:00",C00782,E0080,"External drive",Electronics,2,999,0.1,"Bank Transfer",Processing,Store,"865 Mabini St.",Unknown
O001999,"2025-10-31 20:31:00",C00401,E0118,UPS,Electronics,6,4999,0.1,"Credit Card",Pending,Unknown,"unit 11, building 36","Deliver after 5PM"
O002000,"2023-09-04 08:44:00",C00526,E0053,Router,Networking,9,1499,0.1,Cash,Processing,Online,"383 Bonifacio St.",Unknown
O002001,"2025-05-28 16:01:00",C00132,E0070,Mouse,"Computer Accesossories",4,1499,0.03,GCash,Returned,Unknown,"UNIT 3, BUILDING 33","Gift order"
O002002,"2022-09-02 12:12:00",C00146,E0167,Router,Networking,10,1499,0.1,Cash,Processing,Marketplace,"Unit 2, Building 9",Unknown
O002003,"2025-09-30 16:56:00",C00581,E0119,Printer,"Computer Accesossories",6,3499,0.2,"Debit Card",Canceled,Online,"Unit 12, Building 41","Urgent"
O002004,"2024-10-28 15:24:00",C00420,E0105,Webcam,"Computer Accesossories",6,1499,0.15,PayPal,Canceled,Unknown,"315 Main St.","Urgent"
O002005,"2022-12-21 12:42:00",C00576,E0147,Laptop,"Mobile Devices",9,29999,0.05,"Debit Card",Canceled,Unknown,"Unit 9, Building 46","Urgent"
O002006,"2025-02-28 13:05:00",C00029,E0010,Monitor,"Computer Accesossories",1,9999,0.1,"Debit Card",Processing,Marketplace,"416 Rizal St.","Urgent"
O002007,"2025-06-02 04:46:00",C00903,E0165,UPS,Electronics,7,4999,0.1,Cash,Canceled,Marketplace,"Unit 16, Building 50","Deliver after 5PM"
O002008,"2024-12-18 23:08:00",C00487,E0166,"External drive",Electronics,9,999,0,PayPal,Canceled,Marketplace,"939 Bonifacio St.","Gift order"
O002009,"2022-10-12 07:38:00",C00589,E0094,Headset,"Computer Accesossories",9,1499,0,Cash,Shipped,Unknown,"unit 19, building 49","Deliver after 5PM"
O002010,"2022-03-20 01:12:00",C00949,E0078,Desk,"Office Furniture",1,19999,0,"Credit Card",Canceled,Unknown,"Unit 8, Building 8",Unknown
O002011,"2022-10-26 12:43:00",C00603,E0042,UPS,Electronics,7,4999,0.1,Cash,Canceled,Online,"Unit 5, Building 46","Deliver after 5PM"
O002012,"2022-08-13 02:35:00",C00197,E0094,Tablet,"Mobile Devices",2,8999,0.05,PayPal,Canceled,Unknown,"543 Rizal St.","Gift order"
O002013,"2024-12-29 03:46:00",C00134,E0142,Webcam,"Computer Accesossories",10,1499,0,Cash,Canceled,Marketplace,"945 Mabini St.","Call customer"
O002014,"2025-11-12 09:31:00",C00432,E0214,Tablet,"Mobile Devices",4,8999,0.03,Cash,Unknown,Online,"Unit 16, Building 36","Gift order"
O002015,"2024-10-12 11:47:00",C00769,E0078,"Office chair","Office Furniture",1,4999,0.05,"Credit Card",Processing,Unknown,"590 Mabini St.","Call customer"
O002016,"2025-03-12 15:46:00",C00298,E0167,UPS,Electronics,3,4999,0,"Credit Card",Pending,Store,"383 Rizal St.","Deliver after 5PM"
O002017,"2023-12-28 07:32:00",C00079,E0053,Projector,Electronics,8,4000,0,"Bank Transfer",Processing,Store,"927 Quezon St.",Unknown
O002018,"2022-01-13 10:46:00",C00302,E0171,Printer,"Computer Accesossories",10,3499,0,Cash,Returned,Marketplace,"Unit 11, Building 38","Gift order"
O002019,"2022-05-05 07:59:00",C00019,E0169,"Office chair","Office Furniture",3,4999,0,GCash,Processing,Store,Warehouse,"Deliver after 5PM"
O002020,"2025-02-16 16:19:00",C00737,E0031,"Office chair","Office Furniture",8,4999,0.2,PayPal,Canceled,Store,"548 RIZAL ST.","Deliver after 5PM"
O002021,"2025-01-27 13:35:00",C00748,E0091,Headset,"Computer Accesossories",9,1499,0.1,GCash,Processing,Unknown,"Unit 15, Building 22","Deliver after 5PM"
O002022,"2024-04-13 20:06:00",C00007,E0010,Router,Networking,9,1499,0,n/a,Shipped,Online,"431 Quezon St.",Unknown
O002023,"2025-04-27 20:19:00",C00946,E0046,Tablet,"Mobile Devices",1,8999,0.2,"Credit Card",Canceled,Unknown,"158 Bonifacio St.",Unknown
O002024,"2022-11-27 05:47:00",C00596,E0246,Smartphone,"Mobile Devices",9,12999,0.03,"Credit Card",Delivered,Store,"228 Main St.",Unknown
O002025,"2022-05-21 20:05:00",C00539,E0241,Projector,Electronics,3,4000,0.15,Cash,Processing,Unknown,"811 QUEZON ST.","Urgent"
O002026,"2022-04-07 23:22:00",C00644,E0186,Headset,"Computer Accesossories",1,1499,0.15,Cash,Pending,Marketplace,"24 Mabini St.","Call customer"
O002027,"2022-05-03 02:07:00",C00479,E0206,Laptop,"Mobile Devices",8,29999,0.1,"Credit Card",Delivered,Online,"292 Bonifacio St.",Unknown
O002028,"2023-07-19 11:07:00",C00807,E0127,"Office chair","Office Furniture",5,4999,0,GCash,Shipped,Online,"837 Rizal St.",Unknown
O002029,"2023-01-14 09:59:00",C00236,E0175,Mouse,"Computer Accesossories",10,1499,0,Cash,Canceled,Online,"Unit 12, Building 47",Unknown
O002030,"2024-02-12 08:53:00",C00381,E0090,Headset,"Computer Accesossories",9,1499,0.15,"Bank Transfer",Shipped,Online,"932 Rizal St.",Unknown
O002031,"2024-03-09 03:02:00",C00752,E0090,Mouse,"Computer Accesossories",0,1499,0.2,"Bank Transfer",Pending,Unknown,"Unit 13, Building 8",Unknown
O002032,"2024-12-02 10:15:00",C00102,E0067,Printer,"Computer Accesossories",6,3499,0.15,"Debit Card",Returned,Online,"409 Rizal St.","Call customer"
O002033,"2022-07-16 18:44:00",C00937,E0180,Projector,Electronics,4,4000,0.05,"Debit Card",Processing,Store,"UNIT 15, BUILDING 31",Unknown
O002034,"2024-04-22 03:58:00",C00842,E0248,UPS,Electronics,1,4999,0.03,Cash,Canceled,Store,"805 Quezon St.","Urgent"
O002035,"2022-04-30 18:03:00",C00836,E0203,Laptop,"Mobile Devices",8,29999,0,"Credit Card",Pending,Marketplace,"Unit 13, Building 1",Unknown
O002036,"2024-05-02 16:36:00",C00787,E0193,Tablet,"Mobile Devices",6,8999,0.15,n/a,Unknown,Online,"596 Main St.",Unknown
O002037,"2022-08-02 15:28:00",C00582,E0217,Laptop,"Mobile Devices",8,29999,0,"Credit Card",Pending,Store,"Unit 17, Building 28","Call customer"
O002038,"2024-12-17 11:47:00",C00994,E0235,"External drive",Electronics,1,999,0.1,"Bank Transfer",Pending,Online,"Unit 1, Building 1","Deliver after 5PM"
O002039,"2023-03-30 16:09:00",C00808,E0231,Monitor,"Computer Accesossories",3,9999,0.2,"Credit Card",Delivered,Unknown,"unit 11, building 44","Gift order"
O002040,"2022-10-16 11:01:00",C00528,E0115,"External drive",Electronics,7,999,0,PayPal,Returned,Online,"9 BONIFACIO ST.","Deliver after 5PM"
O002041,"2022-05-01 18:44:00",C00520,E0022,Webcam,"Computer Accesossories",7,1499,0.15,"Bank Transfer",Delivered,Marketplace,"Unit 15, Building 23","Deliver after 5PM"
O002042,"2022-08-27 21:30:00",C00277,E0239,Smartphone,"Mobile Devices",7,12999,0.03,"Credit Card",Canceled,Marketplace,"Unit 3, Building 4","Gift order"
O002043,"2023-10-05 13:24:00",C00759,E0130,Monitor,"Computer Accesossories",6,9999,0,n/a,Returned,Unknown,"702 Quezon St.",Unknown
O002044,"2022-09-08 04:25:00",C00137,E0068,Tablet,"Mobile Devices",10,8999,0.03,GCash,Returned,Online,"Unit 4, Building 2",Unknown
O002045,"2023-10-06 15:06:00",C00709,E0003,Desk,"Office Furniture",7,19999,0,"Bank Transfer",Delivered,Marketplace,"34 Mabini St.","Urgent"
O002046,"2024-06-25 08:37:00",C00164,E0211,Monitor,"Computer Accesossories",7,9999,0,PayPal,Delivered,Marketplace,"77 Mabini St.",Unknown
O002047,"2025-11-25 19:05:00",C00719,E0227,Laptop,"Mobile Devices",7,29999,0,PayPal,Pending,Unknown,"79 Rizal St.","Deliver after 5PM"
O002048,"2023-08-12 19:18:00",C00304,E0126,Mouse,"Computer Accesossories",8,1499,0.05,"Debit Card",Delivered,Online,"unit 13, building 3","Gift order"
O002049,"2022-08-15 15:05:00",C00193,E0150,Desk,"Office Furniture",10,19999,0.15,Cash,Shipped,Marketplace,"963 MABINI ST.","Deliver after 5PM"
O002050,"2022-03-29 17:02:00",C00486,E0164,Headset,"Computer Accesossories",3,1499,0.15,"Credit Card",Processing,Store,"492 Mabini St.","Deliver after 5PM"
O002051,"2023-09-08 03:37:00",C00937,E0227,"External drive",Electronics,9,999,0.2,"Bank Transfer",Unknown,Online,"Unit 20, Building 14","Deliver after 5PM"
O002052,"2022-05-30 00:48:00",C00173,E0019,Webcam,"Computer Accesossories",4,1499,0.1,"Debit Card",Shipped,Store,"21 Main St.",Unknown
O002053,"2025-12-01 00:04:00",C00461,E0141,Monitor,"Computer Accesossories",6,9999,0.05,n/a,Returned,Store,"983 Bonifacio St.","Urgent"
O002054,"2025-04-15 05:38:00",C00672,E0142,Headset,"Computer Accesossories",4,1499,0,"Credit Card",Returned,Store,"172 Rizal St.",Unknown
O002055,"2023-03-13 10:24:00",C00493,E0045,Projector,Electronics,10,4000,0,"Credit Card",Processing,Unknown,"689 Rizal St.","Call customer"
O002056,"2024-02-08 03:31:00",C00840,E0117,Unknown,Unknown,9,1499,0,PayPal,Canceled,Store,"296 Rizal St.","Urgent"
O002057,"2023-12-31 19:31:00",C00780,E0159,Mouse,"Computer Accesossories",3,1499,0,Cash,Canceled,Store,"Unit 9, Building 23",Unknown
O002058,"2025-05-01 09:18:00",C00501,E0038,Desk,"Office Furniture",3,19999,0.03,"Credit Card",Shipped,Store,"Unit 12, Building 45","Urgent"
O002059,"2024-10-05 17:21:00",C00931,E0250,Desk,"Office Furniture",10,19999,0,"Bank Transfer",Canceled,Marketplace,"unit 2, building 23",Unknown
O002060,"2025-08-28 17:14:00",C00670,E0205,"Office chair","Office Furniture",4,4999,0.2,GCash,Pending,Store,"747 Mabini St.",Unknown
O002061,"2022-10-12 00:59:00",C00987,E0210,Webcam,"Computer Accesossories",3,1499,0.03,Cash,Delivered,Unknown,Warehouse,"Gift order"
O002062,"2022-02-03 19:39:00",C00768,E0157,Webcam,"Computer Accesossories",9,1499,0.15,GCash,Canceled,Online,"Unit 5, Building 40","Urgent"
O002063,"2024-12-13 06:20:00",C00633,E0185,Desk,"Office Furniture",4,19999,0.03,"Credit Card",Returned,Store,"744 Main St.","Urgent"
O002064,"2025-05-14 22:25:00",C00906,E0175,"External drive",Electronics,2,999,0.05,PayPal,Shipped,Marketplace,"Unit 7, Building 40","Deliver after 5PM"
O002065,"2024-08-25 17:09:00",C00004,E0051,Keyboard,"Computer Accesossories",1,2499,0.1,GCash,Returned,Marketplace,"635 Quezon St.","Urgent"
O002066,"2025-02-25 16:33:00",C00319,E0224,UPS,Electronics,4,4999,0,"Credit Card",Delivered,Unknown,"993 Bonifacio St.","Urgent"
O002067,"2022-05-21 04:54:00",C00937,E0107,Laptop,"Mobile Devices",1,29999,0,GCash,Delivered,Marketplace,"Unit 2, Building 38","Gift order"
O002068,"2025-10-10 12:54:00",C00343,E0052,Monitor,"Computer Accesossories",4,9999,0.05,PayPal,Processing,Marketplace,Warehouse,"Gift order"
O002069,"2022-11-09 06:14:00",C00838,E0226,UPS,Electronics,8,4999,0.05,"Debit Card",Processing,Online,"Unit 13, Building 6","Gift order"
O002070,"2025-12-28 12:14:00",C00324,E0124,"Office chair","Office Furniture",8,4999,0.2,"Credit Card",Delivered,Online,Warehouse,"Deliver after 5PM"
O002071,"2023-10-21 14:35:00",C00875,E0223,Projector,Electronics,3,4000,0.2,"Credit Card",Processing,Store,"Unit 5, Building 10",Unknown
O002072,"2022-09-07 08:40:00",C00346,E0194,Headset,"Computer Accesossories",4,1499,0,"Bank Transfer",Shipped,Store,"128 Main St.","Deliver after 5PM"
O002073,"2024-11-14 18:56:00",C00268,E0100,Desk,"Office Furniture",1,19999,0.1,"Credit Card",Delivered,Unknown,"Unit 10, Building 48","Gift order"
O002074,"2025-09-20 22:44:00",C00385,E0236,Smartphone,"Mobile Devices",3,12999,0.2,GCash,Delivered,Online,"578 Rizal St.","Gift order"
O002075,"2025-12-01 09:26:00",C00480,E0098,Mouse,"Computer Accesossories",9,1499,0.05,"Credit Card",Processing,Store,"Unit 3, Building 16",Unknown
O002076,"2023-08-13 13:47:00",C00346,E0208,Projector,Electronics,6,4000,0,"Bank Transfer",Canceled,Online,"827 Main St.","Call customer"
O002077,"2023-01-26 06:03:00",C00095,E0034,UPS,Electronics,8,4999,0.2,GCash,Shipped,Online,"854 RIZAL ST.","Call customer"
O002078,"2025-01-17 01:27:00",C00627,E0204,Smartphone,"Mobile Devices",7,12999,0.2,"Bank Transfer",Processing,Marketplace,"UNIT 16, BUILDING 13",Unknown
O002079,"2024-01-15 04:15:00",C00007,E0146,Webcam,"Computer Accesossories",8,1499,0,"Bank Transfer",Returned,Unknown,"Unit 7, Building 21","Urgent"
O002080,"2025-08-29 06:27:00",C00133,E0164,"External drive",Electronics,3,999,0,GCash,Unknown,Unknown,Warehouse,"Call customer"
O002081,"2023-11-18 18:48:00",C00275,E0157,Router,Networking,10,1499,0.05,GCash,Processing,Store,"Unit 11, Building 22",Unknown
O002082,"2025-06-23 08:46:00",C00026,E0060,Desk,"Office Furniture",9,19999,0.1,Cash,Delivered,Online,"933 Quezon St.","Urgent"
O002083,"2023-05-24 12:12:00",C00183,E0190,"External drive",Electronics,3,999,0.03,"Debit Card",Pending,Store,"Unit 14, Building 7",Unknown
O002084,"2024-10-29 13:35:00",C00770,E0005,Smartphone,"Mobile Devices",10,12999,0.2,Cash,Returned,Unknown,"30 Quezon St.",Unknown
O002085,"2022-11-15 22:39:00",C00449,E0018,Printer,"Computer Accesossories",3,3499,0.2,GCash,Shipped,Online,"Unit 19, Building 48",Unknown
O002086,"2024-05-13 09:50:00",C00030,E0022,Desk,"Office Furniture",1,19999,0.2,"Bank Transfer",Shipped,Store,"514 Main St.","Call customer"
O002087,"2023-01-02 04:52:00",C00908,E0032,Mouse,"Computer Accesossories",8,1499,0.05,"Debit Card",Delivered,Marketplace,"703 Bonifacio St.","Gift order"
O002088,"2022-10-08 19:05:00",C00625,E0011,"Office chair","Office Furniture",5,4999,0.03,GCash,Delivered,Unknown,"949 RIZAL ST.","Gift order"
O002089,"2022-02-26 14:32:00",C00112,E0246,Tablet,"Mobile Devices",3,8999,0.03,"Credit Card",Pending,Store,"Unit 3, Building 6","Call customer"
O002090,"2024-09-16 18:44:00",C00547,E0170,Webcam,"Computer Accesossories",5,1499,0,PayPal,Shipped,Unknown,"171 Bonifacio St.","Deliver after 5PM"
O002091,"2025-09-23 18:13:00",C00300,E0147,UPS,Electronics,9,4999,0.1,GCash,Canceled,Online,"904 Quezon St.",Unknown
O002092,"2022-06-13 03:24:00",C00960,E0226,Headset,"Computer Accesossories",1,1499,0,Cash,Delivered,Unknown,"662 main st.","Gift order"
O002093,"2024-05-08 11:41:00",C00052,E0205,Keyboard,"Computer Accesossories",7,2499,0,"Debit Card",Canceled,Marketplace,"UNIT 3, BUILDING 45","Call customer"
O002094,"2022-12-19 20:55:00",C00958,E0007,UPS,Electronics,6,4999,0,"Credit Card",Shipped,Store,"640 Quezon St.","Gift order"
O002095,"2022-09-13 03:34:00",C00161,E0016,UPS,Electronics,1,4999,0.15,GCash,Delivered,Marketplace,"Unit 4, Building 39","Call customer"
O002096,"2024-09-15 05:36:00",C00322,E0019,Headset,"Computer Accesossories",5,1499,0,PayPal,Returned,Store,"665 Quezon St.","Deliver after 5PM"
O002097,"2022-02-28 12:12:00",C00077,E0170,UPS,Electronics,4,4999,0.05,GCash,Delivered,Marketplace,"Unit 1, Building 30",Unknown
O002098,"2022-04-27 18:05:00",C00488,E0156,"Office chair","Office Furniture",5,4999,0.15,PayPal,Processing,Marketplace,"Unit 18, Building 8","Urgent"
O002099,"2025-10-23 01:00:00",C00997,E0215,"Office chair","Office Furniture",4,4999,0.2,"Debit Card",Returned,Online,"Unit 8, Building 14","Gift order"
O002100,"2022-05-11 09:44:00",C00459,E0090,UPS,Electronics,7,4999,0.05,"Credit Card",Delivered,Store,"Unit 10, Building 12",Unknown
O002101,"2023-07-14 16:38:00",C00354,E0052,"External drive",Electronics,6,999,0.1,"Debit Card",Pending,Online,"839 Quezon St.","Urgent"
O002102,"2024-01-09 08:21:00",C00153,E0071,Laptop,"Mobile Devices",9,29999,0,PayPal,Processing,Online,"994 Mabini St.","Call customer"
O002103,"2022-08-26 09:42:00",C00453,E0212,Headset,"Computer Accesossories",1,1499,0,Cash,Canceled,Marketplace,"580 Mabini St.","Gift order"
O002104,"2025-12-04 22:28:00",C00884,E0156,Mouse,"Computer Accesossories",5,1499,0.15,"Bank Transfer",Processing,Online,"280 Quezon St.",Unknown
O002105,"2024-08-03 04:07:00",C00966,E0035,Headset,"Computer Accesossories",9,1499,0.2,Cash,Canceled,Online,"298 Rizal St.",Unknown
O002106,"2024-06-24 12:12:00",C00221,E0094,Printer,"Computer Accesossories",9,3499,0,"Bank Transfer",Shipped,Marketplace,"320 Rizal St.",Unknown
O002107,"2024-02-05 12:04:00",C00743,E0038,Tablet,"Mobile Devices",9,8999,0.2,Cash,Shipped,Unknown,"453 Mabini St.","Deliver after 5PM"
O002108,"2022-04-04 22:06:00",C00951,E0155,Unknown,Unknown,10,14999,0.1,"Debit Card",Processing,Unknown,"109 Main St.",Unknown
O002109,"2022-01-29 14:40:00",C00037,E0078,Laptop,"Mobile Devices",7,29999,0.03,"Credit Card",Processing,Unknown,"519 Main St.",Unknown
O002110,"2023-03-11 00:30:00",C00415,E0118,UPS,Electronics,7,4999,0.2,Cash,Delivered,Online,"776 Mabini St.",Unknown
O002111,"2024-01-15 18:31:00",C00830,E0036,Headset,"Computer Accesossories",8,1499,0,"Bank Transfer",Pending,Online,"773 Rizal St.","Gift order"
O002112,"2023-02-21 08:36:00",C00753,E0024,Projector,Electronics,9,4000,0.1,"Debit Card",Returned,Unknown,Warehouse,"Call customer"
O002113,"2023-06-30 19:43:00",C00539,E0166,Projector,Electronics,8,4000,0.05,"Bank Transfer",Pending,Store,"704 Mabini St.","Deliver after 5PM"
O002114,"2025-11-03 18:04:00",C00273,E0041,Monitor,"Computer Accesossories",10,9999,0,"Credit Card",Delivered,Store,"Unit 16, Building 32","Call customer"
O002115,"2023-01-27 19:36:00",C00234,E0241,"External drive",Electronics,4,999,0.1,"Bank Transfer",Delivered,Online,"269 Rizal St.","Deliver after 5PM"
O002116,"2025-10-12 08:15:00",C00146,E0197,Router,Networking,8,1499,0.1,GCash,Returned,Online,"29 Mabini St.",Unknown
O002117,"2022-02-17 12:25:00",C00311,E0086,Monitor,"Computer Accesossories",3,9999,0.15,Cash,Pending,Online,"Unit 11, Building 38","Urgent"
O002118,"2025-08-06 12:53:00",C00344,E0189,Projector,Electronics,7,4000,0,"Credit Card",Shipped,Unknown,"Unit 10, Building 4","Deliver after 5PM"
O002119,"2023-02-24 14:52:00",C00817,E0037,Mouse,"Computer Accesossories",5,1499,0,Cash,Delivered,Marketplace,"Unit 17, Building 25",Unknown
O002120,"2022-09-26 09:46:00",C00672,E0249,Projector,Electronics,8,4000,0,"Bank Transfer",Shipped,Online,"642 Rizal St.",Unknown
O002121,"2025-03-13 12:19:00",C00763,E0083,Monitor,"Computer Accesossories",1,9999,0.05,"Bank Transfer",Returned,Marketplace,"931 Quezon St.","Urgent"
O002122,"2023-09-12 07:54:00",C00536,E0174,Router,Networking,8,1499,0.05,"Debit Card",Processing,Online,"Unit 19, Building 15","Call customer"
O002123,"2024-09-07 08:05:00",C00274,E0079,UPS,Electronics,9,4999,0.05,GCash,Pending,Store,"54 Mabini St.","Gift order"
O002124,"2022-10-15 22:46:00",C00479,E0009,Tablet,"Mobile Devices",6,8999,0.03,PayPal,Returned,Marketplace,"235 Mabini St.","Call customer"
O002125,"2022-09-02 05:55:00",C00915,E0084,Desk,"Office Furniture",7,19999,0.15,n/a,Processing,Marketplace,"815 Mabini St.",Unknown
O002126,"2022-09-27 00:05:00",C00379,E0224,"External drive",Electronics,3,999,0.05,PayPal,Pending,Online,"915 Main St.","Deliver after 5PM"
O002127,"2024-08-24 13:18:00",C00026,E0182,Smartphone,"Mobile Devices",0,12999,0.15,"Credit Card",Shipped,Online,"Unit 12, Building 19",Unknown
O002128,"2023-02-18 15:09:00",C00269,E0143,Webcam,"Computer Accesossories",2,1499,0.05,GCash,Shipped,Store,"721 Bonifacio St.","Call customer"
O002129,"2024-09-28 01:52:00",C00982,E0050,UPS,Electronics,7,4999,0,Cash,Canceled,Online,"Unit 8, Building 37",Unknown
O002130,"2025-07-29 13:05:00",C00008,E0053,Headset,"Computer Accesossories",2,1499,0,Cash,Pending,Store,"948 Bonifacio St.","Gift order"
O002131,"2024-08-13 21:20:00",C00707,E0049,Tablet,"Mobile Devices",6,8999,0.03,"Bank Transfer",Returned,Unknown,"Unit 15, Building 33",Unknown
O002132,"2025-09-21 23:00:00",C00601,E0081,Tablet,"Mobile Devices",2,8999,0,Cash,Processing,Online,"783 RIZAL ST.","Gift order"
O002133,"2022-03-10 07:14:00",C00640,E0191,Desk,"Office Furniture",5,19999,0.2,"Bank Transfer",Delivered,Online,Warehouse,Unknown
O002134,"2022-11-16 18:39:00",C00347,E0090,Monitor,"Computer Accesossories",8,9999,0.15,GCash,Processing,Marketplace,"837 Quezon St.",Unknown
O002135,"2023-09-23 18:17:00",C00922,E0143,"Office chair","Office Furniture",5,4999,0.1,PayPal,Canceled,Store,"385 Bonifacio St.","Call customer"
O002136,"2022-10-08 11:26:00",C00304,E0055,Router,Networking,7,1499,0,Cash,Delivered,Marketplace,"Unit 17, Building 10","Deliver after 5PM"
O002137,"2022-12-28 14:09:00",C00650,E0038,UPS,Electronics,4,4999,0,Cash,Delivered,Store,"116 QUEZON ST.","Deliver after 5PM"
O002138,"2025-07-06 05:52:00",C00482,E0049,Projector,Electronics,0,4000,0,"Credit Card",Delivered,Store,"UNIT 7, BUILDING 22","Call customer"
O002139,"2024-02-15 14:19:00",C00140,E0094,Desk,"Office Furniture",8,19999,0.03,GCash,Shipped,Unknown,"Unit 3, Building 20",Unknown
O002140,"2023-05-17 04:30:00",C00373,E0095,Tablet,"Mobile Devices",2,8999,0.03,"Debit Card",Canceled,Unknown,"Unit 7, Building 9","Deliver after 5PM"
O002141,"2022-08-25 05:48:00",C00013,E0230,Router,Networking,7,1499,0.2,GCash,Processing,Store,"Unit 2, Building 5","Deliver after 5PM"
O002142,"2023-06-26 20:50:00",C00260,E0176,Mouse,"Computer Accesossories",5,1499,0.05,GCash,Processing,Unknown,"649 Mabini St.","Gift order"
O002143,"2025-08-31 08:39:00",C00485,E0122,Smartphone,"Mobile Devices",3,12999,0.2,"Bank Transfer",Shipped,Marketplace,"Unit 12, Building 19","Deliver after 5PM"
O002144,"2024-01-14 11:22:00",C00652,E0136,Tablet,"Mobile Devices",6,8999,0,"Debit Card",Returned,Marketplace,"Unit 19, Building 23","Deliver after 5PM"
O002145,"2022-08-03 03:48:00",C00755,E0215,UPS,Electronics,4,4999,0.03,PayPal,Delivered,Store,"467 Rizal St.",Unknown
O002146,"2023-05-24 06:06:00",C00925,E0114,Printer,"Computer Accesossories",6,3499,0,PayPal,Delivered,Marketplace,"803 Rizal St.","Gift order"
O002147,"2024-04-17 13:21:00",C00160,E0038,UPS,Electronics,6,4999,0.1,"Credit Card",Delivered,Marketplace,Warehouse,"Call customer"
O002148,"2024-12-07 17:33:00",C00419,E0048,Smartphone,"Mobile Devices",8,12999,0,"Bank Transfer",Processing,Online,"617 Bonifacio St.","Urgent"
O002149,"2023-11-28 01:31:00",C00488,E0094,UPS,Electronics,0,4999,0,"Debit Card",Canceled,Online,"Unit 11, Building 33",Unknown
O002150,"2024-09-17 06:17:00",C00414,E0113,Headset,"Computer Accesossories",4,1499,0.2,PayPal,Delivered,Online,"960 Quezon St.","Gift order"
O002151,"2022-09-08 22:36:00",C00034,E0023,Keyboard,"Computer Accesossories",10,2499,0,"Credit Card",Processing,Marketplace,"998 Bonifacio St.","Gift order"
O002152,"2022-11-07 12:09:00",C00875,E0122,"External drive",Electronics,4,999,0.15,PayPal,Pending,Store,"389 Bonifacio St.","Urgent"
O002153,"2022-12-07 00:28:00",C00488,E0213,"Office chair","Office Furniture",5,4999,0,"Debit Card",Processing,Online,"642 Rizal St.",Unknown
O002154,"2022-02-26 06:03:00",C00052,E0170,Keyboard,"Computer Accesossories",8,2499,0.1,"Credit Card",Processing,Marketplace,"Unit 7, Building 41","Urgent"
O002155,"2025-12-17 19:08:00",C00394,E0006,Printer,"Computer Accesossories",9,3499,0.2,"Credit Card",Processing,Unknown,Warehouse,Unknown
O002156,"2025-11-09 18:18:00",C00685,E0100,Smartphone,"Mobile Devices",2,12999,0.2,"Debit Card",Pending,Online,"820 Bonifacio St.","Gift order"
O002157,"2023-08-31 12:53:00",C00468,E0218,Tablet,"Mobile Devices",8,8999,0.1,"Debit Card",Shipped,Store,"566 Bonifacio St.","Urgent"
O002158,"2024-09-15 01:18:00",C00372,E0107,Projector,Electronics,5,4000,0,"Bank Transfer",Delivered,Unknown,"Unit 9, Building 8","Urgent"
O002159,"2022-04-18 15:19:00",C00629,E0223,Keyboard,"Computer Accesossories",3,2499,0.05,PayPal,Pending,Store,"596 Rizal St.",Unknown
O002160,"2023-02-26 01:31:00",C00152,E0187,Tablet,"Mobile Devices",8,8999,0.05,GCash,Returned,Unknown,"Unit 7, Building 8","Urgent"
O002161,"2022-04-16 17:45:00",C00915,E0174,Monitor,"Computer Accesossories",3,9999,0.03,"Credit Card",Shipped,Online,"522 Main St.","Gift order"
O002162,"2022-05-28 14:57:00",C00256,E0063,Keyboard,"Computer Accesossories",2,2499,0.15,PayPal,Pending,Unknown,"512 Bonifacio St.",Unknown
O002163,"2023-07-16 05:30:00",C00155,E0018,Router,Networking,7,1499,0.1,"Debit Card",Pending,Online,"Unit 3, Building 3","Call customer"
O002164,"2023-11-23 16:11:00",C00277,E0065,"Office chair","Office Furniture",10,4999,0,n/a,Processing,Store,"685 Quezon St.","Urgent"
O002165,"2025-07-04 07:10:00",C00582,E0210,"Office chair","Office Furniture",7,4999,0.15,"Debit Card",Pending,Online,"197 Mabini St.",Unknown
O002166,"2024-02-04 11:58:00",C00002,E0225,"External drive",Electronics,3,999,0,Cash,Canceled,Online,"317 Main St.",Unknown
O002167,"2025-09-14 04:24:00",C00122,E0013,Router,Networking,10,1499,0.2,"Bank Transfer",Delivered,Store,"481 Quezon St.","Urgent"
O002168,"2022-08-03 13:51:00",C00320,E0148,Laptop,"Mobile Devices",4,29999,0.1,"Bank Transfer",Canceled,Online,"Unit 5, Building 10","Deliver after 5PM"
O002169,"2024-03-02 07:06:00",C00002,E0151,Tablet,"Mobile Devices",2,8999,0.1,"Debit Card",Canceled,Store,"Unit 1, Building 8",Unknown
O002170,"2022-04-14 02:42:00",C00292,E0203,Headset,"Computer Accesossories",8,1499,0.03,GCash,Delivered,Store,"Unit 7, Building 7","Urgent"
O002171,"2024-12-01 03:34:00",C00248,E0203,Projector,Electronics,6,4000,0.1,PayPal,Returned,Store,"Unit 20, Building 49","Call customer"
O002172,"2025-11-03 17:52:00",C00294,E0237,Keyboard,"Computer Accesossories",1,2499,0.2,PayPal,Canceled,Unknown,"Unit 12, Building 31","Urgent"
O002173,"2022-03-13 01:46:00",C00054,E0142,Tablet,"Mobile Devices",7,8999,0.15,PayPal,Processing,Store,"Unit 18, Building 31",Unknown
O002174,"2022-06-12 05:55:00",C00380,E0057,Unknown,Unknown,5,19999,0,"Credit Card",Delivered,Store,"Unit 9, Building 18","Deliver after 5PM"
O002175,"2025-04-05 13:30:00",C00159,E0229,UPS,Electronics,1,4999,0.15,PayPal,Shipped,Online,"969 Mabini St.",Unknown
O002176,"2024-01-03 13:53:00",C00494,E0205,Router,Networking,6,1499,0,"Bank Transfer",Delivered,Marketplace,"621 Rizal St.","Urgent"
O002177,"2025-02-17 09:16:00",C00483,E0017,Laptop,"Mobile Devices",4,29999,0.2,Cash,Pending,Store,"830 Bonifacio St.",Unknown
O002178,"2023-12-05 08:12:00",C00829,E0056,"External drive",Electronics,8,999,0,GCash,Delivered,Marketplace,"890 Bonifacio St.","Deliver after 5PM"
O002179,"2025-08-27 14:14:00",C00631,E0107,Keyboard,"Computer Accesossories",4,2499,0,PayPal,Returned,Unknown,"251 Bonifacio St.","Urgent"
O002180,"2023-03-07 14:43:00",C00061,E0084,Projector,Electronics,4,4000,0.15,GCash,Canceled,Store,"766 Bonifacio St.","Deliver after 5PM"
O002181,"2023-11-16 02:22:00",C00474,E0051,Laptop,"Mobile Devices",8,29999,0.03,"Debit Card",Canceled,Online,"992 Mabini St.","Deliver after 5PM"
O002182,"2023-08-21 20:17:00",C00617,E0147,UPS,Electronics,4,4999,0,"Bank Transfer",Pending,Online,"Unit 14, Building 1","Deliver after 5PM"
O002183,"2022-07-20 23:31:00",C00691,E0115,Mouse,"Computer Accesossories",8,1499,0,"Bank Transfer",Shipped,Marketplace,"74 Bonifacio St.",Unknown
O002184,"2024-11-04 16:27:00",C00015,E0158,"External drive",Electronics,9,999,0.1,"Bank Transfer",Canceled,Store,"979 Mabini St.","Deliver after 5PM"
O002185,"2024-11-07 21:04:00",C00228,E0076,Headset,"Computer Accesossories",6,1499,0.05,"Credit Card",Canceled,Store,"277 Mabini St.","Deliver after 5PM"
O002186,"2025-09-26 00:53:00",C00331,E0217,Mouse,"Computer Accesossories",7,1499,0,"Debit Card",Canceled,Online,"893 Bonifacio St.","Call customer"
O002187,"2023-01-16 04:28:00",C00966,E0136,Desk,"Office Furniture",3,19999,0,GCash,Processing,Marketplace,"13 Rizal St.","Urgent"
O002188,"2022-05-27 03:59:00",C00985,E0068,Unknown,Unknown,6,7999,0.05,GCash,Canceled,Online,"Unit 6, Building 11","Deliver after 5PM"
O002189,"2022-06-22 03:00:00",C00379,E0196,Projector,Electronics,5,4000,0.1,n/a,Canceled,Marketplace,"668 Rizal St.",Unknown
O002190,"2025-08-07 09:10:00",C00514,E0081,Laptop,"Mobile Devices",8,29999,0.05,"Credit Card",Pending,Store,"Unit 1, Building 34",Unknown
O002191,"2025-01-31 21:52:00",C00393,E0156,Printer,"Computer Accesossories",6,3499,0.03,n/a,Canceled,Store,"502 Quezon St.","Gift order"
O002192,"2022-08-22 20:44:00",C00177,E0118,Tablet,"Mobile Devices",9,8999,0.15,GCash,Canceled,Online,"505 Mabini St.","Gift order"
O002193,"2023-12-15 08:28:00",C00825,E0178,Projector,Electronics,1,4000,0.2,"Credit Card",Shipped,Unknown,"624 Quezon St.","Deliver after 5PM"
O002194,"2025-08-25 03:44:00",C00341,E0076,Projector,Electronics,1,4000,0.15,GCash,Pending,Online,"167 Main St.",Unknown
O002195,"2025-02-11 00:33:00",C00729,E0073,Desk,"Office Furniture",9,19999,0.2,"Debit Card",Processing,Store,"620 Quezon St.","Urgent"
O002196,"2023-05-15 16:06:00",C00661,E0156,Tablet,"Mobile Devices",8,8999,0,"Debit Card",Canceled,Online,"447 Mabini St.",Unknown
O002197,"2024-08-23 20:53:00",C00791,E0001,Keyboard,"Computer Accesossories",4,2499,0.2,Cash,Processing,Online,"915 Main St.","Deliver after 5PM"
O002198,"2025-05-29 23:30:00",C00361,E0036,Laptop,"Mobile Devices",3,29999,0.2,"Bank Transfer",Returned,Online,"704 Quezon St.","Gift order"
O002199,"2023-01-28 21:40:00",C00560,E0086,Router,Networking,4,1499,0.1,Cash,Shipped,Store,"Unit 3, Building 29","Urgent"
O002200,"2023-03-11 17:58:00",C00536,E0014,Tablet,"Mobile Devices",7,8999,0,"Debit Card",Returned,Store,"508 Main St.","Urgent"
O002201,"2023-02-15 07:54:00",C00903,E0155,Keyboard,"Computer Accesossories",9,2499,0.1,GCash,Returned,Unknown,"230 Quezon St.","Gift order"
O002202,"2025-12-29 10:28:00",C00227,E0019,Tablet,"Mobile Devices",9,8999,0.2,"Debit Card",Shipped,Online,"892 Main St.","Gift order"
O002203,"2022-07-19 15:52:00",C00789,E0122,Tablet,"Mobile Devices",5,8999,0,"Credit Card",Unknown,Marketplace,"778 Quezon St.","Gift order"
O002204,"2022-12-08 12:58:00",C00513,E0199,"Office chair","Office Furniture",4,4999,0,"Debit Card",Shipped,Store,"Unit 18, Building 32","Deliver after 5PM"
O002205,"2022-04-28 18:53:00",C00161,E0105,Mouse,"Computer Accesossories",5,1499,0,GCash,Shipped,Marketplace,"346 BONIFACIO ST.","Urgent"
O002206,"2025-02-02 12:31:00",C00318,E0087,Router,Networking,7,1499,0.03,Cash,Delivered,Online,"Unit 2, Building 12","Urgent"
O002207,"2022-10-01 06:04:00",C00405,E0092,Headset,"Computer Accesossories",5,1499,0.1,"Debit Card",Returned,Store,"Unit 9, Building 30","Gift order"
O002208,"2022-12-11 07:25:00",C00123,E0047,Laptop,"Mobile Devices",7,29999,0.1,"Bank Transfer",Delivered,Unknown,"Unit 2, Building 17",Unknown
O002209,"2024-03-21 20:38:00",C00356,E0170,"Office chair","Office Furniture",2,4999,0,"Credit Card",Canceled,Unknown,"Unit 9, Building 28","Deliver after 5PM"
O002210,"2023-03-25 06:35:00",C00396,E0247,Smartphone,"Mobile Devices",6,12999,0.15,PayPal,Shipped,Store,"Unit 7, Building 45","Call customer"
O002211,"2022-06-16 09:52:00",C00506,E0243,Headset,"Computer Accesossories",1,1499,0.1,"Credit Card",Delivered,Unknown,"974 Mabini St.","Deliver after 5PM"
O002212,"2025-09-28 15:49:00",C00064,E0092,Projector,Electronics,0,4000,0,"Bank Transfer",Delivered,Online,"Unit 13, Building 49","Urgent"
O002213,"2023-05-14 16:12:00",C00848,E0078,Headset,"Computer Accesossories",4,1499,0.2,"Credit Card",Delivered,Marketplace,"Unit 3, Building 11","Call customer"
O002214,"2024-09-09 18:34:00",C00868,E0176,Mouse,"Computer Accesossories",3,1499,0.15,"Debit Card",Returned,Unknown,"Unit 10, Building 31","Gift order"
O002215,"2022-03-30 03:08:00",C00950,E0226,Monitor,"Computer Accesossories",1,9999,0,Cash,Shipped,Unknown,"650 rizal st.","Deliver after 5PM"
O002216,"2024-04-15 06:50:00",C00320,E0208,Monitor,"Computer Accesossories",2,9999,0.15,"Debit Card",Pending,Online,"594 Rizal St.","Urgent"
O002217,"2025-03-16 10:30:00",C00385,E0033,Router,Networking,6,1499,0.05,"Bank Transfer",Canceled,Online,"Unit 6, Building 30","Deliver after 5PM"
O002218,"2025-08-14 11:26:00",C00477,E0177,Tablet,"Mobile Devices",10,8999,0.03,GCash,Pending,Store,"Unit 14, Building 28","Urgent"
O002219,"2025-11-10 20:40:00",C00888,E0236,Projector,Electronics,8,4000,0.05,"Credit Card",Delivered,Online,"759 Main St.","Urgent"
O002220,"2023-10-22 18:53:00",C00138,E0097,Projector,Electronics,0,4000,0.05,"Bank Transfer",Delivered,Online,"Unit 20, Building 11",Unknown
O002221,"2025-06-20 22:34:00",C00386,E0166,Tablet,"Mobile Devices",10,8999,0,PayPal,Delivered,Store,"410 mabini st.",Unknown
O002222,"2022-07-03 05:01:00",C00501,E0076,Smartphone,"Mobile Devices",8,12999,0,"Credit Card",Canceled,Marketplace,"Unit 20, Building 46","Urgent"
O002223,"2023-10-18 09:27:00",C00143,E0066,Keyboard,"Computer Accesossories",4,2499,0.1,PayPal,Delivered,Store,"Unit 9, Building 9","Urgent"
O002224,"2024-10-24 20:39:00",C00844,E0057,Smartphone,"Mobile Devices",3,12999,0.03,PayPal,Shipped,Online,"164 Rizal St.","Deliver after 5PM"
O002225,"2025-04-25 08:21:00",C00698,E0225,"Office chair","Office Furniture",10,4999,0,"Credit Card",Delivered,Online,"231 Rizal St.",Unknown
O002226,"2022-02-02 18:01:00",C00937,E0059,Unknown,Unknown,2,1499,0.05,"Credit Card",Shipped,Store,"709 Rizal St.",Unknown
O002227,"2022-08-30 05:33:00",C00397,E0077,"Office chair","Office Furniture",5,4999,0.2,PayPal,Canceled,Unknown,"899 Rizal St.",Unknown
O002228,"2024-02-26 11:25:00",C00143,E0106,Headset,"Computer Accesossories",2,1499,0.1,PayPal,Processing,Marketplace,"Unit 18, Building 27",Unknown
O002229,"2024-09-22 22:03:00",C00745,E0194,Webcam,"Computer Accesossories",5,1499,0,"Credit Card",Canceled,Store,"Unit 8, Building 46","Gift order"
O002230,"2024-04-11 16:01:00",C00362,E0226,Keyboard,"Computer Accesossories",6,2499,0.1,"Debit Card",Pending,Online,"Unit 1, Building 18",Unknown
O002231,"2023-11-12 03:00:00",C00816,E0143,Router,Networking,10,1499,0,"Bank Transfer",Shipped,Online,"Unit 8, Building 49",Unknown
O002232,"2024-01-27 15:46:00",C00290,E0039,Smartphone,"Mobile Devices",10,12999,0.1,"Bank Transfer",Delivered,Online,"Unit 10, Building 28",Unknown
O002233,"2022-08-14 12:01:00",C00923,E0067,Smartphone,"Mobile Devices",3,12999,0.15,GCash,Returned,Online,"Unit 8, Building 45","Deliver after 5PM"
O002234,"2022-01-22 21:43:00",C00733,E0010,Smartphone,"Mobile Devices",4,12999,0,GCash,Canceled,Marketplace,"166 Quezon St.","Deliver after 5PM"
O002235,"2022-12-21 10:15:00",C00903,E0170,Webcam,"Computer Accesossories",0,1499,0.1,Cash,Processing,Store,"547 Bonifacio St.","Urgent"
O002236,"2024-03-14 13:59:00",C00901,E0061,UPS,Electronics,9,4999,0.03,GCash,Shipped,Marketplace,"Unit 3, Building 30",Unknown
O002237,"2024-01-24 23:29:00",C00660,E0180,Printer,"Computer Accesossories",2,3499,0.05,"Credit Card",Pending,Online,"704 Bonifacio St.",Unknown
O002238,"2024-02-12 15:51:00",C00012,E0015,UPS,Electronics,10,4999,0,Cash,Shipped,Online,"657 Quezon St.",Unknown
O002239,"2023-08-13 09:22:00",C00637,E0067,"External drive",Electronics,9,999,0.03,"Bank Transfer",Shipped,Store,"488 Rizal St.","Call customer"
O002240,"2025-05-15 10:31:00",C00212,E0235,Headset,"Computer Accesossories",6,1499,0.03,"Credit Card",Canceled,Online,"Unit 4, Building 26","Gift order"
O002241,"2023-12-07 13:35:00",C00818,E0117,Desk,"Office Furniture",3,19999,0.2,"Debit Card",Pending,Store,"434 Quezon St.","Gift order"
O002242,"2022-01-26 13:09:00",C00807,E0128,Keyboard,"Computer Accesossories",10,2499,0.03,"Bank Transfer",Canceled,Online,"Unit 4, Building 40","Urgent"
O002243,"2025-10-13 06:45:00",C00069,E0080,Printer,"Computer Accesossories",4,3499,0,PayPal,Returned,Unknown,"Unit 19, Building 17","Call customer"
O002244,"2025-11-27 19:25:00",C00317,E0022,UPS,Electronics,1,4999,0,"Credit Card",Shipped,Marketplace,"870 Rizal St.","Urgent"
O002245,"2024-08-05 12:37:00",C00123,E0131,Desk,"Office Furniture",4,19999,0.03,GCash,Returned,Marketplace,"354 Rizal St.",Unknown
O002246,"2023-12-27 10:50:00",C00774,E0144,Webcam,"Computer Accesossories",1,1499,0,Cash,Canceled,Store,"26 Mabini St.","Gift order"
O002247,"2023-06-15 01:49:00",C00088,E0238,Smartphone,"Mobile Devices",7,12999,0.1,Cash,Delivered,Online,"930 Rizal St.",Unknown
O002248,"2023-06-01 17:59:00",C00286,E0056,Keyboard,"Computer Accesossories",2,2499,0,"Bank Transfer",Shipped,Store,"Unit 18, Building 39","Urgent"
O002249,"2023-07-07 04:29:00",C00059,E0186,"Office chair","Office Furniture",0,4999,0,"Credit Card",Returned,Store,"unit 11, building 13","Deliver after 5PM"
O002250,"2025-07-25 09:22:00",C00538,E0017,Smartphone,"Mobile Devices",9,12999,0,Cash,Processing,Store,"123 Bonifacio St.","Deliver after 5PM"
O002251,"2025-12-01 15:29:00",C00366,E0132,Webcam,"Computer Accesossories",4,1499,0.03,Cash,Delivered,Store,"97 Rizal St.",Unknown
O002252,"2025-11-14 03:55:00",C00407,E0172,Printer,"Computer Accesossories",10,3499,0.2,"Credit Card",Shipped,Store,"531 Bonifacio St.",Unknown
O002253,"2025-07-16 18:57:00",C00185,E0149,"External drive",Electronics,8,999,0.05,"Bank Transfer",Pending,Marketplace,"891 Quezon St.","Call customer"
O002254,"2023-09-05 12:04:00",C00180,E0164,Keyboard,"Computer Accesossories",5,2499,0.2,"Credit Card",Returned,Marketplace,"Unit 5, Building 42",Unknown
O002255,"2023-10-16 21:06:00",C00665,E0055,Monitor,"Computer Accesossories",6,9999,0.03,"Bank Transfer",Pending,Marketplace,"Unit 11, Building 47",Unknown
O002256,"2025-06-24 16:03:00",C00106,E0107,Router,Networking,8,1499,0,"Bank Transfer",Returned,Marketplace,Warehouse,"Call customer"
O002257,"2024-05-14 16:06:00",C00374,E0176,Keyboard,"Computer Accesossories",0,2499,0,PayPal,Returned,Online,"UNIT 10, BUILDING 18",Unknown
O002258,"2025-09-11 14:25:00",C00102,E0163,Webcam,"Computer Accesossories",8,1499,0,PayPal,Delivered,Store,Warehouse,Unknown
O002259,"2022-10-26 08:57:00",C00159,E0225,Laptop,"Mobile Devices",9,29999,0.2,"Credit Card",Delivered,Store,"541 Main St.",Unknown
O002260,"2023-08-10 22:56:00",C00897,E0243,Laptop,"Mobile Devices",3,29999,0,"Credit Card",Delivered,Online,Warehouse,Unknown
O002261,"2022-05-18 12:12:00",C00901,E0234,Mouse,"Computer Accesossories",9,1499,0.1,"Debit Card",Returned,Online,"Unit 5, Building 36",Unknown
O002262,"2025-09-07 23:32:00",C00806,E0173,Mouse,"Computer Accesossories",2,1499,0,"Bank Transfer",Delivered,Online,"90 Quezon St.","Gift order"
O002263,"2022-04-17 08:56:00",C00440,E0230,Mouse,"Computer Accesossories",10,1499,0.03,PayPal,Canceled,Store,"Unit 7, Building 49",Unknown
O002264,"2022-03-28 18:27:00",C00442,E0096,Mouse,"Computer Accesossories",9,1499,0.15,Cash,Canceled,Store,"493 Mabini St.","Deliver after 5PM"
O002265,"2023-05-01 19:28:00",C00197,E0055,Projector,Electronics,1,4000,0.2,"Debit Card",Delivered,Marketplace,"78 Main St.",Unknown
O002266,"2023-05-09 05:47:00",C00314,E0228,Mouse,"Computer Accesossories",5,1499,0,PayPal,Returned,Marketplace,"19 Bonifacio St.","Deliver after 5PM"
O002267,"2023-07-16 22:33:00",C00463,E0155,Keyboard,"Computer Accesossories",8,2499,0,Cash,Shipped,Online,"855 Bonifacio St.",Unknown
O002268,"2022-05-27 19:12:00",C00427,E0081,Laptop,"Mobile Devices",8,29999,0,"Credit Card",Delivered,Store,"336 Rizal St.","Call customer"
O002269,"2023-11-06 07:51:00",C00831,E0166,Headset,"Computer Accesossories",5,1499,0.2,GCash,Canceled,Unknown,"Unit 2, Building 6","Deliver after 5PM"
O002270,"2022-10-31 19:10:00",C00615,E0098,Webcam,"Computer Accesossories",10,1499,0.2,n/a,Pending,Marketplace,"539 Quezon St.",Unknown
O002271,"2023-05-03 10:23:00",C00690,E0193,Laptop,"Mobile Devices",2,29999,0.2,PayPal,Delivered,Store,"655 main st.","Deliver after 5PM"
O002272,"2022-03-12 00:57:00",C00142,E0200,Projector,Electronics,4,4000,0.15,n/a,Returned,Online,"679 Bonifacio St.","Gift order"
O002273,"2023-02-10 21:00:00",C00032,E0070,Projector,Electronics,2,4000,0,"Debit Card",Returned,Online,"497 Main St.","Call customer"
O002274,"2023-11-02 21:23:00",C00669,E0084,UPS,Electronics,9,4999,0,"Credit Card",Shipped,Unknown,"793 Rizal St.",Unknown
O002275,"2023-09-12 06:50:00",C00709,E0005,Mouse,"Computer Accesossories",6,1499,0.03,"Credit Card",Delivered,Online,"Unit 16, Building 42",Unknown
O002276,"2023-04-16 00:38:00",C00932,E0164,Router,Networking,2,1499,0.1,"Bank Transfer",Shipped,Store,"Unit 8, Building 23","Urgent"
O002277,"2024-07-22 01:49:00",C00889,E0022,Mouse,"Computer Accesossories",9,1499,0.1,n/a,Pending,Store,"Unit 4, Building 8",Unknown
O002278,"2025-09-14 15:35:00",C00423,E0208,Projector,Electronics,6,4000,0.03,PayPal,Processing,Store,"192 Rizal St.","Gift order"
O002279,"2022-10-04 20:33:00",C00602,E0184,Headset,"Computer Accesossories",3,1499,0,"Credit Card",Canceled,Unknown,"Unit 19, Building 50","Gift order"
O002280,"2025-02-15 18:58:00",C00676,E0024,"External drive",Electronics,5,999,0.15,Cash,Canceled,Unknown,"Unit 7, Building 35","Urgent"
O002281,"2022-09-19 02:49:00",C00637,E0085,Unknown,Unknown,1,499,0.03,GCash,Pending,Store,"503 Rizal St.","Call customer"
O002282,"2022-11-10 01:01:00",C00443,E0002,Desk,"Office Furniture",6,19999,0.15,Cash,Canceled,Marketplace,"Unit 8, Building 1","Call customer"
O002283,"2025-06-15 13:08:00",C00392,E0196,Mouse,"Computer Accesossories",4,1499,0.1,"Bank Transfer",Canceled,Online,"498 Mabini St.","Deliver after 5PM"
O002284,"2022-07-13 08:09:00",C00065,E0204,Printer,"Computer Accesossories",4,3499,0.05,"Credit Card",Canceled,Store,"317 Rizal St.","Urgent"
O002285,"2024-08-04 03:32:00",C00550,E0179,Smartphone,"Mobile Devices",5,12999,0,PayPal,Pending,Online,"156 Main St.","Deliver after 5PM"
O002286,"2025-12-04 11:45:00",C00848,E0009,Mouse,"Computer Accesossories",6,1499,0.1,GCash,Processing,Unknown,"Unit 18, Building 36","Deliver after 5PM"
O002287,"2023-06-27 00:08:00",C00566,E0018,Mouse,"Computer Accesossories",7,1499,0.1,PayPal,Processing,Store,"Unit 11, Building 24","Urgent"
O002288,"2023-04-15 10:42:00",C00304,E0117,UPS,Electronics,8,4999,0.15,"Debit Card",Shipped,Marketplace,"Unit 15, Building 15",Unknown
O002289,"2024-05-08 22:32:00",C00315,E0002,Tablet,"Mobile Devices",0,8999,0.1,"Credit Card",Delivered,Online,"24 Quezon St.","Call customer"
O002290,"2024-11-07 01:57:00",C00407,E0145,Tablet,"Mobile Devices",4,8999,0.15,Cash,Canceled,Online,"Unit 10, Building 35","Call customer"
O002291,"2023-06-21 02:44:00",C00435,E0197,Tablet,"Mobile Devices",5,8999,0,PayPal,Shipped,Unknown,"Unit 14, Building 28","Urgent"
O002292,"2023-03-10 21:37:00",C00599,E0075,Smartphone,"Mobile Devices",6,12999,0.05,GCash,Returned,Marketplace,"343 Bonifacio St.","Deliver after 5PM"
O002293,"2024-09-12 22:08:00",C00204,E0056,Headset,"Computer Accesossories",2,1499,0.1,"Bank Transfer",Returned,Online,"unit 4, building 15","Call customer"
O002294,"2022-04-08 15:44:00",C00159,E0244,Projector,Electronics,1,4000,0.15,GCash,Shipped,Online,"186 Mabini St.","Urgent"
O002295,"2023-07-27 10:38:00",C00700,E0022,Printer,"Computer Accesossories",3,3499,0.2,"Debit Card",Shipped,Unknown,"Unit 9, Building 15","Urgent"
O002296,"2023-12-09 01:03:00",C00062,E0050,Printer,"Computer Accesossories",10,3499,0,"Debit Card",Canceled,Unknown,"Unit 18, Building 13","Urgent"
O002297,"2024-11-25 07:22:00",C00745,E0167,Monitor,"Computer Accesossories",8,9999,0.2,"Credit Card",Canceled,Store,"UNIT 6, BUILDING 15",Unknown
O002298,"2022-11-08 22:47:00",C00881,E0160,Unknown,Unknown,8,499,0.05,Cash,Canceled,Online,"Unit 2, Building 42",Unknown
O002299,"2023-12-21 05:07:00",C00427,E0185,Keyboard,"Computer Accesossories",10,2499,0,Cash,Processing,Store,"Unit 9, Building 43","Call customer"
O002300,"2025-08-18 00:18:00",C00953,E0244,Keyboard,"Computer Accesossories",7,2499,0.1,PayPal,Delivered,Store,"Unit 3, Building 34",Unknown
O002301,"2025-11-24 06:58:00",C00239,E0063,Monitor,"Computer Accesossories",4,9999,0,"Debit Card",Delivered,Store,"809 Rizal St.","Deliver after 5PM"
O002302,"2024-08-28 19:45:00",C00602,E0156,Monitor,"Computer Accesossories",4,9999,0.1,Cash,Delivered,Online,"Unit 1, Building 45","Gift order"
O002303,"2025-08-21 02:18:00",C00159,E0143,Desk,"Office Furniture",10,19999,0.05,GCash,Returned,Online,"315 Mabini St.","Deliver after 5PM"
O002304,"2025-01-22 04:20:00",C00471,E0053,Mouse,"Computer Accesossories",4,1499,0.03,"Bank Transfer",Delivered,Store,"525 Bonifacio St.",Unknown
O002305,"2022-04-19 00:25:00",C00786,E0091,Laptop,"Mobile Devices",1,29999,0,"Bank Transfer",Pending,Online,"611 Main St.",Unknown
O002306,"2022-04-27 19:11:00",C00617,E0036,Monitor,"Computer Accesossories",10,9999,0.15,Cash,Canceled,Marketplace,"474 Bonifacio St.","Call customer"
O002307,"2024-03-11 19:00:00",C00533,E0187,Keyboard,"Computer Accesossories",2,2499,0.03,"Credit Card",Returned,Marketplace,"334 Quezon St.","Urgent"
O002308,"2025-07-30 10:01:00",C00420,E0158,Desk,"Office Furniture",9,19999,0,"Bank Transfer",Delivered,Store,"Unit 7, Building 1","Deliver after 5PM"
O002309,"2023-03-08 19:31:00",C00343,E0110,Webcam,"Computer Accesossories",1,1499,0.15,"Debit Card",Canceled,Store,"411 Quezon St.",Unknown
O002310,"2024-10-09 11:00:00",C00058,E0066,Mouse,"Computer Accesossories",9,1499,0.2,"Debit Card",Pending,Online,"Unit 18, Building 14","Call customer"
O002311,"2025-11-09 17:20:00",C00938,E0235,UPS,Electronics,5,4999,0.05,Cash,Returned,Store,"798 Mabini St.","Gift order"
O002312,"2025-05-06 11:44:00",C00847,E0152,Mouse,"Computer Accesossories",6,1499,0,n/a,Returned,Unknown,"728 Main St.","Call customer"
O002313,"2025-02-21 18:32:00",C00912,E0202,"Office chair","Office Furniture",5,4999,0.05,"Debit Card",Shipped,Unknown,"Unit 5, Building 36","Call customer"
O002314,"2022-10-19 18:48:00",C00552,E0098,Webcam,"Computer Accesossories",9,1499,0.03,GCash,Unknown,Marketplace,"294 Main St.",Unknown
O002315,"2023-01-11 10:39:00",C00923,E0114,Mouse,"Computer Accesossories",9,1499,0.05,"Debit Card",Shipped,Store,"Unit 6, Building 49","Deliver after 5PM"
O002316,"2025-06-06 03:17:00",C00823,E0082,Desk,"Office Furniture",6,19999,0.15,"Credit Card",Delivered,Store,"Unit 16, Building 13",Unknown
O002317,"2022-07-17 11:57:00",C00556,E0203,UPS,Electronics,8,4999,0.2,"Debit Card",Shipped,Marketplace,"952 Bonifacio St.","Gift order"
O002318,"2023-02-12 03:13:00",C00252,E0239,Smartphone,"Mobile Devices",3,12999,0,"Debit Card",Processing,Marketplace,"Unit 4, Building 27",Unknown
O002319,"2024-07-31 17:46:00",C00512,E0018,Tablet,"Mobile Devices",7,8999,0.03,"Debit Card",Returned,Online,"578 Rizal St.","Gift order"
O002320,"2022-05-18 11:10:00",C00617,E0237,Webcam,"Computer Accesossories",1,1499,0.1,"Debit Card",Returned,Online,"78 Quezon St.","Call customer"
O002321,"2025-01-24 20:37:00",C00419,E0226,Laptop,"Mobile Devices",3,29999,0.03,"Bank Transfer",Unknown,Online,"Unit 16, Building 40","Urgent"
O002322,"2024-08-25 06:36:00",C00334,E0152,Webcam,"Computer Accesossories",4,1499,0,Cash,Canceled,Online,"Unit 5, Building 44","Call customer"
O002323,"2023-12-06 02:25:00",C00846,E0139,Smartphone,"Mobile Devices",2,12999,0,"Credit Card",Processing,Unknown,"467 Mabini St.",Unknown
O002324,"2022-08-26 18:06:00",C00025,E0106,Keyboard,"Computer Accesossories",6,2499,0.15,GCash,Delivered,Store,"195 RIZAL ST.",Unknown
O002325,"2023-10-20 06:50:00",C00257,E0147,Headset,"Computer Accesossories",5,1499,0.03,"Credit Card",Processing,Store,"Unit 4, Building 8",Unknown
O002326,"2025-10-08 04:23:00",C00601,E0159,Desk,"Office Furniture",2,19999,0.2,PayPal,Shipped,Online,"782 Quezon St.","Call customer"
O002327,"2024-02-13 05:04:00",C00113,E0103,Tablet,"Mobile Devices",6,8999,0,"Bank Transfer",Canceled,Marketplace,"Unit 1, Building 17","Deliver after 5PM"
O002328,"2022-04-11 13:20:00",C00630,E0129,Webcam,"Computer Accesossories",9,1499,0.2,PayPal,Pending,Store,"792 Bonifacio St.","Deliver after 5PM"
O002329,"2022-03-22 04:55:00",C00881,E0205,"Office chair","Office Furniture",2,4999,0.1,"Credit Card",Returned,Marketplace,"Unit 15, Building 28","Deliver after 5PM"
O002330,"2024-11-14 18:06:00",C00503,E0242,"Office chair","Office Furniture",6,4999,0.1,"Credit Card",Returned,Online,"762 Mabini St.","Gift order"
O002331,"2023-03-14 13:00:00",C00135,E0195,Tablet,"Mobile Devices",5,8999,0.03,"Credit Card",Shipped,Marketplace,"Unit 16, Building 5",Unknown
O002332,"2025-05-27 00:15:00",C00224,E0237,Mouse,"Computer Accesossories",2,1499,0.03,"Bank Transfer",Shipped,Store,"749 main st.","Gift order"
O002333,"2025-11-01 05:59:00",C00807,E0025,Router,Networking,7,1499,0,"Credit Card",Canceled,Marketplace,Warehouse,"Call customer"
O002334,"2023-08-27 15:22:00",C00192,E0156,Projector,Electronics,6,4000,0.03,"Credit Card",Unknown,Online,"Unit 3, Building 30",Unknown
O002335,"2025-03-24 22:33:00",C00345,E0104,Headset,"Computer Accesossories",8,1499,0.15,"Bank Transfer",Processing,Unknown,"Unit 4, Building 23","Call customer"
O002336,"2023-03-15 15:57:00",C00221,E0038,UPS,Electronics,10,4999,0,Cash,Processing,Marketplace,"Unit 9, Building 43","Urgent"
O002337,"2023-10-28 05:24:00",C00643,E0238,Tablet,"Mobile Devices",8,8999,0,"Debit Card",Shipped,Store,"69 Rizal St.","Urgent"
O002338,"2024-05-14 10:06:00",C00790,E0058,Mouse,"Computer Accesossories",5,1499,0.1,Cash,Pending,Store,"unit 5, building 29",Unknown
O002339,"2022-06-28 17:48:00",C00520,E0056,Monitor,"Computer Accesossories",5,9999,0.05,"Credit Card",Pending,Online,"Unit 3, Building 18","Gift order"
O002340,"2022-10-25 20:49:00",C00743,E0142,Projector,Electronics,9,4000,0.1,"Bank Transfer",Canceled,Online,"564 Mabini St.","Gift order"
O002341,"2025-11-14 21:49:00",C00165,E0169,Tablet,"Mobile Devices",7,8999,0.05,Cash,Delivered,Unknown,"Unit 8, Building 31","Call customer"
O002342,"2022-10-05 03:46:00",C00871,E0124,"External drive",Electronics,1,999,0.15,"Credit Card",Delivered,Online,"Unit 16, Building 8","Gift order"
O002343,"2024-06-08 15:55:00",C00415,E0069,Webcam,"Computer Accesossories",2,1499,0,PayPal,Canceled,Unknown,"821 Mabini St.",Unknown
O002344,"2023-07-13 23:39:00",C00434,E0144,Router,Networking,9,1499,0.15,"Bank Transfer",Delivered,Store,"972 Main St.","Call customer"
O002345,"2022-07-08 22:29:00",C00976,E0028,Webcam,"Computer Accesossories",4,1499,0.15,"Bank Transfer",Shipped,Store,"Unit 14, Building 48",Unknown
O002346,"2022-01-03 09:23:00",C00310,E0046,Projector,Electronics,9,4000,0.03,"Credit Card",Canceled,Online,"UNIT 11, BUILDING 9","Urgent"
O002347,"2023-11-02 17:55:00",C00727,E0141,Printer,"Computer Accesossories",9,3499,0,"Credit Card",Shipped,Marketplace,"Unit 6, Building 5","Gift order"
O002348,"2024-02-06 14:40:00",C00661,E0174,Tablet,"Mobile Devices",0,8999,0,"Debit Card",Canceled,Online,"797 Mabini St.","Urgent"
O002349,"2023-04-19 20:53:00",C00383,E0153,Desk,"Office Furniture",4,19999,0.2,PayPal,Shipped,Online,"296 Bonifacio St.","Call customer"
O002350,"2024-06-11 03:12:00",C00332,E0234,"External drive",Electronics,7,999,0.2,"Debit Card",Shipped,Store,"970 Bonifacio St.","Call customer"
O002351,"2024-09-03 02:28:00",C00278,E0152,Tablet,"Mobile Devices",9,8999,0,"Debit Card",Delivered,Online,"630 Quezon St.","Urgent"
O002352,"2024-10-15 14:47:00",C00386,E0237,Printer,"Computer Accesossories",1,3499,0,GCash,Canceled,Unknown,"352 Rizal St.","Gift order"
O002353,"2023-08-22 05:41:00",C00852,E0168,Tablet,"Mobile Devices",2,8999,0.2,"Debit Card",Returned,Store,"909 Mabini St.",Unknown
O002354,"2024-08-26 18:42:00",C00104,E0120,Unknown,Unknown,3,7999,0,Cash,Shipped,Store,"479 Main St.","Deliver after 5PM"
O002355,"2025-06-03 16:51:00",C00418,E0065,Desk,"Office Furniture",6,19999,0.03,PayPal,Pending,Store,"171 Quezon St.","Deliver after 5PM"
O002356,"2023-07-17 00:18:00",C00755,E0007,Headset,"Computer Accesossories",7,1499,0,Cash,Canceled,Marketplace,"Unit 14, Building 34","Call customer"
O002357,"2023-06-13 19:44:00",C00391,E0146,"Office chair","Office Furniture",6,4999,0.15,"Bank Transfer",Delivered,Online,"Unit 12, Building 45","Urgent"
O002358,"2025-11-06 21:40:00",C00916,E0216,Keyboard,"Computer Accesossories",3,2499,0,"Credit Card",Unknown,Online,"Unit 13, Building 40","Gift order"
O002359,"2023-12-31 07:38:00",C00801,E0156,Mouse,"Computer Accesossories",10,1499,0.15,Cash,Processing,Marketplace,"537 Main St.","Urgent"
O002360,"2023-11-24 03:11:00",C00214,E0046,Printer,"Computer Accesossories",8,3499,0,"Credit Card",Pending,Online,"540 MABINI ST.","Urgent"
O002361,"2025-06-03 20:55:00",C00786,E0195,Mouse,"Computer Accesossories",1,1499,0.15,"Bank Transfer",Processing,Store,"33 Quezon St.","Deliver after 5PM"
O002362,"2024-05-31 10:28:00",C00168,E0067,Laptop,"Mobile Devices",0,29999,0.03,PayPal,Returned,Online,Warehouse,Unknown
O002363,"2025-06-19 09:00:00",C00598,E0096,Webcam,"Computer Accesossories",8,1499,0,Cash,Delivered,Store,"271 MAIN ST.","Urgent"
O002364,"2023-01-19 14:36:00",C00122,E0108,Keyboard,"Computer Accesossories",3,2499,0.1,PayPal,Canceled,Online,"295 Mabini St.","Urgent"
O002365,"2025-09-26 03:20:00",C00904,E0208,UPS,Electronics,3,4999,0.05,"Bank Transfer",Canceled,Online,"994 Bonifacio St.","Call customer"
O002366,"2022-05-27 07:29:00",C00888,E0214,Webcam,"Computer Accesossories",6,1499,0.1,GCash,Shipped,Store,"666 Rizal St.","Urgent"
O002367,"2025-03-15 09:47:00",C00135,E0014,Mouse,"Computer Accesossories",10,1499,0,Cash,Canceled,Store,"905 Bonifacio St.","Urgent"
O002368,"2024-12-08 13:12:00",C00709,E0197,Keyboard,"Computer Accesossories",10,2499,0.2,PayPal,Pending,Online,"Unit 6, Building 36",Unknown
O002369,"2022-01-14 07:41:00",C00234,E0158,Router,Networking,7,1499,0,Cash,Pending,Store,"603 main st.","Gift order"
O002370,"2022-10-28 08:59:00",C00799,E0108,Router,Networking,9,1499,0.1,Cash,Shipped,Unknown,"837 MABINI ST.","Urgent"
O002371,"2025-05-16 07:53:00",C00662,E0040,"External drive",Electronics,10,999,0.15,PayPal,Processing,Online,"171 Mabini St.","Gift order"
O002372,"2023-10-13 05:28:00",C00259,E0225,Laptop,"Mobile Devices",4,29999,0.2,n/a,Returned,Unknown,"Unit 14, Building 46",Unknown
O002373,"2025-07-11 21:24:00",C00762,E0128,UPS,Electronics,7,4999,0.1,PayPal,Returned,Marketplace,Warehouse,Unknown
O002374,"2024-01-24 19:00:00",C00169,E0036,Smartphone,"Mobile Devices",3,12999,0.15,"Debit Card",Shipped,Store,"Unit 2, Building 25","Deliver after 5PM"
O002375,"2022-04-19 23:18:00",C00967,E0078,Printer,"Computer Accesossories",5,3499,0,PayPal,Unknown,Store,"539 Bonifacio St.","Call customer"
O002376,"2023-08-31 10:20:00",C00633,E0174,Webcam,"Computer Accesossories",8,1499,0,PayPal,Pending,Online,"Unit 11, Building 28",Unknown
O002377,"2023-04-05 23:27:00",C00157,E0214,Monitor,"Computer Accesossories",10,9999,0.2,PayPal,Processing,Online,"578 Quezon St.","Deliver after 5PM"
O002378,"2023-10-17 19:27:00",C00205,E0186,Monitor,"Computer Accesossories",6,9999,0.2,Cash,Shipped,Online,"Unit 12, Building 20",Unknown
O002379,"2023-01-03 08:23:00",C00840,E0010,Router,Networking,8,1499,0.15,PayPal,Delivered,Store,"879 Quezon St.",Unknown
O002380,"2022-09-30 11:42:00",C00163,E0046,Keyboard,"Computer Accesossories",2,2499,0.03,PayPal,Canceled,Store,"172 Main St.","Urgent"
O002381,"2025-09-01 19:41:00",C00416,E0179,Router,Networking,7,1499,0.05,"Bank Transfer",Processing,Unknown,"Unit 10, Building 36","Gift order"
O002382,"2022-06-12 08:25:00",C00158,E0032,Mouse,"Computer Accesossories",4,1499,0.15,n/a,Processing,Online,"605 Mabini St.","Deliver after 5PM"
O002383,"2024-12-22 03:48:00",C00381,E0250,Monitor,"Computer Accesossories",8,9999,0,"Debit Card",Processing,Store,"524 Quezon St.","Call customer"
O002384,"2022-01-17 20:50:00",C00338,E0152,Tablet,"Mobile Devices",4,8999,0.05,n/a,Returned,Marketplace,"Unit 1, Building 1","Call customer"
O002385,"2022-10-14 00:38:00",C00425,E0119,"External drive",Electronics,6,999,0,Cash,Returned,Unknown,"239 Main St.",Unknown
O002386,"2022-11-23 07:22:00",C00327,E0054,Projector,Electronics,4,4000,0.05,"Credit Card",Returned,Online,"875 Rizal St.","Urgent"
O002387,"2023-05-29 10:37:00",C00652,E0125,Keyboard,"Computer Accesossories",3,2499,0.15,"Credit Card",Returned,Unknown,"51 Bonifacio St.","Deliver after 5PM"
O002388,"2023-01-25 18:55:00",C00072,E0161,Projector,Electronics,6,4000,0.1,"Debit Card",Returned,Unknown,"677 Main St.","Urgent"
O002389,"2022-05-07 22:39:00",C00282,E0164,Tablet,"Mobile Devices",4,8999,0.2,"Credit Card",Returned,Online,"Unit 9, Building 34","Gift order"
O002390,"2025-04-21 18:13:00",C00273,E0155,Projector,Electronics,5,4000,0.2,GCash,Canceled,Online,"106 Rizal St.",Unknown
O002391,"2023-10-18 09:28:00",C00576,E0046,Projector,Electronics,3,4000,0.2,"Credit Card",Pending,Online,"405 Bonifacio St.","Urgent"
O002392,"2025-05-25 14:55:00",C00439,E0005,Keyboard,"Computer Accesossories",4,2499,0.1,Cash,Pending,Marketplace,"681 Main St.","Gift order"
O002393,"2022-01-09 21:43:00",C00639,E0056,Webcam,"Computer Accesossories",2,1499,0,Cash,Processing,Unknown,"305 Quezon St.","Deliver after 5PM"
O002394,"2025-11-06 08:15:00",C00250,E0169,"Office chair","Office Furniture",3,4999,0.05,PayPal,Shipped,Store,"Unit 5, Building 5",Unknown
O002395,"2024-02-07 19:55:00",C00906,E0134,Projector,Electronics,0,4000,0,"Bank Transfer",Processing,Marketplace,"910 Main St.","Urgent"
O002396,"2023-10-19 20:48:00",C00584,E0029,Mouse,"Computer Accesossories",8,1499,0.03,Cash,Canceled,Online,"577 Main St.","Urgent"
O002397,"2025-07-05 16:23:00",C00720,E0061,Projector,Electronics,2,4000,0.1,Cash,Delivered,Unknown,"304 Quezon St.","Urgent"
O002398,"2022-08-12 17:52:00",C00224,E0090,Tablet,"Mobile Devices",10,8999,0.03,GCash,Shipped,Unknown,"Unit 7, Building 11",Unknown
O002399,"2023-05-23 06:54:00",C00885,E0078,Mouse,"Computer Accesossories",1,1499,0.05,"Credit Card",Shipped,Online,"680 Rizal St.","Gift order"
O002400,"2024-02-13 08:48:00",C00561,E0177,UPS,Electronics,6,4999,0,PayPal,Processing,Online,"758 Main St.","Gift order"
O002401,"2023-04-09 23:31:00",C00343,E0070,Smartphone,"Mobile Devices",6,12999,0,"Debit Card",Canceled,Store,"Unit 6, Building 10",Unknown
O002402,"2023-07-02 22:02:00",C00680,E0078,Router,Networking,2,1499,0,Cash,Shipped,Unknown,"Unit 4, Building 3","Call customer"
O002403,"2024-01-01 03:37:00",C00427,E0096,Projector,Electronics,7,4000,0.05,GCash,Canceled,Marketplace,"604 Quezon St.",Unknown
O002404,"2025-11-08 02:24:00",C00488,E0118,UPS,Electronics,3,4999,0.1,Cash,Delivered,Marketplace,"Unit 15, Building 40",Unknown
O002405,"2025-10-24 21:38:00",C00829,E0092,Mouse,"Computer Accesossories",7,1499,0.03,"Credit Card",Canceled,Store,"666 Main St.",Unknown
O002406,"2025-08-06 21:52:00",C00490,E0091,Monitor,"Computer Accesossories",10,9999,0.03,"Bank Transfer",Processing,Store,"Unit 16, Building 43","Deliver after 5PM"
O002407,"2023-11-20 09:40:00",C00218,E0071,Monitor,"Computer Accesossories",8,9999,0.15,PayPal,Shipped,Online,"407 Mabini St.","Call customer"
O002408,"2025-12-21 00:14:00",C00331,E0094,Headset,"Computer Accesossories",1,1499,0,GCash,Returned,Store,"Unit 8, Building 24","Deliver after 5PM"
O002409,"2024-01-03 13:16:00",C00594,E0168,Tablet,"Mobile Devices",7,8999,0,PayPal,Canceled,Online,Warehouse,"Deliver after 5PM"
O002410,"2022-01-25 08:18:00",C00109,E0001,Laptop,"Mobile Devices",9,29999,0,"Credit Card",Returned,Marketplace,"Unit 2, Building 42","Call customer"
O002411,"2022-06-29 11:09:00",C00206,E0245,Laptop,"Mobile Devices",3,29999,0.03,GCash,Delivered,Marketplace,"790 Rizal St.","Urgent"
O002412,"2024-05-05 00:01:00",C00701,E0193,Webcam,"Computer Accesossories",7,1499,0.05,PayPal,Processing,Online,"Unit 18, Building 35",Unknown
O002413,"2022-03-05 05:48:00",C00326,E0039,Unknown,Unknown,6,1499,0,"Debit Card",Pending,Store,"Unit 4, Building 23","Gift order"
O002414,"2022-05-09 19:21:00",C00673,E0226,Printer,"Computer Accesossories",7,3499,0,PayPal,Processing,Unknown,"354 Main St.","Gift order"
O002415,"2024-03-29 11:34:00",C00470,E0105,Unknown,Unknown,9,2999,0.2,PayPal,Shipped,Online,"957 Quezon St.","Urgent"
O002416,"2022-08-11 22:38:00",C00432,E0078,Router,Networking,2,1499,0,Cash,Canceled,Store,"337 Main St.","Deliver after 5PM"
O002417,"2022-02-01 19:05:00",C00697,E0011,Laptop,"Mobile Devices",1,29999,0.15,Cash,Processing,Marketplace,"575 Bonifacio St.","Deliver after 5PM"
O002418,"2022-03-16 13:43:00",C00181,E0208,UPS,Electronics,8,4999,0.1,GCash,Returned,Store,"Unit 6, Building 17",Unknown
O002419,"2025-04-22 09:40:00",C00185,E0039,"Office chair","Office Furniture",10,4999,0.05,GCash,Shipped,Store,"107 Mabini St.","Urgent"
O002420,"2023-05-07 05:05:00",C00527,E0199,Keyboard,"Computer Accesossories",2,2499,0.2,Cash,Shipped,Online,"290 Quezon St.","Deliver after 5PM"
O002421,"2025-01-17 04:15:00",C00733,E0163,Printer,"Computer Accesossories",4,3499,0.2,"Bank Transfer",Shipped,Store,"unit 7, building 19",Unknown
O002422,"2024-08-24 14:05:00",C00371,E0238,Laptop,"Mobile Devices",7,29999,0.1,Cash,Pending,Store,"84 Main St.",Unknown
O002423,"2023-01-27 14:06:00",C00153,E0202,Keyboard,"Computer Accesossories",5,2499,0.15,GCash,Delivered,Marketplace,"912 Bonifacio St.","Urgent"
O002424,"2024-11-19 18:43:00",C00864,E0110,"External drive",Electronics,2,999,0.15,GCash,Delivered,Online,"739 QUEZON ST.",Unknown
O002425,"2025-06-30 00:41:00",C00262,E0006,Smartphone,"Mobile Devices",7,12999,0,"Debit Card",Unknown,Store,"Unit 7, Building 31","Call customer"
O002426,"2024-02-08 04:08:00",C00096,E0145,Webcam,"Computer Accesossories",1,1499,0.03,GCash,Returned,Store,"Unit 3, Building 26",Unknown
O002427,"2024-06-23 02:37:00",C00259,E0076,Projector,Electronics,6,4000,0,GCash,Shipped,Online,"453 Rizal St.",Unknown
O002428,"2024-08-10 12:24:00",C00078,E0089,Printer,"Computer Accesossories",8,3499,0.1,n/a,Canceled,Marketplace,"573 Main St.",Unknown
O002429,"2023-11-28 06:49:00",C00096,E0111,"Office chair","Office Furniture",2,4999,0.03,GCash,Processing,Unknown,"455 Bonifacio St.","Gift order"
O002430,"2025-05-27 04:34:00",C00268,E0134,Monitor,"Computer Accesossories",4,9999,0.03,Cash,Pending,Unknown,"Unit 11, Building 4","Call customer"
O002431,"2025-09-24 05:05:00",C00188,E0138,Webcam,"Computer Accesossories",3,1499,0.2,"Debit Card",Delivered,Store,"Unit 3, Building 10","Call customer"
O002432,"2025-09-01 09:12:00",C00478,E0132,Smartphone,"Mobile Devices",5,12999,0,Cash,Canceled,Unknown,"612 Mabini St.","Gift order"
O002433,"2022-11-26 07:59:00",C00476,E0056,Webcam,"Computer Accesossories",7,1499,0,"Credit Card",Processing,Online,"Unit 10, Building 5",Unknown
O002434,"2022-01-13 19:19:00",C00501,E0143,"External drive",Electronics,8,999,0,n/a,Processing,Store,"429 Main St.","Urgent"
O002435,"2025-11-01 07:48:00",C00417,E0242,Printer,"Computer Accesossories",9,3499,0.1,PayPal,Pending,Store,"Unit 10, Building 30","Urgent"
O002436,"2022-01-20 07:53:00",C00846,E0013,"External drive",Electronics,1,999,0,PayPal,Returned,Store,"UNIT 6, BUILDING 6",Unknown
O002437,"2025-05-22 17:36:00",C00864,E0058,"Office chair","Office Furniture",7,4999,0.2,n/a,Returned,Store,"402 Main St.","Gift order"
O002438,"2023-09-21 08:31:00",C00143,E0076,Tablet,"Mobile Devices",8,8999,0.03,PayPal,Delivered,Store,"583 Main St.","Deliver after 5PM"
O002439,"2023-08-15 02:44:00",C00130,E0238,Tablet,"Mobile Devices",0,8999,0.05,"Debit Card",Returned,Unknown,"Unit 15, Building 34","Call customer"
O002440,"2023-09-16 10:24:00",C00569,E0241,Smartphone,"Mobile Devices",10,12999,0,PayPal,Returned,Store,"UNIT 18, BUILDING 42","Deliver after 5PM"
O002441,"2025-08-25 22:06:00",C00348,E0110,Smartphone,"Mobile Devices",7,12999,0,GCash,Returned,Unknown,"Unit 15, Building 50","Gift order"
O002442,"2023-02-28 20:33:00",C00654,E0101,Monitor,"Computer Accesossories",7,9999,0.1,PayPal,Canceled,Online,"Unit 2, Building 35",Unknown
O002443,"2022-12-25 17:37:00",C00684,E0240,Mouse,"Computer Accesossories",7,1499,0.2,n/a,Returned,Store,"Unit 15, Building 32","Gift order"
O002444,"2022-04-09 05:22:00",C00852,E0177,Smartphone,"Mobile Devices",4,12999,0,"Credit Card",Shipped,Online,"Unit 19, Building 31","Call customer"
O002445,"2022-01-02 16:23:00",C00450,E0038,Desk,"Office Furniture",9,19999,0.03,"Bank Transfer",Processing,Store,"929 Bonifacio St.","Call customer"
O002446,"2022-08-03 23:44:00",C00270,E0044,Webcam,"Computer Accesossories",8,1499,0,"Credit Card",Canceled,Online,"Unit 10, Building 8",Unknown
O002447,"2025-07-04 11:30:00",C00180,E0207,Webcam,"Computer Accesossories",7,1499,0,"Bank Transfer",Shipped,Marketplace,"Unit 9, Building 28","Deliver after 5PM"
O002448,"2023-04-15 02:17:00",C00555,E0148,Projector,Electronics,10,4000,0,"Debit Card",Processing,Marketplace,"270 Bonifacio St.",Unknown
O002449,"2025-05-21 03:31:00",C00478,E0191,"Office chair","Office Furniture",6,4999,0.15,"Bank Transfer",Returned,Store,"468 Mabini St.","Urgent"
O002450,"2025-09-02 18:14:00",C00050,E0077,Printer,"Computer Accesossories",5,3499,0,PayPal,Delivered,Unknown,"729 Bonifacio St.","Urgent"
O002451,"2023-07-21 16:25:00",C00831,E0050,Printer,"Computer Accesossories",7,3499,0.15,GCash,Processing,Marketplace,"Unit 16, Building 2",Unknown
O002452,"2023-04-14 21:12:00",C00647,E0015,Desk,"Office Furniture",2,19999,0.1,PayPal,Delivered,Online,"Unit 16, Building 2","Call customer"
O002453,"2022-12-12 00:22:00",C00542,E0168,Keyboard,"Computer Accesossories",9,2499,0,"Credit Card",Delivered,Store,"492 Main St.","Urgent"
O002454,"2023-05-19 04:26:00",C00650,E0161,Printer,"Computer Accesossories",4,3499,0,"Debit Card",Returned,Store,"145 Rizal St.","Deliver after 5PM"
O002455,"2025-08-09 10:50:00",C00255,E0088,Tablet,"Mobile Devices",8,8999,0,Cash,Canceled,Store,"Unit 2, Building 8","Gift order"
O002456,"2023-09-19 09:05:00",C00578,E0132,Printer,"Computer Accesossories",7,3499,0.2,PayPal,Shipped,Online,"437 Bonifacio St.","Call customer"
O002457,"2024-02-09 17:10:00",C00964,E0094,"Office chair","Office Furniture",9,4999,0,"Debit Card",Unknown,Unknown,"17 Main St.","Deliver after 5PM"
O002458,"2022-07-05 03:40:00",C00529,E0054,Tablet,"Mobile Devices",7,8999,0.15,GCash,Returned,Store,"305 Rizal St.","Urgent"
O002459,"2024-01-10 07:28:00",C00639,E0213,Tablet,"Mobile Devices",0,8999,0.05,"Debit Card",Pending,Online,"749 Bonifacio St.","Deliver after 5PM"
O002460,"2022-10-14 03:41:00",C00517,E0061,Tablet,"Mobile Devices",10,8999,0,"Credit Card",Shipped,Store,"Unit 11, Building 16",Unknown
O002461,"2022-03-11 05:51:00",C00377,E0076,Printer,"Computer Accesossories",10,3499,0.03,"Debit Card",Shipped,Store,"UNIT 5, BUILDING 16",Unknown
O002462,"2025-03-05 10:57:00",C00542,E0039,Webcam,"Computer Accesossories",5,1499,0.1,Cash,Canceled,Online,"858 MABINI ST.","Deliver after 5PM"
O002463,"2023-03-25 06:40:00",C00394,E0202,Mouse,"Computer Accesossories",4,1499,0.03,PayPal,Shipped,Store,"Unit 4, Building 41","Gift order"
O002464,"2024-01-10 16:46:00",C00050,E0178,Headset,"Computer Accesossories",9,1499,0.05,Cash,Returned,Online,Warehouse,Unknown
O002465,"2023-05-18 10:42:00",C00228,E0033,Printer,"Computer Accesossories",6,3499,0.1,PayPal,Processing,Online,"Unit 5, Building 39",Unknown
O002466,"2024-01-26 20:22:00",C00104,E0120,Projector,Electronics,3,4000,0.2,"Bank Transfer",Delivered,Store,"117 Quezon St.","Gift order"
O002467,"2025-05-28 12:27:00",C00295,E0157,Mouse,"Computer Accesossories",9,1499,0.15,"Debit Card",Canceled,Marketplace,"858 Bonifacio St.","Urgent"
O002468,"2024-10-26 15:47:00",C00339,E0005,Keyboard,"Computer Accesossories",4,2499,0,"Debit Card",Shipped,Store,"877 Quezon St.",Unknown
O002469,"2024-02-26 18:11:00",C00262,E0023,Webcam,"Computer Accesossories",7,1499,0,"Credit Card",Canceled,Online,"147 Main St.","Deliver after 5PM"
O002470,"2025-03-09 05:13:00",C00287,E0249,Smartphone,"Mobile Devices",10,12999,0.2,PayPal,Pending,Online,"833 Bonifacio St.",Unknown
O002471,"2024-04-06 09:18:00",C00961,E0166,"Office chair","Office Furniture",1,4999,0.03,"Credit Card",Canceled,Online,"91 Bonifacio St.","Urgent"
O002472,"2023-02-13 02:56:00",C00994,E0153,UPS,Electronics,7,4999,0.15,"Bank Transfer",Returned,Online,"372 Quezon St.","Urgent"
O002473,"2023-06-06 04:21:00",C00374,E0190,"External drive",Electronics,3,999,0.15,GCash,Delivered,Marketplace,"Unit 10, Building 28","Urgent"
O002474,"2023-11-30 09:41:00",C00432,E0001,Keyboard,"Computer Accesossories",0,2499,0.03,Cash,Delivered,Unknown,"844 Bonifacio St.","Call customer"
O002475,"2022-11-30 01:06:00",C00701,E0226,Tablet,"Mobile Devices",10,8999,0,Cash,Delivered,Unknown,"846 Mabini St.","Deliver after 5PM"
O002476,"2025-01-30 11:52:00",C00533,E0103,Webcam,"Computer Accesossories",10,1499,0.05,"Debit Card",Returned,Online,"Unit 8, Building 17","Urgent"
O002477,"2022-04-11 16:52:00",C00749,E0125,"External drive",Electronics,5,999,0.03,n/a,Pending,Online,"375 Quezon St.",Unknown
O002478,"2022-02-23 23:58:00",C00663,E0226,Mouse,"Computer Accesossories",5,1499,0.15,GCash,Delivered,Store,"UNIT 18, BUILDING 17","Call customer"
O002479,"2022-12-11 18:59:00",C00690,E0236,Monitor,"Computer Accesossories",8,9999,0.03,Cash,Processing,Online,"Unit 11, Building 45","Deliver after 5PM"
O002480,"2025-06-17 15:07:00",C00296,E0016,UPS,Electronics,8,4999,0.1,"Debit Card",Processing,Marketplace,"Unit 20, Building 49","Deliver after 5PM"
O002481,"2025-05-07 06:31:00",C00739,E0137,Tablet,"Mobile Devices",10,8999,0.1,"Bank Transfer",Pending,Store,"Unit 8, Building 26","Call customer"
O002482,"2025-12-07 15:25:00",C00917,E0128,Projector,Electronics,6,4000,0.2,"Debit Card",Canceled,Online,"122 Mabini St.","Deliver after 5PM"
O002483,"2024-02-28 18:45:00",C00737,E0142,"External drive",Electronics,6,999,0.1,"Bank Transfer",Canceled,Marketplace,"309 Mabini St.",Unknown
O002484,"2024-11-10 20:56:00",C00922,E0175,"Office chair","Office Furniture",2,4999,0.03,GCash,Shipped,Unknown,"Unit 16, Building 14",Unknown
O002485,"2023-06-13 03:27:00",C00537,E0224,"Office chair","Office Furniture",4,4999,0,n/a,Pending,Online,"877 Bonifacio St.","Deliver after 5PM"
O002486,"2022-09-19 17:13:00",C00237,E0134,"Office chair","Office Furniture",1,4999,0.03,"Credit Card",Delivered,Store,"Unit 6, Building 23",Unknown
O002487,"2024-01-08 14:31:00",C00456,E0138,"External drive",Electronics,8,999,0.15,"Debit Card",Returned,Store,"164 Bonifacio St.","Gift order"
O002488,"2025-04-09 02:37:00",C00053,E0178,Unknown,Unknown,2,7999,0,"Debit Card",Returned,Marketplace,"Unit 18, Building 30","Deliver after 5PM"
O002489,"2023-03-04 21:43:00",C00768,E0034,UPS,Electronics,9,4999,0.2,"Credit Card",Processing,Online,"Unit 14, Building 7","Urgent"
O002490,"2024-10-27 15:37:00",C00518,E0212,Keyboard,"Computer Accesossories",4,2499,0.15,GCash,Returned,Online,"Unit 4, Building 24","Deliver after 5PM"
O002491,"2024-05-01 11:10:00",C00630,E0135,Laptop,"Mobile Devices",4,29999,0.1,"Bank Transfer",Processing,Unknown,"Unit 14, Building 28","Gift order"
O002492,"2023-08-01 02:53:00",C00354,E0171,"External drive",Electronics,4,999,0.1,"Debit Card",Returned,Unknown,"692 Rizal St.",Unknown
O002493,"2022-02-26 14:17:00",C00657,E0211,Mouse,"Computer Accesossories",3,1499,0.03,Cash,Unknown,Marketplace,"Unit 8, Building 47","Urgent"
O002494,"2024-08-15 05:59:00",C00011,E0158,Laptop,"Mobile Devices",1,29999,0.2,Cash,Shipped,Store,"517 Quezon St.","Deliver after 5PM"
O002495,"2024-05-09 15:15:00",C00382,E0042,Mouse,"Computer Accesossories",4,1499,0,"Credit Card",Pending,Store,"Unit 3, Building 26",Unknown
O002496,"2024-01-14 02:29:00",C00441,E0101,Smartphone,"Mobile Devices",8,12999,0.2,PayPal,Shipped,Marketplace,Warehouse,"Gift order"
O002497,"2024-10-31 22:03:00",C00039,E0160,"External drive",Electronics,6,999,0.05,"Debit Card",Returned,Store,"850 Bonifacio St.","Urgent"
O002498,"2025-04-19 19:07:00",C00224,E0223,Mouse,"Computer Accesossories",6,1499,0.05,Cash,Delivered,Unknown,"749 Quezon St.","Gift order"
O002499,"2024-12-31 23:03:00",C00671,E0150,Tablet,"Mobile Devices",9,8999,0.1,Cash,Shipped,Unknown,"Unit 5, Building 29","Deliver after 5PM"
O002500,"2023-08-29 05:40:00",C00902,E0103,"External drive",Electronics,8,999,0.05,PayPal,Shipped,Online,"UNIT 19, BUILDING 15",Unknown
O002501,"2024-10-22 16:40:00",C00952,E0044,Webcam,"Computer Accesossories",1,1499,0.15,"Credit Card",Pending,Online,"982 main st.","Deliver after 5PM"
O002502,"2022-10-13 04:58:00",C00640,E0224,Headset,"Computer Accesossories",0,1499,0.2,"Credit Card",Processing,Online,"924 Main St.","Call customer"
O002503,"2022-11-30 03:09:00",C00495,E0246,Printer,"Computer Accesossories",1,3499,0,GCash,Processing,Unknown,"445 Bonifacio St.",Unknown
O002504,"2022-12-25 14:25:00",C00048,E0173,Webcam,"Computer Accesossories",10,1499,0.05,GCash,Canceled,Unknown,"918 Mabini St.","Gift order"
O002505,"2023-08-17 10:14:00",C00772,E0157,Laptop,"Mobile Devices",1,29999,0.05,"Debit Card",Unknown,Marketplace,"980 Bonifacio St.","Deliver after 5PM"
O002506,"2023-05-05 17:56:00",C00995,E0198,Projector,Electronics,8,4000,0.05,"Debit Card",Returned,Online,"Unit 8, Building 28",Unknown
O002507,"2024-05-03 05:53:00",C00566,E0018,Tablet,"Mobile Devices",4,8999,0.2,"Credit Card",Returned,Marketplace,"Unit 1, Building 17","Call customer"
O002508,"2022-10-26 20:03:00",C00523,E0157,Laptop,"Mobile Devices",7,29999,0,"Credit Card",Returned,Unknown,Warehouse,"Urgent"
O002509,"2022-10-09 00:45:00",C00369,E0027,Keyboard,"Computer Accesossories",8,2499,0.15,n/a,Processing,Unknown,"22 rizal st.",Unknown
O002510,"2022-08-13 01:35:00",C00792,E0246,Unknown,Unknown,10,999,0,GCash,Pending,Marketplace,"108 Quezon St.","Call customer"
O002511,"2022-04-24 02:55:00",C00919,E0094,"Office chair","Office Furniture",3,4999,0.2,GCash,Canceled,Unknown,"763 Main St.",Unknown
O002512,"2024-12-01 07:30:00",C00415,E0055,Keyboard,"Computer Accesossories",9,2499,0.15,"Bank Transfer",Shipped,Store,"263 Bonifacio St.","Deliver after 5PM"
O002513,"2022-02-17 00:06:00",C00657,E0016,Tablet,"Mobile Devices",4,8999,0.1,"Bank Transfer",Shipped,Online,"165 Mabini St.",Unknown
O002514,"2024-10-28 22:51:00",C00291,E0020,"Office chair","Office Furniture",5,4999,0.1,"Debit Card",Returned,Store,"Unit 3, Building 43","Urgent"
O002515,"2025-03-07 23:56:00",C00651,E0149,Tablet,"Mobile Devices",6,8999,0.2,"Bank Transfer",Shipped,Online,"535 Main St.",Unknown
O002516,"2023-02-12 12:09:00",C00641,E0051,Router,Networking,5,1499,0.2,"Credit Card",Shipped,Unknown,"Unit 11, Building 18","Urgent"
O002517,"2022-06-27 17:11:00",C00893,E0234,Keyboard,"Computer Accesossories",1,2499,0.2,"Debit Card",Delivered,Unknown,"Unit 20, Building 33","Urgent"
O002518,"2024-12-02 13:31:00",C00761,E0155,UPS,Electronics,4,4999,0.15,"Credit Card",Canceled,Marketplace,"585 Quezon St.",Unknown
O002519,"2023-10-21 17:01:00",C00221,E0017,Router,Networking,2,1499,0,"Credit Card",Shipped,Store,"844 Rizal St.","Gift order"
O002520,"2025-11-09 07:06:00",C00332,E0236,Webcam,"Computer Accesossories",8,1499,0.03,Cash,Returned,Online,"920 Main St.",Unknown
O002521,"2024-09-19 09:42:00",C00121,E0166,Projector,Electronics,6,4000,0.1,PayPal,Canceled,Store,"Unit 4, Building 23",Unknown
O002522,"2023-10-16 14:34:00",C00091,E0233,"External drive",Electronics,4,999,0,PayPal,Pending,Online,"Unit 5, Building 36","Deliver after 5PM"
O002523,"2022-05-14 11:37:00",C00976,E0083,Smartphone,"Mobile Devices",7,12999,0.05,Cash,Shipped,Store,"32 Main St.",Unknown
O002524,"2025-10-25 12:16:00",C00860,E0064,Unknown,Unknown,2,0,0,"Credit Card",Pending,Store,"Unit 1, Building 40",Unknown
O002525,"2024-11-15 21:58:00",C00522,E0106,Headset,"Computer Accesossories",2,1499,0.2,"Debit Card",Returned,Store,"116 Bonifacio St.","Urgent"
O002526,"2025-07-05 03:31:00",C00202,E0039,Unknown,Unknown,5,999,0,Cash,Processing,Marketplace,"718 Rizal St.","Gift order"
O002527,"2022-01-28 02:11:00",C00716,E0037,"Office chair","Office Furniture",5,4999,0,"Credit Card",Canceled,Store,Warehouse,"Urgent"
O002528,"2023-07-27 07:57:00",C00221,E0008,Desk,"Office Furniture",9,19999,0,"Bank Transfer",Unknown,Online,"Unit 2, Building 16","Call customer"
O002529,"2024-04-30 14:24:00",C00992,E0071,Projector,Electronics,4,4000,0.03,PayPal,Pending,Online,"137 Main St.","Call customer"
O002530,"2023-08-07 03:18:00",C00541,E0066,Keyboard,"Computer Accesossories",7,2499,0.03,GCash,Processing,Store,"651 Quezon St.","Urgent"
O002531,"2024-08-16 15:09:00",C00890,E0132,Printer,"Computer Accesossories",10,3499,0,"Debit Card",Delivered,Store,"Unit 6, Building 4",Unknown
O002532,"2024-04-10 16:04:00",C00915,E0193,Monitor,"Computer Accesossories",9,9999,0,GCash,Pending,Store,"Unit 6, Building 39",Unknown
O002533,"2024-01-29 05:57:00",C00105,E0203,Keyboard,"Computer Accesossories",1,2499,0,"Credit Card",Shipped,Unknown,"956 Bonifacio St.",Unknown
O002534,"2023-09-24 18:18:00",C00710,E0210,Router,Networking,3,1499,0.2,"Bank Transfer",Canceled,Store,"717 Mabini St.","Urgent"
O002535,"2022-08-25 15:55:00",C00047,E0068,Printer,"Computer Accesossories",10,3499,0.03,GCash,Pending,Unknown,"864 Bonifacio St.",Unknown
O002536,"2022-03-27 19:28:00",C00223,E0084,Monitor,"Computer Accesossories",1,9999,0.1,GCash,Processing,Store,"Unit 8, Building 43","Call customer"
O002537,"2025-11-16 12:39:00",C00589,E0013,Laptop,"Mobile Devices",7,29999,0.15,"Bank Transfer",Processing,Store,"606 Mabini St.",Unknown
O002538,"2023-02-24 08:57:00",C00774,E0188,Headset,"Computer Accesossories",7,1499,0.1,Cash,Returned,Unknown,"406 Bonifacio St.","Gift order"
O002539,"2024-10-13 22:58:00",C00810,E0178,Webcam,"Computer Accesossories",1,1499,0.15,"Bank Transfer",Canceled,Online,"256 Bonifacio St.",Unknown
O002540,"2023-10-29 18:53:00",C00974,E0172,Headset,"Computer Accesossories",7,1499,0.05,"Credit Card",Canceled,Store,"Unit 12, Building 9","Call customer"
O002541,"2025-07-17 01:40:00",C00904,E0028,Printer,"Computer Accesossories",6,3499,0.03,PayPal,Returned,Online,Warehouse,"Gift order"
O002542,"2025-09-17 23:16:00",C00932,E0213,Projector,Electronics,10,4000,0.1,"Bank Transfer",Canceled,Store,"273 Quezon St.","Call customer"
O002543,"2022-07-25 10:42:00",C00219,E0234,Unknown,Unknown,10,9999,0.03,"Bank Transfer",Delivered,Store,"UNIT 2, BUILDING 20",Unknown
O002544,"2022-05-03 15:09:00",C00629,E0072,Projector,Electronics,10,4000,0.2,Cash,Canceled,Store,"873 Rizal St.","Deliver after 5PM"
O002545,"2023-04-13 22:41:00",C00751,E0010,Laptop,"Mobile Devices",5,29999,0.1,PayPal,Unknown,Marketplace,"Unit 12, Building 48",Unknown
O002546,"2024-08-30 12:03:00",C00910,E0108,Router,Networking,9,1499,0.03,GCash,Shipped,Store,"Unit 16, Building 29","Call customer"
O002547,"2023-09-06 13:55:00",C00038,E0023,Keyboard,"Computer Accesossories",5,2499,0.15,"Debit Card",Canceled,Store,"786 MAIN ST.","Gift order"
O002548,"2023-10-06 04:10:00",C00476,E0096,Laptop,"Mobile Devices",10,29999,0,n/a,Processing,Store,"Unit 1, Building 28","Urgent"
O002549,"2024-12-20 04:32:00",C00992,E0114,Keyboard,"Computer Accesossories",10,2499,0.2,GCash,Pending,Online,"195 Quezon St.",Unknown
O002550,"2025-12-14 00:01:00",C00227,E0018,Mouse,"Computer Accesossories",10,1499,0.05,"Credit Card",Returned,Online,"Unit 15, Building 21","Deliver after 5PM"
O002551,"2022-06-09 03:04:00",C00702,E0225,Laptop,"Mobile Devices",1,29999,0,PayPal,Canceled,Unknown,"Unit 17, Building 8",Unknown
O002552,"2023-06-30 07:35:00",C00647,E0073,Laptop,"Mobile Devices",1,29999,0,"Debit Card",Delivered,Online,"Unit 2, Building 22","Deliver after 5PM"
O002553,"2024-05-27 04:46:00",C00900,E0051,Laptop,"Mobile Devices",2,29999,0.15,"Debit Card",Processing,Online,"Unit 12, Building 16",Unknown
O002554,"2024-04-02 19:52:00",C00413,E0155,Keyboard,"Computer Accesossories",3,2499,0.2,"Bank Transfer",Shipped,Unknown,"746 Rizal St.",Unknown
O002555,"2023-03-17 14:24:00",C00062,E0054,Webcam,"Computer Accesossories",1,1499,0.05,n/a,Delivered,Store,"970 Quezon St.","Urgent"
O002556,"2024-06-02 14:53:00",C00032,E0160,Printer,"Computer Accesossories",4,3499,0.2,PayPal,Unknown,Store,"80 quezon st.","Urgent"
O002557,"2023-11-08 20:28:00",C00729,E0080,"External drive",Electronics,3,999,0.15,"Debit Card",Canceled,Marketplace,"200 Mabini St.",Unknown
O002558,"2024-11-09 10:28:00",C00734,E0027,"External drive",Electronics,4,999,0.1,"Credit Card",Returned,Marketplace,"Unit 6, Building 22","Gift order"
O002559,"2025-11-17 20:03:00",C00859,E0243,Headset,"Computer Accesossories",1,1499,0,PayPal,Processing,Unknown,"866 Rizal St.","Urgent"
O002560,"2022-08-15 20:25:00",C00077,E0195,Smartphone,"Mobile Devices",9,12999,0.05,PayPal,Processing,Store,"910 Mabini St.","Gift order"
O002561,"2023-09-30 16:55:00",C00663,E0105,Tablet,"Mobile Devices",9,8999,0,"Credit Card",Pending,Store,"383 Quezon St.",Unknown
O002562,"2023-07-02 05:51:00",C00619,E0096,Keyboard,"Computer Accesossories",5,2499,0.15,"Bank Transfer",Shipped,Store,Warehouse,"Call customer"
O002563,"2023-08-18 23:58:00",C00014,E0089,Laptop,"Mobile Devices",2,29999,0.05,PayPal,Shipped,Unknown,"Unit 6, Building 15","Deliver after 5PM"
O002564,"2025-05-17 14:08:00",C00288,E0018,Unknown,Unknown,6,499,0.03,Cash,Pending,Store,"578 Rizal St.","Gift order"
O002565,"2022-12-10 19:28:00",C00734,E0155,Tablet,"Mobile Devices",5,8999,0.05,"Debit Card",Shipped,Marketplace,"677 Main St.",Unknown
O002566,"2025-05-31 23:41:00",C00555,E0102,Desk,"Office Furniture",10,19999,0.03,"Bank Transfer",Processing,Online,"11 rizal st.",Unknown
O002567,"2023-05-16 04:24:00",C00418,E0110,Desk,"Office Furniture",10,19999,0.15,"Debit Card",Pending,Unknown,"246 Bonifacio St.",Unknown
O002568,"2025-05-13 00:16:00",C00244,E0106,"External drive",Electronics,1,999,0,"Debit Card",Returned,Store,"267 Mabini St.",Unknown
O002569,"2024-04-20 14:00:00",C00176,E0105,"External drive",Electronics,1,999,0.03,Cash,Canceled,Online,"Unit 10, Building 18","Gift order"
O002570,"2023-04-14 17:36:00",C00973,E0079,Router,Networking,3,1499,0,"Bank Transfer",Returned,Unknown,"347 Quezon St.","Call customer"
O002571,"2022-08-13 13:15:00",C00040,E0196,Laptop,"Mobile Devices",10,29999,0.05,"Credit Card",Pending,Online,"Unit 16, Building 46",Unknown
O002572,"2022-09-11 14:39:00",C00901,E0062,UPS,Electronics,10,4999,0,PayPal,Returned,Store,"720 Main St.","Deliver after 5PM"
O002573,"2025-04-14 22:18:00",C00117,E0016,Keyboard,"Computer Accesossories",6,2499,0.05,"Bank Transfer",Returned,Marketplace,"Unit 3, Building 4","Gift order"
O002574,"2024-03-22 18:24:00",C00133,E0122,"External drive",Electronics,3,999,0,PayPal,Returned,Online,"unit 5, building 33","Urgent"
O002575,"2022-05-31 16:22:00",C00450,E0157,Smartphone,"Mobile Devices",6,12999,0.15,"Debit Card",Pending,Online,"682 Quezon St.","Urgent"
O002576,"2023-08-14 00:40:00",C00787,E0160,Desk,"Office Furniture",3,19999,0.15,GCash,Delivered,Online,"Unit 1, Building 4","Deliver after 5PM"
O002577,"2022-09-01 12:52:00",C00435,E0070,Smartphone,"Mobile Devices",2,12999,0.2,"Credit Card",Pending,Online,"unit 12, building 32","Gift order"
O002578,"2024-11-05 09:39:00",C00015,E0176,Projector,Electronics,9,4000,0.1,n/a,Processing,Store,"809 Rizal St.","Call customer"
O002579,"2022-04-16 07:23:00",C00498,E0042,Smartphone,"Mobile Devices",4,12999,0.05,PayPal,Shipped,Unknown,"Unit 12, Building 6","Call customer"
O002580,"2025-03-07 12:03:00",C00273,E0125,Monitor,"Computer Accesossories",7,9999,0.1,GCash,Canceled,Store,"Unit 4, Building 44","Deliver after 5PM"
O002581,"2024-12-07 01:01:00",C00244,E0104,Laptop,"Mobile Devices",4,29999,0.2,Cash,Returned,Store,"Unit 8, Building 12",Unknown
O002582,"2024-02-08 17:14:00",C00713,E0015,Projector,Electronics,6,4000,0,Cash,Processing,Store,"169 Quezon St.","Call customer"
O002583,"2024-11-12 17:14:00",C00035,E0185,UPS,Electronics,10,4999,0.03,PayPal,Canceled,Marketplace,"516 Quezon St.","Deliver after 5PM"
O002584,"2024-08-11 02:33:00",C00921,E0197,Headset,"Computer Accesossories",10,1499,0,Cash,Returned,Store,"452 Main St.",Unknown
O002585,"2022-10-29 05:00:00",C00415,E0080,Smartphone,"Mobile Devices",4,12999,0.03,"Debit Card",Shipped,Store,"923 Bonifacio St.","Call customer"
O002586,"2022-07-29 08:15:00",C00936,E0060,Desk,"Office Furniture",10,19999,0.1,Cash,Pending,Online,"299 Mabini St.","Urgent"
O002587,"2023-10-26 19:02:00",C00090,E0120,Monitor,"Computer Accesossories",6,9999,0.15,Cash,Canceled,Online,"845 Bonifacio St.","Gift order"
O002588,"2022-06-25 04:28:00",C00620,E0212,Webcam,"Computer Accesossories",10,1499,0,"Credit Card",Pending,Marketplace,"UNIT 15, BUILDING 50",Unknown
O002589,"2022-11-12 04:58:00",C00029,E0009,Monitor,"Computer Accesossories",10,9999,0.2,PayPal,Returned,Store,"Unit 3, Building 37","Call customer"
O002590,"2023-09-12 01:23:00",C00648,E0088,Desk,"Office Furniture",0,19999,0,n/a,Canceled,Marketplace,"Unit 19, Building 5","Urgent"
O002591,"2024-10-18 10:00:00",C00924,E0046,Projector,Electronics,4,4000,0.15,"Credit Card",Shipped,Online,"Unit 11, Building 36","Call customer"
O002592,"2022-11-12 01:36:00",C00775,E0041,"External drive",Electronics,9,999,0.2,GCash,Delivered,Online,"818 rizal st.",Unknown
O002593,"2022-11-24 21:37:00",C00785,E0166,Headset,"Computer Accesossories",1,1499,0.05,"Debit Card",Pending,Marketplace,"Unit 14, Building 41","Urgent"
O002594,"2024-06-17 12:04:00",C00733,E0180,Headset,"Computer Accesossories",3,1499,0,PayPal,Delivered,Marketplace,"Unit 12, Building 43",Unknown
O002595,"2023-12-17 00:56:00",C00379,E0131,Projector,Electronics,2,4000,0,GCash,Shipped,Online,"Unit 5, Building 18","Call customer"
O002596,"2025-08-22 04:24:00",C00985,E0074,Printer,"Computer Accesossories",5,3499,0.03,"Credit Card",Unknown,Unknown,"507 Rizal St.","Deliver after 5PM"
O002597,"2023-08-14 00:41:00",C00833,E0239,Keyboard,"Computer Accesossories",5,2499,0.1,GCash,Canceled,Store,"269 Quezon St.","Deliver after 5PM"
O002598,"2025-12-14 08:18:00",C00695,E0095,Tablet,"Mobile Devices",7,8999,0.05,"Credit Card",Delivered,Online,"Unit 20, Building 36",Unknown
O002599,"2025-10-21 18:16:00",C00837,E0113,Monitor,"Computer Accesossories",1,9999,0,"Credit Card",Canceled,Marketplace,"Unit 10, Building 38","Gift order"
O002600,"2025-12-05 12:42:00",C00437,E0166,Keyboard,"Computer Accesossories",0,2499,0.1,Cash,Processing,Store,"Unit 11, Building 31","Call customer"
O002601,"2022-06-03 17:18:00",C00328,E0058,Headset,"Computer Accesossories",3,1499,0.2,"Debit Card",Shipped,Marketplace,"683 Main St.","Call customer"
O002602,"2022-05-18 23:34:00",C00077,E0098,Router,Networking,9,1499,0,PayPal,Pending,Online,"867 Bonifacio St.","Gift order"
O002603,"2023-07-25 17:48:00",C00988,E0148,Laptop,"Mobile Devices",5,29999,0,"Credit Card",Delivered,Store,"165 Mabini St.","Gift order"
O002604,"2023-07-05 19:28:00",C00380,E0087,Monitor,"Computer Accesossories",8,9999,0,"Debit Card",Processing,Store,"607 BONIFACIO ST.","Urgent"
O002605,"2024-04-28 07:47:00",C00708,E0190,Keyboard,"Computer Accesossories",6,2499,0.1,PayPal,Shipped,Marketplace,"469 Quezon St.","Call customer"
O002606,"2024-08-20 11:38:00",C00837,E0146,Smartphone,"Mobile Devices",8,12999,0.03,PayPal,Returned,Marketplace,"424 Mabini St.","Deliver after 5PM"
O002607,"2025-04-13 06:23:00",C00834,E0140,Keyboard,"Computer Accesossories",6,2499,0.1,"Debit Card",Unknown,Marketplace,"Unit 4, Building 6","Deliver after 5PM"
O002608,"2023-07-31 19:24:00",C00968,E0212,Router,Networking,5,1499,0.15,"Credit Card",Processing,Marketplace,"764 Main St.",Unknown
O002609,"2025-12-22 03:03:00",C00004,E0030,Smartphone,"Mobile Devices",3,12999,0.03,GCash,Returned,Store,"321 Main St.","Call customer"
O002610,"2022-12-01 12:05:00",C00966,E0031,Keyboard,"Computer Accesossories",9,2499,0.1,GCash,Delivered,Marketplace,"47 Rizal St.",Unknown
O002611,"2022-01-23 01:32:00",C00884,E0003,Router,Networking,10,1499,0,Cash,Returned,Unknown,"Unit 7, Building 18","Call customer"
O002612,"2025-03-01 09:28:00",C00747,E0149,Smartphone,"Mobile Devices",8,12999,0.2,"Debit Card",Delivered,Store,"189 Quezon St.","Urgent"
O002613,"2025-05-06 14:32:00",C00533,E0164,Printer,"Computer Accesossories",7,3499,0.05,"Credit Card",Shipped,Store,"UNIT 11, BUILDING 12","Deliver after 5PM"
O002614,"2023-02-08 06:07:00",C00183,E0168,Mouse,"Computer Accesossories",3,1499,0.1,"Credit Card",Shipped,Marketplace,"9 Rizal St.","Urgent"
O002615,"2023-05-28 07:09:00",C00488,E0157,Unknown,Unknown,9,14999,0.2,"Bank Transfer",Returned,Unknown,"Unit 13, Building 42","Urgent"
O002616,"2023-09-21 20:57:00",C00323,E0223,Unknown,Unknown,3,9999,0.15,Cash,Delivered,Online,"Unit 12, Building 50","Urgent"
O002617,"2022-06-08 23:05:00",C00057,E0082,Tablet,"Mobile Devices",0,8999,0,"Credit Card",Returned,Store,"766 Main St.",Unknown
O002618,"2025-06-24 01:50:00",C00686,E0035,"Office chair","Office Furniture",0,4999,0.1,"Debit Card",Pending,Unknown,"2 Bonifacio St.",Unknown
O002619,"2023-05-15 11:57:00",C00857,E0241,"External drive",Electronics,5,999,0.15,GCash,Pending,Online,"835 Main St.",Unknown
O002620,"2024-01-14 18:58:00",C00700,E0020,Router,Networking,6,1499,0.15,"Bank Transfer",Pending,Online,"Unit 8, Building 8",Unknown
O002621,"2022-12-20 22:13:00",C00377,E0183,UPS,Electronics,10,4999,0.05,Cash,Returned,Online,"Unit 1, Building 22","Gift order"
O002622,"2025-07-26 00:08:00",C00745,E0198,Smartphone,"Mobile Devices",8,12999,0,"Bank Transfer",Canceled,Store,"975 rizal st.","Urgent"
O002623,"2024-02-04 09:32:00",C00503,E0029,Webcam,"Computer Accesossories",7,1499,0.1,GCash,Pending,Store,"160 Rizal St.","Call customer"
O002624,"2025-05-08 22:42:00",C00044,E0168,Headset,"Computer Accesossories",1,1499,0.05,"Credit Card",Canceled,Store,"unit 15, building 1",Unknown
O002625,"2025-06-07 03:06:00",C00030,E0049,Mouse,"Computer Accesossories",3,1499,0.1,Cash,Delivered,Online,"Unit 17, Building 4",Unknown
O002626,"2023-08-11 09:50:00",C00050,E0041,Mouse,"Computer Accesossories",10,1499,0,Cash,Unknown,Online,"589 Main St.","Deliver after 5PM"
O002627,"2025-11-18 22:42:00",C00056,E0203,Printer,"Computer Accesossories",3,3499,0,"Bank Transfer",Pending,Online,"110 mabini st.",Unknown
O002628,"2023-12-08 03:08:00",C00363,E0195,Smartphone,"Mobile Devices",1,12999,0.03,"Bank Transfer",Processing,Online,"357 Mabini St.","Call customer"
O002629,"2023-01-11 09:36:00",C00631,E0076,Projector,Electronics,9,4000,0.15,PayPal,Processing,Store,"960 BONIFACIO ST.","Deliver after 5PM"
O002630,"2022-10-19 09:11:00",C00021,E0115,Monitor,"Computer Accesossories",9,9999,0,"Credit Card",Pending,Online,"Unit 16, Building 4",Unknown
O002631,"2022-03-16 03:17:00",C00636,E0169,UPS,Electronics,3,4999,0.2,"Debit Card",Processing,Store,"132 Mabini St.","Call customer"
O002632,"2022-06-17 01:59:00",C00402,E0076,Keyboard,"Computer Accesossories",3,2499,0.1,Cash,Shipped,Store,"88 Rizal St.",Unknown
O002633,"2025-11-10 09:00:00",C00765,E0155,Headset,"Computer Accesossories",6,1499,0.03,"Bank Transfer",Canceled,Marketplace,"Unit 3, Building 30","Deliver after 5PM"
O002634,"2024-07-13 20:45:00",C00339,E0187,Router,Networking,3,1499,0,n/a,Returned,Online,"UNIT 7, BUILDING 43","Gift order"
O002635,"2023-01-25 21:07:00",C00259,E0058,Monitor,"Computer Accesossories",9,9999,0.1,"Debit Card",Delivered,Marketplace,"681 Quezon St.","Deliver after 5PM"
O002636,"2023-08-26 22:54:00",C00024,E0215,Tablet,"Mobile Devices",5,8999,0.1,PayPal,Pending,Store,"440 Main St.","Urgent"
O002637,"2023-04-18 08:08:00",C00129,E0040,Mouse,"Computer Accesossories",3,1499,0.1,PayPal,Processing,Online,"Unit 16, Building 45","Call customer"
O002638,"2025-03-09 17:40:00",C00890,E0199,Tablet,"Mobile Devices",1,8999,0.03,GCash,Canceled,Marketplace,"245 Rizal St.",Unknown
O002639,"2022-01-29 19:18:00",C00077,E0089,"External drive",Electronics,8,999,0.1,GCash,Shipped,Store,"442 Main St.","Urgent"
O002640,"2024-06-30 09:44:00",C00819,E0036,"External drive",Electronics,9,999,0.05,"Credit Card",Canceled,Unknown,"Unit 9, Building 28","Deliver after 5PM"
O002641,"2025-03-02 18:30:00",C00001,E0072,Desk,"Office Furniture",4,19999,0,PayPal,Processing,Store,"829 Mabini St.",Unknown
O002642,"2023-11-08 05:00:00",C00744,E0195,Projector,Electronics,1,4000,0,GCash,Shipped,Store,"110 Main St.","Call customer"
O002643,"2022-02-28 18:05:00",C00222,E0060,Tablet,"Mobile Devices",9,8999,0.15,"Debit Card",Canceled,Online,"UNIT 6, BUILDING 31","Urgent"
O002644,"2024-10-29 16:51:00",C00558,E0209,Headset,"Computer Accesossories",6,1499,0,"Credit Card",Canceled,Unknown,"Unit 16, Building 47","Gift order"
O002645,"2022-07-05 19:53:00",C00341,E0146,Webcam,"Computer Accesossories",7,1499,0.2,"Debit Card",Shipped,Marketplace,"836 Bonifacio St.","Call customer"
O002646,"2025-08-09 21:52:00",C00722,E0031,"External drive",Electronics,10,999,0.05,GCash,Returned,Store,"805 Mabini St.","Deliver after 5PM"
O002647,"2022-09-17 12:52:00",C00737,E0157,Webcam,"Computer Accesossories",7,1499,0,"Bank Transfer",Returned,Marketplace,"unit 2, building 32","Call customer"
O002648,"2022-05-03 01:09:00",C00948,E0117,Mouse,"Computer Accesossories",8,1499,0,GCash,Shipped,Online,"Unit 5, Building 22","Gift order"
O002649,"2022-08-03 05:56:00",C00686,E0116,Router,Networking,5,1499,0,"Debit Card",Pending,Online,"unit 18, building 34",Unknown
O002650,"2022-02-17 15:44:00",C00509,E0151,Printer,"Computer Accesossories",3,3499,0.15,"Debit Card",Returned,Store,"399 Mabini St.","Gift order"
O002651,"2023-11-22 08:50:00",C00448,E0003,Desk,"Office Furniture",5,19999,0,"Debit Card",Canceled,Store,"Unit 6, Building 7","Gift order"
O002652,"2022-06-11 23:51:00",C00729,E0029,Webcam,"Computer Accesossories",9,1499,0.2,PayPal,Pending,Store,"Unit 6, Building 24","Call customer"
O002653,"2024-05-20 06:13:00",C00005,E0151,Smartphone,"Mobile Devices",5,12999,0,GCash,Shipped,Unknown,"Unit 14, Building 46",Unknown
O002654,"2022-03-21 10:19:00",C00708,E0224,Smartphone,"Mobile Devices",2,12999,0,"Debit Card",Pending,Store,"Unit 1, Building 10","Urgent"
O002655,"2024-10-07 22:08:00",C00897,E0095,UPS,Electronics,5,4999,0.03,"Credit Card",Processing,Online,"210 RIZAL ST.","Call customer"
O002656,"2022-01-09 16:40:00",C00423,E0114,Laptop,"Mobile Devices",5,29999,0.05,PayPal,Shipped,Store,"Unit 20, Building 18","Gift order"
O002657,"2022-06-13 23:35:00",C00553,E0196,Printer,"Computer Accesossories",9,3499,0.15,Cash,Returned,Online,"720 quezon st.",Unknown
O002658,"2022-02-06 08:32:00",C00932,E0019,Keyboard,"Computer Accesossories",9,2499,0.05,"Credit Card",Delivered,Store,"Unit 6, Building 5",Unknown
O002659,"2023-07-19 11:42:00",C00317,E0105,Webcam,"Computer Accesossories",9,1499,0,Cash,Shipped,Marketplace,"204 Bonifacio St.",Unknown
O002660,"2022-08-10 21:08:00",C00461,E0138,Projector,Electronics,5,4000,0,GCash,Processing,Store,"185 Bonifacio St.","Urgent"
O002661,"2023-02-06 08:43:00",C00580,E0061,Keyboard,"Computer Accesossories",5,2499,0,Cash,Canceled,Online,"713 Quezon St.",Unknown
O002662,"2024-09-09 03:53:00",C00962,E0136,Router,Networking,9,1499,0,PayPal,Delivered,Online,"Unit 4, Building 48","Deliver after 5PM"
O002663,"2022-12-19 19:38:00",C00505,E0200,Smartphone,"Mobile Devices",3,12999,0.2,"Debit Card",Returned,Online,"546 Mabini St.",Unknown
O002664,"2025-03-31 20:54:00",C00191,E0159,Laptop,"Mobile Devices",10,29999,0.2,"Debit Card",Processing,Unknown,"Unit 2, Building 23","Urgent"
O002665,"2022-09-23 06:30:00",C00529,E0065,"Office chair","Office Furniture",2,4999,0.15,"Bank Transfer",Returned,Online,"640 Main St.","Gift order"
O002666,"2024-08-04 05:56:00",C00367,E0060,"External drive",Electronics,10,999,0.05,PayPal,Shipped,Marketplace,"Unit 2, Building 9","Deliver after 5PM"
O002667,"2025-04-07 22:35:00",C00105,E0195,Laptop,"Mobile Devices",10,29999,0.05,Cash,Canceled,Store,"Unit 3, Building 35","Urgent"
O002668,"2025-05-09 08:22:00",C00375,E0044,Monitor,"Computer Accesossories",6,9999,0.2,"Debit Card",Delivered,Unknown,"731 Mabini St.",Unknown
O002669,"2023-05-19 04:19:00",C00218,E0097,"Office chair","Office Furniture",3,4999,0.2,"Bank Transfer",Processing,Online,"Unit 16, Building 13","Call customer"
O002670,"2022-05-12 15:59:00",C00272,E0149,Monitor,"Computer Accesossories",6,9999,0.15,"Bank Transfer",Pending,Store,"488 Main St.",Unknown
O002671,"2024-06-10 13:44:00",C00619,E0126,Monitor,"Computer Accesossories",8,9999,0.1,"Credit Card",Delivered,Store,"150 Quezon St.",Unknown
O002672,"2023-01-26 13:15:00",C00759,E0103,Laptop,"Mobile Devices",3,29999,0.15,Cash,Shipped,Unknown,"467 Bonifacio St.","Deliver after 5PM"
O002673,"2023-05-09 04:12:00",C00700,E0130,Headset,"Computer Accesossories",8,1499,0.05,Cash,Pending,Online,"383 Mabini St.",Unknown
O002674,"2024-08-22 09:31:00",C00116,E0132,"External drive",Electronics,4,999,0.1,GCash,Delivered,Online,"Unit 12, Building 16",Unknown
O002675,"2025-11-03 11:20:00",C00595,E0189,Keyboard,"Computer Accesossories",6,2499,0.15,GCash,Pending,Store,"UNIT 20, BUILDING 9","Deliver after 5PM"
O002676,"2022-03-17 15:47:00",C00374,E0204,Projector,Electronics,8,4000,0,"Credit Card",Unknown,Online,"948 Bonifacio St.",Unknown
O002677,"2022-07-12 03:53:00",C00312,E0016,"Office chair","Office Furniture",3,4999,0.2,GCash,Canceled,Unknown,"637 Bonifacio St.","Deliver after 5PM"
O002678,"2023-12-31 16:50:00",C00642,E0025,Desk,"Office Furniture",6,19999,0.03,PayPal,Processing,Unknown,"unit 11, building 30","Call customer"
O002679,"2023-02-19 15:26:00",C00149,E0173,Printer,"Computer Accesossories",9,3499,0.15,n/a,Delivered,Marketplace,"429 Rizal St.",Unknown
O002680,"2025-07-17 15:22:00",C00177,E0038,Projector,Electronics,7,4000,0.2,"Debit Card",Processing,Store,"Unit 14, Building 37","Gift order"
O002681,"2023-02-17 14:08:00",C00121,E0189,"Office chair","Office Furniture",7,4999,0.2,GCash,Pending,Store,"Unit 11, Building 24","Urgent"
O002682,"2023-03-20 01:32:00",C00042,E0237,Router,Networking,2,1499,0,PayPal,Shipped,Marketplace,"UNIT 9, BUILDING 37","Call customer"
O002683,"2023-09-24 12:24:00",C00446,E0081,Smartphone,"Mobile Devices",1,12999,0.05,PayPal,Unknown,Unknown,"44 Main St.","Call customer"
O002684,"2025-11-04 03:39:00",C00469,E0051,Mouse,"Computer Accesossories",6,1499,0.2,"Debit Card",Returned,Store,"Unit 12, Building 29",Unknown
O002685,"2024-08-08 17:48:00",C00464,E0228,Mouse,"Computer Accesossories",2,1499,0.1,GCash,Processing,Online,"Unit 3, Building 26","Deliver after 5PM"
O002686,"2022-05-12 10:04:00",C00055,E0048,Monitor,"Computer Accesossories",3,9999,0.05,Cash,Canceled,Store,"134 Rizal St.","Deliver after 5PM"
O002687,"2022-10-19 06:18:00",C00149,E0244,Router,Networking,10,1499,0.03,"Credit Card",Pending,Online,"Unit 8, Building 10",Unknown
O002688,"2023-07-15 08:56:00",C00892,E0073,Smartphone,"Mobile Devices",1,12999,0.1,Cash,Returned,Store,"665 mabini st.","Urgent"
O002689,"2023-02-08 23:08:00",C00890,E0047,"External drive",Electronics,6,999,0,PayPal,Returned,Online,"Unit 17, Building 3","Urgent"
O002690,"2025-08-26 02:04:00",C00187,E0211,"External drive",Electronics,5,999,0,Cash,Returned,Unknown,"168 Bonifacio St.","Urgent"
O002691,"2022-06-13 11:46:00",C00732,E0138,"Office chair","Office Furniture",4,4999,0.15,n/a,Processing,Online,"Unit 14, Building 13",Unknown
O002692,"2025-04-28 19:01:00",C00104,E0226,Headset,"Computer Accesossories",8,1499,0.2,n/a,Processing,Online,"Unit 5, Building 37","Urgent"
O002693,"2022-08-01 03:36:00",C00285,E0022,Webcam,"Computer Accesossories",5,1499,0.03,Cash,Processing,Store,"428 Main St.","Deliver after 5PM"
O002694,"2023-07-08 16:28:00",C00596,E0221,Laptop,"Mobile Devices",8,29999,0,PayPal,Unknown,Online,"Unit 6, Building 24","Gift order"
O002695,"2025-05-21 11:27:00",C00628,E0018,"Office chair","Office Furniture",9,4999,0.1,GCash,Delivered,Marketplace,"972 Bonifacio St.","Urgent"
O002696,"2023-03-27 15:29:00",C00762,E0053,Monitor,"Computer Accesossories",8,9999,0,PayPal,Canceled,Online,"534 Mabini St.","Call customer"
O002697,"2024-09-02 09:56:00",C00983,E0235,Mouse,"Computer Accesossories",4,1499,0.03,"Credit Card",Canceled,Online,"Unit 14, Building 47","Urgent"
O002698,"2024-09-29 11:38:00",C00509,E0156,UPS,Electronics,9,4999,0.1,"Debit Card",Delivered,Store,"663 mabini st.","Deliver after 5PM"
O002699,"2022-01-29 03:11:00",C00214,E0052,Laptop,"Mobile Devices",3,29999,0.2,GCash,Processing,Unknown,"313 Main St.","Urgent"
O002700,"2022-11-07 16:13:00",C00268,E0209,Laptop,"Mobile Devices",1,29999,0.15,"Credit Card",Processing,Marketplace,"848 Bonifacio St.",Unknown
O002701,"2023-01-24 06:41:00",C00719,E0244,Monitor,"Computer Accesossories",5,9999,0.05,"Credit Card",Unknown,Store,"Unit 10, Building 27","Call customer"
O002702,"2024-01-09 13:37:00",C00252,E0032,Smartphone,"Mobile Devices",4,12999,0.05,"Bank Transfer",Shipped,Unknown,"252 Rizal St.","Gift order"
O002703,"2022-04-23 08:54:00",C00124,E0247,"External drive",Electronics,1,999,0.03,"Credit Card",Delivered,Online,"970 Bonifacio St.","Urgent"
O002704,"2023-05-28 03:41:00",C00564,E0042,Headset,"Computer Accesossories",5,1499,0.1,"Debit Card",Delivered,Store,"Unit 3, Building 43","Gift order"
O002705,"2024-10-02 16:19:00",C00667,E0129,Webcam,"Computer Accesossories",2,1499,0.05,"Debit Card",Delivered,Store,"Unit 13, Building 10",Unknown
O002706,"2024-06-01 23:24:00",C00804,E0074,Laptop,"Mobile Devices",10,29999,0.05,"Credit Card",Processing,Marketplace,"247 Quezon St.",Unknown
O002707,"2025-11-20 09:51:00",C00752,E0125,"External drive",Electronics,5,999,0,"Credit Card",Returned,Store,"Unit 15, Building 2","Call customer"
O002708,"2024-02-22 04:45:00",C00336,E0083,Printer,"Computer Accesossories",7,3499,0.15,"Bank Transfer",Shipped,Store,"Unit 10, Building 49",Unknown
O002709,"2025-02-14 16:57:00",C00964,E0185,Printer,"Computer Accesossories",9,3499,0.2,"Bank Transfer",Delivered,Store,"914 Bonifacio St.","Urgent"
O002710,"2023-03-19 10:46:00",C00480,E0207,Headset,"Computer Accesossories",9,1499,0.05,"Bank Transfer",Pending,Store,"63 Main St.","Deliver after 5PM"
O002711,"2022-04-03 05:03:00",C00139,E0073,UPS,Electronics,5,4999,0.1,Cash,Processing,Store,"311 Quezon St.","Urgent"
O002712,"2022-04-20 11:25:00",C00552,E0016,Webcam,"Computer Accesossories",7,1499,0.2,GCash,Canceled,Marketplace,"350 Quezon St.",Unknown
O002713,"2024-12-26 03:59:00",C00843,E0169,"External drive",Electronics,6,999,0,GCash,Shipped,Unknown,"Unit 3, Building 24","Deliver after 5PM"
O002714,"2024-11-04 04:57:00",C00676,E0168,Keyboard,"Computer Accesossories",2,2499,0.2,GCash,Returned,Online,"359 Quezon St.","Urgent"
O002715,"2025-03-01 14:16:00",C00618,E0224,Laptop,"Mobile Devices",9,29999,0.2,GCash,Delivered,Online,"Unit 15, Building 2","Call customer"
O002716,"2024-10-03 05:58:00",C00657,E0009,Webcam,"Computer Accesossories",3,1499,0.05,PayPal,Returned,Online,"627 Bonifacio St.","Urgent"
O002717,"2024-03-28 13:33:00",C00377,E0059,"Office chair","Office Furniture",0,4999,0.15,"Bank Transfer",Shipped,Online,"249 Mabini St.",Unknown
O002718,"2025-09-29 17:53:00",C00952,E0107,UPS,Electronics,10,4999,0,"Credit Card",Shipped,Unknown,"944 Bonifacio St.",Unknown
O002719,"2025-12-30 08:32:00",C00886,E0165,Smartphone,"Mobile Devices",6,12999,0,"Debit Card",Canceled,Online,"810 Mabini St.","Urgent"
O002720,"2025-09-06 02:05:00",C00219,E0077,Router,Networking,6,1499,0.03,"Debit Card",Processing,Online,"Unit 17, Building 45","Deliver after 5PM"
O002721,"2024-06-06 08:26:00",C00930,E0171,Keyboard,"Computer Accesossories",9,2499,0.05,"Credit Card",Delivered,Store,"146 Rizal St.","Deliver after 5PM"
O002722,"2023-11-09 20:21:00",C00280,E0193,Projector,Electronics,5,4000,0,Cash,Pending,Store,"36 Main St.",Unknown
O002723,"2022-10-27 16:11:00",C00609,E0182,Tablet,"Mobile Devices",6,8999,0,PayPal,Returned,Online,"758 Bonifacio St.","Deliver after 5PM"
O002724,"2022-10-17 05:06:00",C00651,E0145,Tablet,"Mobile Devices",7,8999,0.2,"Debit Card",Delivered,Online,"Unit 7, Building 24","Urgent"
O002725,"2025-09-25 11:06:00",C00806,E0093,Router,Networking,0,1499,0.2,Cash,Pending,Store,"UNIT 18, BUILDING 20",Unknown
O002726,"2023-04-17 12:51:00",C00127,E0246,Keyboard,"Computer Accesossories",5,2499,0,"Bank Transfer",Processing,Unknown,"Unit 1, Building 9",Unknown
O002727,"2023-10-24 13:35:00",C00034,E0015,Projector,Electronics,10,4000,0,"Bank Transfer",Delivered,Online,"Unit 5, Building 15","Urgent"
O002728,"2023-12-27 00:35:00",C00460,E0103,Printer,"Computer Accesossories",1,3499,0.05,"Credit Card",Shipped,Online,"Unit 19, Building 23","Deliver after 5PM"
O002729,"2024-06-03 16:10:00",C00444,E0047,"Office chair","Office Furniture",5,4999,0.05,GCash,Canceled,Store,"UNIT 11, BUILDING 43",Unknown
O002730,"2024-12-06 07:21:00",C00973,E0205,Webcam,"Computer Accesossories",4,1499,0,"Bank Transfer",Returned,Store,"570 Quezon St.","Urgent"
O002731,"2023-05-13 03:50:00",C00098,E0036,Mouse,"Computer Accesossories",10,1499,0,"Bank Transfer",Shipped,Unknown,"Unit 18, Building 20",Unknown
O002732,"2025-05-20 09:29:00",C00382,E0024,Smartphone,"Mobile Devices",5,12999,0.15,Cash,Canceled,Online,"150 Rizal St.","Urgent"
O002733,"2024-02-08 03:18:00",C00507,E0020,Smartphone,"Mobile Devices",6,12999,0.1,"Credit Card",Processing,Online,"Unit 10, Building 50","Deliver after 5PM"
O002734,"2023-11-30 01:04:00",C00850,E0044,Desk,"Office Furniture",3,19999,0.2,PayPal,Processing,Store,"Unit 8, Building 35","Call customer"
O002735,"2024-08-05 02:23:00",C00563,E0034,"Office chair","Office Furniture",7,4999,0.15,"Bank Transfer",Shipped,Online,"Unit 18, Building 21",Unknown
O002736,"2022-01-31 13:36:00",C00823,E0033,Projector,Electronics,7,4000,0,"Debit Card",Delivered,Store,"331 Main St.","Urgent"
O002737,"2023-08-03 13:45:00",C00197,E0010,Tablet,"Mobile Devices",10,8999,0,Cash,Shipped,Marketplace,"Unit 3, Building 36","Call customer"
O002738,"2023-10-13 18:41:00",C00605,E0163,Monitor,"Computer Accesossories",2,9999,0.2,"Credit Card",Canceled,Unknown,"Unit 14, Building 13","Gift order"
O002739,"2025-07-27 11:25:00",C00568,E0213,Keyboard,"Computer Accesossories",6,2499,0.05,"Debit Card",Delivered,Online,"Unit 5, Building 43","Call customer"
O002740,"2025-06-15 21:04:00",C00116,E0098,Webcam,"Computer Accesossories",9,1499,0.05,"Credit Card",Delivered,Unknown,Warehouse,Unknown
O002741,"2024-11-28 06:32:00",C00835,E0016,Laptop,"Mobile Devices",5,29999,0,PayPal,Processing,Store,"Unit 16, Building 18",Unknown
O002742,"2023-12-21 06:17:00",C00297,E0146,Smartphone,"Mobile Devices",2,12999,0.2,"Debit Card",Processing,Marketplace,"596 Quezon St.","Gift order"
O002743,"2024-04-18 14:18:00",C00817,E0152,Tablet,"Mobile Devices",10,8999,0.05,"Bank Transfer",Pending,Unknown,"525 Bonifacio St.","Deliver after 5PM"
O002744,"2024-10-21 21:21:00",C00366,E0082,Keyboard,"Computer Accesossories",10,2499,0.1,"Credit Card",Returned,Online,"Unit 1, Building 4","Call customer"
O002745,"2025-08-16 13:30:00",C00869,E0126,Desk,"Office Furniture",3,19999,0,Cash,Shipped,Store,"Unit 6, Building 36",Unknown
O002746,"2025-02-12 16:31:00",C00608,E0218,Printer,"Computer Accesossories",8,3499,0.05,"Credit Card",Processing,Marketplace,"Unit 12, Building 31","Gift order"
O002747,"2022-11-16 01:27:00",C00665,E0098,"Office chair","Office Furniture",6,4999,0.15,Cash,Pending,Unknown,"Unit 13, Building 26",Unknown
O002748,"2022-09-13 10:26:00",C00588,E0036,"Office chair","Office Furniture",1,4999,0.05,PayPal,Delivered,Online,"Unit 1, Building 11",Unknown
O002749,"2023-05-05 14:08:00",C00575,E0088,Headset,"Computer Accesossories",6,1499,0.05,"Credit Card",Returned,Online,"Unit 7, Building 28","Deliver after 5PM"
O002750,"2023-08-07 08:53:00",C00912,E0012,Projector,Electronics,5,4000,0,GCash,Returned,Store,"Unit 4, Building 45","Gift order"
O002751,"2025-12-31 23:29:00",C00284,E0115,Tablet,"Mobile Devices",9,8999,0,Cash,Delivered,Store,"Unit 17, Building 38","Gift order"
O002752,"2024-11-18 13:57:00",C00176,E0151,Projector,Electronics,4,4000,0,Cash,Returned,Online,"Unit 3, Building 16",Unknown
O002753,"2022-07-29 16:43:00",C00357,E0221,Keyboard,"Computer Accesossories",2,2499,0.05,PayPal,Pending,Unknown,"720 Rizal St.","Deliver after 5PM"
O002754,"2025-10-19 17:28:00",C00356,E0194,Desk,"Office Furniture",9,19999,0,PayPal,Canceled,Marketplace,"Unit 5, Building 22","Urgent"
O002755,"2023-02-08 09:24:00",C00087,E0015,Projector,Electronics,8,4000,0.1,Cash,Returned,Marketplace,"483 Main St.","Gift order"
O002756,"2024-11-21 08:34:00",C00560,E0114,Monitor,"Computer Accesossories",7,9999,0.15,"Debit Card",Returned,Online,"Unit 18, Building 6",Unknown
O002757,"2023-07-25 06:25:00",C00712,E0031,Smartphone,"Mobile Devices",3,12999,0.05,PayPal,Pending,Store,"347 Bonifacio St.","Deliver after 5PM"
O002758,"2025-05-11 16:54:00",C00335,E0156,Smartphone,"Mobile Devices",10,12999,0.2,GCash,Shipped,Online,"865 Quezon St.","Gift order"
O002759,"2022-08-25 04:15:00",C00642,E0247,Tablet,"Mobile Devices",9,8999,0.15,"Bank Transfer",Canceled,Store,"807 Mabini St.",Unknown
O002760,"2025-11-18 06:27:00",C00820,E0107,Mouse,"Computer Accesossories",6,1499,0,PayPal,Canceled,Online,"Unit 11, Building 48","Urgent"
O002761,"2025-07-25 21:00:00",C00235,E0090,Mouse,"Computer Accesossories",3,1499,0,Cash,Pending,Store,"Unit 16, Building 33","Deliver after 5PM"
O002762,"2025-03-07 22:48:00",C00134,E0049,Smartphone,"Mobile Devices",2,12999,0.2,"Credit Card",Returned,Store,"854 Rizal St.","Urgent"
O002763,"2023-07-28 15:07:00",C00848,E0056,Mouse,"Computer Accesossories",2,1499,0.2,"Debit Card",Delivered,Unknown,"Unit 20, Building 27",Unknown
O002764,"2023-09-15 04:32:00",C00757,E0064,Monitor,"Computer Accesossories",8,9999,0.15,Cash,Delivered,Marketplace,"899 Rizal St.","Gift order"
O002765,"2025-12-20 08:53:00",C00371,E0067,Webcam,"Computer Accesossories",5,1499,0.15,Cash,Canceled,Unknown,"100 Main St.","Gift order"
O002766,"2024-10-31 20:09:00",C00275,E0121,Keyboard,"Computer Accesossories",5,2499,0.15,"Credit Card",Canceled,Store,"527 Mabini St.",Unknown
O002767,"2023-08-15 01:09:00",C00859,E0232,Printer,"Computer Accesossories",9,3499,0,"Bank Transfer",Processing,Unknown,"801 Rizal St.","Urgent"
O002768,"2025-09-03 08:32:00",C00718,E0172,"Office chair","Office Furniture",7,4999,0.2,GCash,Processing,Store,"Unit 15, Building 17","Gift order"
O002769,"2023-03-11 13:17:00",C00119,E0144,UPS,Electronics,10,4999,0,PayPal,Unknown,Store,"427 Rizal St.",Unknown
O002770,"2023-11-17 03:00:00",C00364,E0035,Webcam,"Computer Accesossories",3,1499,0.2,Cash,Processing,Store,"76 Rizal St.","Deliver after 5PM"
O002771,"2022-10-07 17:47:00",C00729,E0052,Router,Networking,8,1499,0.1,PayPal,Pending,Store,"Unit 5, Building 46",Unknown
O002772,"2025-08-12 10:03:00",C00877,E0055,Router,Networking,6,1499,0.2,GCash,Delivered,Marketplace,"Unit 12, Building 9",Unknown
O002773,"2022-07-12 20:09:00",C00949,E0198,Desk,"Office Furniture",5,19999,0.15,"Bank Transfer",Shipped,Unknown,"UNIT 16, BUILDING 27","Gift order"
O002774,"2025-01-12 04:10:00",C00512,E0104,Monitor,"Computer Accesossories",3,9999,0,n/a,Returned,Store,"662 Quezon St.",Unknown
O002775,"2022-08-24 04:13:00",C00706,E0214,Webcam,"Computer Accesossories",10,1499,0.05,"Bank Transfer",Shipped,Online,"Unit 10, Building 2","Call customer"
O002776,"2023-01-18 22:33:00",C00840,E0020,Monitor,"Computer Accesossories",4,9999,0.2,Cash,Shipped,Store,"297 Mabini St.","Call customer"
O002777,"2024-09-12 01:04:00",C00392,E0058,Projector,Electronics,8,4000,0.15,GCash,Returned,Unknown,"Unit 15, Building 41","Call customer"
O002778,"2024-05-22 14:07:00",C00231,E0009,Keyboard,"Computer Accesossories",1,2499,0,"Bank Transfer",Processing,Online,"Unit 19, Building 24","Urgent"
O002779,"2024-12-01 22:24:00",C00346,E0152,Desk,"Office Furniture",5,19999,0,"Credit Card",Processing,Online,"Unit 8, Building 28",Unknown
O002780,"2023-05-02 06:20:00",C00846,E0168,Projector,Electronics,7,4000,0.05,"Bank Transfer",Pending,Store,"671 Quezon St.","Gift order"
O002781,"2025-08-27 17:46:00",C00549,E0101,Router,Networking,8,1499,0.03,Cash,Pending,Store,"Unit 18, Building 1","Call customer"
O002782,"2024-04-30 21:26:00",C00564,E0007,Keyboard,"Computer Accesossories",6,2499,0.2,GCash,Returned,Online,"Unit 14, Building 30",Unknown
O002783,"2025-08-28 04:13:00",C00257,E0048,Printer,"Computer Accesossories",7,3499,0,Cash,Returned,Marketplace,"Unit 9, Building 34","Deliver after 5PM"
O002784,"2023-04-17 18:24:00",C00526,E0036,UPS,Electronics,9,4999,0,GCash,Shipped,Marketplace,"Unit 4, Building 36","Gift order"
O002785,"2023-05-25 08:42:00",C00898,E0135,Webcam,"Computer Accesossories",1,1499,0,"Credit Card",Delivered,Store,"792 Main St.","Deliver after 5PM"
O002786,"2022-12-25 21:11:00",C00808,E0239,Laptop,"Mobile Devices",4,29999,0.2,"Debit Card",Processing,Unknown,"Unit 2, Building 23",Unknown
O002787,"2023-03-07 14:05:00",C00316,E0230,Router,Networking,2,1499,0.03,PayPal,Shipped,Store,"Unit 16, Building 23","Call customer"
O002788,"2022-06-07 01:06:00",C00343,E0239,Projector,Electronics,10,4000,0.05,"Debit Card",Returned,Online,"107 Bonifacio St.",Unknown
O002789,"2024-08-19 02:26:00",C00512,E0237,Keyboard,"Computer Accesossories",1,2499,0.03,"Bank Transfer",Delivered,Marketplace,"533 Rizal St.","Call customer"
O002790,"2024-10-10 05:13:00",C00422,E0233,Tablet,"Mobile Devices",10,8999,0.2,"Debit Card",Processing,Store,"151 Rizal St.","Call customer"
O002791,"2025-02-06 08:27:00",C00484,E0071,UPS,Electronics,8,4999,0.15,"Debit Card",Shipped,Store,"764 Mabini St.","Deliver after 5PM"
O002792,"2022-05-11 11:32:00",C00896,E0071,Headset,"Computer Accesossories",5,1499,0.15,"Bank Transfer",Delivered,Marketplace,"684 Bonifacio St.","Gift order"
O002793,"2025-03-27 07:14:00",C00844,E0101,Tablet,"Mobile Devices",4,8999,0.03,"Bank Transfer",Returned,Online,"618 Mabini St.",Unknown
O002794,"2023-08-11 14:01:00",C00885,E0023,Tablet,"Mobile Devices",9,8999,0,GCash,Returned,Store,"Unit 15, Building 17","Call customer"
O002795,"2025-06-05 20:32:00",C00110,E0036,Monitor,"Computer Accesossories",8,9999,0,"Credit Card",Pending,Store,"Unit 20, Building 1",Unknown
O002796,"2024-10-03 11:01:00",C00955,E0173,Keyboard,"Computer Accesossories",1,2499,0.03,Cash,Processing,Store,"646 Quezon St.","Gift order"
O002797,"2022-06-14 09:25:00",C00585,E0097,Tablet,"Mobile Devices",2,8999,0.2,PayPal,Canceled,Unknown,"Unit 7, Building 37","Call customer"
O002798,"2022-07-16 06:02:00",C00282,E0036,Projector,Electronics,6,4000,0.2,"Credit Card",Returned,Online,"Unit 14, Building 45",Unknown
O002799,"2025-04-03 03:40:00",C00266,E0155,Desk,"Office Furniture",7,19999,0.05,n/a,Returned,Unknown,"Unit 8, Building 49","Call customer"
O002800,"2022-09-01 01:29:00",C00171,E0127,Smartphone,"Mobile Devices",5,12999,0,GCash,Processing,Store,"192 Mabini St.",Unknown
O002801,"2025-08-15 01:55:00",C00947,E0046,Desk,"Office Furniture",5,19999,0.15,"Credit Card",Returned,Online,"Unit 18, Building 49",Unknown
O002802,"2025-11-22 22:08:00",C00154,E0227,Headset,"Computer Accesossories",9,1499,0,GCash,Shipped,Marketplace,"773 Bonifacio St.","Gift order"
O002803,"2025-04-26 02:27:00",C00627,E0135,Monitor,"Computer Accesossories",10,9999,0.03,Cash,Returned,Online,"Unit 7, Building 3","Gift order"
O002804,"2024-04-08 20:21:00",C00829,E0034,Mouse,"Computer Accesossories",8,1499,0.2,n/a,Delivered,Store,"991 Rizal St.",Unknown
O002805,"2022-09-21 04:13:00",C00969,E0093,"External drive",Electronics,8,999,0,PayPal,Canceled,Unknown,"Unit 20, Building 42","Call customer"
O002806,"2025-03-02 05:50:00",C00247,E0173,Headset,"Computer Accesossories",6,1499,0.2,GCash,Processing,Online,"730 Mabini St.","Gift order"
O002807,"2024-11-04 01:34:00",C00018,E0227,Desk,"Office Furniture",7,19999,0,"Bank Transfer",Returned,Online,"832 Quezon St.","Gift order"
O002808,"2022-02-24 10:30:00",C00693,E0043,Projector,Electronics,2,4000,0.2,"Credit Card",Delivered,Store,"Unit 13, Building 34","Gift order"
O002809,"2023-10-30 10:09:00",C00822,E0189,Mouse,"Computer Accesossories",4,1499,0,GCash,Pending,Store,"493 QUEZON ST.","Urgent"
O002810,"2025-09-09 17:08:00",C00677,E0211,Headset,"Computer Accesossories",10,1499,0.05,"Credit Card",Delivered,Unknown,"41 Rizal St.","Deliver after 5PM"
O002811,"2023-08-16 17:51:00",C00532,E0097,Smartphone,"Mobile Devices",2,12999,0.2,GCash,Unknown,Store,"456 Bonifacio St.","Call customer"
O002812,"2023-02-21 03:31:00",C00359,E0166,Router,Networking,7,1499,0,PayPal,Shipped,Marketplace,"873 Mabini St.","Call customer"
O002813,"2023-08-11 09:58:00",C00719,E0140,Mouse,"Computer Accesossories",10,1499,0.1,PayPal,Delivered,Online,"604 Bonifacio St.","Urgent"
O002814,"2022-01-30 10:33:00",C00528,E0013,Printer,"Computer Accesossories",8,3499,0.05,"Debit Card",Canceled,Online,"Unit 4, Building 20","Deliver after 5PM"
O002815,"2022-06-10 04:23:00",C00416,E0118,Router,Networking,8,1499,0.05,GCash,Pending,Marketplace,Warehouse,Unknown
O002816,"2024-02-02 06:18:00",C00435,E0124,Monitor,"Computer Accesossories",4,9999,0,"Debit Card",Returned,Marketplace,"921 Mabini St.",Unknown
O002817,"2022-04-02 21:32:00",C00700,E0232,UPS,Electronics,8,4999,0.15,Cash,Canceled,Online,"Unit 18, Building 24","Call customer"
O002818,"2025-09-25 16:35:00",C00933,E0245,Laptop,"Mobile Devices",2,29999,0.15,"Debit Card",Canceled,Store,"846 Quezon St.","Urgent"
O002819,"2023-08-09 11:45:00",C00973,E0208,"Office chair","Office Furniture",8,4999,0.05,"Credit Card",Unknown,Unknown,"34 Mabini St.","Deliver after 5PM"
O002820,"2025-11-16 10:52:00",C00878,E0170,Printer,"Computer Accesossories",6,3499,0,"Credit Card",Processing,Unknown,"Unit 5, Building 45","Gift order"
O002821,"2024-09-05 16:58:00",C00129,E0033,Projector,Electronics,8,4000,0.2,"Debit Card",Returned,Online,"Unit 10, Building 10","Gift order"
O002822,"2025-05-17 16:55:00",C00915,E0216,Monitor,"Computer Accesossories",4,9999,0.1,GCash,Processing,Online,"62 Rizal St.",Unknown
O002823,"2024-07-16 16:39:00",C00849,E0235,Desk,"Office Furniture",4,19999,0.15,"Bank Transfer",Returned,Online,"Unit 1, Building 7","Call customer"
O002824,"2023-02-19 17:45:00",C00317,E0001,Keyboard,"Computer Accesossories",3,2499,0,"Bank Transfer",Unknown,Marketplace,"974 Bonifacio St.",Unknown
O002825,"2022-11-22 03:40:00",C00170,E0175,Unknown,Unknown,1,999,0,PayPal,Canceled,Unknown,"Unit 8, Building 45","Gift order"
O002826,"2023-11-20 08:56:00",C00010,E0141,Router,Networking,3,1499,0,"Debit Card",Processing,Online,"Unit 8, Building 12",Unknown
O002827,"2024-03-16 21:01:00",C00838,E0235,Projector,Electronics,2,4000,0.05,GCash,Canceled,Store,"Unit 9, Building 10","Call customer"
O002828,"2022-06-10 23:33:00",C00813,E0067,Webcam,"Computer Accesossories",3,1499,0,"Credit Card",Delivered,Store,"85 Bonifacio St.","Deliver after 5PM"
O002829,"2025-07-27 07:17:00",C00202,E0005,Desk,"Office Furniture",8,19999,0.1,PayPal,Returned,Online,"Unit 13, Building 16","Deliver after 5PM"
O002830,"2024-08-18 14:10:00",C00582,E0235,UPS,Electronics,6,4999,0.03,GCash,Pending,Marketplace,"Unit 8, Building 46",Unknown
O002831,"2025-06-01 05:43:00",C00160,E0138,Laptop,"Mobile Devices",10,29999,0.05,PayPal,Pending,Online,"349 Bonifacio St.","Call customer"
O002832,"2024-03-26 04:21:00",C00628,E0188,UPS,Electronics,2,4999,0.05,PayPal,Canceled,Unknown,"588 Main St.",Unknown
O002833,"2022-08-01 00:07:00",C00664,E0011,"Office chair","Office Furniture",2,4999,0.2,"Debit Card",Returned,Store,"301 Mabini St.","Gift order"
O002834,"2022-12-27 01:29:00",C00486,E0112,Smartphone,"Mobile Devices",8,12999,0.03,PayPal,Shipped,Unknown,"Unit 15, Building 1","Deliver after 5PM"
O002835,"2023-12-12 19:12:00",C00819,E0097,Monitor,"Computer Accesossories",8,9999,0,"Bank Transfer",Pending,Store,"Unit 16, Building 23",Unknown
O002836,"2022-08-31 02:33:00",C00858,E0065,Tablet,"Mobile Devices",7,8999,0.15,Cash,Returned,Online,"Unit 4, Building 49",Unknown
O002837,"2022-01-21 09:22:00",C00746,E0125,"Office chair","Office Furniture",2,4999,0.03,"Bank Transfer",Delivered,Marketplace,"Unit 20, Building 35","Call customer"
O002838,"2023-12-06 01:28:00",C00275,E0185,Keyboard,"Computer Accesossories",4,2499,0.05,"Debit Card",Shipped,Unknown,"92 Bonifacio St.","Deliver after 5PM"
O002839,"2022-09-18 09:00:00",C00709,E0216,Webcam,"Computer Accesossories",6,1499,0.03,"Credit Card",Shipped,Unknown,"279 Quezon St.","Gift order"
O002840,"2022-04-29 04:21:00",C00950,E0250,Tablet,"Mobile Devices",9,8999,0.2,Cash,Processing,Store,"Unit 18, Building 39","Deliver after 5PM"
O002841,"2022-11-28 20:23:00",C00808,E0241,Keyboard,"Computer Accesossories",5,2499,0.15,"Debit Card",Returned,Online,"Unit 16, Building 49","Call customer"
O002842,"2023-01-10 08:22:00",C00731,E0098,Webcam,"Computer Accesossories",2,1499,0.03,"Credit Card",Pending,Marketplace,"811 Bonifacio St.",Unknown
O002843,"2025-07-12 15:30:00",C00443,E0064,"Office chair","Office Furniture",4,4999,0,"Debit Card",Returned,Store,"UNIT 7, BUILDING 35","Deliver after 5PM"
O002844,"2022-08-29 04:04:00",C00940,E0146,Laptop,"Mobile Devices",1,29999,0.2,"Credit Card",Processing,Online,"Unit 1, Building 48","Urgent"
O002845,"2022-05-08 05:23:00",C00689,E0073,Laptop,"Mobile Devices",7,29999,0.03,PayPal,Shipped,Online,"Unit 16, Building 19","Gift order"
O002846,"2024-04-07 14:36:00",C00091,E0180,Keyboard,"Computer Accesossories",8,2499,0.03,n/a,Unknown,Store,"230 Quezon St.","Call customer"
O002847,"2025-07-04 02:39:00",C00805,E0083,Mouse,"Computer Accesossories",1,1499,0.15,"Credit Card",Delivered,Unknown,"697 Rizal St.","Deliver after 5PM"
O002848,"2022-08-04 08:26:00",C00251,E0142,Desk,"Office Furniture",8,19999,0.15,"Bank Transfer",Returned,Unknown,"660 Quezon St.","Deliver after 5PM"
O002849,"2023-07-01 12:23:00",C00605,E0025,Keyboard,"Computer Accesossories",7,2499,0.05,Cash,Canceled,Marketplace,"561 Bonifacio St.","Deliver after 5PM"
O002850,"2024-09-18 22:56:00",C00857,E0167,Smartphone,"Mobile Devices",4,12999,0,PayPal,Pending,Online,"136 Bonifacio St.",Unknown
O002851,"2022-10-18 03:17:00",C00310,E0223,Mouse,"Computer Accesossories",6,1499,0.15,"Credit Card",Processing,Online,"Unit 2, Building 43",Unknown
O002852,"2024-06-24 10:29:00",C00278,E0017,Keyboard,"Computer Accesossories",1,2499,0.15,"Bank Transfer",Canceled,Online,"425 Quezon St.",Unknown
O002853,"2024-03-02 22:06:00",C00173,E0023,Printer,"Computer Accesossories",5,3499,0.03,Cash,Canceled,Online,Warehouse,"Gift order"
O002854,"2024-07-15 07:39:00",C00529,E0172,Keyboard,"Computer Accesossories",5,2499,0.1,Cash,Canceled,Unknown,"Unit 14, Building 35",Unknown
O002855,"2022-02-02 02:51:00",C00529,E0178,Laptop,"Mobile Devices",9,29999,0.2,"Bank Transfer",Pending,Online,"217 Mabini St.","Urgent"
O002856,"2025-01-01 12:59:00",C00258,E0232,Mouse,"Computer Accesossories",9,1499,0,GCash,Canceled,Online,"Unit 8, Building 49","Deliver after 5PM"
O002857,"2024-09-29 22:09:00",C00007,E0225,"Office chair","Office Furniture",1,4999,0.05,Cash,Delivered,Online,"699 Rizal St.","Call customer"
O002858,"2023-01-10 04:42:00",C00055,E0028,Laptop,"Mobile Devices",6,29999,0,Cash,Returned,Online,"462 Bonifacio St.","Gift order"
O002859,"2023-05-22 05:59:00",C00329,E0094,Smartphone,"Mobile Devices",10,12999,0.1,GCash,Canceled,Unknown,"710 Bonifacio St.","Gift order"
O002860,"2023-09-08 05:36:00",C00455,E0250,"Office chair","Office Furniture",3,4999,0.2,"Bank Transfer",Delivered,Online,"976 Rizal St.","Call customer"
O002861,"2025-02-02 23:04:00",C00419,E0123,Projector,Electronics,10,4000,0.05,"Bank Transfer",Delivered,Marketplace,"774 Mabini St.",Unknown
O002862,"2025-02-06 20:49:00",C00126,E0137,Printer,"Computer Accesossories",5,3499,0.03,"Credit Card",Processing,Online,"Unit 1, Building 44","Deliver after 5PM"
O002863,"2024-07-21 18:39:00",C00330,E0200,Projector,Electronics,9,4000,0.03,n/a,Shipped,Online,"840 Quezon St.","Deliver after 5PM"
O002864,"2022-10-20 05:55:00",C00957,E0112,Router,Networking,1,1499,0,"Bank Transfer",Processing,Store,Warehouse,"Urgent"
O002865,"2022-08-01 06:54:00",C00464,E0100,Headset,"Computer Accesossories",6,1499,0.1,Cash,Returned,Store,"Unit 17, Building 24",Unknown
O002866,"2025-06-16 20:13:00",C00724,E0030,Mouse,"Computer Accesossories",9,1499,0,"Debit Card",Returned,Unknown,"Unit 17, Building 5","Deliver after 5PM"
O002867,"2024-03-31 19:31:00",C00443,E0008,"Office chair","Office Furniture",9,4999,0.03,"Credit Card",Canceled,Marketplace,Warehouse,"Deliver after 5PM"
O002868,"2024-06-05 06:05:00",C00203,E0187,Monitor,"Computer Accesossories",1,9999,0.03,"Debit Card",Delivered,Marketplace,Warehouse,Unknown
O002869,"2025-11-15 19:21:00",C00676,E0072,Projector,Electronics,4,4000,0.05,"Credit Card",Shipped,Marketplace,"Unit 11, Building 6","Urgent"
O002870,"2024-11-16 11:18:00",C00638,E0249,UPS,Electronics,6,4999,0,Cash,Canceled,Online,"Unit 18, Building 15","Gift order"
O002871,"2023-10-19 04:47:00",C00288,E0041,Unknown,Unknown,3,14999,0,"Bank Transfer",Processing,Online,"207 Main St.","Gift order"
O002872,"2022-12-23 19:38:00",C00915,E0072,UPS,Electronics,4,4999,0.2,"Credit Card",Unknown,Unknown,"unit 13, building 19","Deliver after 5PM"
O002873,"2025-11-22 11:13:00",C00258,E0101,Mouse,"Computer Accesossories",9,1499,0.1,PayPal,Delivered,Online,"77 Quezon St.","Call customer"
O002874,"2022-09-04 20:08:00",C00490,E0161,"External drive",Electronics,3,999,0.03,GCash,Processing,Online,"210 Mabini St.",Unknown
O002875,"2022-12-10 14:44:00",C00801,E0249,Laptop,"Mobile Devices",9,29999,0,"Debit Card",Shipped,Unknown,"Unit 6, Building 41","Deliver after 5PM"
O002876,"2023-11-23 23:56:00",C00247,E0047,Headset,"Computer Accesossories",7,1499,0.15,GCash,Delivered,Marketplace,"857 Bonifacio St.","Deliver after 5PM"
O002877,"2022-03-21 17:29:00",C00354,E0132,UPS,Electronics,4,4999,0.15,Cash,Processing,Store,"Unit 14, Building 34","Gift order"
O002878,"2022-03-19 23:05:00",C00797,E0232,Webcam,"Computer Accesossories",1,1499,0.15,GCash,Canceled,Marketplace,"Unit 10, Building 20",Unknown
O002879,"2025-11-09 06:45:00",C00525,E0013,UPS,Electronics,8,4999,0.2,PayPal,Processing,Online,"Unit 18, Building 48","Gift order"
O002880,"2023-09-26 14:45:00",C00725,E0087,Projector,Electronics,0,4000,0,"Debit Card",Canceled,Online,"unit 10, building 9",Unknown
O002881,"2023-12-18 11:01:00",C00379,E0168,"External drive",Electronics,9,999,0,Cash,Shipped,Unknown,"791 Bonifacio St.","Urgent"
O002882,"2024-05-19 11:09:00",C00628,E0115,Unknown,Unknown,8,14999,0.05,"Bank Transfer",Pending,Online,"349 Mabini St.","Gift order"
O002883,"2025-04-13 19:24:00",C00412,E0093,Monitor,"Computer Accesossories",4,9999,0,"Credit Card",Processing,Store,"Unit 1, Building 28","Urgent"
O002884,"2025-01-22 09:23:00",C00269,E0028,Tablet,"Mobile Devices",8,8999,0,Cash,Processing,Marketplace,"211 Rizal St.","Call customer"
O002885,"2022-09-09 05:06:00",C00622,E0125,Laptop,"Mobile Devices",5,29999,0.2,"Bank Transfer",Shipped,Marketplace,"222 Mabini St.",Unknown
O002886,"2025-01-05 04:15:00",C00788,E0232,UPS,Electronics,2,4999,0.03,Cash,Shipped,Marketplace,"496 Bonifacio St.",Unknown
O002887,"2024-07-24 09:30:00",C00328,E0128,Desk,"Office Furniture",6,19999,0.2,"Credit Card",Shipped,Store,"568 Quezon St.",Unknown
O002888,"2025-03-21 14:56:00",C00851,E0084,Mouse,"Computer Accesossories",6,1499,0.05,"Debit Card",Returned,Online,"Unit 9, Building 14","Gift order"
O002889,"2022-06-23 18:42:00",C00904,E0190,Mouse,"Computer Accesossories",3,1499,0.15,GCash,Shipped,Online,"unit 16, building 20",Unknown
O002890,"2025-11-08 10:38:00",C00711,E0019,Tablet,"Mobile Devices",4,8999,0,"Bank Transfer",Delivered,Store,"Unit 9, Building 13","Gift order"
O002891,"2022-11-17 02:47:00",C00500,E0229,Printer,"Computer Accesossories",9,3499,0.2,PayPal,Processing,Unknown,"unit 4, building 15","Deliver after 5PM"
O002892,"2024-06-05 22:30:00",C00388,E0046,Mouse,"Computer Accesossories",9,1499,0.03,"Debit Card",Shipped,Unknown,"Unit 7, Building 41","Urgent"
O002893,"2023-10-20 23:57:00",C00898,E0029,Smartphone,"Mobile Devices",2,12999,0.15,PayPal,Processing,Online,"653 Bonifacio St.","Urgent"
O002894,"2025-02-19 20:22:00",C00464,E0003,Printer,"Computer Accesossories",6,3499,0.2,PayPal,Returned,Online,"Unit 12, Building 30",Unknown
O002895,"2025-01-08 18:45:00",C00174,E0149,Desk,"Office Furniture",0,19999,0.15,PayPal,Processing,Marketplace,Warehouse,Unknown
O002896,"2022-10-09 04:04:00",C00106,E0189,Desk,"Office Furniture",5,19999,0.05,PayPal,Shipped,Store,"214 Main St.","Deliver after 5PM"
O002897,"2022-08-29 22:18:00",C00272,E0054,Router,Networking,5,1499,0.1,GCash,Pending,Unknown,"unit 8, building 40",Unknown
O002898,"2024-06-09 13:46:00",C00929,E0122,Mouse,"Computer Accesossories",5,1499,0.1,Cash,Unknown,Online,"Unit 15, Building 44","Gift order"
O002899,"2025-05-13 04:13:00",C00747,E0124,Desk,"Office Furniture",4,19999,0.1,"Credit Card",Canceled,Store,"Unit 1, Building 43","Urgent"
O002900,"2024-11-17 08:35:00",C00918,E0027,Mouse,"Computer Accesossories",6,1499,0.15,"Credit Card",Shipped,Unknown,"170 Bonifacio St.","Call customer"
O002901,"2023-04-01 16:42:00",C00685,E0189,Keyboard,"Computer Accesossories",2,2499,0,"Credit Card",Pending,Unknown,"Unit 12, Building 4",Unknown
O002902,"2023-05-19 16:11:00",C00562,E0097,Desk,"Office Furniture",3,19999,0,PayPal,Delivered,Online,"295 Quezon St.","Call customer"
O002903,"2024-04-20 22:24:00",C00596,E0095,"External drive",Electronics,5,999,0.15,"Bank Transfer",Processing,Marketplace,"Unit 20, Building 32","Deliver after 5PM"
O002904,"2024-04-10 17:39:00",C00004,E0130,Headset,"Computer Accesossories",2,1499,0,PayPal,Pending,Online,"Unit 17, Building 36","Urgent"
O002905,"2022-12-18 13:14:00",C00240,E0102,Mouse,"Computer Accesossories",2,1499,0.2,GCash,Delivered,Store,"UNIT 15, BUILDING 2","Call customer"
O002906,"2025-02-16 00:18:00",C00938,E0046,Desk,"Office Furniture",6,19999,0.05,PayPal,Canceled,Store,"Unit 20, Building 36",Unknown
O002907,"2024-08-04 08:59:00",C00032,E0065,Router,Networking,9,1499,0.2,"Debit Card",Processing,Online,"unit 9, building 6","Gift order"
O002908,"2024-01-14 18:27:00",C00712,E0169,Tablet,"Mobile Devices",2,8999,0.03,PayPal,Delivered,Online,"Unit 8, Building 10","Gift order"
O002909,"2025-11-27 20:23:00",C00451,E0134,Monitor,"Computer Accesossories",5,9999,0.05,"Bank Transfer",Shipped,Online,"390 Quezon St.","Gift order"
O002910,"2022-03-03 00:42:00",C00721,E0197,"External drive",Electronics,9,999,0.1,Cash,Unknown,Online,"UNIT 8, BUILDING 49","Deliver after 5PM"
O002911,"2024-05-15 17:42:00",C00880,E0217,Tablet,"Mobile Devices",1,8999,0,"Bank Transfer",Delivered,Online,"444 Main St.","Deliver after 5PM"
O002912,"2025-07-07 13:11:00",C00819,E0169,"External drive",Electronics,4,999,0,Cash,Canceled,Unknown,"Unit 12, Building 43","Gift order"
O002913,"2025-01-31 21:10:00",C00049,E0163,Router,Networking,5,1499,0.2,Cash,Delivered,Online,"Unit 11, Building 30","Deliver after 5PM"
O002914,"2023-06-18 12:12:00",C00191,E0094,Projector,Electronics,2,4000,0.2,"Credit Card",Canceled,Marketplace,"90 Quezon St.","Gift order"
O002915,"2025-08-26 05:47:00",C00073,E0210,Laptop,"Mobile Devices",10,29999,0.05,GCash,Pending,Unknown,"240 Main St.",Unknown
O002916,"2024-12-27 19:55:00",C00547,E0082,Monitor,"Computer Accesossories",4,9999,0.2,"Credit Card",Shipped,Online,"Unit 20, Building 32","Deliver after 5PM"
O002917,"2024-08-20 18:55:00",C00306,E0144,Monitor,"Computer Accesossories",4,9999,0.15,Cash,Returned,Unknown,"Unit 20, Building 14","Deliver after 5PM"
O002918,"2024-11-03 18:13:00",C00779,E0083,Tablet,"Mobile Devices",10,8999,0.1,"Bank Transfer",Delivered,Online,"868 Main St.",Unknown
O002919,"2023-02-04 16:30:00",C00620,E0241,Mouse,"Computer Accesossories",3,1499,0.03,"Debit Card",Delivered,Unknown,"Unit 10, Building 30","Urgent"
O002920,"2022-10-16 10:47:00",C00850,E0008,Tablet,"Mobile Devices",7,8999,0.15,"Credit Card",Pending,Store,"800 Main St.","Urgent"
O002921,"2023-05-26 09:59:00",C00993,E0124,Headset,"Computer Accesossories",8,1499,0.15,"Debit Card",Shipped,Online,"Unit 5, Building 34",Unknown
O002922,"2023-09-06 09:15:00",C00162,E0011,Mouse,"Computer Accesossories",3,1499,0.03,"Credit Card",Processing,Store,"857 Rizal St.",Unknown
O002923,"2025-03-02 09:50:00",C00890,E0048,Monitor,"Computer Accesossories",4,9999,0.05,PayPal,Shipped,Online,"Unit 1, Building 12",Unknown
O002924,"2022-08-08 09:12:00",C00915,E0123,Keyboard,"Computer Accesossories",6,2499,0.03,GCash,Delivered,Marketplace,"Unit 2, Building 24","Urgent"
O002925,"2025-02-14 12:46:00",C00385,E0118,"External drive",Electronics,5,999,0.15,GCash,Returned,Online,"706 Bonifacio St.","Call customer"
O002926,"2025-09-29 11:48:00",C00352,E0147,Desk,"Office Furniture",9,19999,0.03,Cash,Processing,Store,"Unit 4, Building 7","Gift order"
O002927,"2023-06-20 21:52:00",C00180,E0025,"Office chair","Office Furniture",7,4999,0,PayPal,Returned,Store,"278 Rizal St.",Unknown
O002928,"2024-02-17 20:08:00",C00570,E0160,"Office chair","Office Furniture",10,4999,0.05,"Debit Card",Pending,Store,"307 Quezon St.",Unknown
O002929,"2025-04-02 18:57:00",C00398,E0203,Webcam,"Computer Accesossories",5,1499,0.05,Cash,Canceled,Marketplace,"Unit 14, Building 40","Gift order"
O002930,"2025-11-08 04:13:00",C00030,E0032,Mouse,"Computer Accesossories",0,1499,0.15,"Bank Transfer",Pending,Marketplace,"460 Bonifacio St.","Urgent"
O002931,"2024-11-24 21:31:00",C00959,E0184,Headset,"Computer Accesossories",8,1499,0.1,Cash,Returned,Online,"Unit 1, Building 45",Unknown
O002932,"2024-01-13 11:32:00",C00837,E0129,Tablet,"Mobile Devices",1,8999,0.15,"Debit Card",Shipped,Online,"554 Bonifacio St.",Unknown
O002933,"2025-02-02 13:00:00",C00444,E0088,UPS,Electronics,1,4999,0.1,"Debit Card",Processing,Marketplace,"345 Rizal St.","Call customer"
O002934,"2022-11-11 18:32:00",C00980,E0221,Tablet,"Mobile Devices",6,8999,0.1,"Debit Card",Canceled,Marketplace,"Unit 5, Building 13","Deliver after 5PM"
O002935,"2025-03-10 04:31:00",C00488,E0137,"Office chair","Office Furniture",7,4999,0.2,n/a,Canceled,Store,"119 Quezon St.","Deliver after 5PM"
O002936,"2022-09-16 03:32:00",C00039,E0104,Printer,"Computer Accesossories",6,3499,0.2,GCash,Pending,Store,"502 Main St.","Call customer"
O002937,"2022-08-20 18:27:00",C00892,E0173,Laptop,"Mobile Devices",10,29999,0.05,"Debit Card",Canceled,Online,"Unit 12, Building 8","Urgent"
O002938,"2024-11-14 01:57:00",C00792,E0034,Webcam,"Computer Accesossories",6,1499,0,"Debit Card",Canceled,Unknown,"Unit 19, Building 13","Call customer"
O002939,"2025-02-20 09:57:00",C00255,E0219,Headset,"Computer Accesossories",5,1499,0,GCash,Pending,Store,"Unit 7, Building 35",Unknown
O002940,"2025-11-12 10:25:00",C00133,E0178,Smartphone,"Mobile Devices",5,12999,0,"Debit Card",Unknown,Marketplace,"Unit 3, Building 27",Unknown
O002941,"2023-09-26 02:26:00",C00201,E0160,Router,Networking,2,1499,0.2,"Credit Card",Processing,Store,"Unit 16, Building 32","Call customer"
O002942,"2023-01-18 11:45:00",C00028,E0107,Projector,Electronics,10,4000,0.03,"Debit Card",Canceled,Unknown,"958 Main St.","Urgent"
O002943,"2024-03-20 11:06:00",C00345,E0150,Unknown,Unknown,9,2999,0.05,GCash,Processing,Store,"Unit 2, Building 12","Call customer"
O002944,"2023-04-21 20:38:00",C00473,E0140,Printer,"Computer Accesossories",2,3499,0,GCash,Processing,Store,"336 QUEZON ST.","Gift order"
O002945,"2022-05-19 01:21:00",C00592,E0139,Tablet,"Mobile Devices",1,8999,0.03,n/a,Shipped,Unknown,Warehouse,"Gift order"
O002946,"2022-09-19 17:04:00",C00764,E0190,Router,Networking,4,1499,0.15,Cash,Returned,Unknown,"Unit 9, Building 6","Deliver after 5PM"
O002947,"2022-06-16 21:46:00",C00983,E0030,Tablet,"Mobile Devices",8,8999,0,"Credit Card",Pending,Online,"Unit 15, Building 20","Call customer"
O002948,"2022-06-20 16:46:00",C00780,E0117,Headset,"Computer Accesossories",7,1499,0.05,"Debit Card",Processing,Marketplace,"945 Bonifacio St.","Urgent"
O002949,"2023-02-04 05:20:00",C00560,E0220,Smartphone,"Mobile Devices",6,12999,0,GCash,Pending,Store,"Unit 6, Building 20",Unknown
O002950,"2024-12-06 19:03:00",C00032,E0038,Printer,"Computer Accesossories",8,3499,0.05,"Bank Transfer",Delivered,Store,"Unit 17, Building 45","Gift order"
O002951,"2024-10-07 21:07:00",C00871,E0004,Monitor,"Computer Accesossories",2,9999,0.2,"Debit Card",Shipped,Store,"369 Rizal St.",Unknown
O002952,"2024-09-20 19:21:00",C00593,E0092,Keyboard,"Computer Accesossories",3,2499,0.05,"Credit Card",Canceled,Marketplace,"Unit 4, Building 29","Gift order"
O002953,"2023-09-29 22:02:00",C00157,E0088,"External drive",Electronics,3,999,0,"Debit Card",Delivered,Store,"Unit 6, Building 33","Gift order"
O002954,"2022-07-30 04:07:00",C00404,E0141,Laptop,"Mobile Devices",9,29999,0.15,PayPal,Canceled,Store,"714 MAIN ST.","Gift order"
O002955,"2024-10-01 02:58:00",C00124,E0163,Headset,"Computer Accesossories",10,1499,0.1,"Debit Card",Pending,Unknown,"494 Main St.",Unknown
O002956,"2024-11-10 15:14:00",C00209,E0221,Router,Networking,10,1499,0.05,"Debit Card",Canceled,Store,"336 Rizal St.","Deliver after 5PM"
O002957,"2024-12-08 08:01:00",C00276,E0136,Webcam,"Computer Accesossories",5,1499,0.05,PayPal,Processing,Unknown,"Unit 1, Building 41","Call customer"
O002958,"2023-12-29 05:52:00",C00261,E0049,Laptop,"Mobile Devices",10,29999,0,"Bank Transfer",Returned,Unknown,"Unit 10, Building 29",Unknown
O002959,"2024-11-14 12:21:00",C00335,E0070,Smartphone,"Mobile Devices",0,12999,0,Cash,Processing,Store,"Unit 10, Building 35","Gift order"
O002960,"2022-05-21 05:04:00",C00251,E0151,Projector,Electronics,10,4000,0.1,"Credit Card",Pending,Unknown,Warehouse,Unknown
O002961,"2022-08-02 01:10:00",C00459,E0060,Smartphone,"Mobile Devices",10,12999,0.15,n/a,Pending,Online,"Unit 18, Building 18",Unknown
O002962,"2024-02-15 04:49:00",C00235,E0209,Router,Networking,4,1499,0,"Bank Transfer",Pending,Online,"913 Mabini St.",Unknown
O002963,"2023-06-21 19:39:00",C00121,E0156,Mouse,"Computer Accesossories",1,1499,0,PayPal,Returned,Online,"Unit 8, Building 11","Urgent"
O002964,"2025-07-19 19:20:00",C00495,E0200,Laptop,"Mobile Devices",6,29999,0.03,Cash,Returned,Store,"Unit 8, Building 46",Unknown
O002965,"2023-02-03 11:44:00",C00689,E0082,Laptop,"Mobile Devices",9,29999,0.2,"Debit Card",Canceled,Store,"8 Main St.","Deliver after 5PM"
O002966,"2023-11-17 00:23:00",C00045,E0137,Keyboard,"Computer Accesossories",6,2499,0,"Bank Transfer",Canceled,Store,"512 Mabini St.",Unknown
O002967,"2025-07-29 07:28:00",C00430,E0056,Mouse,"Computer Accesossories",4,1499,0,"Credit Card",Processing,Online,"Unit 6, Building 45",Unknown
O002968,"2022-04-28 11:44:00",C00156,E0021,Mouse,"Computer Accesossories",9,1499,0,Cash,Processing,Store,"220 Mabini St.","Call customer"
O002969,"2022-10-18 08:00:00",C00103,E0073,Router,Networking,2,1499,0.15,"Credit Card",Processing,Online,"457 Quezon St.","Deliver after 5PM"
O002970,"2025-10-27 18:22:00",C00320,E0003,Webcam,"Computer Accesossories",1,1499,0.2,"Bank Transfer",Returned,Store,"Unit 14, Building 35","Deliver after 5PM"
O002971,"2022-09-03 03:27:00",C00555,E0050,Router,Networking,1,1499,0,"Bank Transfer",Returned,Unknown,"Unit 7, Building 4","Call customer"
O002972,"2024-07-20 20:13:00",C00204,E0020,"External drive",Electronics,3,999,0,Cash,Processing,Online,"291 Quezon St.",Unknown
O002973,"2023-05-21 19:25:00",C00494,E0100,Projector,Electronics,10,4000,0.15,Cash,Returned,Marketplace,"Unit 19, Building 28","Call customer"
O002974,"2024-12-30 21:52:00",C00381,E0192,Desk,"Office Furniture",8,19999,0.1,"Debit Card",Shipped,Store,"256 Main St.","Call customer"
O002975,"2023-10-16 01:42:00",C00667,E0099,Smartphone,"Mobile Devices",1,12999,0.05,PayPal,Shipped,Marketplace,"Unit 20, Building 24",Unknown
O002976,"2024-02-15 01:47:00",C00906,E0107,Tablet,"Mobile Devices",7,8999,0,Cash,Delivered,Unknown,"774 Rizal St.","Deliver after 5PM"
O002977,"2024-02-03 13:02:00",C00464,E0230,Keyboard,"Computer Accesossories",3,2499,0.05,PayPal,Pending,Online,"Unit 7, Building 38","Call customer"
O002978,"2024-05-31 19:02:00",C00289,E0134,UPS,Electronics,7,4999,0.05,"Bank Transfer",Processing,Online,"994 Quezon St.",Unknown
O002979,"2025-04-20 18:27:00",C00371,E0006,Headset,"Computer Accesossories",8,1499,0.2,"Debit Card",Canceled,Store,"Unit 17, Building 31","Urgent"
O002980,"2025-08-27 16:56:00",C00532,E0245,Keyboard,"Computer Accesossories",1,2499,0,Cash,Shipped,Store,Warehouse,"Gift order"
O002981,"2023-10-26 21:56:00",C00777,E0081,Headset,"Computer Accesossories",8,1499,0,"Debit Card",Processing,Unknown,"Unit 19, Building 12",Unknown
O002982,"2024-09-16 07:47:00",C00289,E0144,"Office chair","Office Furniture",4,4999,0.03,GCash,Returned,Online,"Unit 19, Building 31","Urgent"
O002983,"2024-06-22 11:28:00",C00378,E0049,Router,Networking,3,1499,0.05,"Debit Card",Delivered,Online,"649 Main St.","Urgent"
O002984,"2022-04-25 05:50:00",C00875,E0024,Mouse,"Computer Accesossories",3,1499,0,PayPal,Shipped,Marketplace,"Unit 8, Building 8","Urgent"
O002985,"2022-10-14 18:13:00",C00099,E0219,Printer,"Computer Accesossories",2,3499,0.05,GCash,Canceled,Store,"Unit 18, Building 28",Unknown
O002986,"2025-11-09 01:06:00",C00686,E0027,Printer,"Computer Accesossories",4,3499,0,"Debit Card",Shipped,Store,"Unit 2, Building 8","Deliver after 5PM"
O002987,"2025-12-19 18:54:00",C00925,E0187,Keyboard,"Computer Accesossories",8,2499,0.1,"Credit Card",Returned,Marketplace,"Unit 5, Building 38",Unknown
O002988,"2022-11-03 23:32:00",C00718,E0149,Projector,Electronics,5,4000,0.1,GCash,Returned,Online,"Unit 6, Building 50","Deliver after 5PM"
O002989,"2024-09-20 07:13:00",C00695,E0092,Laptop,"Mobile Devices",9,29999,0.1,GCash,Returned,Marketplace,"574 Bonifacio St.","Call customer"
O002990,"2023-09-06 12:45:00",C00930,E0058,Router,Networking,3,1499,0.05,"Bank Transfer",Delivered,Store,"Unit 20, Building 38",Unknown
O002991,"2025-03-16 19:54:00",C00405,E0220,"External drive",Electronics,5,999,0.15,"Bank Transfer",Shipped,Marketplace,"378 Mabini St.","Deliver after 5PM"
O002992,"2023-07-19 00:13:00",C00909,E0067,Headset,"Computer Accesossories",9,1499,0.05,GCash,Canceled,Store,"951 bonifacio st.","Urgent"
O002993,"2023-02-26 19:40:00",C00396,E0214,Router,Networking,10,1499,0.2,GCash,Returned,Online,"873 bonifacio st.","Gift order"
O002994,"2023-07-13 03:11:00",C00540,E0012,Headset,"Computer Accesossories",1,1499,0.03,GCash,Shipped,Unknown,"289 Quezon St.","Gift order"
O002995,"2025-06-25 12:18:00",C00090,E0131,Desk,"Office Furniture",7,19999,0.2,"Debit Card",Shipped,Online,"426 Main St.",Unknown
O002996,"2024-06-24 03:10:00",C00112,E0021,Headset,"Computer Accesossories",10,1499,0,Cash,Returned,Store,"Unit 6, Building 44","Urgent"
O002997,"2022-10-31 01:35:00",C00320,E0156,Tablet,"Mobile Devices",3,8999,0.2,Cash,Returned,Online,"Unit 5, Building 33",Unknown
O002998,"2024-10-11 04:54:00",C00644,E0199,Tablet,"Mobile Devices",5,8999,0.2,GCash,Canceled,Online,"545 Rizal St.","Call customer"
O002999,"2023-06-23 04:15:00",C00562,E0011,Router,Networking,10,1499,0.15,PayPal,Delivered,Online,"666 Main St.",Unknown
O003000,"2024-08-11 14:00:00",C00485,E0161,Router,Networking,5,1499,0.05,GCash,Pending,Marketplace,"Unit 14, Building 42",Unknown
O003001,"2025-10-01 20:10:00",C00536,E0192,UPS,Electronics,5,4999,0.03,PayPal,Shipped,Unknown,"54 Bonifacio St.","Call customer"
O003002,"2024-12-25 22:53:00",C00929,E0250,Headset,"Computer Accesossories",3,1499,0.2,"Credit Card",Shipped,Store,"Unit 15, Building 34","Deliver after 5PM"
O003003,"2023-03-25 00:20:00",C00735,E0081,Keyboard,"Computer Accesossories",10,2499,0.15,"Debit Card",Processing,Store,"Unit 16, Building 27",Unknown
O003004,"2025-12-08 12:36:00",C00302,E0071,Smartphone,"Mobile Devices",0,12999,0.1,"Debit Card",Delivered,Marketplace,"482 Bonifacio St.","Call customer"
O003005,"2025-08-12 21:32:00",C00088,E0022,UPS,Electronics,7,4999,0.15,"Credit Card",Processing,Online,"unit 7, building 3",Unknown
O003006,"2022-09-11 21:48:00",C00910,E0063,Mouse,"Computer Accesossories",9,1499,0,"Bank Transfer",Shipped,Marketplace,"922 Bonifacio St.",Unknown
O003007,"2023-03-17 01:30:00",C00356,E0132,Headset,"Computer Accesossories",5,1499,0.15,GCash,Unknown,Store,"836 Main St.","Gift order"
O003008,"2024-12-29 02:49:00",C00270,E0061,"External drive",Electronics,0,999,0.1,"Credit Card",Returned,Store,"953 Mabini St.",Unknown
O003009,"2022-03-27 05:19:00",C00707,E0102,Desk,"Office Furniture",8,19999,0,"Credit Card",Pending,Store,"452 Quezon St.","Call customer"
O003010,"2022-12-20 05:32:00",C00009,E0164,Laptop,"Mobile Devices",3,29999,0.2,n/a,Shipped,Store,"Unit 16, Building 13","Gift order"
O003011,"2025-12-10 06:46:00",C00760,E0168,Smartphone,"Mobile Devices",7,12999,0.1,"Credit Card",Shipped,Online,"Unit 4, Building 29","Gift order"
O003012,"2024-06-01 12:00:00",C00294,E0082,Headset,"Computer Accesossories",6,1499,0.03,"Debit Card",Delivered,Online,Warehouse,Unknown
O003013,"2025-02-19 11:05:00",C00557,E0213,Router,Networking,10,1499,0.1,Cash,Returned,Online,"764 Rizal St.",Unknown
O003014,"2024-02-22 15:23:00",C00205,E0136,"External drive",Electronics,4,999,0.15,"Bank Transfer",Canceled,Store,"766 Quezon St.","Deliver after 5PM"
O003015,"2024-04-20 05:11:00",C00862,E0229,Keyboard,"Computer Accesossories",5,2499,0.2,Cash,Shipped,Marketplace,"1 Quezon St.",Unknown
O003016,"2022-09-10 05:20:00",C00421,E0026,Monitor,"Computer Accesossories",7,9999,0.05,"Credit Card",Processing,Marketplace,"Unit 12, Building 31","Gift order"
O003017,"2025-10-30 15:45:00",C00369,E0029,UPS,Electronics,2,4999,0.1,n/a,Canceled,Online,"20 Mabini St.","Urgent"
O003018,"2024-04-25 13:55:00",C00174,E0194,Laptop,"Mobile Devices",7,29999,0,GCash,Delivered,Online,"60 Main St.",Unknown
O003019,"2023-04-19 00:47:00",C00180,E0215,Printer,"Computer Accesossories",10,3499,0,PayPal,Shipped,Unknown,"Unit 12, Building 27",Unknown
O003020,"2022-03-17 08:20:00",C00363,E0019,Unknown,Unknown,9,1999,0.03,"Debit Card",Pending,Store,"Unit 10, Building 15","Deliver after 5PM"
O003021,"2024-01-28 23:35:00",C00235,E0008,Keyboard,"Computer Accesossories",10,2499,0,Cash,Shipped,Online,Warehouse,"Call customer"
O003022,"2022-03-18 08:32:00",C00552,E0034,UPS,Electronics,6,4999,0,"Credit Card",Canceled,Online,"901 Bonifacio St.","Call customer"
O003023,"2025-08-18 14:46:00",C00512,E0097,Headset,"Computer Accesossories",8,1499,0.05,"Credit Card",Canceled,Online,"767 Bonifacio St.","Gift order"
O003024,"2025-09-17 09:02:00",C00873,E0060,Keyboard,"Computer Accesossories",8,2499,0.2,GCash,Processing,Unknown,"Unit 14, Building 12","Gift order"
O003025,"2022-11-14 18:22:00",C00265,E0181,"Office chair","Office Furniture",5,4999,0.1,"Bank Transfer",Pending,Store,"866 BONIFACIO ST.","Urgent"
O003026,"2023-08-13 23:00:00",C00482,E0133,Monitor,"Computer Accesossories",7,9999,0.03,PayPal,Canceled,Marketplace,"735 Mabini St.",Unknown
O003027,"2025-12-27 18:13:00",C00373,E0096,Keyboard,"Computer Accesossories",10,2499,0.03,"Debit Card",Delivered,Store,"860 Bonifacio St.","Call customer"
O003028,"2025-02-10 12:41:00",C00060,E0001,Laptop,"Mobile Devices",1,29999,0.15,GCash,Canceled,Unknown,"41 Quezon St.",Unknown
O003029,"2023-06-26 04:02:00",C00607,E0170,Webcam,"Computer Accesossories",2,1499,0.15,PayPal,Processing,Marketplace,"130 Rizal St.","Call customer"
O003030,"2022-07-04 11:40:00",C00368,E0208,Tablet,"Mobile Devices",8,8999,0.2,"Credit Card",Shipped,Online,"Unit 11, Building 31","Deliver after 5PM"
O003031,"2025-06-29 13:42:00",C00185,E0133,Monitor,"Computer Accesossories",8,9999,0,"Credit Card",Canceled,Store,"Unit 3, Building 28","Deliver after 5PM"
O003032,"2024-11-26 09:44:00",C00417,E0205,Smartphone,"Mobile Devices",0,12999,0.03,"Bank Transfer",Shipped,Marketplace,"Unit 19, Building 29","Urgent"
O003033,"2023-02-20 17:16:00",C00755,E0176,Router,Networking,7,1499,0.05,PayPal,Returned,Store,"Unit 10, Building 49","Gift order"
O003034,"2023-12-16 21:15:00",C00176,E0127,Router,Networking,8,1499,0,"Bank Transfer",Pending,Unknown,"919 Bonifacio St.",Unknown
O003035,"2024-10-30 15:03:00",C00125,E0004,Desk,"Office Furniture",8,19999,0,PayPal,Returned,Marketplace,"436 Main St.","Urgent"
O003036,"2022-11-10 17:52:00",C00741,E0156,Laptop,"Mobile Devices",6,29999,0,"Debit Card",Shipped,Online,"971 Rizal St.","Urgent"
O003037,"2022-02-22 15:00:00",C00281,E0192,Smartphone,"Mobile Devices",1,12999,0.2,GCash,Delivered,Online,"Unit 17, Building 38",Unknown
O003038,"2024-11-22 19:48:00",C00452,E0065,Desk,"Office Furniture",4,19999,0.1,PayPal,Canceled,Store,"364 Bonifacio St.",Unknown
O003039,"2022-04-22 04:20:00",C00651,E0132,Smartphone,"Mobile Devices",1,12999,0.2,"Debit Card",Canceled,Online,Warehouse,"Gift order"
O003040,"2024-08-02 09:39:00",C00129,E0081,UPS,Electronics,4,4999,0.2,GCash,Returned,Unknown,"425 Mabini St.","Gift order"
O003041,"2023-12-20 10:39:00",C00435,E0198,Printer,"Computer Accesossories",7,3499,0.1,GCash,Pending,Unknown,"853 Rizal St.","Deliver after 5PM"
O003042,"2022-05-26 14:29:00",C00755,E0225,"External drive",Electronics,6,999,0.15,Cash,Returned,Online,"299 Rizal St.",Unknown
O003043,"2024-01-05 00:43:00",C00654,E0011,"External drive",Electronics,1,999,0.03,GCash,Delivered,Store,"963 Quezon St.","Deliver after 5PM"
O003044,"2025-06-12 23:39:00",C00057,E0210,Headset,"Computer Accesossories",3,1499,0,PayPal,Processing,Unknown,"222 RIZAL ST.","Call customer"
O003045,"2025-04-18 22:06:00",C00188,E0164,Unknown,Unknown,4,1999,0.05,GCash,Pending,Store,"Unit 8, Building 4","Call customer"
O003046,"2022-05-24 17:40:00",C00919,E0227,"Office chair","Office Furniture",1,4999,0.1,Cash,Returned,Unknown,"Unit 18, Building 25","Urgent"
O003047,"2024-03-31 09:25:00",C00685,E0064,UPS,Electronics,8,4999,0,"Debit Card",Shipped,Online,"774 Mabini St.","Deliver after 5PM"
O003048,"2022-01-10 16:06:00",C00146,E0159,Projector,Electronics,7,4000,0.03,"Credit Card",Pending,Marketplace,"Unit 20, Building 47",Unknown
O003049,"2022-02-17 23:34:00",C00043,E0197,Headset,"Computer Accesossories",8,1499,0.1,GCash,Delivered,Store,"Unit 19, Building 39","Urgent"
O003050,"2023-12-10 16:40:00",C00780,E0088,Laptop,"Mobile Devices",4,29999,0.1,"Debit Card",Processing,Store,"Unit 2, Building 38","Gift order"
O003051,"2023-10-12 04:19:00",C00219,E0015,Printer,"Computer Accesossories",9,3499,0.05,"Bank Transfer",Unknown,Marketplace,"Unit 4, Building 24","Deliver after 5PM"
O003052,"2025-12-14 18:21:00",C00118,E0042,Laptop,"Mobile Devices",2,29999,0,"Credit Card",Pending,Online,"792 Mabini St.",Unknown
O003053,"2024-11-20 08:08:00",C00664,E0186,Monitor,"Computer Accesossories",7,9999,0.1,"Debit Card",Pending,Store,"Unit 20, Building 1","Deliver after 5PM"
O003054,"2025-01-28 10:32:00",C00122,E0138,Printer,"Computer Accesossories",5,3499,0.1,PayPal,Returned,Store,"Unit 8, Building 50",Unknown
O003055,"2024-10-11 18:34:00",C00381,E0139,UPS,Electronics,9,4999,0.03,"Credit Card",Delivered,Marketplace,"Unit 14, Building 19","Call customer"
O003056,"2024-06-04 22:49:00",C00081,E0052,Mouse,"Computer Accesossories",1,1499,0.15,"Bank Transfer",Processing,Store,"Unit 8, Building 5","Gift order"
O003057,"2022-06-28 11:29:00",C00264,E0202,Tablet,"Mobile Devices",6,8999,0.1,"Bank Transfer",Returned,Marketplace,"Unit 19, Building 48","Urgent"
O003058,"2023-09-25 20:15:00",C00102,E0245,Laptop,"Mobile Devices",1,29999,0.15,GCash,Delivered,Unknown,"870 Rizal St.","Deliver after 5PM"
O003059,"2022-03-08 08:26:00",C00963,E0120,"External drive",Electronics,5,999,0.15,GCash,Delivered,Online,"904 Mabini St.",Unknown
O003060,"2022-01-13 00:48:00",C00201,E0018,Projector,Electronics,3,4000,0.05,Cash,Processing,Marketplace,"715 Rizal St.","Deliver after 5PM"
O003061,"2023-08-10 14:00:00",C00340,E0214,Tablet,"Mobile Devices",2,8999,0.1,GCash,Delivered,Online,"Unit 15, Building 18","Deliver after 5PM"
O003062,"2025-01-19 20:10:00",C00740,E0102,Headset,"Computer Accesossories",9,1499,0.2,"Credit Card",Processing,Store,"466 Bonifacio St.","Deliver after 5PM"
O003063,"2025-06-17 16:28:00",C00686,E0180,Headset,"Computer Accesossories",7,1499,0,"Credit Card",Returned,Unknown,"Unit 11, Building 14","Urgent"
O003064,"2025-09-28 02:58:00",C00486,E0171,Mouse,"Computer Accesossories",1,1499,0,GCash,Pending,Store,"975 Bonifacio St.","Urgent"
O003065,"2025-01-13 07:57:00",C00091,E0109,Monitor,"Computer Accesossories",5,9999,0.2,GCash,Returned,Marketplace,"Unit 9, Building 19","Urgent"
O003066,"2023-12-23 20:41:00",C00267,E0239,Mouse,"Computer Accesossories",3,1499,0,n/a,Canceled,Online,"Unit 13, Building 35","Gift order"
O003067,"2025-11-10 03:15:00",C00275,E0055,Mouse,"Computer Accesossories",1,1499,0.05,GCash,Returned,Store,"400 Quezon St.","Gift order"
O003068,"2022-12-15 10:43:00",C00469,E0085,Webcam,"Computer Accesossories",6,1499,0.05,GCash,Pending,Marketplace,"Unit 17, Building 44",Unknown
O003069,"2023-10-28 18:25:00",C00003,E0110,"Office chair","Office Furniture",4,4999,0,PayPal,Delivered,Unknown,"Unit 13, Building 22","Deliver after 5PM"
O003070,"2025-05-02 21:45:00",C00663,E0160,Projector,Electronics,4,4000,0.15,n/a,Pending,Online,"Unit 5, Building 14",Unknown
O003071,"2025-03-13 08:24:00",C00430,E0210,Printer,"Computer Accesossories",5,3499,0,"Bank Transfer",Shipped,Store,"Unit 10, Building 13","Urgent"
O003072,"2023-06-01 02:04:00",C00892,E0213,"Office chair","Office Furniture",7,4999,0,GCash,Canceled,Marketplace,"693 Mabini St.","Deliver after 5PM"
O003073,"2023-09-18 13:29:00",C00378,E0208,Mouse,"Computer Accesossories",1,1499,0.1,"Debit Card",Shipped,Online,"426 QUEZON ST.","Urgent"
O003074,"2022-01-07 15:46:00",C00150,E0018,"Office chair","Office Furniture",3,4999,0.05,"Credit Card",Shipped,Marketplace,"584 Quezon St.","Deliver after 5PM"
O003075,"2025-01-25 17:29:00",C00783,E0234,"Office chair","Office Furniture",10,4999,0.2,"Credit Card",Shipped,Unknown,"Unit 13, Building 28",Unknown
O003076,"2024-01-28 20:51:00",C00629,E0208,Desk,"Office Furniture",2,19999,0.1,"Bank Transfer",Pending,Store,"27 Rizal St.","Deliver after 5PM"
O003077,"2024-04-18 00:27:00",C00126,E0208,Mouse,"Computer Accesossories",5,1499,0,GCash,Unknown,Online,"611 Bonifacio St.","Urgent"
O003078,"2023-08-07 10:01:00",C00785,E0175,Tablet,"Mobile Devices",3,8999,0.15,GCash,Shipped,Online,"146 Main St.",Unknown
O003079,"2024-04-29 07:57:00",C00434,E0050,Printer,"Computer Accesossories",4,3499,0.15,"Credit Card",Pending,Online,"260 Mabini St.",Unknown
O003080,"2023-05-16 17:16:00",C00833,E0222,Keyboard,"Computer Accesossories",9,2499,0.1,"Credit Card",Canceled,Store,"792 Rizal St.","Call customer"
O003081,"2023-08-08 18:47:00",C00865,E0215,Keyboard,"Computer Accesossories",9,2499,0,PayPal,Processing,Online,"Unit 1, Building 2",Unknown
O003082,"2024-09-23 16:02:00",C00699,E0218,"External drive",Electronics,10,999,0.2,PayPal,Returned,Online,"Unit 17, Building 14",Unknown
O003083,"2022-09-04 07:36:00",C00264,E0040,Printer,"Computer Accesossories",9,3499,0.05,GCash,Pending,Online,"Unit 6, Building 44","Call customer"
O003084,"2022-11-04 01:37:00",C00303,E0138,Laptop,"Mobile Devices",5,29999,0.05,"Bank Transfer",Pending,Store,"251 Mabini St.","Urgent"
O003085,"2024-07-03 04:03:00",C00657,E0210,Printer,"Computer Accesossories",3,3499,0.05,"Debit Card",Canceled,Online,"unit 5, building 49","Urgent"
O003086,"2024-12-08 03:18:00",C00539,E0037,Printer,"Computer Accesossories",1,3499,0.2,"Debit Card",Shipped,Online,"Unit 9, Building 42",Unknown
O003087,"2025-05-12 13:45:00",C00865,E0006,Smartphone,"Mobile Devices",7,12999,0,"Credit Card",Pending,Store,"284 Bonifacio St.","Deliver after 5PM"
O003088,"2025-04-07 15:33:00",C00462,E0009,Keyboard,"Computer Accesossories",0,2499,0,GCash,Processing,Online,"624 Main St.","Deliver after 5PM"
O003089,"2025-02-08 06:29:00",C00073,E0160,UPS,Electronics,6,4999,0.1,"Bank Transfer",Pending,Online,"Unit 2, Building 35",Unknown
O003090,"2023-02-11 17:31:00",C00324,E0079,Desk,"Office Furniture",6,19999,0.2,"Credit Card",Processing,Store,"UNIT 11, BUILDING 31","Gift order"
O003091,"2022-01-11 04:35:00",C00021,E0011,Keyboard,"Computer Accesossories",6,2499,0.15,Cash,Processing,Marketplace,"Unit 9, Building 37",Unknown
O003092,"2022-01-07 11:23:00",C00080,E0203,Webcam,"Computer Accesossories",8,1499,0.05,PayPal,Canceled,Store,"179 Main St.","Gift order"
O003093,"2023-12-26 20:55:00",C00453,E0114,Projector,Electronics,5,4000,0,"Debit Card",Canceled,Unknown,"Unit 14, Building 19","Call customer"
O003094,"2022-04-21 22:53:00",C00133,E0090,"External drive",Electronics,6,999,0.1,PayPal,Shipped,Online,"Unit 8, Building 22","Gift order"
O003095,"2022-05-11 03:48:00",C00910,E0207,Unknown,Unknown,9,1999,0.03,GCash,Pending,Store,"Unit 5, Building 2","Urgent"
O003096,"2023-12-13 00:54:00",C00265,E0213,Keyboard,"Computer Accesossories",6,2499,0.1,"Bank Transfer",Delivered,Online,"719 Bonifacio St.","Urgent"
O003097,"2023-01-11 20:55:00",C00282,E0032,Desk,"Office Furniture",9,19999,0.15,GCash,Shipped,Marketplace,"Unit 18, Building 4",Unknown
O003098,"2023-04-15 00:44:00",C00614,E0223,Router,Networking,1,1499,0.05,GCash,Returned,Online,"804 mabini st.",Unknown
O003099,"2024-09-13 01:09:00",C00359,E0147,Headset,"Computer Accesossories",3,1499,0.2,GCash,Pending,Online,"321 Main St.",Unknown
O003100,"2022-10-17 01:53:00",C00192,E0240,UPS,Electronics,6,4999,0.2,"Bank Transfer",Processing,Store,"Unit 12, Building 25","Call customer"
O003101,"2022-06-16 23:20:00",C00288,E0025,Unknown,Unknown,10,999,0.2,"Debit Card",Canceled,Marketplace,"390 Rizal St.","Deliver after 5PM"
O003102,"2022-05-27 02:07:00",C00181,E0085,Tablet,"Mobile Devices",0,8999,0,"Debit Card",Shipped,Online,"unit 1, building 18",Unknown
O003103,"2024-11-06 01:16:00",C00866,E0061,Laptop,"Mobile Devices",5,29999,0.03,"Debit Card",Processing,Store,"430 Bonifacio St.",Unknown
O003104,"2024-02-01 00:11:00",C00439,E0192,"External drive",Electronics,1,999,0.05,"Debit Card",Canceled,Online,"603 Bonifacio St.","Gift order"
O003105,"2023-07-22 22:33:00",C00205,E0094,Keyboard,"Computer Accesossories",5,2499,0,PayPal,Returned,Online,"121 Main St.","Gift order"
O003106,"2023-05-03 15:42:00",C00040,E0019,Projector,Electronics,10,4000,0.2,GCash,Returned,Unknown,"741 Main St.","Urgent"
O003107,"2024-10-09 03:49:00",C00254,E0169,Mouse,"Computer Accesossories",10,1499,0,Cash,Canceled,Store,"Unit 5, Building 6",Unknown
O003108,"2023-06-04 23:18:00",C00078,E0123,Webcam,"Computer Accesossories",1,1499,0,"Debit Card",Shipped,Unknown,"525 Rizal St.","Deliver after 5PM"
O003109,"2024-03-24 12:56:00",C00018,E0236,Headset,"Computer Accesossories",2,1499,0,"Credit Card",Shipped,Store,Warehouse,"Deliver after 5PM"
O003110,"2024-04-16 09:08:00",C00593,E0059,Router,Networking,4,1499,0.05,Cash,Returned,Online,"Unit 14, Building 42",Unknown
O003111,"2025-02-21 14:57:00",C00166,E0116,UPS,Electronics,10,4999,0.2,Cash,Returned,Online,"458 Rizal St.","Deliver after 5PM"
O003112,"2024-05-29 13:37:00",C00595,E0032,"Office chair","Office Furniture",7,4999,0,"Bank Transfer",Shipped,Store,"unit 17, building 14","Deliver after 5PM"
O003113,"2025-02-13 04:10:00",C00647,E0171,Unknown,Unknown,9,1499,0.2,"Debit Card",Canceled,Online,"780 Rizal St.","Urgent"
O003114,"2024-06-14 03:25:00",C00534,E0197,Projector,Electronics,4,4000,0.03,"Debit Card",Pending,Marketplace,"737 Main St.","Call customer"
O003115,"2023-05-11 11:54:00",C00669,E0094,Tablet,"Mobile Devices",6,8999,0.05,PayPal,Returned,Online,"799 Mabini St.","Call customer"
O003116,"2023-01-26 02:36:00",C00327,E0219,Printer,"Computer Accesossories",7,3499,0.03,"Debit Card",Processing,Online,"Unit 5, Building 11","Gift order"
O003117,"2025-11-29 00:03:00",C00975,E0061,Desk,"Office Furniture",2,19999,0.15,GCash,Processing,Store,"Unit 19, Building 43",Unknown
O003118,"2025-02-16 23:32:00",C00076,E0037,"External drive",Electronics,9,999,0,"Credit Card",Returned,Store,"723 Rizal St.",Unknown
O003119,"2022-02-17 22:05:00",C00279,E0203,Webcam,"Computer Accesossories",6,1499,0,Cash,Returned,Store,Warehouse,Unknown
O003120,"2023-01-18 13:32:00",C00580,E0086,Mouse,"Computer Accesossories",0,1499,0.05,"Credit Card",Delivered,Marketplace,"Unit 13, Building 20","Gift order"
O003121,"2025-10-14 12:06:00",C00781,E0198,Smartphone,"Mobile Devices",7,12999,0.1,"Debit Card",Canceled,Online,"Unit 18, Building 42","Call customer"
O003122,"2024-06-09 01:52:00",C00008,E0053,UPS,Electronics,2,4999,0.05,"Credit Card",Returned,Unknown,"Unit 10, Building 29","Call customer"
O003123,"2024-04-06 07:50:00",C00889,E0054,Unknown,Unknown,4,1999,0.2,"Debit Card",Returned,Unknown,"903 Main St.","Urgent"
O003124,"2022-08-19 04:49:00",C00752,E0010,Mouse,"Computer Accesossories",6,1499,0,"Debit Card",Returned,Store,"20 Main St.",Unknown
O003125,"2022-11-20 10:10:00",C00784,E0024,Smartphone,"Mobile Devices",5,12999,0.2,GCash,Canceled,Online,"Unit 20, Building 43","Urgent"
O003126,"2022-03-03 10:36:00",C00687,E0189,Projector,Electronics,10,4000,0.05,"Debit Card",Delivered,Unknown,"645 Main St.","Call customer"
O003127,"2024-07-27 05:27:00",C00476,E0104,Laptop,"Mobile Devices",9,29999,0,PayPal,Delivered,Store,"564 Rizal St.",Unknown
O003128,"2023-12-08 22:49:00",C00397,E0083,Projector,Electronics,3,4000,0.05,"Bank Transfer",Canceled,Store,"UNIT 18, BUILDING 46","Gift order"
O003129,"2025-09-19 17:04:00",C00119,E0065,Unknown,Unknown,2,7999,0.03,"Debit Card",Canceled,Store,"998 Bonifacio St.","Call customer"
O003130,"2025-01-31 05:03:00",C00541,E0027,Printer,"Computer Accesossories",6,3499,0,"Debit Card",Pending,Unknown,"67 Mabini St.","Call customer"
O003131,"2024-05-05 11:29:00",C00724,E0193,Webcam,"Computer Accesossories",2,1499,0.15,GCash,Returned,Store,"384 Quezon St.","Deliver after 5PM"
O003132,"2025-05-18 16:27:00",C00030,E0059,Monitor,"Computer Accesossories",8,9999,0,GCash,Returned,Marketplace,"Unit 17, Building 44","Call customer"
O003133,"2025-09-30 04:24:00",C00754,E0077,"External drive",Electronics,3,999,0.03,"Bank Transfer",Canceled,Store,"unit 11, building 34","Urgent"
O003134,"2022-04-27 09:00:00",C00866,E0060,Monitor,"Computer Accesossories",5,9999,0,Cash,Pending,Online,"415 rizal st.",Unknown
O003135,"2023-09-19 11:05:00",C00466,E0027,Webcam,"Computer Accesossories",10,1499,0,"Credit Card",Pending,Online,"19 Quezon St.","Urgent"
O003136,"2024-12-04 05:16:00",C00189,E0176,UPS,Electronics,4,4999,0.15,Cash,Shipped,Store,"Unit 14, Building 23","Call customer"
O003137,"2024-08-18 18:54:00",C00053,E0025,Mouse,"Computer Accesossories",7,1499,0.1,"Debit Card",Delivered,Store,"655 Rizal St.","Deliver after 5PM"
O003138,"2023-09-28 16:16:00",C00232,E0081,Laptop,"Mobile Devices",5,29999,0,"Credit Card",Returned,Unknown,"Unit 14, Building 44",Unknown
O003139,"2025-05-16 13:04:00",C00761,E0147,Monitor,"Computer Accesossories",3,9999,0.05,"Credit Card",Shipped,Store,"324 MAIN ST.","Gift order"
O003140,"2024-01-25 16:48:00",C00492,E0179,Projector,Electronics,6,4000,0.1,PayPal,Shipped,Online,"411 Mabini St.","Deliver after 5PM"
O003141,"2022-05-06 13:17:00",C00964,E0150,"Office chair","Office Furniture",1,4999,0.03,Cash,Pending,Unknown,"Unit 15, Building 10","Deliver after 5PM"
O003142,"2023-08-16 16:28:00",C00350,E0058,Monitor,"Computer Accesossories",7,9999,0.15,Cash,Delivered,Online,"378 Main St.","Call customer"
O003143,"2023-07-21 10:38:00",C00744,E0151,Webcam,"Computer Accesossories",4,1499,0.1,Cash,Processing,Marketplace,"Unit 11, Building 45","Urgent"
O003144,"2023-05-20 02:33:00",C00039,E0050,"Office chair","Office Furniture",2,4999,0.1,GCash,Returned,Store,"Unit 14, Building 5","Call customer"
O003145,"2024-12-08 11:19:00",C00756,E0042,Router,Networking,5,1499,0,GCash,Delivered,Marketplace,"577 Mabini St.","Gift order"
O003146,"2023-10-24 09:44:00",C00085,E0115,Printer,"Computer Accesossories",1,3499,0.2,"Bank Transfer",Canceled,Unknown,"409 Mabini St.","Gift order"
O003147,"2024-03-13 02:46:00",C00866,E0115,Tablet,"Mobile Devices",7,8999,0.03,Cash,Canceled,Online,"74 Main St.","Gift order"
O003148,"2025-10-24 22:50:00",C00755,E0071,UPS,Electronics,10,4999,0.03,"Credit Card",Pending,Online,"Unit 2, Building 10","Call customer"
O003149,"2024-12-11 03:50:00",C00073,E0171,Keyboard,"Computer Accesossories",7,2499,0.03,"Debit Card",Pending,Online,"Unit 5, Building 48",Unknown
O003150,"2023-09-28 01:25:00",C00691,E0245,UPS,Electronics,10,4999,0.1,"Bank Transfer",Delivered,Unknown,"Unit 1, Building 37",Unknown
O003151,"2025-10-10 00:01:00",C00183,E0092,Headset,"Computer Accesossories",4,1499,0,PayPal,Canceled,Online,"963 Main St.","Gift order"
O003152,"2022-12-14 13:36:00",C00618,E0237,Webcam,"Computer Accesossories",10,1499,0.03,"Bank Transfer",Returned,Store,"Unit 11, Building 34",Unknown
O003153,"2025-03-28 11:53:00",C00417,E0047,Smartphone,"Mobile Devices",4,12999,0,PayPal,Processing,Unknown,"Unit 5, Building 32",Unknown
O003154,"2022-08-31 23:19:00",C00193,E0031,Unknown,Unknown,1,499,0.2,"Bank Transfer",Canceled,Online,"475 Main St.",Unknown
O003155,"2022-03-10 22:25:00",C00088,E0123,Router,Networking,7,1499,0.03,PayPal,Processing,Marketplace,"Unit 11, Building 28",Unknown
O003156,"2024-05-23 19:17:00",C00089,E0063,Monitor,"Computer Accesossories",10,9999,0.1,"Bank Transfer",Returned,Marketplace,"933 Main St.",Unknown
O003157,"2022-08-25 23:51:00",C00822,E0050,Keyboard,"Computer Accesossories",8,2499,0.15,"Credit Card",Canceled,Online,"456 Mabini St.",Unknown
O003158,"2023-01-25 12:27:00",C00439,E0103,Desk,"Office Furniture",5,19999,0.2,Cash,Canceled,Store,"128 Bonifacio St.","Call customer"
O003159,"2022-12-04 23:16:00",C00851,E0104,Mouse,"Computer Accesossories",1,1499,0.2,"Credit Card",Shipped,Online,"Unit 4, Building 23","Urgent"
O003160,"2023-07-04 17:42:00",C00266,E0239,Keyboard,"Computer Accesossories",2,2499,0,"Debit Card",Processing,Store,Warehouse,Unknown
O003161,"2024-11-26 15:52:00",C00953,E0084,Monitor,"Computer Accesossories",10,9999,0.15,n/a,Returned,Online,"117 Rizal St.","Call customer"
O003162,"2025-05-21 10:59:00",C00621,E0127,Smartphone,"Mobile Devices",5,12999,0.05,Cash,Shipped,Store,"UNIT 8, BUILDING 10","Gift order"
O003163,"2025-06-24 09:25:00",C00405,E0191,Router,Networking,8,1499,0.2,GCash,Canceled,Online,"51 Mabini St.","Call customer"
O003164,"2025-04-09 09:31:00",C00679,E0009,Monitor,"Computer Accesossories",6,9999,0.05,GCash,Unknown,Online,"Unit 16, Building 2","Call customer"
O003165,"2023-02-14 08:32:00",C00054,E0223,Tablet,"Mobile Devices",1,8999,0.15,"Debit Card",Canceled,Online,Warehouse,"Deliver after 5PM"
O003166,"2024-08-05 19:06:00",C00687,E0101,Tablet,"Mobile Devices",9,8999,0.05,PayPal,Canceled,Store,"732 Bonifacio St.","Gift order"
O003167,"2025-08-24 17:47:00",C00854,E0093,Mouse,"Computer Accesossories",9,1499,0.1,"Debit Card",Pending,Online,"172 Quezon St.","Urgent"
O003168,"2024-07-22 17:50:00",C00845,E0098,"External drive",Electronics,6,999,0.03,"Credit Card",Delivered,Online,"Unit 12, Building 5","Deliver after 5PM"
O003169,"2025-05-23 22:08:00",C00088,E0131,Webcam,"Computer Accesossories",6,1499,0.1,"Debit Card",Returned,Online,"Unit 2, Building 42",Unknown
O003170,"2025-06-28 03:45:00",C00539,E0057,Keyboard,"Computer Accesossories",8,2499,0.2,"Debit Card",Delivered,Store,"Unit 14, Building 14","Gift order"
O003171,"2023-11-15 08:29:00",C00534,E0085,Tablet,"Mobile Devices",3,8999,0,"Debit Card",Delivered,Online,"Unit 7, Building 17","Urgent"
O003172,"2023-05-14 07:05:00",C00574,E0144,Webcam,"Computer Accesossories",8,1499,0,Cash,Shipped,Unknown,"955 Main St.",Unknown
O003173,"2023-04-09 09:22:00",C00325,E0181,Desk,"Office Furniture",6,19999,0.2,n/a,Pending,Online,"Unit 14, Building 27","Gift order"
O003174,"2023-07-06 00:25:00",C00771,E0012,Router,Networking,0,1499,0,"Credit Card",Shipped,Store,"716 Mabini St.","Urgent"
O003175,"2024-12-02 06:30:00",C00808,E0136,Projector,Electronics,5,4000,0.03,"Debit Card",Delivered,Store,"530 Mabini St.","Gift order"
O003176,"2023-11-06 08:52:00",C00263,E0084,Headset,"Computer Accesossories",4,1499,0.03,"Credit Card",Delivered,Online,"359 Mabini St.","Gift order"
O003177,"2024-06-13 08:11:00",C00097,E0247,Projector,Electronics,2,4000,0.03,"Bank Transfer",Unknown,Online,"3 Mabini St.","Gift order"
O003178,"2024-10-28 20:31:00",C00144,E0054,Router,Networking,4,1499,0.03,"Bank Transfer",Pending,Online,"Unit 1, Building 19",Unknown
O003179,"2025-05-21 13:49:00",C00792,E0021,Mouse,"Computer Accesossories",3,1499,0,PayPal,Processing,Unknown,"452 Bonifacio St.","Call customer"
O003180,"2024-09-04 03:19:00",C00340,E0212,"External drive",Electronics,4,999,0.03,"Bank Transfer",Canceled,Online,"Unit 16, Building 10","Deliver after 5PM"
O003181,"2025-12-20 06:10:00",C00097,E0135,"External drive",Electronics,7,999,0.03,PayPal,Shipped,Store,"880 Quezon St.","Call customer"
O003182,"2023-12-30 07:30:00",C00091,E0247,Mouse,"Computer Accesossories",2,1499,0,GCash,Pending,Online,"Unit 5, Building 11",Unknown
O003183,"2022-04-13 18:20:00",C00305,E0038,Laptop,"Mobile Devices",8,29999,0.2,"Credit Card",Shipped,Marketplace,"521 Mabini St.",Unknown
O003184,"2025-03-03 17:40:00",C00521,E0050,Webcam,"Computer Accesossories",1,1499,0.2,GCash,Pending,Store,"Unit 18, Building 10","Deliver after 5PM"
O003185,"2024-10-13 06:07:00",C00250,E0240,Tablet,"Mobile Devices",1,8999,0.03,PayPal,Processing,Online,"542 Bonifacio St.",Unknown
O003186,"2024-08-05 09:06:00",C00245,E0026,Projector,Electronics,9,4000,0.1,"Debit Card",Processing,Unknown,"Unit 10, Building 38",Unknown
O003187,"2022-09-29 21:31:00",C00050,E0051,Webcam,"Computer Accesossories",1,1499,0.15,Cash,Pending,Marketplace,"758 Mabini St.","Urgent"
O003188,"2022-04-16 19:00:00",C00538,E0005,Mouse,"Computer Accesossories",2,1499,0.15,Cash,Canceled,Unknown,"387 Quezon St.","Deliver after 5PM"
O003189,"2022-08-03 20:10:00",C00200,E0121,Smartphone,"Mobile Devices",7,12999,0.15,PayPal,Canceled,Unknown,"243 Mabini St.","Deliver after 5PM"
O003190,"2023-12-01 04:07:00",C00561,E0108,Tablet,"Mobile Devices",8,8999,0.03,Cash,Canceled,Marketplace,"Unit 17, Building 37","Call customer"
O003191,"2022-10-11 03:07:00",C00900,E0233,Unknown,Unknown,6,9999,0.1,GCash,Canceled,Unknown,"847 main st.","Call customer"
O003192,"2022-03-15 14:41:00",C00068,E0135,Unknown,Unknown,5,9999,0.03,"Debit Card",Delivered,Online,"unit 19, building 49","Deliver after 5PM"
O003193,"2024-12-13 09:15:00",C00290,E0010,Webcam,"Computer Accesossories",3,1499,0.05,"Credit Card",Returned,Unknown,"unit 4, building 44","Call customer"
O003194,"2022-08-02 22:47:00",C00233,E0143,Printer,"Computer Accesossories",7,3499,0.03,"Credit Card",Canceled,Online,"399 Main St.","Urgent"
O003195,"2025-05-11 21:13:00",C00277,E0125,Smartphone,"Mobile Devices",10,12999,0,"Credit Card",Pending,Store,"Unit 4, Building 34","Deliver after 5PM"
O003196,"2023-10-26 17:56:00",C00530,E0108,Printer,"Computer Accesossories",8,3499,0.2,Cash,Processing,Online,"Unit 3, Building 22",Unknown
O003197,"2022-09-15 07:51:00",C00261,E0223,Headset,"Computer Accesossories",10,1499,0.1,Cash,Pending,Store,"Unit 12, Building 22",Unknown
O003198,"2023-06-26 06:40:00",C00688,E0022,"External drive",Electronics,10,999,0.15,"Credit Card",Pending,Unknown,"Unit 16, Building 20","Deliver after 5PM"
O003199,"2025-03-08 07:19:00",C00322,E0042,Laptop,"Mobile Devices",5,29999,0.1,GCash,Delivered,Unknown,"931 Main St.",Unknown
O003200,"2025-02-22 02:12:00",C00348,E0008,Desk,"Office Furniture",0,19999,0.1,"Bank Transfer",Pending,Store,"Unit 6, Building 23",Unknown
O003201,"2024-07-11 05:48:00",C00790,E0175,Tablet,"Mobile Devices",3,8999,0,Cash,Shipped,Marketplace,"Unit 14, Building 39",Unknown
O003202,"2023-10-30 15:04:00",C00496,E0118,Laptop,"Mobile Devices",2,29999,0,GCash,Processing,Store,"Unit 12, Building 8",Unknown
O003203,"2023-04-14 23:45:00",C00535,E0177,Desk,"Office Furniture",5,19999,0,"Bank Transfer",Processing,Online,"562 Bonifacio St.","Deliver after 5PM"
O003204,"2024-04-17 21:52:00",C00050,E0129,Laptop,"Mobile Devices",1,29999,0.1,"Credit Card",Pending,Online,"Unit 16, Building 17","Deliver after 5PM"
O003205,"2025-05-02 17:34:00",C00730,E0075,Keyboard,"Computer Accesossories",9,2499,0,n/a,Pending,Marketplace,"411 Mabini St.","Deliver after 5PM"
O003206,"2022-11-29 16:52:00",C00898,E0155,"Office chair","Office Furniture",5,4999,0.1,"Bank Transfer",Processing,Marketplace,"157 Mabini St.","Deliver after 5PM"
O003207,"2023-01-17 12:32:00",C00349,E0012,Desk,"Office Furniture",1,19999,0.03,"Bank Transfer",Processing,Online,"898 Quezon St.",Unknown
O003208,"2022-09-28 06:51:00",C00261,E0127,Desk,"Office Furniture",10,19999,0.2,"Debit Card",Processing,Store,"27 Bonifacio St.","Deliver after 5PM"
O003209,"2022-04-06 18:40:00",C00344,E0070,Smartphone,"Mobile Devices",4,12999,0.05,"Credit Card",Shipped,Online,"Unit 13, Building 32","Gift order"
O003210,"2022-06-16 13:17:00",C00119,E0200,Unknown,Unknown,1,1999,0,"Credit Card",Shipped,Store,"406 RIZAL ST.",Unknown
O003211,"2023-09-11 08:36:00",C00376,E0120,Laptop,"Mobile Devices",3,29999,0.05,"Bank Transfer",Returned,Online,"916 Mabini St.","Call customer"
O003212,"2023-06-23 03:09:00",C00710,E0093,UPS,Electronics,4,4999,0,PayPal,Delivered,Online,"177 Rizal St.","Urgent"
O003213,"2025-11-03 19:24:00",C00674,E0218,Desk,"Office Furniture",8,19999,0.15,"Debit Card",Shipped,Unknown,"Unit 8, Building 38","Call customer"
O003214,"2025-05-02 09:14:00",C00233,E0117,Monitor,"Computer Accesossories",7,9999,0.2,"Bank Transfer",Pending,Online,"Unit 5, Building 31",Unknown
O003215,"2023-05-19 10:40:00",C00497,E0058,Desk,"Office Furniture",5,19999,0.1,"Credit Card",Shipped,Online,"7 Quezon St.",Unknown
O003216,"2022-12-29 21:06:00",C00114,E0041,Laptop,"Mobile Devices",4,29999,0.1,Cash,Shipped,Store,"Unit 7, Building 25",Unknown
O003217,"2025-08-14 04:42:00",C00442,E0076,Unknown,Unknown,9,4999,0.03,"Bank Transfer",Pending,Store,"Unit 19, Building 45","Call customer"
O003218,"2023-10-13 20:19:00",C00225,E0152,Laptop,"Mobile Devices",1,29999,0.1,GCash,Processing,Marketplace,"Unit 9, Building 13","Gift order"
O003219,"2024-03-17 12:04:00",C00607,E0082,Desk,"Office Furniture",4,19999,0,"Debit Card",Canceled,Online,"Unit 20, Building 2","Call customer"
O003220,"2023-08-25 21:12:00",C00607,E0070,Mouse,"Computer Accesossories",3,1499,0.03,"Credit Card",Pending,Online,"Unit 7, Building 22",Unknown
O003221,"2025-02-18 11:54:00",C00194,E0033,Desk,"Office Furniture",6,19999,0,GCash,Shipped,Store,"Unit 10, Building 34","Call customer"
O003222,"2023-03-10 03:11:00",C00880,E0155,"External drive",Electronics,6,999,0,n/a,Returned,Store,"Unit 15, Building 44","Deliver after 5PM"
O003223,"2024-09-30 00:18:00",C00808,E0005,Headset,"Computer Accesossories",8,1499,0.03,"Debit Card",Canceled,Store,"644 Bonifacio St.",Unknown
O003224,"2025-05-04 14:12:00",C00152,E0066,Monitor,"Computer Accesossories",6,9999,0,"Credit Card",Canceled,Marketplace,"222 Main St.","Gift order"
O003225,"2024-01-18 20:33:00",C00611,E0049,Keyboard,"Computer Accesossories",9,2499,0,GCash,Returned,Unknown,"816 Bonifacio St.","Urgent"
O003226,"2022-11-09 05:46:00",C00423,E0016,Laptop,"Mobile Devices",10,29999,0.05,"Debit Card",Shipped,Store,"Unit 19, Building 26",Unknown
O003227,"2023-06-24 13:57:00",C00558,E0032,Keyboard,"Computer Accesossories",8,2499,0,"Bank Transfer",Processing,Online,"Unit 13, Building 14","Gift order"
O003228,"2023-01-12 15:12:00",C00042,E0132,"Office chair","Office Furniture",5,4999,0.1,"Bank Transfer",Pending,Online,"Unit 5, Building 32","Deliver after 5PM"
O003229,"2024-11-06 10:15:00",C00088,E0199,Laptop,"Mobile Devices",7,29999,0.15,"Credit Card",Canceled,Unknown,"Unit 1, Building 43","Deliver after 5PM"
O003230,"2024-10-03 00:39:00",C00692,E0139,Printer,"Computer Accesossories",3,3499,0,GCash,Processing,Online,"Unit 6, Building 16","Call customer"
O003231,"2023-09-09 06:34:00",C00583,E0036,Mouse,"Computer Accesossories",8,1499,0,GCash,Shipped,Marketplace,"444 Mabini St.",Unknown
O003232,"2023-05-31 05:06:00",C00573,E0213,Projector,Electronics,6,4000,0.05,"Credit Card",Unknown,Store,"Unit 14, Building 5",Unknown
O003233,"2025-10-15 07:20:00",C00601,E0091,Tablet,"Mobile Devices",10,8999,0.2,"Credit Card",Unknown,Store,"Unit 15, Building 16","Call customer"
O003234,"2024-03-15 02:05:00",C00601,E0175,Monitor,"Computer Accesossories",5,9999,0.15,"Debit Card",Pending,Marketplace,"Unit 15, Building 13","Urgent"
O003235,"2023-10-31 23:01:00",C00957,E0149,Unknown,Unknown,1,799,0,GCash,Delivered,Marketplace,"39 Mabini St.",Unknown
O003236,"2023-09-12 09:10:00",C00396,E0213,Keyboard,"Computer Accesossories",6,2499,0.2,"Credit Card",Shipped,Store,Warehouse,"Gift order"
O003237,"2024-01-28 09:09:00",C00881,E0063,Router,Networking,6,1499,0.15,Cash,Returned,Store,"566 Mabini St.","Deliver after 5PM"
O003238,"2024-12-24 19:51:00",C00340,E0021,Laptop,"Mobile Devices",2,29999,0,"Credit Card",Pending,Store,"721 Rizal St.","Call customer"
O003239,"2024-08-12 22:28:00",C00725,E0212,Monitor,"Computer Accesossories",3,9999,0.1,"Debit Card",Processing,Marketplace,"Unit 5, Building 22",Unknown
O003240,"2025-11-30 07:47:00",C00053,E0158,Smartphone,"Mobile Devices",7,12999,0,GCash,Shipped,Store,"108 MABINI ST.","Call customer"
O003241,"2025-10-28 13:32:00",C00637,E0030,Printer,"Computer Accesossories",8,3499,0.1,Cash,Canceled,Online,"Unit 11, Building 47","Urgent"
O003242,"2022-07-17 02:03:00",C00841,E0048,Mouse,"Computer Accesossories",3,1499,0.03,GCash,Pending,Online,"945 Main St.","Call customer"
O003243,"2024-04-07 13:45:00",C00393,E0038,Smartphone,"Mobile Devices",0,12999,0.05,"Credit Card",Returned,Store,"384 Bonifacio St.",Unknown
O003244,"2025-07-25 05:47:00",C00090,E0207,UPS,Electronics,4,4999,0.2,GCash,Delivered,Marketplace,"Unit 8, Building 35","Urgent"
O003245,"2025-03-25 19:28:00",C00486,E0051,Monitor,"Computer Accesossories",7,9999,0.05,GCash,Pending,Store,"Unit 20, Building 10","Call customer"
O003246,"2022-02-13 18:15:00",C00557,E0019,Headset,"Computer Accesossories",4,1499,0.15,n/a,Returned,Store,"887 rizal st.","Gift order"
O003247,"2023-08-23 15:09:00",C00671,E0147,Smartphone,"Mobile Devices",6,12999,0.1,Cash,Processing,Online,"109 Main St.","Gift order"
O003248,"2025-07-31 00:50:00",C00191,E0052,Laptop,"Mobile Devices",7,29999,0,"Bank Transfer",Pending,Online,"690 Main St.","Gift order"
O003249,"2025-07-31 03:08:00",C00178,E0065,"Office chair","Office Furniture",1,4999,0.2,Cash,Returned,Marketplace,"169 Bonifacio St.","Gift order"
O003250,"2024-07-01 06:29:00",C00389,E0077,Laptop,"Mobile Devices",4,29999,0,PayPal,Processing,Unknown,"612 Mabini St.",Unknown
O003251,"2025-07-04 03:57:00",C00115,E0035,Mouse,"Computer Accesossories",4,1499,0.2,n/a,Processing,Online,"921 Quezon St.",Unknown
O003252,"2024-10-02 00:36:00",C00304,E0052,Router,Networking,7,1499,0,"Debit Card",Shipped,Online,"Unit 12, Building 20",Unknown
O003253,"2025-07-18 23:24:00",C00419,E0050,Tablet,"Mobile Devices",2,8999,0.1,"Debit Card",Canceled,Online,"Unit 14, Building 48","Gift order"
O003254,"2022-06-06 00:09:00",C00848,E0206,Smartphone,"Mobile Devices",5,12999,0.1,Cash,Pending,Store,"634 Main St.",Unknown
O003255,"2022-05-15 04:47:00",C00418,E0244,Keyboard,"Computer Accesossories",4,2499,0.2,PayPal,Pending,Marketplace,"539 Quezon St.",Unknown
O003256,"2022-09-24 04:42:00",C00063,E0196,Printer,"Computer Accesossories",8,3499,0.15,Cash,Pending,Online,"Unit 4, Building 46","Gift order"
O003257,"2022-09-23 13:31:00",C00753,E0073,Router,Networking,3,1499,0.1,GCash,Canceled,Online,"755 Rizal St.",Unknown
O003258,"2022-07-11 21:12:00",C00891,E0204,Headset,"Computer Accesossories",10,1499,0.1,GCash,Canceled,Online,"Unit 6, Building 26",Unknown
O003259,"2022-09-09 15:38:00",C00658,E0236,Mouse,"Computer Accesossories",4,1499,0.03,n/a,Processing,Marketplace,"517 Quezon St.","Deliver after 5PM"
O003260,"2024-02-18 19:10:00",C00244,E0122,Headset,"Computer Accesossories",0,1499,0.1,"Debit Card",Processing,Online,"UNIT 1, BUILDING 31","Call customer"
O003261,"2024-08-10 19:51:00",C00213,E0073,Router,Networking,5,1499,0.03,"Bank Transfer",Processing,Store,"175 Rizal St.","Call customer"
O003262,"2022-01-04 00:40:00",C00194,E0085,Unknown,Unknown,3,14999,0.15,"Bank Transfer",Pending,Marketplace,Warehouse,"Gift order"
O003263,"2025-07-15 23:04:00",C00962,E0129,Printer,"Computer Accesossories",3,3499,0,Cash,Shipped,Store,"381 Rizal St.",Unknown
O003264,"2024-11-12 02:01:00",C00615,E0026,Router,Networking,1,1499,0,"Bank Transfer",Pending,Unknown,"Unit 4, Building 48","Deliver after 5PM"
O003265,"2024-09-26 17:47:00",C00508,E0106,Smartphone,"Mobile Devices",4,12999,0,"Bank Transfer",Pending,Online,Warehouse,"Call customer"
O003266,"2023-08-13 09:11:00",C00120,E0013,UPS,Electronics,1,4999,0.05,"Debit Card",Returned,Store,"Unit 16, Building 44",Unknown
O003267,"2024-12-30 23:19:00",C00146,E0036,Mouse,"Computer Accesossories",2,1499,0,Cash,Shipped,Unknown,"unit 12, building 16","Gift order"
O003268,"2025-10-20 06:06:00",C00897,E0250,"External drive",Electronics,9,999,0.1,"Credit Card",Processing,Online,"Unit 16, Building 2","Deliver after 5PM"
O003269,"2023-06-06 11:14:00",C00615,E0021,Smartphone,"Mobile Devices",2,12999,0.1,Cash,Processing,Store,"531 Rizal St.",Unknown
O003270,"2024-11-20 12:02:00",C00337,E0014,Projector,Electronics,2,4000,0.15,"Debit Card",Returned,Marketplace,"UNIT 7, BUILDING 16","Urgent"
O003271,"2023-04-15 06:19:00",C00759,E0231,"Office chair","Office Furniture",2,4999,0.2,"Debit Card",Delivered,Marketplace,"Unit 6, Building 38","Urgent"
O003272,"2022-05-02 22:48:00",C00316,E0171,Mouse,"Computer Accesossories",1,1499,0.1,"Credit Card",Returned,Unknown,"Unit 16, Building 8",Unknown
O003273,"2025-03-01 17:34:00",C00795,E0053,Keyboard,"Computer Accesossories",10,2499,0.1,"Debit Card",Delivered,Marketplace,"Unit 7, Building 42","Gift order"
O003274,"2022-11-07 23:02:00",C00226,E0068,Webcam,"Computer Accesossories",2,1499,0.2,"Debit Card",Shipped,Unknown,"Unit 18, Building 22",Unknown
O003275,"2025-11-06 04:18:00",C00019,E0176,"External drive",Electronics,8,999,0,"Bank Transfer",Processing,Marketplace,"Unit 9, Building 20","Deliver after 5PM"
O003276,"2025-10-25 23:58:00",C00137,E0144,"External drive",Electronics,10,999,0,"Credit Card",Returned,Online,"731 Quezon St.",Unknown
O003277,"2024-04-14 07:00:00",C00168,E0177,Printer,"Computer Accesossories",8,3499,0.1,"Bank Transfer",Pending,Online,"718 Bonifacio St.","Gift order"
O003278,"2025-10-23 13:24:00",C00711,E0085,Webcam,"Computer Accesossories",7,1499,0.05,"Bank Transfer",Pending,Unknown,"337 Bonifacio St.","Gift order"
O003279,"2025-07-13 18:30:00",C00951,E0090,Tablet,"Mobile Devices",2,8999,0,PayPal,Canceled,Online,"993 Main St.",Unknown
O003280,"2025-01-14 00:45:00",C00888,E0228,Webcam,"Computer Accesossories",9,1499,0.15,"Bank Transfer",Processing,Marketplace,"unit 19, building 33","Call customer"
O003281,"2025-12-06 05:18:00",C00155,E0002,Laptop,"Mobile Devices",10,29999,0,"Debit Card",Returned,Online,"UNIT 9, BUILDING 30","Urgent"
O003282,"2024-10-22 16:00:00",C00367,E0049,Projector,Electronics,4,4000,0.05,"Bank Transfer",Processing,Store,"Unit 13, Building 37","Call customer"
O003283,"2025-07-19 05:10:00",C00066,E0033,Webcam,"Computer Accesossories",1,1499,0.05,PayPal,Pending,Online,"Unit 4, Building 26",Unknown
O003284,"2022-10-18 08:05:00",C00796,E0218,Smartphone,"Mobile Devices",9,12999,0.1,Cash,Processing,Store,"562 rizal st.","Gift order"
O003285,"2022-04-23 02:28:00",C00257,E0156,"External drive",Electronics,4,999,0.15,GCash,Delivered,Marketplace,Warehouse,Unknown
O003286,"2024-05-30 04:48:00",C00820,E0126,Desk,"Office Furniture",5,19999,0.2,Cash,Processing,Marketplace,"Unit 9, Building 46","Call customer"
O003287,"2024-06-27 02:01:00",C00270,E0085,Projector,Electronics,8,4000,0.1,"Debit Card",Pending,Store,"899 Quezon St.","Call customer"
O003288,"2022-03-01 21:34:00",C00486,E0077,Monitor,"Computer Accesossories",7,9999,0.15,"Credit Card",Returned,Unknown,"58 Main St.","Urgent"
O003289,"2023-02-16 08:08:00",C00426,E0185,Projector,Electronics,8,4000,0,"Credit Card",Pending,Store,"Unit 7, Building 50","Call customer"
O003290,"2022-10-06 05:28:00",C00352,E0206,UPS,Electronics,5,4999,0.1,GCash,Shipped,Online,"Unit 19, Building 13","Gift order"
O003291,"2022-04-20 06:08:00",C00369,E0111,"Office chair","Office Furniture",5,4999,0,"Credit Card",Delivered,Online,"Unit 2, Building 35","Gift order"
O003292,"2022-08-07 22:09:00",C00066,E0162,Webcam,"Computer Accesossories",1,1499,0.15,Cash,Pending,Online,"241 Mabini St.",Unknown
O003293,"2024-06-03 11:43:00",C00979,E0081,Mouse,"Computer Accesossories",10,1499,0.1,"Credit Card",Pending,Unknown,"980 Quezon St.","Deliver after 5PM"
O003294,"2023-12-28 03:24:00",C00125,E0050,Printer,"Computer Accesossories",2,3499,0.05,Cash,Pending,Online,"324 Rizal St.","Gift order"
O003295,"2025-06-28 21:41:00",C00379,E0037,Smartphone,"Mobile Devices",5,12999,0.15,n/a,Pending,Online,"244 Mabini St.","Urgent"
O003296,"2025-02-15 23:32:00",C00814,E0089,Unknown,Unknown,10,14999,0.05,Cash,Canceled,Unknown,"616 Main St.",Unknown
O003297,"2024-03-30 14:52:00",C00233,E0242,Tablet,"Mobile Devices",3,8999,0.2,GCash,Pending,Store,"Unit 10, Building 1","Urgent"
O003298,"2023-06-27 15:52:00",C00523,E0222,Desk,"Office Furniture",10,19999,0.1,"Bank Transfer",Processing,Store,"203 Bonifacio St.","Urgent"
O003299,"2024-04-16 04:09:00",C00752,E0230,Headset,"Computer Accesossories",8,1499,0.2,"Credit Card",Returned,Marketplace,"Unit 9, Building 8",Unknown
O003300,"2024-03-28 05:12:00",C00263,E0173,Projector,Electronics,4,4000,0.03,"Bank Transfer",Shipped,Marketplace,"146 Bonifacio St.",Unknown
O003301,"2023-04-10 23:24:00",C00053,E0002,Unknown,Unknown,7,1999,0.05,PayPal,Delivered,Store,"Unit 1, Building 15",Unknown
O003302,"2023-06-27 21:56:00",C00315,E0013,Webcam,"Computer Accesossories",6,1499,0.05,PayPal,Delivered,Marketplace,"Unit 14, Building 24","Gift order"
O003303,"2023-08-27 20:52:00",C00842,E0185,Keyboard,"Computer Accesossories",7,2499,0.03,"Bank Transfer",Pending,Unknown,"161 Bonifacio St.",Unknown
O003304,"2023-07-18 03:26:00",C00005,E0130,Desk,"Office Furniture",4,19999,0.1,PayPal,Canceled,Store,"Unit 16, Building 46","Urgent"
O003305,"2024-10-17 03:53:00",C00248,E0005,Printer,"Computer Accesossories",8,3499,0.15,GCash,Delivered,Store,"Unit 10, Building 38",Unknown
O003306,"2025-09-02 23:48:00",C00462,E0026,Tablet,"Mobile Devices",7,8999,0.2,GCash,Shipped,Store,"Unit 6, Building 37","Urgent"
O003307,"2025-11-19 14:48:00",C00503,E0133,Monitor,"Computer Accesossories",6,9999,0.2,Cash,Shipped,Marketplace,"528 Rizal St.","Call customer"
O003308,"2022-08-21 23:35:00",C00017,E0076,Unknown,Unknown,10,499,0.15,"Debit Card",Delivered,Online,"957 Main St.","Deliver after 5PM"
O003309,"2024-11-06 07:15:00",C00247,E0001,Tablet,"Mobile Devices",9,8999,0.1,"Debit Card",Returned,Online,"676 Mabini St.","Urgent"
O003310,"2025-06-09 00:00:00",C00126,E0015,UPS,Electronics,7,4999,0,PayPal,Processing,Store,"Unit 16, Building 25",Unknown
O003311,"2024-06-12 02:42:00",C00502,E0108,Headset,"Computer Accesossories",7,1499,0.03,PayPal,Processing,Online,"953 Main St.",Unknown
O003312,"2022-09-13 22:11:00",C00501,E0179,Tablet,"Mobile Devices",9,8999,0,"Bank Transfer",Pending,Store,"553 Rizal St.",Unknown
O003313,"2023-01-05 11:45:00",C00259,E0175,Router,Networking,3,1499,0.15,"Debit Card",Returned,Store,"43 Bonifacio St.",Unknown
O003314,"2024-10-23 07:45:00",C00326,E0229,Headset,"Computer Accesossories",7,1499,0.05,"Debit Card",Processing,Unknown,"327 Mabini St.","Call customer"
O003315,"2022-12-26 03:47:00",C00881,E0225,Desk,"Office Furniture",7,19999,0.03,PayPal,Canceled,Marketplace,"188 Quezon St.",Unknown
O003316,"2024-05-30 23:01:00",C00963,E0211,"Office chair","Office Furniture",10,4999,0,Cash,Returned,Store,"Unit 14, Building 50","Call customer"
O003317,"2024-04-18 12:25:00",C00220,E0120,Mouse,"Computer Accesossories",0,1499,0.05,PayPal,Shipped,Marketplace,"Unit 1, Building 45",Unknown
O003318,"2022-03-06 08:34:00",C00357,E0078,Desk,"Office Furniture",9,19999,0.05,PayPal,Processing,Online,"108 Rizal St.","Deliver after 5PM"
O003319,"2025-10-17 18:23:00",C00867,E0092,Mouse,"Computer Accesossories",7,1499,0.05,GCash,Processing,Store,"Unit 12, Building 47",Unknown
O003320,"2025-01-27 03:46:00",C00234,E0159,Webcam,"Computer Accesossories",6,1499,0.03,GCash,Shipped,Online,"694 Main St.","Urgent"
O003321,"2024-01-06 13:05:00",C00796,E0099,Laptop,"Mobile Devices",1,29999,0.03,"Credit Card",Processing,Online,"377 Bonifacio St.",Unknown
O003322,"2022-11-14 13:16:00",C00955,E0007,Smartphone,"Mobile Devices",1,12999,0,GCash,Returned,Store,"Unit 7, Building 41","Urgent"
O003323,"2024-07-11 00:33:00",C00784,E0189,Projector,Electronics,8,4000,0.03,PayPal,Processing,Marketplace,"Unit 3, Building 14","Call customer"
O003324,"2023-12-11 04:09:00",C00006,E0226,"External drive",Electronics,8,999,0.05,"Bank Transfer",Canceled,Online,"Unit 9, Building 8","Urgent"
O003325,"2025-09-15 05:58:00",C00800,E0029,Webcam,"Computer Accesossories",5,1499,0.05,"Debit Card",Canceled,Marketplace,"562 Bonifacio St.","Deliver after 5PM"
O003326,"2023-11-28 22:53:00",C00598,E0181,Keyboard,"Computer Accesossories",6,2499,0.15,"Credit Card",Unknown,Online,"Unit 3, Building 12","Call customer"
O003327,"2022-11-25 06:44:00",C00354,E0236,Smartphone,"Mobile Devices",10,12999,0,GCash,Returned,Marketplace,"932 Rizal St.","Deliver after 5PM"
O003328,"2022-01-11 06:25:00",C00633,E0238,Router,Networking,5,1499,0,"Bank Transfer",Processing,Online,"551 Main St.",Unknown
O003329,"2023-12-23 20:35:00",C00825,E0221,Keyboard,"Computer Accesossories",2,2499,0,PayPal,Processing,Online,"Unit 6, Building 19","Urgent"
O003330,"2023-09-19 18:20:00",C00145,E0013,Smartphone,"Mobile Devices",1,12999,0,"Debit Card",Shipped,Store,"Unit 19, Building 7","Gift order"
O003331,"2023-10-22 03:16:00",C00504,E0102,Laptop,"Mobile Devices",5,29999,0.03,"Bank Transfer",Processing,Online,"413 MABINI ST.","Call customer"
O003332,"2022-02-07 07:09:00",C00473,E0007,Laptop,"Mobile Devices",9,29999,0.05,Cash,Delivered,Marketplace,"Unit 15, Building 33",Unknown
O003333,"2025-08-08 22:50:00",C00835,E0110,Unknown,Unknown,8,1499,0,"Debit Card",Shipped,Marketplace,"658 Rizal St.","Gift order"
O003334,"2022-05-11 03:02:00",C00987,E0118,Smartphone,"Mobile Devices",9,12999,0.1,"Debit Card",Shipped,Online,"Unit 6, Building 47","Call customer"
O003335,"2024-12-07 22:32:00",C00656,E0188,Printer,"Computer Accesossories",10,3499,0.05,"Bank Transfer",Canceled,Online,"681 RIZAL ST.","Urgent"
O003336,"2024-07-14 17:28:00",C00072,E0098,Monitor,"Computer Accesossories",2,9999,0.15,GCash,Pending,Store,"Unit 2, Building 8","Call customer"
O003337,"2024-05-17 12:21:00",C00808,E0202,Keyboard,"Computer Accesossories",1,2499,0,"Credit Card",Processing,Store,"328 Mabini St.",Unknown
O003338,"2023-02-28 07:19:00",C00059,E0150,Webcam,"Computer Accesossories",4,1499,0,"Bank Transfer",Delivered,Store,"735 Mabini St.",Unknown
O003339,"2025-11-20 18:15:00",C00748,E0081,Mouse,"Computer Accesossories",1,1499,0.1,"Debit Card",Processing,Online,"405 Main St.",Unknown
O003340,"2024-10-27 06:36:00",C00509,E0048,UPS,Electronics,8,4999,0,Cash,Pending,Unknown,"602 Main St.",Unknown
O003341,"2024-01-16 04:59:00",C00870,E0250,UPS,Electronics,9,4999,0.2,Cash,Delivered,Unknown,"Unit 11, Building 24",Unknown
O003342,"2023-06-18 21:24:00",C00352,E0180,Headset,"Computer Accesossories",6,1499,0,n/a,Processing,Online,"Unit 16, Building 6",Unknown
O003343,"2024-06-14 05:12:00",C00162,E0168,Router,Networking,2,1499,0.15,GCash,Processing,Online,"Unit 8, Building 5","Deliver after 5PM"
O003344,"2022-11-01 07:49:00",C00605,E0036,Mouse,"Computer Accesossories",2,1499,0.05,Cash,Pending,Unknown,"UNIT 18, BUILDING 30","Deliver after 5PM"
O003345,"2023-10-03 05:32:00",C00600,E0131,Projector,Electronics,7,4000,0.2,"Bank Transfer",Processing,Unknown,"391 MABINI ST.",Unknown
O003346,"2024-08-06 05:08:00",C00503,E0034,Headset,"Computer Accesossories",9,1499,0.2,"Credit Card",Delivered,Store,"346 Quezon St.","Gift order"
O003347,"2024-10-30 08:44:00",C00802,E0110,Projector,Electronics,4,4000,0,Cash,Delivered,Unknown,"Unit 9, Building 10","Urgent"
O003348,"2025-08-02 23:31:00",C00648,E0141,Smartphone,"Mobile Devices",1,12999,0,"Debit Card",Returned,Store,"Unit 15, Building 19",Unknown
O003349,"2025-05-28 16:12:00",C00941,E0137,Headset,"Computer Accesossories",2,1499,0.03,"Bank Transfer",Returned,Marketplace,"UNIT 10, BUILDING 26","Deliver after 5PM"
O003350,"2022-01-27 16:24:00",C00772,E0155,Smartphone,"Mobile Devices",2,12999,0.2,"Bank Transfer",Processing,Marketplace,"Unit 4, Building 25","Gift order"
O003351,"2025-10-19 19:01:00",C00975,E0109,Unknown,Unknown,1,499,0,"Bank Transfer",Returned,Store,"Unit 10, Building 37","Call customer"
O003352,"2025-11-06 02:36:00",C00881,E0133,Mouse,"Computer Accesossories",8,1499,0.03,"Bank Transfer",Canceled,Online,"Unit 19, Building 29",Unknown
O003353,"2022-02-21 09:55:00",C00714,E0234,"External drive",Electronics,3,999,0.15,Cash,Returned,Marketplace,"32 Main St.","Gift order"
O003354,"2025-12-19 09:11:00",C00711,E0216,Projector,Electronics,6,4000,0.03,PayPal,Processing,Store,"639 Quezon St.","Deliver after 5PM"
O003355,"2023-08-16 16:52:00",C00162,E0196,Desk,"Office Furniture",3,19999,0.05,"Bank Transfer",Returned,Online,"249 Main St.",Unknown
O003356,"2023-10-25 08:18:00",C00746,E0205,"Office chair","Office Furniture",0,4999,0.2,PayPal,Returned,Marketplace,"887 Quezon St.","Urgent"
O003357,"2022-07-14 21:12:00",C00707,E0088,"External drive",Electronics,1,999,0.2,"Credit Card",Returned,Online,"68 Main St.",Unknown
O003358,"2022-06-09 14:57:00",C00362,E0243,Router,Networking,1,1499,0.03,GCash,Canceled,Store,"Unit 3, Building 14","Gift order"
O003359,"2022-06-13 21:29:00",C00251,E0039,Headset,"Computer Accesossories",5,1499,0.03,Cash,Processing,Online,"Unit 5, Building 28","Deliver after 5PM"
O003360,"2025-08-25 05:51:00",C00152,E0066,Unknown,Unknown,9,799,0,PayPal,Shipped,Unknown,"305 Mabini St.","Gift order"
O003361,"2022-05-26 01:34:00",C00999,E0140,Printer,"Computer Accesossories",3,3499,0.03,"Debit Card",Delivered,Store,"134 BONIFACIO ST.",Unknown
O003362,"2024-08-02 22:48:00",C00100,E0213,Laptop,"Mobile Devices",2,29999,0.05,"Bank Transfer",Shipped,Online,"567 Bonifacio St.","Call customer"
O003363,"2025-10-30 21:20:00",C00083,E0126,UPS,Electronics,5,4999,0,"Bank Transfer",Canceled,Online,"Unit 1, Building 35",Unknown
O003364,"2024-09-02 11:29:00",C00014,E0127,Desk,"Office Furniture",5,19999,0.1,"Debit Card",Pending,Online,"Unit 12, Building 6","Call customer"
O003365,"2025-01-13 09:54:00",C00496,E0213,Smartphone,"Mobile Devices",4,12999,0,"Bank Transfer",Processing,Online,"665 Mabini St.","Urgent"
O003366,"2025-05-23 09:14:00",C00129,E0121,Printer,"Computer Accesossories",7,3499,0.2,"Bank Transfer",Delivered,Store,"Unit 3, Building 35","Deliver after 5PM"
O003367,"2023-11-16 09:23:00",C00886,E0041,Keyboard,"Computer Accesossories",8,2499,0.05,Cash,Processing,Store,"259 Rizal St.","Urgent"
O003368,"2023-08-01 20:39:00",C00662,E0085,Monitor,"Computer Accesossories",0,9999,0,"Credit Card",Pending,Store,"567 Rizal St.","Deliver after 5PM"
O003369,"2022-03-25 16:12:00",C00619,E0105,Printer,"Computer Accesossories",3,3499,0.1,PayPal,Unknown,Store,"Unit 8, Building 44",Unknown
O003370,"2024-09-22 01:14:00",C00608,E0061,Monitor,"Computer Accesossories",9,9999,0.15,Cash,Returned,Store,"Unit 6, Building 34","Call customer"
O003371,"2022-08-16 06:57:00",C00449,E0150,Webcam,"Computer Accesossories",1,1499,0,"Credit Card",Pending,Online,"Unit 3, Building 12","Call customer"
O003372,"2025-11-09 12:12:00",C00188,E0235,Smartphone,"Mobile Devices",8,12999,0,GCash,Canceled,Marketplace,"Unit 17, Building 35",Unknown
O003373,"2022-05-29 20:18:00",C00762,E0043,Mouse,"Computer Accesossories",5,1499,0.15,Cash,Processing,Online,"551 Main St.","Urgent"
O003374,"2025-05-03 23:13:00",C00093,E0204,Keyboard,"Computer Accesossories",3,2499,0.05,PayPal,Processing,Store,"123 Quezon St.","Urgent"
O003375,"2025-04-04 21:50:00",C00562,E0118,Unknown,Unknown,1,4999,0.03,"Debit Card",Delivered,Online,"UNIT 10, BUILDING 11","Call customer"
O003376,"2024-02-23 23:43:00",C00610,E0179,Smartphone,"Mobile Devices",7,12999,0,"Credit Card",Returned,Online,"395 Main St.","Urgent"
O003377,"2022-10-03 17:10:00",C00511,E0091,Smartphone,"Mobile Devices",2,12999,0.1,PayPal,Delivered,Unknown,"Unit 9, Building 19",Unknown
O003378,"2024-03-12 10:10:00",C00997,E0020,Printer,"Computer Accesossories",3,3499,0.2,"Debit Card",Shipped,Online,"154 Main St.",Unknown
O003379,"2025-09-22 16:02:00",C00187,E0055,Monitor,"Computer Accesossories",9,9999,0.05,"Credit Card",Processing,Store,"564 Mabini St.","Gift order"
O003380,"2024-03-24 02:26:00",C00353,E0246,Laptop,"Mobile Devices",2,29999,0.2,"Debit Card",Canceled,Online,"583 Mabini St.","Gift order"
O003381,"2024-11-29 19:17:00",C00701,E0104,"Office chair","Office Furniture",3,4999,0.1,"Credit Card",Pending,Store,"Unit 5, Building 25","Deliver after 5PM"
O003382,"2025-02-09 05:30:00",C00795,E0162,Webcam,"Computer Accesossories",9,1499,0,GCash,Processing,Online,"657 Quezon St.","Gift order"
O003383,"2024-06-24 09:09:00",C00033,E0217,"External drive",Electronics,6,999,0.05,PayPal,Pending,Store,"547 RIZAL ST.","Gift order"
O003384,"2023-04-03 14:40:00",C00921,E0065,Smartphone,"Mobile Devices",6,12999,0.05,PayPal,Processing,Unknown,"Unit 2, Building 12",Unknown
O003385,"2025-11-13 19:51:00",C00243,E0119,Projector,Electronics,7,4000,0.15,GCash,Canceled,Online,"960 Quezon St.","Urgent"
O003386,"2025-03-19 04:58:00",C00024,E0186,Smartphone,"Mobile Devices",4,12999,0.05,GCash,Pending,Online,"26 Mabini St.",Unknown
O003387,"2025-04-15 05:49:00",C00068,E0093,Desk,"Office Furniture",1,19999,0,"Credit Card",Delivered,Store,"Unit 20, Building 10","Call customer"
O003388,"2024-02-24 17:06:00",C00945,E0246,Router,Networking,1,1499,0,Cash,Unknown,Store,"174 Mabini St.","Call customer"
O003389,"2025-03-20 10:31:00",C00468,E0100,Smartphone,"Mobile Devices",5,12999,0,Cash,Canceled,Online,"UNIT 10, BUILDING 43",Unknown
O003390,"2024-05-24 10:34:00",C00800,E0111,Webcam,"Computer Accesossories",8,1499,0,"Debit Card",Delivered,Online,"Unit 13, Building 15","Call customer"
O003391,"2022-06-25 10:15:00",C00476,E0043,"Office chair","Office Furniture",4,4999,0.1,"Credit Card",Canceled,Marketplace,"Unit 13, Building 50",Unknown
O003392,"2024-12-13 20:27:00",C00043,E0183,Keyboard,"Computer Accesossories",4,2499,0.05,"Debit Card",Returned,Store,"Unit 7, Building 10","Call customer"
O003393,"2024-06-17 13:32:00",C00491,E0049,Webcam,"Computer Accesossories",4,1499,0.1,"Bank Transfer",Delivered,Store,"Unit 15, Building 7",Unknown
O003394,"2023-01-31 05:00:00",C00855,E0122,UPS,Electronics,4,4999,0.1,"Bank Transfer",Processing,Store,"870 Rizal St.",Unknown
O003395,"2024-06-04 16:07:00",C00289,E0223,Printer,"Computer Accesossories",2,3499,0.1,PayPal,Pending,Store,"886 Main St.",Unknown
O003396,"2025-05-07 04:18:00",C00881,E0227,Smartphone,"Mobile Devices",1,12999,0.1,"Bank Transfer",Delivered,Store,"167 RIZAL ST.","Call customer"
O003397,"2023-03-16 09:14:00",C00025,E0008,"External drive",Electronics,6,999,0.1,GCash,Returned,Unknown,"397 Mabini St.","Deliver after 5PM"
O003398,"2023-04-04 13:26:00",C00960,E0100,"Office chair","Office Furniture",2,4999,0.2,"Debit Card",Pending,Online,"991 Mabini St.","Call customer"
O003399,"2025-09-27 18:07:00",C00849,E0006,Printer,"Computer Accesossories",10,3499,0.15,GCash,Pending,Store,"Unit 2, Building 4","Gift order"
O003400,"2025-11-13 16:43:00",C00805,E0058,UPS,Electronics,3,4999,0,"Bank Transfer",Canceled,Online,"Unit 2, Building 4",Unknown
O003401,"2025-08-01 17:52:00",C00238,E0151,Monitor,"Computer Accesossories",3,9999,0.1,GCash,Returned,Store,"Unit 11, Building 9","Urgent"
O003402,"2024-07-15 20:15:00",C00413,E0218,Tablet,"Mobile Devices",5,8999,0.1,PayPal,Processing,Store,"Unit 8, Building 13",Unknown
O003403,"2024-09-08 11:35:00",C00710,E0088,Webcam,"Computer Accesossories",1,1499,0.15,Cash,Shipped,Store,"452 Bonifacio St.","Deliver after 5PM"
O003404,"2024-01-01 00:54:00",C00297,E0125,Printer,"Computer Accesossories",7,3499,0.05,PayPal,Returned,Marketplace,"Unit 11, Building 12","Gift order"
O003405,"2022-11-27 12:37:00",C00787,E0140,Laptop,"Mobile Devices",10,29999,0,PayPal,Unknown,Store,"357 Bonifacio St.",Unknown
O003406,"2025-02-06 23:25:00",C00867,E0168,"Office chair","Office Furniture",6,4999,0.03,PayPal,Delivered,Store,"356 Quezon St.",Unknown
O003407,"2025-05-21 22:15:00",C00174,E0159,Keyboard,"Computer Accesossories",6,2499,0,"Credit Card",Delivered,Store,"Unit 9, Building 16","Deliver after 5PM"
O003408,"2023-04-06 23:38:00",C00529,E0065,Unknown,Unknown,9,1999,0,Cash,Processing,Online,"595 Bonifacio St.",Unknown
O003409,"2023-09-24 10:24:00",C00909,E0242,"Office chair","Office Furniture",3,4999,0.2,Cash,Unknown,Marketplace,"Unit 12, Building 6","Urgent"
O003410,"2025-01-26 16:20:00",C00418,E0124,Mouse,"Computer Accesossories",6,1499,0,"Bank Transfer",Returned,Store,"665 Rizal St.",Unknown
O003411,"2024-12-16 09:47:00",C00304,E0158,Laptop,"Mobile Devices",4,29999,0.2,"Bank Transfer",Processing,Unknown,"364 Rizal St.","Deliver after 5PM"
O003412,"2025-01-26 07:10:00",C00837,E0166,Webcam,"Computer Accesossories",2,1499,0.1,GCash,Processing,Store,"Unit 6, Building 22",Unknown
O003413,"2023-08-20 09:19:00",C00080,E0016,Router,Networking,10,1499,0.05,GCash,Canceled,Unknown,"431 MAIN ST.",Unknown
O003414,"2023-09-21 17:56:00",C00866,E0102,Desk,"Office Furniture",9,19999,0.1,"Bank Transfer",Processing,Store,"232 main st.","Deliver after 5PM"
O003415,"2025-05-25 09:14:00",C00446,E0194,Headset,"Computer Accesossories",9,1499,0.15,"Bank Transfer",Shipped,Unknown,"Unit 17, Building 32",Unknown
O003416,"2025-08-04 13:48:00",C00354,E0040,Headset,"Computer Accesossories",1,1499,0.15,Cash,Canceled,Online,"Unit 2, Building 8",Unknown
O003417,"2023-03-05 06:18:00",C00052,E0174,Projector,Electronics,3,4000,0.05,"Bank Transfer",Returned,Marketplace,"Unit 10, Building 28",Unknown
O003418,"2024-11-27 19:26:00",C00406,E0230,Mouse,"Computer Accesossories",1,1499,0.1,PayPal,Canceled,Online,"Unit 2, Building 49","Deliver after 5PM"
O003419,"2025-04-21 11:21:00",C00232,E0076,Projector,Electronics,6,4000,0,GCash,Processing,Store,"258 Rizal St.","Call customer"
O003420,"2024-11-07 18:03:00",C00571,E0122,"External drive",Electronics,1,999,0.03,"Debit Card",Processing,Unknown,"Unit 8, Building 37","Call customer"
O003421,"2022-08-04 00:15:00",C00058,E0028,Printer,"Computer Accesossories",6,3499,0.05,"Credit Card",Unknown,Store,"Unit 1, Building 4","Gift order"
O003422,"2025-09-12 21:51:00",C00749,E0219,"External drive",Electronics,6,999,0.05,"Credit Card",Canceled,Marketplace,"486 Mabini St.","Urgent"
O003423,"2025-05-30 18:55:00",C00165,E0019,Mouse,"Computer Accesossories",0,1499,0,"Bank Transfer",Processing,Store,"453 Bonifacio St.","Deliver after 5PM"
O003424,"2022-07-11 21:22:00",C00807,E0184,Mouse,"Computer Accesossories",1,1499,0,PayPal,Unknown,Online,"119 Quezon St.",Unknown
O003425,"2025-04-09 19:51:00",C00944,E0001,UPS,Electronics,8,4999,0.15,GCash,Processing,Store,"Unit 7, Building 3","Deliver after 5PM"
O003426,"2024-02-12 05:54:00",C00621,E0192,Keyboard,"Computer Accesossories",5,2499,0.15,"Debit Card",Shipped,Store,"Unit 5, Building 6","Urgent"
O003427,"2022-09-24 22:47:00",C00675,E0093,Headset,"Computer Accesossories",1,1499,0.15,"Bank Transfer",Canceled,Store,"Unit 13, Building 36",Unknown
O003428,"2022-05-29 06:26:00",C00346,E0066,Laptop,"Mobile Devices",4,29999,0.1,GCash,Shipped,Store,Warehouse,"Urgent"
O003429,"2022-06-26 02:43:00",C00910,E0092,"Office chair","Office Furniture",1,4999,0,"Credit Card",Delivered,Marketplace,"79 Bonifacio St.",Unknown
O003430,"2025-02-01 17:53:00",C00048,E0101,Webcam,"Computer Accesossories",5,1499,0,PayPal,Delivered,Store,"Unit 9, Building 16","Call customer"
O003431,"2025-05-18 15:38:00",C00482,E0018,Monitor,"Computer Accesossories",3,9999,0.05,"Credit Card",Pending,Online,"469 Bonifacio St.","Call customer"
O003432,"2023-01-31 17:05:00",C00885,E0098,Printer,"Computer Accesossories",7,3499,0,PayPal,Processing,Unknown,"Unit 18, Building 45","Deliver after 5PM"
O003433,"2022-11-09 02:09:00",C00856,E0226,Tablet,"Mobile Devices",10,8999,0.03,PayPal,Pending,Store,"Unit 5, Building 24","Call customer"
O003434,"2022-08-18 19:11:00",C00087,E0158,Monitor,"Computer Accesossories",2,9999,0.1,GCash,Shipped,Online,"199 Mabini St.","Gift order"
O003435,"2022-03-07 06:07:00",C00757,E0029,Smartphone,"Mobile Devices",5,12999,0,Cash,Shipped,Online,"Unit 17, Building 43",Unknown
O003436,"2022-09-03 15:08:00",C00594,E0250,Webcam,"Computer Accesossories",3,1499,0.2,Cash,Processing,Online,"Unit 17, Building 14","Gift order"
O003437,"2024-10-10 11:59:00",C00879,E0243,Headset,"Computer Accesossories",7,1499,0.2,"Debit Card",Delivered,Store,Warehouse,"Deliver after 5PM"
O003438,"2025-11-06 10:26:00",C00379,E0204,Mouse,"Computer Accesossories",9,1499,0.05,"Credit Card",Returned,Online,"Unit 14, Building 32","Urgent"
O003439,"2024-10-09 10:47:00",C00131,E0051,Printer,"Computer Accesossories",5,3499,0.2,"Credit Card",Delivered,Online,Warehouse,"Gift order"
O003440,"2022-03-03 16:57:00",C00311,E0037,Tablet,"Mobile Devices",10,8999,0,"Credit Card",Canceled,Store,"50 Main St.","Deliver after 5PM"
O003441,"2024-07-02 21:43:00",C00609,E0095,Headset,"Computer Accesossories",10,1499,0.15,Cash,Pending,Marketplace,"492 Quezon St.",Unknown
O003442,"2024-04-08 09:31:00",C00145,E0063,UPS,Electronics,1,4999,0.2,"Credit Card",Processing,Online,"192 Rizal St.","Gift order"
O003443,"2024-08-07 07:58:00",C00837,E0102,Keyboard,"Computer Accesossories",0,2499,0,GCash,Processing,Store,"unit 11, building 7",Unknown
O003444,"2022-11-27 19:03:00",C00362,E0246,Tablet,"Mobile Devices",9,8999,0.03,"Debit Card",Shipped,Store,"Unit 6, Building 40","Urgent"
O003445,"2023-12-02 00:06:00",C00664,E0111,Monitor,"Computer Accesossories",4,9999,0,"Bank Transfer",Returned,Unknown,"759 Quezon St.","Call customer"
O003446,"2024-03-01 04:24:00",C00378,E0118,"External drive",Electronics,6,999,0.1,n/a,Canceled,Marketplace,"48 Rizal St.",Unknown
O003447,"2022-12-26 06:46:00",C00889,E0154,UPS,Electronics,3,4999,0,"Bank Transfer",Returned,Online,"707 Rizal St.","Urgent"
O003448,"2025-03-09 09:13:00",C00040,E0104,"External drive",Electronics,7,999,0,"Bank Transfer",Canceled,Unknown,"121 Mabini St.","Gift order"
O003449,"2025-12-14 15:22:00",C00500,E0127,Monitor,"Computer Accesossories",1,9999,0.03,Cash,Shipped,Store,"Unit 2, Building 22",Unknown
O003450,"2022-09-01 14:06:00",C00994,E0195,"Office chair","Office Furniture",6,4999,0.03,Cash,Unknown,Store,"820 Rizal St.",Unknown
O003451,"2024-03-07 18:21:00",C00672,E0044,Laptop,"Mobile Devices",6,29999,0.03,"Bank Transfer",Processing,Unknown,"838 Mabini St.","Urgent"
O003452,"2022-02-14 18:57:00",C00897,E0159,Tablet,"Mobile Devices",6,8999,0.03,PayPal,Returned,Store,"Unit 15, Building 34",Unknown
O003453,"2022-03-18 12:41:00",C00469,E0028,Mouse,"Computer Accesossories",5,1499,0.2,"Debit Card",Pending,Online,"Unit 16, Building 36",Unknown
O003454,"2024-04-30 09:12:00",C00346,E0015,Tablet,"Mobile Devices",4,8999,0.05,"Debit Card",Pending,Marketplace,"Unit 16, Building 3","Urgent"
O003455,"2024-06-26 08:11:00",C00027,E0040,Tablet,"Mobile Devices",9,8999,0.05,PayPal,Shipped,Online,"Unit 15, Building 17","Call customer"
O003456,"2022-10-11 16:25:00",C00828,E0165,"External drive",Electronics,9,999,0.1,"Debit Card",Processing,Online,"Unit 19, Building 31","Call customer"
O003457,"2024-05-18 17:42:00",C00333,E0220,"Office chair","Office Furniture",2,4999,0.2,"Credit Card",Pending,Unknown,"Unit 20, Building 45","Gift order"
O003458,"2023-10-29 16:42:00",C00382,E0138,"Office chair","Office Furniture",5,4999,0.1,GCash,Returned,Online,"Unit 5, Building 46","Deliver after 5PM"
O003459,"2023-10-03 10:56:00",C00596,E0215,"Office chair","Office Furniture",6,4999,0,GCash,Returned,Store,"262 Rizal St.",Unknown
O003460,"2022-04-02 11:10:00",C00050,E0234,"External drive",Electronics,6,999,0,Cash,Delivered,Online,"257 Quezon St.",Unknown
O003461,"2023-01-17 22:55:00",C00529,E0208,Headset,"Computer Accesossories",2,1499,0.2,PayPal,Delivered,Unknown,"unit 8, building 12",Unknown
O003462,"2024-02-20 19:51:00",C00561,E0057,Projector,Electronics,8,4000,0,Cash,Returned,Online,"785 Mabini St.","Call customer"
O003463,"2025-04-20 21:52:00",C00030,E0162,Keyboard,"Computer Accesossories",8,2499,0,GCash,Canceled,Store,"Unit 14, Building 27","Deliver after 5PM"
O003464,"2022-03-14 09:57:00",C00885,E0202,Mouse,"Computer Accesossories",6,1499,0.05,"Debit Card",Shipped,Store,"250 Mabini St.","Call customer"
O003465,"2025-07-26 02:54:00",C00979,E0227,Mouse,"Computer Accesossories",5,1499,0,"Debit Card",Returned,Online,"Unit 17, Building 21","Gift order"
O003466,"2023-01-16 02:23:00",C00622,E0196,Headset,"Computer Accesossories",7,1499,0.1,"Bank Transfer",Processing,Store,"unit 9, building 49","Urgent"
O003467,"2024-11-19 02:41:00",C00107,E0070,Unknown,Unknown,4,9999,0,"Bank Transfer",Returned,Marketplace,"Unit 20, Building 39",Unknown
O003468,"2023-04-27 01:42:00",C00048,E0195,Mouse,"Computer Accesossories",3,1499,0.05,n/a,Pending,Store,"78 Bonifacio St.",Unknown
O003469,"2023-06-12 18:09:00",C00379,E0101,Keyboard,"Computer Accesossories",1,2499,0.2,"Debit Card",Processing,Store,"Unit 19, Building 18","Gift order"
O003470,"2025-07-09 22:43:00",C00683,E0047,Monitor,"Computer Accesossories",8,9999,0,"Credit Card",Canceled,Unknown,"Unit 11, Building 40","Gift order"
O003471,"2022-11-25 02:44:00",C00877,E0004,UPS,Electronics,6,4999,0,"Bank Transfer",Returned,Store,"332 Quezon St.",Unknown
O003472,"2022-09-14 23:14:00",C00586,E0013,"External drive",Electronics,8,999,0.2,GCash,Processing,Store,"Unit 4, Building 36","Urgent"
O003473,"2022-11-02 20:06:00",C00046,E0213,Tablet,"Mobile Devices",9,8999,0.05,GCash,Shipped,Online,"Unit 3, Building 17","Call customer"
O003474,"2024-03-25 05:28:00",C00925,E0198,Desk,"Office Furniture",2,19999,0.05,"Bank Transfer",Processing,Marketplace,"444 Bonifacio St.","Gift order"
O003475,"2025-05-26 11:25:00",C00649,E0165,Laptop,"Mobile Devices",3,29999,0.2,"Credit Card",Unknown,Store,"997 Bonifacio St.",Unknown
O003476,"2023-11-09 15:19:00",C00661,E0213,"External drive",Electronics,5,999,0,PayPal,Unknown,Online,"Unit 5, Building 12","Call customer"
O003477,"2024-12-23 16:41:00",C00662,E0125,Mouse,"Computer Accesossories",9,1499,0.03,GCash,Delivered,Unknown,"Unit 1, Building 12","Gift order"
O003478,"2023-11-06 21:48:00",C00087,E0162,Monitor,"Computer Accesossories",8,9999,0.15,GCash,Pending,Store,"830 Mabini St.",Unknown
O003479,"2025-08-22 15:21:00",C00265,E0144,"External drive",Electronics,1,999,0,GCash,Shipped,Store,"Unit 3, Building 15","Deliver after 5PM"
O003480,"2022-08-27 10:42:00",C00363,E0159,Printer,"Computer Accesossories",4,3499,0.03,"Debit Card",Pending,Unknown,"Unit 7, Building 49","Gift order"
O003481,"2022-01-15 04:00:00",C00115,E0172,Tablet,"Mobile Devices",6,8999,0,"Bank Transfer",Processing,Unknown,"Unit 20, Building 4","Deliver after 5PM"
O003482,"2022-10-31 18:20:00",C00649,E0248,Smartphone,"Mobile Devices",5,12999,0.03,GCash,Pending,Marketplace,Warehouse,Unknown
O003483,"2025-09-01 03:50:00",C00910,E0007,Projector,Electronics,6,4000,0.2,"Bank Transfer",Shipped,Unknown,"UNIT 10, BUILDING 15",Unknown
O003484,"2023-06-02 01:35:00",C00967,E0100,UPS,Electronics,1,4999,0.03,"Bank Transfer",Returned,Unknown,"227 Quezon St.","Urgent"
O003485,"2024-01-15 18:17:00",C00655,E0211,Monitor,"Computer Accesossories",3,9999,0.2,Cash,Returned,Store,"893 Rizal St.","Call customer"
O003486,"2024-09-29 22:07:00",C00364,E0020,UPS,Electronics,2,4999,0.15,"Debit Card",Canceled,Online,"Unit 16, Building 8","Urgent"
O003487,"2023-06-11 06:07:00",C00946,E0095,Smartphone,"Mobile Devices",6,12999,0.2,GCash,Processing,Online,"201 Mabini St.",Unknown
O003488,"2024-03-22 16:50:00",C00572,E0201,Projector,Electronics,2,4000,0.03,"Credit Card",Shipped,Store,"Unit 14, Building 21","Deliver after 5PM"
O003489,"2022-09-12 12:09:00",C00850,E0174,Smartphone,"Mobile Devices",10,12999,0.2,"Credit Card",Processing,Store,"593 Bonifacio St.","Gift order"
O003490,"2023-02-16 23:51:00",C00806,E0167,Mouse,"Computer Accesossories",7,1499,0.03,Cash,Processing,Online,"895 QUEZON ST.",Unknown
O003491,"2022-05-23 01:26:00",C00630,E0201,Tablet,"Mobile Devices",8,8999,0,"Debit Card",Processing,Online,"351 Mabini St.","Urgent"
O003492,"2024-04-21 01:40:00",C00670,E0120,Projector,Electronics,9,4000,0.05,Cash,Delivered,Marketplace,"972 Quezon St.","Gift order"
O003493,"2025-10-29 15:34:00",C00713,E0158,Projector,Electronics,2,4000,0.15,"Bank Transfer",Shipped,Store,"398 Quezon St.","Urgent"
O003494,"2023-08-28 09:34:00",C00136,E0198,Monitor,"Computer Accesossories",3,9999,0.15,Cash,Pending,Marketplace,Warehouse,"Deliver after 5PM"
O003495,"2025-04-22 03:16:00",C00387,E0071,"External drive",Electronics,10,999,0,PayPal,Delivered,Store,"418 Main St.",Unknown
O003496,"2022-06-02 02:45:00",C00627,E0250,Webcam,"Computer Accesossories",9,1499,0,GCash,Returned,Online,"353 Main St.","Gift order"
O003497,"2022-12-12 17:25:00",C00010,E0211,Printer,"Computer Accesossories",5,3499,0,PayPal,Returned,Online,"310 Mabini St.","Call customer"
O003498,"2025-01-30 09:11:00",C00722,E0081,Laptop,"Mobile Devices",8,29999,0.05,"Bank Transfer",Returned,Online,"Unit 9, Building 31","Call customer"
O003499,"2023-05-01 03:32:00",C00105,E0118,Webcam,"Computer Accesossories",5,1499,0,"Debit Card",Processing,Store,"431 Mabini St.","Deliver after 5PM"
O003500,"2023-11-04 13:31:00",C00706,E0046,Laptop,"Mobile Devices",8,29999,0,GCash,Delivered,Store,"Unit 19, Building 42",Unknown
O003501,"2022-12-15 10:16:00",C00978,E0038,Headset,"Computer Accesossories",8,1499,0.03,"Bank Transfer",Pending,Marketplace,"962 Mabini St.","Gift order"
O003502,"2022-11-11 07:51:00",C00351,E0001,Headset,"Computer Accesossories",7,1499,0,Cash,Processing,Store,"263 quezon st.",Unknown
O003503,"2024-11-26 00:28:00",C00164,E0118,UPS,Electronics,6,4999,0.03,"Debit Card",Pending,Store,"42 Bonifacio St.",Unknown
O003504,"2023-07-07 07:55:00",C00104,E0236,Keyboard,"Computer Accesossories",4,2499,0.2,Cash,Returned,Store,"44 bonifacio st.","Gift order"
O003505,"2025-06-10 02:32:00",C00075,E0056,Keyboard,"Computer Accesossories",10,2499,0.1,PayPal,Delivered,Online,"Unit 3, Building 16","Gift order"
O003506,"2022-09-20 23:21:00",C00151,E0192,Laptop,"Mobile Devices",5,29999,0,"Bank Transfer",Pending,Online,"unit 13, building 47","Urgent"
O003507,"2025-11-23 18:57:00",C00067,E0067,Projector,Electronics,8,4000,0.2,"Credit Card",Pending,Store,"797 Quezon St.","Urgent"
O003508,"2024-05-29 04:17:00",C00731,E0113,Headset,"Computer Accesossories",7,1499,0.2,Cash,Pending,Store,"321 QUEZON ST.",Unknown
O003509,"2024-12-31 07:54:00",C00675,E0052,Tablet,"Mobile Devices",8,8999,0,"Bank Transfer",Shipped,Marketplace,"876 Bonifacio St.","Deliver after 5PM"
O003510,"2023-02-20 11:49:00",C00045,E0130,Keyboard,"Computer Accesossories",6,2499,0,Cash,Canceled,Store,"813 Quezon St.",Unknown
O003511,"2023-03-12 21:33:00",C00166,E0054,Printer,"Computer Accesossories",8,3499,0.1,"Bank Transfer",Pending,Online,"Unit 7, Building 10","Gift order"
O003512,"2023-02-24 17:08:00",C00341,E0048,"External drive",Electronics,8,999,0.1,GCash,Canceled,Marketplace,"996 Mabini St.",Unknown
O003513,"2024-03-21 22:58:00",C00633,E0211,Unknown,Unknown,8,499,0.1,"Debit Card",Delivered,Store,"Unit 5, Building 8","Deliver after 5PM"
O003514,"2024-12-27 21:02:00",C00271,E0199,Projector,Electronics,6,4000,0,"Bank Transfer",Shipped,Store,"611 Mabini St.",Unknown
O003515,"2023-04-08 11:28:00",C00709,E0196,Printer,"Computer Accesossories",9,3499,0.05,"Debit Card",Processing,Store,"40 Mabini St.",Unknown
O003516,"2023-10-07 13:26:00",C00874,E0091,"External drive",Electronics,8,999,0,GCash,Delivered,Unknown,"832 Mabini St.",Unknown
O003517,"2025-02-25 10:28:00",C00515,E0190,Webcam,"Computer Accesossories",0,1499,0.15,"Bank Transfer",Shipped,Store,"6 Quezon St.",Unknown
O003518,"2023-08-10 23:34:00",C00801,E0088,Printer,"Computer Accesossories",8,3499,0.15,"Debit Card",Delivered,Marketplace,"Unit 10, Building 42","Deliver after 5PM"
O003519,"2022-11-05 08:35:00",C00446,E0022,"Office chair","Office Furniture",10,4999,0,"Bank Transfer",Pending,Store,"Unit 3, Building 4",Unknown
O003520,"2022-02-09 16:16:00",C00699,E0193,"Office chair","Office Furniture",3,4999,0.1,GCash,Returned,Online,"unit 8, building 1","Gift order"
O003521,"2023-01-12 10:43:00",C00527,E0100,"External drive",Electronics,7,999,0.15,"Credit Card",Shipped,Online,"Unit 7, Building 24","Call customer"
O003522,"2025-04-05 06:05:00",C00480,E0187,Printer,"Computer Accesossories",2,3499,0.2,Cash,Delivered,Unknown,"843 Rizal St.","Call customer"
O003523,"2024-09-15 09:30:00",C00041,E0012,Router,Networking,8,1499,0,Cash,Delivered,Store,"597 Rizal St.",Unknown
O003524,"2024-01-04 17:57:00",C00916,E0130,Printer,"Computer Accesossories",6,3499,0.03,Cash,Delivered,Unknown,"Unit 14, Building 29","Call customer"
O003525,"2022-05-30 02:01:00",C00991,E0097,"External drive",Electronics,4,999,0,"Bank Transfer",Pending,Store,"196 Bonifacio St.","Deliver after 5PM"
O003526,"2025-10-09 11:32:00",C00121,E0042,Keyboard,"Computer Accesossories",10,2499,0.15,PayPal,Returned,Store,"Unit 4, Building 37",Unknown
O003527,"2025-12-06 00:53:00",C00336,E0184,Headset,"Computer Accesossories",6,1499,0,Cash,Processing,Unknown,"Unit 14, Building 27","Deliver after 5PM"
O003528,"2023-03-06 13:15:00",C00673,E0130,Router,Networking,8,1499,0.15,Cash,Shipped,Marketplace,"Unit 12, Building 49","Call customer"
O003529,"2024-09-16 12:53:00",C00656,E0128,Projector,Electronics,7,4000,0.2,PayPal,Delivered,Marketplace,"709 Rizal St.","Gift order"
O003530,"2024-11-07 00:54:00",C00596,E0124,UPS,Electronics,0,4999,0,"Bank Transfer",Unknown,Store,"Unit 9, Building 28","Gift order"
O003531,"2022-04-24 02:53:00",C00789,E0153,Headset,"Computer Accesossories",8,1499,0,Cash,Returned,Unknown,"Unit 4, Building 41",Unknown
O003532,"2025-08-12 01:58:00",C00118,E0047,Smartphone,"Mobile Devices",9,12999,0.15,GCash,Returned,Online,"16 Rizal St.","Deliver after 5PM"
O003533,"2025-07-04 20:04:00",C00337,E0235,Smartphone,"Mobile Devices",6,12999,0,"Credit Card",Pending,Unknown,"634 Rizal St.","Urgent"
O003534,"2022-08-14 23:02:00",C00291,E0190,Laptop,"Mobile Devices",7,29999,0.15,"Bank Transfer",Returned,Store,"Unit 19, Building 13",Unknown
O003535,"2024-06-17 16:34:00",C00256,E0204,Monitor,"Computer Accesossories",7,9999,0.15,Cash,Returned,Online,"Unit 2, Building 13","Deliver after 5PM"
O003536,"2023-06-16 21:00:00",C00039,E0053,Mouse,"Computer Accesossories",3,1499,0.1,GCash,Pending,Marketplace,"689 Bonifacio St.","Call customer"
O003537,"2024-05-07 22:45:00",C00339,E0125,Headset,"Computer Accesossories",4,1499,0,"Debit Card",Returned,Unknown,"275 main st.",Unknown
O003538,"2022-06-10 05:12:00",C00588,E0195,Router,Networking,3,1499,0,"Debit Card",Canceled,Unknown,"887 Rizal St.",Unknown
O003539,"2022-03-29 20:05:00",C00205,E0195,Headset,"Computer Accesossories",6,1499,0.05,PayPal,Pending,Online,"501 Rizal St.","Call customer"
O003540,"2025-03-28 05:43:00",C00589,E0031,Mouse,"Computer Accesossories",2,1499,0.1,PayPal,Processing,Store,"Unit 13, Building 31","Gift order"
O003541,"2023-03-13 06:04:00",C00944,E0140,UPS,Electronics,2,4999,0,GCash,Pending,Store,"Unit 18, Building 47",Unknown
O003542,"2024-01-23 21:16:00",C00800,E0213,Projector,Electronics,6,4000,0.1,"Credit Card",Canceled,Online,"496 Mabini St.","Call customer"
O003543,"2024-12-19 02:15:00",C00882,E0032,Desk,"Office Furniture",8,19999,0.05,PayPal,Processing,Marketplace,"Unit 12, Building 11","Gift order"
O003544,"2022-08-19 21:40:00",C00929,E0060,Unknown,Unknown,3,499,0.03,PayPal,Delivered,Store,"Unit 20, Building 8","Urgent"
O003545,"2025-04-14 17:34:00",C00681,E0214,"Office chair","Office Furniture",6,4999,0,GCash,Pending,Online,"699 Quezon St.","Urgent"
O003546,"2022-08-06 02:40:00",C00820,E0203,Tablet,"Mobile Devices",1,8999,0.1,Cash,Processing,Unknown,"654 Main St.",Unknown
O003547,"2024-01-24 02:46:00",C00149,E0136,UPS,Electronics,5,4999,0.2,Cash,Delivered,Store,"741 Bonifacio St.",Unknown
O003548,"2024-07-21 05:21:00",C00882,E0016,Keyboard,"Computer Accesossories",10,2499,0,"Credit Card",Shipped,Unknown,"448 Main St.",Unknown
O003549,"2022-01-20 17:24:00",C00787,E0044,Headset,"Computer Accesossories",7,1499,0.15,PayPal,Canceled,Unknown,"Unit 20, Building 7",Unknown
O003550,"2024-03-21 18:08:00",C00001,E0096,Router,Networking,7,1499,0.03,"Bank Transfer",Canceled,Online,"285 Mabini St.","Gift order"
O003551,"2025-02-24 17:16:00",C00112,E0209,Webcam,"Computer Accesossories",10,1499,0.2,PayPal,Pending,Marketplace,"Unit 9, Building 26","Urgent"
O003552,"2023-04-07 19:43:00",C00710,E0053,UPS,Electronics,0,4999,0.2,PayPal,Processing,Store,"483 Quezon St.",Unknown
O003553,"2025-12-27 16:20:00",C00575,E0023,Laptop,"Mobile Devices",5,29999,0,"Debit Card",Canceled,Unknown,"13 Bonifacio St.","Deliver after 5PM"
O003554,"2023-03-22 04:05:00",C00682,E0250,Projector,Electronics,1,4000,0.15,GCash,Delivered,Online,"947 Rizal St.","Urgent"
O003555,"2025-07-15 01:19:00",C00296,E0171,Projector,Electronics,1,4000,0,"Credit Card",Pending,Store,"396 Main St.","Urgent"
O003556,"2024-02-05 18:17:00",C00025,E0226,Keyboard,"Computer Accesossories",2,2499,0.1,"Debit Card",Delivered,Unknown,"Unit 18, Building 25",Unknown
O003557,"2022-12-15 14:45:00",C00419,E0130,"Office chair","Office Furniture",8,4999,0,PayPal,Canceled,Online,"Unit 17, Building 26","Call customer"
O003558,"2023-12-12 02:32:00",C00161,E0198,Webcam,"Computer Accesossories",5,1499,0.03,Cash,Returned,Online,"973 Rizal St.","Call customer"
O003559,"2024-05-21 08:10:00",C00360,E0130,UPS,Electronics,10,4999,0.05,PayPal,Processing,Store,"134 Rizal St.",Unknown
O003560,"2024-08-04 12:42:00",C00108,E0212,Headset,"Computer Accesossories",6,1499,0.15,Cash,Shipped,Online,"Unit 15, Building 21","Deliver after 5PM"
O003561,"2024-06-10 03:26:00",C00289,E0233,Mouse,"Computer Accesossories",3,1499,0.1,n/a,Processing,Unknown,"Unit 9, Building 23","Deliver after 5PM"
O003562,"2024-03-21 00:51:00",C00419,E0024,Mouse,"Computer Accesossories",5,1499,0.15,GCash,Pending,Unknown,"Unit 9, Building 50","Gift order"
O003563,"2025-10-08 15:14:00",C00015,E0054,Desk,"Office Furniture",3,19999,0.03,"Credit Card",Shipped,Store,"Unit 11, Building 32","Urgent"
O003564,"2025-02-10 22:52:00",C00420,E0197,"Office chair","Office Furniture",5,4999,0,GCash,Processing,Unknown,"845 Mabini St.","Call customer"
O003565,"2025-10-06 19:24:00",C00708,E0223,Webcam,"Computer Accesossories",2,1499,0.1,Cash,Canceled,Unknown,"610 Mabini St.","Deliver after 5PM"
O003566,"2024-02-02 02:26:00",C00597,E0174,UPS,Electronics,5,4999,0.03,"Debit Card",Pending,Online,Warehouse,"Urgent"
O003567,"2022-05-19 22:42:00",C00809,E0128,Webcam,"Computer Accesossories",0,1499,0.03,Cash,Returned,Store,"Unit 6, Building 28",Unknown
O003568,"2023-09-15 12:31:00",C00816,E0159,"Office chair","Office Furniture",2,4999,0.03,PayPal,Shipped,Online,"Unit 17, Building 50","Deliver after 5PM"
O003569,"2022-06-17 14:19:00",C00779,E0064,UPS,Electronics,8,4999,0.2,"Credit Card",Pending,Online,"Unit 19, Building 39","Urgent"
O003570,"2025-04-26 00:26:00",C00412,E0060,"External drive",Electronics,8,999,0.03,"Bank Transfer",Shipped,Store,"584 Main St.","Gift order"
O003571,"2023-11-24 22:15:00",C00049,E0096,"External drive",Electronics,6,999,0,"Debit Card",Shipped,Online,"Unit 18, Building 16","Call customer"
O003572,"2022-07-25 05:41:00",C00845,E0164,Tablet,"Mobile Devices",1,8999,0.05,PayPal,Canceled,Online,"177 Mabini St.",Unknown
O003573,"2025-03-14 19:43:00",C00984,E0139,Laptop,"Mobile Devices",7,29999,0.03,PayPal,Delivered,Unknown,"313 Rizal St.","Urgent"
O003574,"2023-07-29 23:53:00",C00807,E0177,Webcam,"Computer Accesossories",4,1499,0.05,PayPal,Returned,Online,"Unit 16, Building 50",Unknown
O003575,"2022-09-17 21:54:00",C00040,E0132,Smartphone,"Mobile Devices",3,12999,0.2,GCash,Returned,Online,"789 Rizal St.","Deliver after 5PM"
O003576,"2022-05-21 00:40:00",C00770,E0102,Keyboard,"Computer Accesossories",6,2499,0.15,GCash,Returned,Marketplace,"Unit 19, Building 26","Urgent"
O003577,"2022-07-10 15:44:00",C00644,E0082,Tablet,"Mobile Devices",7,8999,0.03,"Credit Card",Shipped,Unknown,"619 Mabini St.",Unknown
O003578,"2022-07-01 17:10:00",C00483,E0225,Router,Networking,8,1499,0.2,Cash,Delivered,Online,"386 Quezon St.",Unknown
O003579,"2022-03-16 09:43:00",C00162,E0159,Projector,Electronics,9,4000,0,n/a,Delivered,Online,"286 Bonifacio St.","Gift order"
O003580,"2022-02-26 15:57:00",C00397,E0063,Webcam,"Computer Accesossories",5,1499,0,"Credit Card",Canceled,Online,"Unit 18, Building 7","Call customer"
O003581,"2022-03-18 16:56:00",C00372,E0197,Keyboard,"Computer Accesossories",4,2499,0.15,PayPal,Processing,Marketplace,"556 Bonifacio St.","Urgent"
O003582,"2022-03-08 18:00:00",C00694,E0224,Laptop,"Mobile Devices",2,29999,0.15,"Credit Card",Pending,Online,"347 Main St.","Urgent"
O003583,"2022-07-02 21:03:00",C00995,E0222,Mouse,"Computer Accesossories",5,1499,0,GCash,Pending,Store,"Unit 19, Building 10","Deliver after 5PM"
O003584,"2023-11-20 08:22:00",C00247,E0141,"External drive",Electronics,10,999,0.2,"Debit Card",Canceled,Store,"Unit 16, Building 29",Unknown
O003585,"2023-10-12 12:48:00",C00959,E0007,Unknown,Unknown,10,1999,0.15,"Debit Card",Shipped,Online,"Unit 12, Building 24","Deliver after 5PM"
O003586,"2024-10-07 03:53:00",C00686,E0006,Laptop,"Mobile Devices",9,29999,0.03,"Debit Card",Delivered,Store,"834 Quezon St.",Unknown
O003587,"2024-12-22 20:22:00",C00275,E0131,Router,Networking,3,1499,0,"Bank Transfer",Pending,Store,"Unit 19, Building 11",Unknown
O003588,"2024-09-01 15:34:00",C00430,E0080,"Office chair","Office Furniture",4,4999,0,"Debit Card",Returned,Online,"115 Quezon St.","Call customer"
O003589,"2024-08-27 04:54:00",C00326,E0086,Laptop,"Mobile Devices",3,29999,0.2,PayPal,Pending,Unknown,"Unit 14, Building 36",Unknown
O003590,"2025-06-15 23:39:00",C00569,E0233,Tablet,"Mobile Devices",6,8999,0.15,"Credit Card",Pending,Online,"843 Bonifacio St.","Call customer"
O003591,"2024-08-10 01:18:00",C00521,E0043,Mouse,"Computer Accesossories",1,1499,0.2,"Debit Card",Pending,Store,"Unit 19, Building 20",Unknown
O003592,"2024-08-30 23:59:00",C00372,E0156,Monitor,"Computer Accesossories",10,9999,0.1,Cash,Canceled,Store,"Unit 13, Building 41","Gift order"
O003593,"2025-11-24 05:44:00",C00317,E0056,Laptop,"Mobile Devices",9,29999,0.15,"Debit Card",Pending,Store,"588 Bonifacio St.","Call customer"
O003594,"2023-09-19 13:18:00",C00926,E0023,Desk,"Office Furniture",8,19999,0.2,"Debit Card",Shipped,Marketplace,"Unit 4, Building 10","Gift order"
O003595,"2023-12-29 16:00:00",C00195,E0221,Projector,Electronics,9,4000,0,"Bank Transfer",Processing,Store,"106 Mabini St.","Call customer"
O003596,"2025-01-06 23:44:00",C00628,E0019,Smartphone,"Mobile Devices",8,12999,0.1,"Debit Card",Pending,Unknown,"Unit 19, Building 27","Urgent"
O003597,"2025-03-04 02:35:00",C00389,E0194,Keyboard,"Computer Accesossories",5,2499,0.1,"Bank Transfer",Unknown,Store,"Unit 6, Building 16","Urgent"
O003598,"2024-05-14 16:06:00",C00700,E0169,Webcam,"Computer Accesossories",3,1499,0.15,"Bank Transfer",Processing,Online,"Unit 15, Building 28","Deliver after 5PM"
O003599,"2023-08-28 13:21:00",C00537,E0215,Router,Networking,10,1499,0.15,PayPal,Pending,Store,"Unit 4, Building 7","Deliver after 5PM"
O003600,"2025-11-17 20:10:00",C00524,E0029,UPS,Electronics,7,4999,0,"Credit Card",Delivered,Store,"649 Bonifacio St.",Unknown
O003601,"2023-12-06 23:27:00",C00007,E0055,Mouse,"Computer Accesossories",9,1499,0,PayPal,Returned,Unknown,"Unit 5, Building 35",Unknown
O003602,"2022-08-20 20:33:00",C00371,E0094,Mouse,"Computer Accesossories",1,1499,0.03,GCash,Shipped,Marketplace,"Unit 11, Building 47","Gift order"
O003603,"2023-07-02 07:14:00",C00177,E0247,Mouse,"Computer Accesossories",10,1499,0.1,Cash,Canceled,Store,"Unit 4, Building 20",Unknown
O003604,"2025-08-04 05:58:00",C00515,E0104,Keyboard,"Computer Accesossories",7,2499,0,PayPal,Processing,Online,"338 Mabini St.","Call customer"
O003605,"2024-11-24 16:09:00",C00885,E0169,Keyboard,"Computer Accesossories",9,2499,0.1,"Bank Transfer",Shipped,Online,"Unit 1, Building 44","Deliver after 5PM"
O003606,"2025-04-22 21:33:00",C00160,E0185,Keyboard,"Computer Accesossories",1,2499,0.05,GCash,Canceled,Store,"Unit 6, Building 50","Gift order"
O003607,"2024-06-07 02:01:00",C00900,E0203,Laptop,"Mobile Devices",1,29999,0,PayPal,Shipped,Unknown,"965 Mabini St.",Unknown
O003608,"2025-03-27 19:09:00",C00862,E0106,Monitor,"Computer Accesossories",6,9999,0.15,"Debit Card",Returned,Store,"Unit 16, Building 5","Gift order"
O003609,"2025-09-03 02:08:00",C00479,E0188,Headset,"Computer Accesossories",0,1499,0,"Credit Card",Shipped,Online,Warehouse,"Urgent"
O003610,"2023-01-27 13:31:00",C00177,E0078,Desk,"Office Furniture",4,19999,0,Cash,Returned,Online,"Unit 16, Building 40",Unknown
O003611,"2025-11-29 07:45:00",C00601,E0125,Headset,"Computer Accesossories",8,1499,0.15,"Bank Transfer",Pending,Online,"966 Quezon St.","Call customer"
O003612,"2022-09-24 15:18:00",C00304,E0052,Webcam,"Computer Accesossories",4,1499,0.03,"Credit Card",Pending,Store,"589 Mabini St.",Unknown
O003613,"2023-09-29 18:09:00",C00103,E0019,Keyboard,"Computer Accesossories",8,2499,0.03,"Debit Card",Delivered,Store,"566 Main St.",Unknown
O003614,"2024-04-05 07:32:00",C00816,E0053,Smartphone,"Mobile Devices",8,12999,0,"Debit Card",Pending,Store,"Unit 14, Building 35",Unknown
O003615,"2025-06-08 12:31:00",C00815,E0160,Keyboard,"Computer Accesossories",3,2499,0.03,"Credit Card",Pending,Online,"Unit 8, Building 39","Call customer"
O003616,"2025-02-08 06:50:00",C00049,E0240,Tablet,"Mobile Devices",2,8999,0.03,"Bank Transfer",Returned,Unknown,"424 Quezon St.","Urgent"
O003617,"2023-07-10 22:01:00",C00316,E0041,Mouse,"Computer Accesossories",9,1499,0.1,"Debit Card",Returned,Store,"Unit 13, Building 1","Urgent"
O003618,"2025-08-19 11:57:00",C00521,E0094,Monitor,"Computer Accesossories",2,9999,0.1,Cash,Pending,Online,"507 Rizal St.",Unknown
O003619,"2025-11-23 23:09:00",C00490,E0089,Smartphone,"Mobile Devices",9,12999,0,GCash,Delivered,Online,"725 Quezon St.",Unknown
O003620,"2023-03-09 04:51:00",C00824,E0120,Tablet,"Mobile Devices",8,8999,0,"Debit Card",Returned,Store,"818 Quezon St.","Urgent"
O003621,"2022-07-04 09:04:00",C00273,E0148,"Office chair","Office Furniture",3,4999,0,Cash,Returned,Online,"353 Main St.","Urgent"
O003622,"2023-10-28 22:02:00",C00449,E0133,Router,Networking,8,1499,0.15,"Debit Card",Shipped,Online,"22 Mabini St.","Urgent"
O003623,"2022-01-20 18:12:00",C00444,E0250,Webcam,"Computer Accesossories",7,1499,0.03,Cash,Delivered,Store,"668 Rizal St.","Gift order"
O003624,"2023-04-09 21:02:00",C00948,E0211,Tablet,"Mobile Devices",2,8999,0,"Credit Card",Pending,Marketplace,"Unit 5, Building 16","Deliver after 5PM"
O003625,"2025-12-10 06:18:00",C00765,E0068,UPS,Electronics,8,4999,0.03,"Credit Card",Shipped,Store,"987 Rizal St.","Gift order"
O003626,"2024-01-23 21:05:00",C00165,E0029,"External drive",Electronics,3,999,0,"Debit Card",Delivered,Online,"Unit 7, Building 47","Gift order"
O003627,"2023-06-12 10:51:00",C00862,E0055,Router,Networking,5,1499,0.1,"Bank Transfer",Processing,Online,"638 Mabini St.",Unknown
O003628,"2025-11-01 18:32:00",C00569,E0069,Router,Networking,9,1499,0.05,PayPal,Shipped,Online,"Unit 17, Building 36","Gift order"
O003629,"2025-02-12 05:43:00",C00948,E0131,Tablet,"Mobile Devices",6,8999,0.05,Cash,Delivered,Store,"852 Mabini St.","Urgent"
O003630,"2025-12-23 05:05:00",C00503,E0087,Smartphone,"Mobile Devices",5,12999,0.05,"Credit Card",Delivered,Store,"595 Bonifacio St.","Call customer"
O003631,"2025-11-14 05:38:00",C00741,E0074,Monitor,"Computer Accesossories",8,9999,0,Cash,Delivered,Unknown,Warehouse,"Call customer"
O003632,"2023-09-24 02:51:00",C00804,E0225,Keyboard,"Computer Accesossories",7,2499,0,"Debit Card",Shipped,Store,"Unit 20, Building 25","Call customer"
O003633,"2025-06-13 05:29:00",C00038,E0116,"External drive",Electronics,7,999,0.1,PayPal,Shipped,Marketplace,"Unit 19, Building 1","Urgent"
O003634,"2023-11-13 18:59:00",C00782,E0066,Mouse,"Computer Accesossories",9,1499,0,PayPal,Processing,Online,"632 Bonifacio St.","Gift order"
O003635,"2025-02-11 13:55:00",C00797,E0018,Printer,"Computer Accesossories",2,3499,0.15,"Bank Transfer",Shipped,Online,"361 main st.",Unknown
O003636,"2022-04-23 00:30:00",C00202,E0090,"External drive",Electronics,7,999,0,"Bank Transfer",Processing,Marketplace,"156 Bonifacio St.",Unknown
O003637,"2024-02-09 07:14:00",C00157,E0033,Router,Networking,0,1499,0.1,"Debit Card",Returned,Store,"525 Main St.",Unknown
O003638,"2022-08-06 12:35:00",C00683,E0096,"External drive",Electronics,2,999,0.05,PayPal,Returned,Store,"144 Mabini St.",Unknown
O003639,"2023-09-20 19:31:00",C00249,E0118,Printer,"Computer Accesossories",4,3499,0.05,"Credit Card",Returned,Online,"Unit 17, Building 19",Unknown
O003640,"2024-09-22 20:05:00",C00388,E0026,Webcam,"Computer Accesossories",7,1499,0.2,"Debit Card",Shipped,Store,"Unit 6, Building 37","Deliver after 5PM"
O003641,"2024-01-13 10:51:00",C00194,E0225,Headset,"Computer Accesossories",1,1499,0.1,"Debit Card",Shipped,Marketplace,"782 main st.","Call customer"
O003642,"2025-06-02 23:13:00",C00359,E0156,Router,Networking,4,1499,0,Cash,Canceled,Online,"Unit 19, Building 49","Deliver after 5PM"
O003643,"2022-08-03 02:02:00",C00511,E0016,UPS,Electronics,10,4999,0.03,"Bank Transfer",Processing,Store,"Unit 15, Building 19","Urgent"
O003644,"2025-12-15 07:25:00",C00119,E0105,Router,Networking,2,1499,0.1,PayPal,Canceled,Store,"Unit 2, Building 8","Deliver after 5PM"
O003645,"2023-04-24 15:21:00",C00910,E0174,Tablet,"Mobile Devices",6,8999,0,"Debit Card",Canceled,Store,"Unit 3, Building 13","Urgent"
O003646,"2022-06-09 06:31:00",C00805,E0051,Projector,Electronics,10,4000,0.1,"Bank Transfer",Canceled,Marketplace,"493 Bonifacio St.","Urgent"
O003647,"2023-05-15 13:56:00",C00512,E0102,Monitor,"Computer Accesossories",3,9999,0,n/a,Pending,Unknown,"242 Bonifacio St.","Urgent"
O003648,"2024-04-01 02:00:00",C00419,E0229,Laptop,"Mobile Devices",1,29999,0.03,PayPal,Pending,Online,"Unit 13, Building 26","Deliver after 5PM"
O003649,"2025-07-26 10:07:00",C00141,E0118,"External drive",Electronics,10,999,0,PayPal,Processing,Unknown,"Unit 18, Building 49","Call customer"
O003650,"2024-02-28 03:47:00",C00908,E0046,"Office chair","Office Furniture",0,4999,0.15,GCash,Delivered,Online,"Unit 19, Building 37","Urgent"
O003651,"2025-08-29 06:22:00",C00749,E0096,Keyboard,"Computer Accesossories",5,2499,0.15,GCash,Returned,Store,"881 Mabini St.","Gift order"
O003652,"2022-10-30 13:57:00",C00185,E0227,Projector,Electronics,2,4000,0.03,GCash,Pending,Store,"505 Mabini St.",Unknown
O003653,"2025-09-08 19:13:00",C00204,E0245,Monitor,"Computer Accesossories",2,9999,0.05,GCash,Returned,Store,"185 Rizal St.",Unknown
O003654,"2025-09-29 17:43:00",C00274,E0211,Mouse,"Computer Accesossories",1,1499,0.1,GCash,Canceled,Store,"Unit 5, Building 23","Gift order"
O003655,"2025-12-20 18:37:00",C00565,E0088,Unknown,Unknown,0,9999,0.03,GCash,Pending,Online,"129 Mabini St.","Urgent"
O003656,"2024-11-26 17:53:00",C00529,E0015,Desk,"Office Furniture",7,19999,0.15,"Debit Card",Pending,Online,"6 BONIFACIO ST.",Unknown
O003657,"2024-08-06 17:03:00",C00669,E0008,Webcam,"Computer Accesossories",1,1499,0,"Debit Card",Processing,Store,"432 Bonifacio St.","Urgent"
O003658,"2022-09-06 00:10:00",C00919,E0059,Headset,"Computer Accesossories",9,1499,0.2,GCash,Delivered,Marketplace,"Unit 6, Building 6","Deliver after 5PM"
O003659,"2022-11-16 10:54:00",C00720,E0250,Webcam,"Computer Accesossories",6,1499,0,Cash,Processing,Marketplace,"474 Mabini St.","Gift order"
O003660,"2024-01-27 05:45:00",C00343,E0130,Laptop,"Mobile Devices",4,29999,0.2,GCash,Canceled,Marketplace,"Unit 15, Building 24",Unknown
O003661,"2022-05-15 04:04:00",C00158,E0204,Router,Networking,9,1499,0,"Debit Card",Delivered,Marketplace,"Unit 7, Building 6",Unknown
O003662,"2023-02-15 04:32:00",C00036,E0129,Printer,"Computer Accesossories",5,3499,0,PayPal,Processing,Online,"Unit 10, Building 26","Call customer"
O003663,"2025-07-11 22:11:00",C00262,E0023,Router,Networking,5,1499,0,"Debit Card",Canceled,Store,"539 Mabini St.","Call customer"
O003664,"2025-03-05 18:41:00",C00127,E0072,Desk,"Office Furniture",2,19999,0,PayPal,Processing,Unknown,"Unit 18, Building 48","Gift order"
O003665,"2025-08-28 07:22:00",C00230,E0223,Desk,"Office Furniture",1,19999,0.15,Cash,Canceled,Online,"Unit 5, Building 16","Urgent"
O003666,"2025-03-21 23:43:00",C00027,E0155,Router,Networking,2,1499,0.03,PayPal,Delivered,Online,"7 Bonifacio St.",Unknown
O003667,"2024-10-11 17:49:00",C00312,E0070,Monitor,"Computer Accesossories",2,9999,0.05,"Credit Card",Pending,Store,"610 Main St.",Unknown
O003668,"2024-12-08 00:06:00",C00436,E0023,Keyboard,"Computer Accesossories",9,2499,0.03,"Bank Transfer",Returned,Online,"Unit 1, Building 19","Gift order"
O003669,"2023-09-21 14:22:00",C00381,E0067,Laptop,"Mobile Devices",4,29999,0,"Credit Card",Canceled,Unknown,"Unit 7, Building 34","Call customer"
O003670,"2024-04-24 06:48:00",C00647,E0236,Tablet,"Mobile Devices",1,8999,0.05,"Bank Transfer",Pending,Store,"578 Bonifacio St.","Gift order"
O003671,"2022-10-28 03:10:00",C00443,E0025,Desk,"Office Furniture",7,19999,0,GCash,Pending,Store,"Unit 7, Building 4",Unknown
O003672,"2022-01-17 04:14:00",C00645,E0121,Projector,Electronics,10,4000,0.03,"Bank Transfer",Returned,Online,"7 Rizal St.","Urgent"
O003673,"2022-06-12 10:36:00",C00845,E0237,Keyboard,"Computer Accesossories",5,2499,0.15,"Credit Card",Processing,Marketplace,"271 Main St.",Unknown
O003674,"2023-06-25 12:27:00",C00932,E0058,Projector,Electronics,1,4000,0.2,"Debit Card",Processing,Marketplace,"214 Mabini St.",Unknown
O003675,"2023-04-11 00:34:00",C00611,E0192,"Office chair","Office Furniture",1,4999,0,GCash,Shipped,Marketplace,"714 Mabini St.","Call customer"
O003676,"2023-12-14 19:43:00",C00873,E0184,Printer,"Computer Accesossories",9,3499,0.03,"Debit Card",Unknown,Online,"Unit 16, Building 41","Call customer"
O003677,"2025-03-09 02:26:00",C00105,E0193,Printer,"Computer Accesossories",1,3499,0,n/a,Processing,Marketplace,"452 Rizal St.","Urgent"
O003678,"2022-02-08 00:01:00",C00298,E0197,UPS,Electronics,8,4999,0.15,"Bank Transfer",Processing,Online,"Unit 6, Building 30","Deliver after 5PM"
O003679,"2025-10-25 07:27:00",C00325,E0148,Desk,"Office Furniture",9,19999,0.03,"Bank Transfer",Processing,Store,"Unit 8, Building 2","Deliver after 5PM"
O003680,"2023-03-14 15:42:00",C00882,E0218,Projector,Electronics,7,4000,0.03,Cash,Shipped,Store,"432 Main St.","Gift order"
O003681,"2022-04-14 18:55:00",C00327,E0226,Webcam,"Computer Accesossories",8,1499,0.1,PayPal,Delivered,Online,"521 Rizal St.","Deliver after 5PM"
O003682,"2024-12-28 15:26:00",C00910,E0003,Desk,"Office Furniture",8,19999,0,"Bank Transfer",Processing,Store,"730 BONIFACIO ST.",Unknown
O003683,"2022-09-13 15:25:00",C00207,E0004,Tablet,"Mobile Devices",5,8999,0.2,"Bank Transfer",Canceled,Online,"647 Bonifacio St.",Unknown
O003684,"2024-05-17 02:50:00",C00874,E0182,Mouse,"Computer Accesossories",2,1499,0,GCash,Delivered,Online,"166 Quezon St.",Unknown
O003685,"2023-11-05 09:02:00",C00342,E0245,"External drive",Electronics,2,999,0.2,"Credit Card",Unknown,Marketplace,"Unit 4, Building 47","Gift order"
O003686,"2023-03-06 16:26:00",C00571,E0222,Desk,"Office Furniture",3,19999,0,"Debit Card",Returned,Unknown,"33 Mabini St.","Gift order"
O003687,"2025-12-10 09:49:00",C00309,E0117,Projector,Electronics,4,4000,0.2,PayPal,Processing,Online,"618 Quezon St.","Urgent"
O003688,"2025-09-14 00:20:00",C00475,E0104,Router,Networking,1,1499,0.1,PayPal,Returned,Unknown,"Unit 6, Building 21",Unknown
O003689,"2024-04-06 17:55:00",C00844,E0064,Laptop,"Mobile Devices",2,29999,0.15,"Credit Card",Pending,Store,"Unit 11, Building 48","Call customer"
O003690,"2025-01-03 23:13:00",C00515,E0200,"Office chair","Office Furniture",6,4999,0.2,Cash,Unknown,Unknown,"Unit 12, Building 8",Unknown
O003691,"2025-12-29 19:55:00",C00519,E0146,Monitor,"Computer Accesossories",8,9999,0.05,PayPal,Shipped,Marketplace,"Unit 11, Building 46",Unknown
O003692,"2023-01-25 07:56:00",C00443,E0220,"External drive",Electronics,1,999,0.05,"Bank Transfer",Delivered,Store,"957 Main St.","Gift order"
O003693,"2023-03-21 18:28:00",C00064,E0107,Webcam,"Computer Accesossories",10,1499,0.2,GCash,Pending,Store,"Unit 15, Building 14",Unknown
O003694,"2023-11-13 19:07:00",C00618,E0019,UPS,Electronics,0,4999,0.05,"Debit Card",Delivered,Unknown,Warehouse,Unknown
O003695,"2025-01-22 08:16:00",C00849,E0119,UPS,Electronics,7,4999,0.05,"Bank Transfer",Shipped,Online,"Unit 20, Building 12","Gift order"
O003696,"2023-04-09 23:28:00",C00508,E0246,Router,Networking,8,1499,0,"Debit Card",Processing,Store,"214 Main St.",Unknown
O003697,"2025-12-22 15:21:00",C00726,E0114,Smartphone,"Mobile Devices",4,12999,0,"Debit Card",Delivered,Online,"862 Main St.","Gift order"
O003698,"2024-04-28 08:00:00",C00402,E0230,Desk,"Office Furniture",3,19999,0.03,"Debit Card",Delivered,Unknown,"79 Bonifacio St.","Deliver after 5PM"
O003699,"2024-02-20 22:36:00",C00174,E0248,Unknown,Unknown,9,4999,0,GCash,Delivered,Online,Warehouse,Unknown
O003700,"2023-05-11 19:43:00",C00172,E0239,Headset,"Computer Accesossories",3,1499,0.2,PayPal,Returned,Online,"976 Bonifacio St.","Gift order"
O003701,"2022-04-05 05:02:00",C00740,E0055,Laptop,"Mobile Devices",5,29999,0.2,"Credit Card",Processing,Online,"Unit 18, Building 1","Deliver after 5PM"
O003702,"2023-02-07 13:18:00",C00941,E0177,Keyboard,"Computer Accesossories",4,2499,0,"Credit Card",Pending,Online,"506 Mabini St.",Unknown
O003703,"2024-06-19 16:58:00",C00906,E0076,Tablet,"Mobile Devices",6,8999,0.1,Cash,Processing,Marketplace,"265 Rizal St.","Deliver after 5PM"
O003704,"2025-05-29 04:05:00",C00208,E0147,Monitor,"Computer Accesossories",2,9999,0.15,"Credit Card",Processing,Online,"543 Mabini St.",Unknown
O003705,"2022-08-16 21:10:00",C00290,E0212,Desk,"Office Furniture",5,19999,0.05,Cash,Pending,Online,"304 Rizal St.","Call customer"
O003706,"2022-05-17 11:52:00",C00124,E0073,Smartphone,"Mobile Devices",9,12999,0.2,GCash,Delivered,Marketplace,"442 Bonifacio St.","Urgent"
O003707,"2024-02-04 22:49:00",C00640,E0020,Webcam,"Computer Accesossories",6,1499,0,PayPal,Canceled,Online,"505 Main St.",Unknown
O003708,"2025-04-06 10:24:00",C00636,E0201,"Office chair","Office Furniture",4,4999,0.05,PayPal,Canceled,Marketplace,"UNIT 13, BUILDING 12","Gift order"
O003709,"2023-09-26 03:19:00",C00063,E0226,Webcam,"Computer Accesossories",1,1499,0.2,"Bank Transfer",Delivered,Marketplace,"Unit 17, Building 13","Gift order"
O003710,"2024-11-18 23:38:00",C00186,E0123,Monitor,"Computer Accesossories",3,9999,0.1,GCash,Delivered,Store,"Unit 3, Building 25","Urgent"
O003711,"2023-01-11 01:30:00",C00267,E0082,Printer,"Computer Accesossories",10,3499,0.1,PayPal,Processing,Online,"Unit 17, Building 29","Deliver after 5PM"
O003712,"2024-04-09 23:37:00",C00312,E0025,Laptop,"Mobile Devices",5,29999,0.03,PayPal,Returned,Store,"241 Bonifacio St.",Unknown
O003713,"2022-01-12 18:43:00",C00861,E0100,Router,Networking,9,1499,0,GCash,Canceled,Store,"439 Mabini St.",Unknown
O003714,"2023-02-22 22:55:00",C00265,E0211,"Office chair","Office Furniture",5,4999,0,"Debit Card",Canceled,Marketplace,"236 Rizal St.","Call customer"
O003715,"2025-08-08 14:09:00",C00316,E0221,Webcam,"Computer Accesossories",3,1499,0.1,"Credit Card",Returned,Store,"866 Mabini St.","Deliver after 5PM"
O003716,"2022-11-16 14:36:00",C00783,E0094,Printer,"Computer Accesossories",2,3499,0.03,"Bank Transfer",Canceled,Online,"608 Mabini St.","Deliver after 5PM"
O003717,"2024-10-20 23:07:00",C00565,E0022,UPS,Electronics,2,4999,0.15,Cash,Delivered,Online,"Unit 2, Building 50","Call customer"
O003718,"2022-05-02 22:42:00",C00436,E0118,Tablet,"Mobile Devices",5,8999,0.15,"Bank Transfer",Processing,Unknown,"Unit 3, Building 7","Gift order"
O003719,"2022-06-27 16:42:00",C00110,E0007,Smartphone,"Mobile Devices",4,12999,0.05,"Credit Card",Processing,Store,"Unit 5, Building 27","Gift order"
O003720,"2022-01-17 18:01:00",C00254,E0207,"External drive",Electronics,9,999,0.2,"Debit Card",Canceled,Store,"203 Mabini St.","Urgent"
O003721,"2022-07-06 11:54:00",C00940,E0237,UPS,Electronics,3,4999,0,PayPal,Shipped,Unknown,"977 Rizal St.","Gift order"
O003722,"2022-04-21 14:06:00",C00213,E0236,Unknown,Unknown,9,999,0,"Bank Transfer",Pending,Online,"Unit 20, Building 22","Deliver after 5PM"
O003723,"2025-01-31 10:36:00",C00280,E0003,Webcam,"Computer Accesossories",4,1499,0.2,GCash,Unknown,Marketplace,"941 Main St.","Gift order"
O003724,"2023-11-16 10:10:00",C00463,E0029,Mouse,"Computer Accesossories",6,1499,0.1,"Bank Transfer",Pending,Marketplace,"96 Rizal St.","Deliver after 5PM"
O003725,"2024-10-27 06:40:00",C00876,E0066,Printer,"Computer Accesossories",10,3499,0,PayPal,Delivered,Store,"Unit 2, Building 11",Unknown
O003726,"2023-12-17 05:34:00",C00906,E0193,Printer,"Computer Accesossories",8,3499,0.1,Cash,Returned,Online,"Unit 20, Building 13","Urgent"
O003727,"2023-01-26 01:53:00",C00542,E0163,Laptop,"Mobile Devices",7,29999,0.03,"Bank Transfer",Processing,Marketplace,"Unit 3, Building 12",Unknown
O003728,"2025-10-30 08:50:00",C00481,E0074,Router,Networking,2,1499,0,PayPal,Pending,Online,"Unit 11, Building 28",Unknown
O003729,"2023-11-22 09:25:00",C00919,E0199,Projector,Electronics,9,4000,0.05,"Bank Transfer",Canceled,Unknown,"608 Main St.",Unknown
O003730,"2022-04-24 12:30:00",C00799,E0219,"Office chair","Office Furniture",5,4999,0.03,"Bank Transfer",Delivered,Online,"Unit 5, Building 30","Gift order"
O003731,"2022-05-14 10:30:00",C00308,E0090,UPS,Electronics,7,4999,0.05,Cash,Processing,Online,"Unit 12, Building 8","Call customer"
O003732,"2022-06-02 20:21:00",C00187,E0206,Tablet,"Mobile Devices",2,8999,0,GCash,Pending,Online,"871 Quezon St.","Call customer"
O003733,"2022-06-30 22:23:00",C00347,E0235,Printer,"Computer Accesossories",3,3499,0.15,"Credit Card",Returned,Unknown,Warehouse,Unknown
O003734,"2023-07-10 04:07:00",C00611,E0020,"Office chair","Office Furniture",7,4999,0.03,Cash,Canceled,Marketplace,"502 Main St.",Unknown
O003735,"2024-06-03 14:21:00",C00961,E0226,Desk,"Office Furniture",5,19999,0.1,"Debit Card",Processing,Marketplace,"618 Rizal St.","Call customer"
O003736,"2022-01-29 23:01:00",C00081,E0176,Printer,"Computer Accesossories",1,3499,0.1,GCash,Processing,Online,"469 Quezon St.",Unknown
O003737,"2024-05-05 22:08:00",C00193,E0205,Tablet,"Mobile Devices",3,8999,0.05,n/a,Pending,Unknown,Warehouse,"Urgent"
O003738,"2024-02-18 05:53:00",C00525,E0179,Printer,"Computer Accesossories",8,3499,0.1,GCash,Pending,Online,"433 Rizal St.",Unknown
O003739,"2025-05-03 11:38:00",C00966,E0198,Printer,"Computer Accesossories",9,3499,0,"Credit Card",Canceled,Online,"595 Main St.","Deliver after 5PM"
O003740,"2024-01-25 03:45:00",C00129,E0062,Monitor,"Computer Accesossories",6,9999,0,"Credit Card",Returned,Unknown,"Unit 11, Building 50",Unknown
O003741,"2022-05-19 02:37:00",C00795,E0005,Webcam,"Computer Accesossories",0,1499,0.15,"Credit Card",Canceled,Unknown,"143 Mabini St.",Unknown
O003742,"2022-09-29 18:41:00",C00040,E0235,"Office chair","Office Furniture",2,4999,0.05,"Credit Card",Delivered,Unknown,"Unit 1, Building 23",Unknown
O003743,"2025-08-21 21:59:00",C00511,E0082,UPS,Electronics,2,4999,0,Cash,Canceled,Store,"Unit 10, Building 25",Unknown
O003744,"2022-10-19 23:04:00",C00483,E0207,Laptop,"Mobile Devices",2,29999,0.2,"Debit Card",Returned,Marketplace,"640 Quezon St.",Unknown
O003745,"2024-03-24 15:19:00",C00860,E0130,Monitor,"Computer Accesossories",5,9999,0.1,"Credit Card",Delivered,Store,"36 main st.","Gift order"
O003746,"2025-06-17 11:44:00",C00554,E0222,UPS,Electronics,2,4999,0.1,"Debit Card",Shipped,Store,"Unit 5, Building 1","Gift order"
O003747,"2024-07-12 23:18:00",C00036,E0212,Keyboard,"Computer Accesossories",3,2499,0.2,PayPal,Delivered,Store,"Unit 17, Building 29","Deliver after 5PM"
O003748,"2025-01-11 20:02:00",C00120,E0156,Desk,"Office Furniture",10,19999,0.15,GCash,Processing,Online,"Unit 6, Building 13",Unknown
O003749,"2025-06-26 15:22:00",C00521,E0191,Laptop,"Mobile Devices",10,29999,0.03,"Credit Card",Canceled,Store,"231 Rizal St.","Deliver after 5PM"
O003750,"2024-12-04 06:04:00",C00896,E0135,Mouse,"Computer Accesossories",9,1499,0,Cash,Processing,Marketplace,"Unit 9, Building 35",Unknown
O003751,"2024-05-15 17:14:00",C00124,E0182,Mouse,"Computer Accesossories",3,1499,0.1,GCash,Shipped,Store,"271 Rizal St.","Urgent"
O003752,"2024-04-28 15:03:00",C00174,E0098,Laptop,"Mobile Devices",4,29999,0.2,"Debit Card",Returned,Marketplace,"Unit 18, Building 11",Unknown
O003753,"2022-04-21 13:20:00",C00147,E0200,Laptop,"Mobile Devices",0,29999,0.05,"Bank Transfer",Pending,Marketplace,"521 Bonifacio St.","Deliver after 5PM"
O003754,"2022-12-13 05:47:00",C00244,E0033,Smartphone,"Mobile Devices",2,12999,0.03,PayPal,Delivered,Online,"37 MAIN ST.","Urgent"
O003755,"2025-10-10 01:11:00",C00592,E0217,Laptop,"Mobile Devices",6,29999,0,"Bank Transfer",Pending,Marketplace,"Unit 19, Building 6","Urgent"
O003756,"2023-06-26 05:52:00",C00588,E0092,Monitor,"Computer Accesossories",4,9999,0.03,PayPal,Returned,Marketplace,"587 Mabini St.",Unknown
O003757,"2023-05-09 05:06:00",C00250,E0172,Tablet,"Mobile Devices",4,8999,0.1,GCash,Pending,Unknown,"Unit 4, Building 43","Call customer"
O003758,"2023-05-28 21:18:00",C00641,E0199,Router,Networking,5,1499,0.2,PayPal,Shipped,Online,"Unit 4, Building 36","Call customer"
O003759,"2024-05-21 11:14:00",C00898,E0031,"External drive",Electronics,5,999,0,PayPal,Pending,Store,"739 Rizal St.","Call customer"
O003760,"2022-10-31 09:19:00",C00263,E0082,Webcam,"Computer Accesossories",7,1499,0.2,PayPal,Pending,Store,"8 Mabini St.","Urgent"
O003761,"2023-02-22 08:30:00",C00311,E0146,Monitor,"Computer Accesossories",5,9999,0.03,PayPal,Delivered,Store,"177 Quezon St.",Unknown
O003762,"2025-01-24 23:16:00",C00315,E0044,Printer,"Computer Accesossories",8,3499,0.03,"Credit Card",Canceled,Store,"Unit 1, Building 27",Unknown
O003763,"2024-04-14 15:53:00",C00075,E0174,Router,Networking,0,1499,0,"Debit Card",Pending,Unknown,"727 Main St.","Call customer"
O003764,"2023-01-07 08:15:00",C00135,E0167,Headset,"Computer Accesossories",8,1499,0,"Credit Card",Pending,Online,"949 Rizal St.",Unknown
O003765,"2024-06-11 07:16:00",C00195,E0190,Tablet,"Mobile Devices",4,8999,0,"Bank Transfer",Delivered,Marketplace,"548 Mabini St.","Call customer"
O003766,"2023-08-11 02:36:00",C00202,E0222,Laptop,"Mobile Devices",7,29999,0,GCash,Canceled,Online,"223 Quezon St.","Gift order"
O003767,"2024-03-15 04:36:00",C00652,E0240,Unknown,Unknown,10,19999,0,"Debit Card",Processing,Marketplace,"Unit 17, Building 19","Deliver after 5PM"
O003768,"2022-07-12 23:30:00",C00825,E0043,Printer,"Computer Accesossories",9,3499,0.1,"Credit Card",Shipped,Store,"314 Rizal St.","Gift order"
O003769,"2024-10-13 09:45:00",C00246,E0005,Router,Networking,2,1499,0.1,"Debit Card",Shipped,Online,"Unit 17, Building 6","Urgent"
O003770,"2024-02-05 09:12:00",C00397,E0035,Desk,"Office Furniture",10,19999,0.05,GCash,Unknown,Store,"181 Main St.",Unknown
O003771,"2025-06-08 14:39:00",C00640,E0084,Mouse,"Computer Accesossories",8,1499,0.03,PayPal,Delivered,Marketplace,"285 Mabini St.",Unknown
O003772,"2024-11-05 13:30:00",C00579,E0219,Webcam,"Computer Accesossories",8,1499,0.15,Cash,Shipped,Unknown,"845 Mabini St.",Unknown
O003773,"2024-07-01 02:18:00",C00322,E0008,"Office chair","Office Furniture",5,4999,0,Cash,Processing,Online,"Unit 12, Building 32",Unknown
O003774,"2022-07-30 17:25:00",C00658,E0146,Tablet,"Mobile Devices",10,8999,0.1,"Bank Transfer",Processing,Marketplace,"Unit 19, Building 6","Call customer"
O003775,"2022-05-27 08:20:00",C00801,E0111,Printer,"Computer Accesossories",7,3499,0.1,PayPal,Canceled,Store,"UNIT 10, BUILDING 39",Unknown
O003776,"2023-07-19 17:50:00",C00971,E0149,Headset,"Computer Accesossories",2,1499,0.2,GCash,Shipped,Marketplace,"Unit 3, Building 12",Unknown
O003777,"2025-05-26 05:11:00",C00835,E0226,UPS,Electronics,7,4999,0.03,Cash,Delivered,Store,"664 Rizal St.","Deliver after 5PM"
O003778,"2023-05-13 05:58:00",C00421,E0163,Desk,"Office Furniture",3,19999,0.2,"Debit Card",Canceled,Online,"864 Quezon St.",Unknown
O003779,"2025-11-22 17:25:00",C00545,E0227,Projector,Electronics,9,4000,0.1,"Bank Transfer",Returned,Store,"Unit 6, Building 13","Deliver after 5PM"
O003780,"2024-08-10 05:31:00",C00063,E0124,"External drive",Electronics,6,999,0.2,GCash,Returned,Online,"Unit 10, Building 50","Call customer"
O003781,"2025-02-13 00:51:00",C00207,E0052,Tablet,"Mobile Devices",5,8999,0,PayPal,Pending,Store,"158 Mabini St.","Gift order"
O003782,"2023-08-25 00:24:00",C00053,E0167,Printer,"Computer Accesossories",10,3499,0.15,"Credit Card",Shipped,Online,"Unit 3, Building 27","Gift order"
O003783,"2024-08-20 05:55:00",C00224,E0091,Desk,"Office Furniture",9,19999,0.15,PayPal,Pending,Store,"664 Bonifacio St.","Deliver after 5PM"
O003784,"2023-05-07 16:29:00",C00822,E0055,Headset,"Computer Accesossories",4,1499,0.1,PayPal,Returned,Online,"9 Mabini St.","Gift order"
O003785,"2025-12-20 11:11:00",C00975,E0079,Projector,Electronics,3,4000,0.1,Cash,Pending,Unknown,"481 Main St.","Deliver after 5PM"
O003786,"2022-07-04 20:22:00",C00267,E0215,"Office chair","Office Furniture",9,4999,0.03,"Debit Card",Unknown,Store,"Unit 19, Building 7",Unknown
O003787,"2025-01-24 20:01:00",C00839,E0159,Monitor,"Computer Accesossories",9,9999,0,"Bank Transfer",Canceled,Marketplace,"247 Bonifacio St.","Urgent"
O003788,"2024-09-17 00:46:00",C00732,E0061,Desk,"Office Furniture",6,19999,0.03,Cash,Canceled,Store,"Unit 20, Building 27",Unknown
O003789,"2025-06-09 03:40:00",C00259,E0102,"Office chair","Office Furniture",10,4999,0.2,"Credit Card",Pending,Online,"494 Bonifacio St.","Gift order"
O003790,"2023-11-13 19:37:00",C00518,E0111,Mouse,"Computer Accesossories",1,1499,0.15,Cash,Delivered,Online,"787 Quezon St.","Call customer"
O003791,"2024-08-06 19:55:00",C00800,E0102,Printer,"Computer Accesossories",5,3499,0.03,PayPal,Delivered,Store,"526 Main St.",Unknown
O003792,"2022-07-03 16:52:00",C00974,E0077,Webcam,"Computer Accesossories",8,1499,0.1,"Bank Transfer",Returned,Marketplace,"788 Rizal St.","Deliver after 5PM"
O003793,"2022-06-23 02:03:00",C00517,E0039,Tablet,"Mobile Devices",2,8999,0.15,Cash,Processing,Online,"Unit 18, Building 41","Gift order"
O003794,"2025-05-03 13:06:00",C00422,E0121,Headset,"Computer Accesossories",6,1499,0.1,"Debit Card",Returned,Online,"Unit 18, Building 14","Call customer"
O003795,"2024-03-30 19:45:00",C00382,E0158,Laptop,"Mobile Devices",7,29999,0,PayPal,Processing,Store,"77 Mabini St.","Gift order"
O003796,"2023-09-04 09:42:00",C00656,E0073,Mouse,"Computer Accesossories",0,1499,0.15,PayPal,Shipped,Online,"740 Main St.",Unknown
O003797,"2024-01-23 14:54:00",C00570,E0032,Keyboard,"Computer Accesossories",6,2499,0.05,"Debit Card",Canceled,Online,"135 Bonifacio St.","Urgent"
O003798,"2022-09-03 17:34:00",C00862,E0025,Laptop,"Mobile Devices",6,29999,0.2,Cash,Canceled,Online,"Unit 6, Building 41","Urgent"
O003799,"2024-10-30 13:48:00",C00303,E0226,Headset,"Computer Accesossories",5,1499,0,"Debit Card",Processing,Online,"591 Quezon St.",Unknown
O003800,"2024-06-23 19:19:00",C00973,E0023,Projector,Electronics,6,4000,0,"Credit Card",Shipped,Unknown,"710 Rizal St.","Gift order"
O003801,"2024-02-12 07:45:00",C00293,E0091,Laptop,"Mobile Devices",0,29999,0,"Bank Transfer",Shipped,Store,"826 Quezon St.","Gift order"
O003802,"2024-12-06 06:50:00",C00366,E0165,Webcam,"Computer Accesossories",10,1499,0.1,"Credit Card",Returned,Store,"Unit 14, Building 23","Deliver after 5PM"
O003803,"2022-04-28 01:37:00",C00009,E0076,Headset,"Computer Accesossories",10,1499,0.1,Cash,Returned,Marketplace,"Unit 4, Building 19","Deliver after 5PM"
O003804,"2022-12-24 19:28:00",C00801,E0242,Webcam,"Computer Accesossories",3,1499,0.1,"Credit Card",Pending,Online,"Unit 15, Building 5","Urgent"
O003805,"2022-05-25 11:25:00",C00682,E0036,Desk,"Office Furniture",6,19999,0.05,Cash,Shipped,Marketplace,"Unit 19, Building 37","Gift order"
O003806,"2023-11-14 13:57:00",C00231,E0089,Desk,"Office Furniture",9,19999,0.03,Cash,Pending,Unknown,"420 Mabini St.",Unknown
O003807,"2022-10-08 04:05:00",C00993,E0197,"External drive",Electronics,10,999,0,"Credit Card",Canceled,Marketplace,"847 Bonifacio St.","Gift order"
O003808,"2023-01-27 01:59:00",C00521,E0154,Keyboard,"Computer Accesossories",3,2499,0,"Credit Card",Shipped,Store,"Unit 13, Building 24","Call customer"
O003809,"2022-04-24 04:08:00",C00583,E0202,Monitor,"Computer Accesossories",8,9999,0.15,PayPal,Delivered,Store,"Unit 3, Building 12","Gift order"
O003810,"2023-04-29 20:34:00",C00445,E0088,Tablet,"Mobile Devices",8,8999,0.1,GCash,Processing,Store,"79 Quezon St.","Gift order"
O003811,"2024-05-01 16:05:00",C00416,E0077,"External drive",Electronics,4,999,0.1,Cash,Delivered,Store,"882 Bonifacio St.","Deliver after 5PM"
O003812,"2025-08-30 09:02:00",C00339,E0092,"Office chair","Office Furniture",10,4999,0,GCash,Shipped,Marketplace,"593 Mabini St.","Call customer"
O003813,"2025-05-18 06:29:00",C00540,E0036,Keyboard,"Computer Accesossories",7,2499,0.2,PayPal,Delivered,Online,"Unit 6, Building 3",Unknown
O003814,"2024-06-29 12:19:00",C00355,E0077,Webcam,"Computer Accesossories",8,1499,0.05,GCash,Processing,Store,"Unit 8, Building 17","Urgent"
O003815,"2025-11-28 15:50:00",C00272,E0230,Printer,"Computer Accesossories",3,3499,0.03,PayPal,Delivered,Store,Warehouse,"Gift order"
O003816,"2023-02-10 16:47:00",C00663,E0147,UPS,Electronics,9,4999,0.05,"Credit Card",Pending,Marketplace,Warehouse,Unknown
O003817,"2025-06-30 22:27:00",C00342,E0110,Projector,Electronics,7,4000,0,"Bank Transfer",Shipped,Marketplace,"Unit 10, Building 4","Urgent"
O003818,"2023-11-24 08:14:00",C00627,E0045,Desk,"Office Furniture",4,19999,0,"Bank Transfer",Delivered,Unknown,"Unit 16, Building 8",Unknown
O003819,"2023-05-13 04:29:00",C00297,E0074,Keyboard,"Computer Accesossories",8,2499,0,"Credit Card",Pending,Online,"808 Rizal St.","Call customer"
O003820,"2023-11-20 20:26:00",C00028,E0077,Monitor,"Computer Accesossories",2,9999,0.03,PayPal,Delivered,Store,"Unit 11, Building 4","Deliver after 5PM"
O003821,"2023-04-15 14:04:00",C00273,E0165,Headset,"Computer Accesossories",10,1499,0,GCash,Shipped,Online,"509 Mabini St.","Call customer"
O003822,"2023-08-10 09:10:00",C00426,E0174,"External drive",Electronics,5,999,0,"Bank Transfer",Pending,Online,"Unit 5, Building 2","Call customer"
O003823,"2025-05-18 09:57:00",C00595,E0066,Mouse,"Computer Accesossories",0,1499,0.2,Cash,Pending,Online,"659 MABINI ST.",Unknown
O003824,"2022-12-07 09:19:00",C00191,E0162,Mouse,"Computer Accesossories",5,1499,0.15,GCash,Returned,Store,"378 Bonifacio St.","Urgent"
O003825,"2022-02-02 06:26:00",C00366,E0034,Webcam,"Computer Accesossories",5,1499,0.1,"Credit Card",Pending,Unknown,"226 Rizal St.",Unknown
O003826,"2024-05-22 16:34:00",C00102,E0094,Printer,"Computer Accesossories",2,3499,0.1,"Bank Transfer",Pending,Online,"Unit 1, Building 4","Call customer"
O003827,"2023-09-02 13:08:00",C00288,E0245,Mouse,"Computer Accesossories",6,1499,0.15,GCash,Processing,Online,"472 BONIFACIO ST.","Deliver after 5PM"
O003828,"2023-01-12 02:01:00",C00936,E0140,Keyboard,"Computer Accesossories",2,2499,0.2,Cash,Shipped,Unknown,"Unit 1, Building 27","Call customer"
O003829,"2024-10-09 07:38:00",C00864,E0132,Webcam,"Computer Accesossories",7,1499,0,Cash,Delivered,Store,"208 Bonifacio St.","Deliver after 5PM"
O003830,"2022-05-23 01:54:00",C00251,E0189,"External drive",Electronics,10,999,0.15,"Bank Transfer",Processing,Unknown,"unit 9, building 31","Urgent"
O003831,"2024-04-17 23:14:00",C00342,E0134,Desk,"Office Furniture",5,19999,0,"Bank Transfer",Pending,Marketplace,"Unit 2, Building 6","Call customer"
O003832,"2023-03-10 16:59:00",C00673,E0223,Printer,"Computer Accesossories",2,3499,0.1,PayPal,Returned,Marketplace,"722 Main St.","Call customer"
O003833,"2024-12-29 14:44:00",C00461,E0042,Desk,"Office Furniture",1,19999,0.15,Cash,Returned,Online,"673 rizal st.",Unknown
O003834,"2022-06-30 19:12:00",C00416,E0104,Projector,Electronics,8,4000,0,PayPal,Canceled,Online,"45 Bonifacio St.","Gift order"
O003835,"2024-05-16 20:26:00",C00589,E0107,Monitor,"Computer Accesossories",10,9999,0,"Bank Transfer",Pending,Unknown,"306 Rizal St.","Deliver after 5PM"
O003836,"2023-02-26 20:09:00",C00914,E0107,Unknown,Unknown,3,4999,0.1,"Credit Card",Returned,Store,"4 Main St.","Deliver after 5PM"
O003837,"2025-08-27 08:21:00",C00812,E0102,Desk,"Office Furniture",7,19999,0.15,GCash,Processing,Online,"Unit 11, Building 32","Call customer"
O003838,"2022-09-09 04:44:00",C00506,E0144,Router,Networking,0,1499,0,PayPal,Unknown,Store,"Unit 1, Building 12","Call customer"
O003839,"2022-03-13 02:35:00",C00961,E0154,"External drive",Electronics,10,999,0.2,"Bank Transfer",Returned,Marketplace,"821 RIZAL ST.",Unknown
O003840,"2022-03-04 23:55:00",C00004,E0230,Mouse,"Computer Accesossories",9,1499,0,"Debit Card",Processing,Unknown,"476 QUEZON ST.","Deliver after 5PM"
O003841,"2025-08-14 07:17:00",C00960,E0041,Laptop,"Mobile Devices",5,29999,0,"Credit Card",Returned,Online,"446 Main St.",Unknown
O003842,"2023-12-05 17:30:00",C00080,E0132,Desk,"Office Furniture",2,19999,0.05,"Credit Card",Canceled,Marketplace,"unit 3, building 28","Gift order"
O003843,"2023-06-18 16:48:00",C00233,E0131,Unknown,Unknown,3,19999,0.05,"Bank Transfer",Delivered,Marketplace,"Unit 15, Building 6","Deliver after 5PM"
O003844,"2022-11-05 20:27:00",C00864,E0195,Projector,Electronics,10,4000,0,Cash,Processing,Unknown,"447 Quezon St.","Call customer"
O003845,"2023-02-01 23:59:00",C00895,E0172,Router,Networking,3,1499,0.1,"Credit Card",Delivered,Store,"239 Mabini St.","Deliver after 5PM"
O003846,"2022-09-22 16:42:00",C00414,E0249,Laptop,"Mobile Devices",5,29999,0.1,GCash,Shipped,Online,"151 Mabini St.","Deliver after 5PM"
O003847,"2023-10-16 05:32:00",C00380,E0135,Router,Networking,7,1499,0.2,"Bank Transfer",Processing,Store,"Unit 18, Building 46",Unknown
O003848,"2025-01-14 05:25:00",C00822,E0214,Mouse,"Computer Accesossories",9,1499,0.2,"Debit Card",Canceled,Online,"Unit 4, Building 3","Urgent"
O003849,"2022-03-04 07:55:00",C00794,E0148,Router,Networking,7,1499,0,"Credit Card",Shipped,Marketplace,"Unit 18, Building 17","Deliver after 5PM"
O003850,"2025-06-11 18:39:00",C00645,E0114,Tablet,"Mobile Devices",9,8999,0,"Debit Card",Delivered,Store,"Unit 17, Building 17","Call customer"
O003851,"2022-09-04 11:26:00",C00960,E0128,"Office chair","Office Furniture",1,4999,0.2,"Credit Card",Processing,Online,"Unit 15, Building 36","Deliver after 5PM"
O003852,"2022-09-11 00:30:00",C00900,E0151,Unknown,Unknown,9,4999,0.1,GCash,Shipped,Marketplace,"Unit 3, Building 8","Urgent"
O003853,"2023-04-26 15:27:00",C00138,E0220,Keyboard,"Computer Accesossories",10,2499,0.1,"Credit Card",Processing,Store,"Unit 3, Building 8","Urgent"
O003854,"2023-05-12 16:05:00",C00258,E0204,Laptop,"Mobile Devices",5,29999,0.03,Cash,Canceled,Online,Warehouse,Unknown
O003855,"2023-08-10 21:36:00",C00790,E0008,Printer,"Computer Accesossories",5,3499,0.15,"Credit Card",Returned,Store,"Unit 9, Building 13",Unknown
O003856,"2025-04-19 21:21:00",C00329,E0149,Webcam,"Computer Accesossories",6,1499,0.2,"Credit Card",Canceled,Unknown,"623 Rizal St.","Gift order"
O003857,"2023-06-24 12:54:00",C00203,E0183,Keyboard,"Computer Accesossories",9,2499,0,"Bank Transfer",Canceled,Marketplace,"609 Quezon St.",Unknown
O003858,"2023-12-19 23:07:00",C00204,E0139,Printer,"Computer Accesossories",4,3499,0,"Bank Transfer",Returned,Marketplace,"627 Mabini St.",Unknown
O003859,"2022-10-24 04:45:00",C00062,E0044,Keyboard,"Computer Accesossories",3,2499,0.05,"Bank Transfer",Delivered,Online,"Unit 7, Building 29","Urgent"
O003860,"2024-10-26 13:19:00",C00772,E0019,UPS,Electronics,7,4999,0.1,"Credit Card",Returned,Store,"944 Bonifacio St.","Gift order"
O003861,"2023-07-09 18:07:00",C00368,E0241,Mouse,"Computer Accesossories",2,1499,0.05,"Bank Transfer",Pending,Store,"Unit 6, Building 23","Urgent"
O003862,"2024-06-04 09:47:00",C00923,E0094,Mouse,"Computer Accesossories",2,1499,0.05,GCash,Processing,Marketplace,"Unit 9, Building 23","Gift order"
O003863,"2023-07-25 17:32:00",C00113,E0247,Monitor,"Computer Accesossories",2,9999,0.05,"Debit Card",Canceled,Unknown,"Unit 4, Building 18",Unknown
O003864,"2024-11-18 04:09:00",C00838,E0009,Tablet,"Mobile Devices",8,8999,0,"Credit Card",Delivered,Online,"71 Bonifacio St.","Deliver after 5PM"
O003865,"2025-10-13 10:31:00",C00097,E0011,Projector,Electronics,7,4000,0,PayPal,Unknown,Marketplace,"Unit 12, Building 24","Call customer"
O003866,"2023-04-22 22:50:00",C00068,E0029,Router,Networking,3,1499,0.15,GCash,Delivered,Marketplace,"UNIT 18, BUILDING 50",Unknown
O003867,"2022-08-10 15:33:00",C00515,E0187,Router,Networking,5,1499,0.03,"Bank Transfer",Delivered,Store,"63 Main St.","Call customer"
O003868,"2024-02-10 21:51:00",C00803,E0041,Headset,"Computer Accesossories",1,1499,0.15,"Bank Transfer",Canceled,Store,"289 Bonifacio St.",Unknown
O003869,"2025-09-28 17:55:00",C00470,E0082,Printer,"Computer Accesossories",5,3499,0,GCash,Shipped,Store,"719 Rizal St.","Urgent"
O003870,"2025-02-17 03:55:00",C00284,E0091,Desk,"Office Furniture",10,19999,0,"Debit Card",Shipped,Store,"22 Mabini St.","Gift order"
O003871,"2022-10-04 06:26:00",C00500,E0152,UPS,Electronics,9,4999,0,"Debit Card",Delivered,Store,"694 Bonifacio St.","Deliver after 5PM"
O003872,"2025-02-23 05:06:00",C00288,E0186,Unknown,Unknown,5,799,0.03,"Credit Card",Returned,Online,"567 quezon st.",Unknown
O003873,"2022-03-15 04:09:00",C00851,E0107,Keyboard,"Computer Accesossories",10,2499,0.1,"Bank Transfer",Processing,Online,"124 Rizal St.","Urgent"
O003874,"2023-02-25 03:06:00",C00734,E0195,"Office chair","Office Furniture",1,4999,0.2,PayPal,Canceled,Online,"698 Rizal St.","Deliver after 5PM"
O003875,"2024-05-16 03:27:00",C00156,E0181,Router,Networking,6,1499,0,GCash,Canceled,Store,"Unit 11, Building 50",Unknown
O003876,"2025-08-14 00:13:00",C00397,E0074,Unknown,Unknown,9,999,0,"Bank Transfer",Unknown,Online,"Unit 1, Building 39","Deliver after 5PM"
O003877,"2023-09-09 09:46:00",C00529,E0131,Projector,Electronics,5,4000,0.1,GCash,Canceled,Unknown,"492 Mabini St.","Call customer"
O003878,"2023-03-08 21:09:00",C00036,E0193,Keyboard,"Computer Accesossories",2,2499,0.03,"Bank Transfer",Canceled,Marketplace,"Unit 14, Building 10","Call customer"
O003879,"2023-04-22 08:09:00",C00794,E0191,Unknown,Unknown,7,799,0,PayPal,Shipped,Store,"628 Rizal St.",Unknown
O003880,"2024-04-30 21:00:00",C00935,E0181,Webcam,"Computer Accesossories",4,1499,0.15,"Debit Card",Returned,Store,"Unit 11, Building 5","Deliver after 5PM"
O003881,"2022-08-12 09:29:00",C00980,E0001,UPS,Electronics,3,4999,0,PayPal,Pending,Store,"477 Quezon St.",Unknown
O003882,"2022-06-12 08:59:00",C00216,E0149,Smartphone,"Mobile Devices",6,12999,0.15,"Debit Card",Processing,Marketplace,"369 Bonifacio St.","Call customer"
O003883,"2023-05-05 12:16:00",C00589,E0171,Unknown,Unknown,1,19999,0,"Bank Transfer",Shipped,Online,"513 Bonifacio St.","Deliver after 5PM"
O003884,"2023-08-20 18:59:00",C00284,E0069,Keyboard,"Computer Accesossories",1,2499,0.1,"Debit Card",Pending,Online,"Unit 8, Building 50",Unknown
O003885,"2023-11-27 20:58:00",C00778,E0093,Mouse,"Computer Accesossories",3,1499,0.03,GCash,Pending,Online,"770 Mabini St.","Deliver after 5PM"
O003886,"2022-09-01 00:24:00",C00733,E0059,Desk,"Office Furniture",10,19999,0.03,"Debit Card",Shipped,Unknown,"Unit 12, Building 42","Gift order"
O003887,"2022-02-06 20:43:00",C00103,E0046,Desk,"Office Furniture",10,19999,0.2,PayPal,Shipped,Store,"Unit 7, Building 6","Gift order"
O003888,"2024-01-16 02:48:00",C00129,E0066,"External drive",Electronics,5,999,0.2,GCash,Delivered,Online,"Unit 12, Building 1",Unknown
O003889,"2022-08-10 21:55:00",C00697,E0211,UPS,Electronics,9,4999,0.03,"Debit Card",Processing,Online,"Unit 5, Building 15","Urgent"
O003890,"2023-01-24 15:08:00",C00520,E0066,Monitor,"Computer Accesossories",6,9999,0.15,PayPal,Processing,Store,Warehouse,"Call customer"
O003891,"2022-02-14 09:59:00",C00386,E0172,UPS,Electronics,5,4999,0.1,"Credit Card",Processing,Unknown,"31 Bonifacio St.",Unknown
O003892,"2024-12-15 01:37:00",C00811,E0213,UPS,Electronics,1,4999,0.03,"Bank Transfer",Shipped,Unknown,"713 RIZAL ST.",Unknown
O003893,"2022-07-17 21:13:00",C00381,E0156,"Office chair","Office Furniture",10,4999,0,"Credit Card",Shipped,Unknown,"unit 13, building 12","Urgent"
O003894,"2022-02-17 05:50:00",C00811,E0237,Keyboard,"Computer Accesossories",5,2499,0.03,GCash,Canceled,Marketplace,"82 Mabini St.","Deliver after 5PM"
O003895,"2024-11-02 10:27:00",C00641,E0046,Printer,"Computer Accesossories",10,3499,0,"Credit Card",Shipped,Store,"177 Quezon St.","Deliver after 5PM"
O003896,"2022-11-13 21:38:00",C00477,E0221,Headset,"Computer Accesossories",2,1499,0,"Debit Card",Unknown,Marketplace,"Unit 4, Building 9",Unknown
O003897,"2023-09-08 09:21:00",C00852,E0203,Router,Networking,3,1499,0,"Bank Transfer",Processing,Unknown,"392 Bonifacio St.",Unknown
O003898,"2022-02-20 10:18:00",C00184,E0129,Mouse,"Computer Accesossories",8,1499,0.15,"Credit Card",Pending,Marketplace,"14 Quezon St.","Deliver after 5PM"
O003899,"2025-04-01 00:53:00",C00871,E0104,Keyboard,"Computer Accesossories",2,2499,0.1,GCash,Unknown,Online,Warehouse,"Urgent"
O003900,"2024-04-26 16:20:00",C00609,E0034,Smartphone,"Mobile Devices",5,12999,0.05,"Bank Transfer",Shipped,Unknown,"Unit 9, Building 19",Unknown
O003901,"2023-08-09 17:56:00",C00305,E0097,Mouse,"Computer Accesossories",10,1499,0.05,GCash,Delivered,Marketplace,"Unit 12, Building 42","Gift order"
O003902,"2025-07-24 15:07:00",C00523,E0026,Router,Networking,8,1499,0,GCash,Processing,Store,"487 Main St.","Deliver after 5PM"
O003903,"2024-08-09 12:30:00",C00987,E0244,"Office chair","Office Furniture",5,4999,0,PayPal,Shipped,Marketplace,"409 Rizal St.","Call customer"
O003904,"2025-12-11 13:17:00",C00016,E0136,Monitor,"Computer Accesossories",10,9999,0.2,"Credit Card",Returned,Store,"228 Main St.","Gift order"
O003905,"2023-06-09 12:32:00",C00419,E0233,Projector,Electronics,0,4000,0.05,"Bank Transfer",Canceled,Online,"Unit 11, Building 39","Gift order"
O003906,"2025-06-24 13:56:00",C00753,E0009,Printer,"Computer Accesossories",6,3499,0.03,"Bank Transfer",Canceled,Online,"234 Rizal St.","Gift order"
O003907,"2023-09-21 18:02:00",C00306,E0131,Unknown,Unknown,9,7999,0,GCash,Delivered,Online,"96 Main St.","Gift order"
O003908,"2022-09-09 13:28:00",C00764,E0017,UPS,Electronics,1,4999,0.2,"Credit Card",Returned,Unknown,"973 Bonifacio St.","Call customer"
O003909,"2022-07-06 06:05:00",C00110,E0223,Monitor,"Computer Accesossories",2,9999,0.03,GCash,Returned,Online,"685 quezon st.","Urgent"
O003910,"2024-12-07 12:51:00",C00793,E0078,Keyboard,"Computer Accesossories",0,2499,0,"Debit Card",Shipped,Store,"31 bonifacio st.",Unknown
O003911,"2023-06-02 01:32:00",C00232,E0120,"Office chair","Office Furniture",10,4999,0,Cash,Pending,Marketplace,"Unit 7, Building 17","Deliver after 5PM"
O003912,"2023-08-17 15:29:00",C00140,E0127,UPS,Electronics,7,4999,0.03,"Bank Transfer",Processing,Marketplace,"621 Rizal St.","Urgent"
O003913,"2023-04-26 03:30:00",C00859,E0033,Smartphone,"Mobile Devices",9,12999,0,"Debit Card",Shipped,Marketplace,"230 Main St.","Gift order"
O003914,"2024-10-13 07:55:00",C00157,E0138,Monitor,"Computer Accesossories",1,9999,0.2,"Debit Card",Processing,Online,"314 rizal st.",Unknown
O003915,"2024-12-10 21:51:00",C00476,E0077,Printer,"Computer Accesossories",8,3499,0.2,PayPal,Unknown,Online,Warehouse,Unknown
O003916,"2025-12-19 03:20:00",C00044,E0054,Printer,"Computer Accesossories",3,3499,0.2,GCash,Canceled,Unknown,"264 Mabini St.","Gift order"
O003917,"2024-08-14 05:33:00",C00356,E0072,Desk,"Office Furniture",3,19999,0,"Credit Card",Shipped,Store,"Unit 3, Building 6","Call customer"
O003918,"2024-06-21 22:32:00",C00795,E0163,"Office chair","Office Furniture",1,4999,0,Cash,Returned,Store,"Unit 16, Building 13","Deliver after 5PM"
O003919,"2025-05-28 11:34:00",C00091,E0169,Router,Networking,4,1499,0.15,Cash,Canceled,Unknown,"985 Rizal St.","Gift order"
O003920,"2025-04-21 06:18:00",C00755,E0210,Projector,Electronics,4,4000,0.2,"Credit Card",Processing,Unknown,"Unit 17, Building 40",Unknown
O003921,"2022-07-01 08:05:00",C00340,E0051,Smartphone,"Mobile Devices",5,12999,0.05,"Credit Card",Unknown,Online,"342 Quezon St.","Gift order"
O003922,"2024-03-27 02:16:00",C00620,E0198,Tablet,"Mobile Devices",9,8999,0.1,GCash,Delivered,Store,"507 Main St.","Gift order"
O003923,"2025-10-24 20:05:00",C00643,E0233,Projector,Electronics,1,4000,0.05,Cash,Shipped,Store,"954 RIZAL ST.",Unknown
O003924,"2022-08-25 11:12:00",C00584,E0169,UPS,Electronics,5,4999,0,"Bank Transfer",Pending,Online,"Unit 12, Building 35",Unknown
O003925,"2023-09-18 04:08:00",C00819,E0123,Router,Networking,2,1499,0,Cash,Pending,Unknown,"Unit 2, Building 12",Unknown
O003926,"2024-10-25 04:52:00",C00057,E0226,Monitor,"Computer Accesossories",4,9999,0.1,"Credit Card",Delivered,Online,"803 Quezon St.","Urgent"
O003927,"2023-09-08 04:55:00",C00762,E0194,Projector,Electronics,10,4000,0.15,GCash,Canceled,Unknown,"493 Rizal St.","Gift order"
O003928,"2022-07-28 05:46:00",C00848,E0183,Tablet,"Mobile Devices",10,8999,0.05,"Bank Transfer",Returned,Store,"342 Quezon St.","Call customer"
O003929,"2024-05-17 02:17:00",C00068,E0023,Tablet,"Mobile Devices",10,8999,0.2,"Credit Card",Returned,Store,"687 Mabini St.","Gift order"
O003930,"2024-05-06 07:38:00",C00587,E0042,Webcam,"Computer Accesossories",10,1499,0.15,GCash,Pending,Online,"Unit 10, Building 50","Deliver after 5PM"
O003931,"2025-04-02 03:30:00",C00732,E0068,Smartphone,"Mobile Devices",4,12999,0.2,GCash,Canceled,Unknown,"628 Main St.",Unknown
O003932,"2022-12-12 09:43:00",C00807,E0103,Mouse,"Computer Accesossories",7,1499,0.03,"Bank Transfer",Delivered,Online,"543 Bonifacio St.","Urgent"
O003933,"2025-08-29 13:04:00",C00872,E0133,Laptop,"Mobile Devices",9,29999,0.03,Cash,Shipped,Online,"Unit 9, Building 18",Unknown
O003934,"2022-04-22 19:34:00",C00762,E0238,Keyboard,"Computer Accesossories",10,2499,0,"Debit Card",Delivered,Store,"UNIT 11, BUILDING 20","Deliver after 5PM"
O003935,"2025-09-11 05:31:00",C00249,E0059,UPS,Electronics,6,4999,0,"Debit Card",Returned,Marketplace,"unit 11, building 24",Unknown
O003936,"2023-08-28 19:53:00",C00327,E0104,Monitor,"Computer Accesossories",6,9999,0.2,"Credit Card",Delivered,Online,"216 Bonifacio St.","Gift order"
O003937,"2023-06-11 00:29:00",C00639,E0250,Webcam,"Computer Accesossories",6,1499,0.03,"Bank Transfer",Pending,Store,"782 Mabini St.","Call customer"
O003938,"2023-12-24 20:28:00",C00233,E0062,Webcam,"Computer Accesossories",2,1499,0,Cash,Shipped,Store,"Unit 14, Building 48",Unknown
O003939,"2024-11-10 21:56:00",C00322,E0141,Desk,"Office Furniture",8,19999,0,Cash,Pending,Online,"Unit 9, Building 24",Unknown
O003940,"2023-07-23 17:06:00",C00728,E0171,UPS,Electronics,5,4999,0,PayPal,Delivered,Marketplace,"Unit 5, Building 38","Urgent"
O003941,"2023-08-26 14:11:00",C00074,E0248,Laptop,"Mobile Devices",1,29999,0.05,"Credit Card",Pending,Unknown,"997 Bonifacio St.",Unknown
O003942,"2024-09-29 18:48:00",C00946,E0204,Laptop,"Mobile Devices",4,29999,0,"Debit Card",Delivered,Online,"Unit 4, Building 40","Call customer"
O003943,"2024-03-02 16:16:00",C00860,E0133,Projector,Electronics,4,4000,0.15,"Credit Card",Returned,Unknown,"Unit 8, Building 15","Urgent"
O003944,"2024-11-30 19:39:00",C00990,E0245,Keyboard,"Computer Accesossories",9,2499,0.1,Cash,Canceled,Online,"Unit 9, Building 44",Unknown
O003945,"2025-03-27 09:23:00",C00728,E0182,Printer,"Computer Accesossories",6,3499,0.2,GCash,Canceled,Store,"22 Main St.","Gift order"
O003946,"2022-01-09 10:08:00",C00598,E0043,Headset,"Computer Accesossories",5,1499,0.2,"Debit Card",Canceled,Store,"583 Bonifacio St.","Deliver after 5PM"
O003947,"2025-12-30 08:53:00",C00304,E0201,Printer,"Computer Accesossories",8,3499,0,PayPal,Returned,Store,"Unit 8, Building 34","Urgent"
O003948,"2022-05-02 14:58:00",C00622,E0065,"External drive",Electronics,1,999,0.15,"Debit Card",Shipped,Online,"Unit 8, Building 50","Call customer"
O003949,"2024-03-08 15:16:00",C00613,E0220,Desk,"Office Furniture",1,19999,0,Cash,Delivered,Store,"398 Rizal St.","Gift order"
O003950,"2024-09-18 11:13:00",C00689,E0078,UPS,Electronics,0,4999,0,GCash,Processing,Online,"258 Quezon St.",Unknown
O003951,"2024-01-23 13:06:00",C00011,E0201,Smartphone,"Mobile Devices",9,12999,0.1,GCash,Pending,Store,"Unit 5, Building 40",Unknown
O003952,"2023-03-29 08:40:00",C00550,E0229,Webcam,"Computer Accesossories",0,1499,0.03,Cash,Processing,Online,"282 Bonifacio St.","Gift order"
O003953,"2023-01-06 07:49:00",C00950,E0149,Projector,Electronics,10,4000,0.1,"Debit Card",Shipped,Store,"Unit 7, Building 26","Gift order"
O003954,"2025-10-04 00:37:00",C00778,E0048,Mouse,"Computer Accesossories",4,1499,0,"Bank Transfer",Returned,Online,"Unit 9, Building 37","Deliver after 5PM"
O003955,"2023-08-20 05:45:00",C00415,E0126,Smartphone,"Mobile Devices",9,12999,0.05,Cash,Processing,Marketplace,"792 Mabini St.","Deliver after 5PM"
O003956,"2025-12-25 15:28:00",C00862,E0146,Headset,"Computer Accesossories",9,1499,0.05,Cash,Canceled,Online,"267 Main St.","Gift order"
O003957,"2022-06-05 10:27:00",C00403,E0153,UPS,Electronics,7,4999,0.05,GCash,Processing,Store,"Unit 8, Building 15","Urgent"
O003958,"2024-11-19 00:33:00",C00184,E0102,Mouse,"Computer Accesossories",6,1499,0.1,PayPal,Processing,Online,"Unit 8, Building 29","Deliver after 5PM"
O003959,"2024-04-02 12:43:00",C00313,E0182,Tablet,"Mobile Devices",4,8999,0.05,"Bank Transfer",Returned,Unknown,"847 Quezon St.",Unknown
O003960,"2025-09-12 11:45:00",C00936,E0099,Headset,"Computer Accesossories",10,1499,0.05,GCash,Processing,Online,"528 Bonifacio St.","Deliver after 5PM"
O003961,"2025-11-14 03:24:00",C00831,E0005,Webcam,"Computer Accesossories",5,1499,0,n/a,Delivered,Unknown,"387 Quezon St.",Unknown
O003962,"2023-05-10 18:43:00",C00077,E0203,Smartphone,"Mobile Devices",1,12999,0.03,PayPal,Returned,Online,"310 Quezon St.","Gift order"
O003963,"2022-04-13 08:47:00",C00094,E0118,Desk,"Office Furniture",7,19999,0.1,Cash,Canceled,Marketplace,"347 Mabini St.",Unknown
O003964,"2023-01-25 18:52:00",C00620,E0239,Printer,"Computer Accesossories",9,3499,0,PayPal,Processing,Store,"Unit 9, Building 42","Urgent"
O003965,"2024-10-21 01:07:00",C00682,E0182,Webcam,"Computer Accesossories",9,1499,0.2,"Credit Card",Shipped,Online,"584 Main St.","Urgent"
O003966,"2024-06-21 21:06:00",C00122,E0019,Printer,"Computer Accesossories",10,3499,0.05,GCash,Returned,Online,"Unit 6, Building 7","Urgent"
O003967,"2024-09-06 09:38:00",C00902,E0006,"Office chair","Office Furniture",8,4999,0.03,"Debit Card",Shipped,Unknown,"Unit 16, Building 16",Unknown
O003968,"2025-06-03 15:31:00",C00862,E0107,Headset,"Computer Accesossories",2,1499,0,"Credit Card",Canceled,Online,"36 Main St.","Call customer"
O003969,"2024-03-04 12:28:00",C00569,E0026,Monitor,"Computer Accesossories",9,9999,0.03,"Bank Transfer",Delivered,Online,"151 Main St.","Deliver after 5PM"
O003970,"2025-01-01 15:55:00",C00759,E0068,Tablet,"Mobile Devices",3,8999,0.2,"Credit Card",Canceled,Online,"Unit 3, Building 32",Unknown
O003971,"2024-06-13 07:02:00",C00633,E0038,Router,Networking,8,1499,0,"Credit Card",Shipped,Unknown,"72 Rizal St.","Call customer"
O003972,"2023-05-30 20:17:00",C00035,E0239,Unknown,Unknown,2,999,0.03,"Debit Card",Delivered,Online,"Unit 10, Building 49","Call customer"
O003973,"2024-09-25 04:46:00",C00636,E0235,Monitor,"Computer Accesossories",1,9999,0.05,"Credit Card",Canceled,Online,Warehouse,"Deliver after 5PM"
O003974,"2022-03-18 08:53:00",C00748,E0110,Unknown,Unknown,1,7999,0.1,"Bank Transfer",Shipped,Online,"400 quezon st.",Unknown
O003975,"2025-02-21 12:49:00",C00159,E0235,"Office chair","Office Furniture",4,4999,0.1,PayPal,Pending,Store,"Unit 9, Building 6","Gift order"
O003976,"2025-08-25 05:33:00",C00643,E0085,Desk,"Office Furniture",5,19999,0.03,PayPal,Returned,Online,"Unit 17, Building 28",Unknown
O003977,"2024-04-24 05:37:00",C00761,E0205,Tablet,"Mobile Devices",10,8999,0,n/a,Processing,Online,"Unit 20, Building 32","Call customer"
O003978,"2025-03-28 12:29:00",C00156,E0080,Laptop,"Mobile Devices",2,29999,0.03,Cash,Canceled,Marketplace,"746 rizal st.","Deliver after 5PM"
O003979,"2023-04-15 19:46:00",C00838,E0106,"External drive",Electronics,1,999,0.1,"Debit Card",Shipped,Online,"Unit 9, Building 14",Unknown
O003980,"2024-02-19 00:31:00",C00485,E0111,Mouse,"Computer Accesossories",4,1499,0.03,"Bank Transfer",Processing,Unknown,"Unit 20, Building 12","Call customer"
O003981,"2022-01-13 06:56:00",C00504,E0106,Headset,"Computer Accesossories",2,1499,0.2,"Bank Transfer",Unknown,Store,"11 Bonifacio St.",Unknown
O003982,"2023-01-12 15:21:00",C00900,E0230,Desk,"Office Furniture",4,19999,0,"Debit Card",Canceled,Store,"Unit 15, Building 28","Gift order"
O003983,"2022-02-10 18:56:00",C00283,E0047,Unknown,Unknown,8,1999,0,"Debit Card",Delivered,Marketplace,"258 Rizal St.","Gift order"
O003984,"2024-01-06 07:39:00",C00106,E0173,"External drive",Electronics,5,999,0.05,Cash,Returned,Marketplace,"204 Rizal St.",Unknown
O003985,"2023-03-20 09:56:00",C00777,E0076,Keyboard,"Computer Accesossories",9,2499,0.03,GCash,Shipped,Unknown,"861 Quezon St.",Unknown
O003986,"2024-07-30 02:13:00",C00314,E0026,Keyboard,"Computer Accesossories",1,2499,0.15,PayPal,Processing,Online,"846 QUEZON ST.","Gift order"
O003987,"2023-09-17 19:34:00",C00527,E0092,Printer,"Computer Accesossories",7,3499,0.15,"Bank Transfer",Delivered,Marketplace,"367 Quezon St.",Unknown
O003988,"2024-01-31 01:12:00",C00744,E0209,UPS,Electronics,2,4999,0,"Bank Transfer",Returned,Online,"772 quezon st.","Call customer"
O003989,"2024-03-19 16:12:00",C00296,E0074,Projector,Electronics,9,4000,0.05,"Bank Transfer",Processing,Store,"746 Rizal St.","Call customer"
O003990,"2022-05-16 15:52:00",C00089,E0126,Laptop,"Mobile Devices",3,29999,0,PayPal,Delivered,Online,"497 Mabini St.","Call customer"
O003991,"2023-01-13 10:54:00",C00262,E0183,Monitor,"Computer Accesossories",4,9999,0.2,GCash,Pending,Online,"470 Quezon St.","Gift order"
O003992,"2025-05-17 22:40:00",C00814,E0226,Monitor,"Computer Accesossories",5,9999,0,"Bank Transfer",Shipped,Marketplace,"Unit 8, Building 12","Call customer"
O003993,"2023-02-12 05:18:00",C00541,E0110,Unknown,Unknown,4,999,0.1,PayPal,Unknown,Store,"Unit 4, Building 36","Urgent"
O003994,"2022-01-24 05:43:00",C00777,E0133,Monitor,"Computer Accesossories",2,9999,0.03,"Credit Card",Canceled,Online,"Unit 18, Building 13","Gift order"
O003995,"2023-03-30 07:30:00",C00999,E0250,"External drive",Electronics,5,999,0.15,GCash,Unknown,Store,"Unit 8, Building 34","Urgent"
O003996,"2024-11-24 19:59:00",C00898,E0229,Printer,"Computer Accesossories",4,3499,0,"Bank Transfer",Pending,Online,"Unit 9, Building 4","Gift order"
O003997,"2024-08-09 08:31:00",C00921,E0152,Monitor,"Computer Accesossories",3,9999,0.05,"Credit Card",Shipped,Marketplace,"428 Quezon St.",Unknown
O003998,"2024-01-10 21:56:00",C00968,E0219,Laptop,"Mobile Devices",10,29999,0,Cash,Returned,Online,"893 Rizal St.",Unknown
O003999,"2024-09-18 01:40:00",C00513,E0203,Tablet,"Mobile Devices",5,8999,0.15,Cash,Processing,Marketplace,"731 Rizal St.",Unknown
O004000,"2025-04-03 02:25:00",C00527,E0045,Tablet,"Mobile Devices",7,8999,0.15,"Credit Card",Processing,Store,"221 Rizal St.",Unknown
O004001,"2025-05-09 05:16:00",C00401,E0039,"External drive",Electronics,3,999,0.1,GCash,Pending,Online,"980 Quezon St.","Deliver after 5PM"
O004002,"2024-04-13 22:00:00",C00285,E0222,Laptop,"Mobile Devices",9,29999,0,"Credit Card",Pending,Online,"Unit 6, Building 38","Deliver after 5PM"
O004003,"2025-07-01 11:25:00",C00600,E0161,Laptop,"Mobile Devices",10,29999,0,n/a,Pending,Marketplace,"Unit 16, Building 24","Urgent"
O004004,"2024-09-13 18:26:00",C00181,E0041,Laptop,"Mobile Devices",2,29999,0.03,"Debit Card",Canceled,Store,"Unit 14, Building 41",Unknown
O004005,"2024-07-05 09:57:00",C00394,E0059,Webcam,"Computer Accesossories",9,1499,0,"Credit Card",Pending,Online,"783 Main St.","Deliver after 5PM"
O004006,"2022-05-17 22:15:00",C00836,E0004,Monitor,"Computer Accesossories",2,9999,0.03,"Debit Card",Pending,Online,"796 Quezon St.","Deliver after 5PM"
O004007,"2024-02-08 03:27:00",C00268,E0041,Keyboard,"Computer Accesossories",1,2499,0,PayPal,Pending,Online,"Unit 4, Building 44","Deliver after 5PM"
O004008,"2024-01-01 06:33:00",C00817,E0247,Mouse,"Computer Accesossories",8,1499,0,GCash,Pending,Store,"Unit 3, Building 35","Urgent"
O004009,"2022-02-05 03:57:00",C00933,E0080,Keyboard,"Computer Accesossories",7,2499,0.03,"Bank Transfer",Pending,Store,"759 Mabini St.","Call customer"
O004010,"2024-02-12 12:34:00",C00960,E0103,Tablet,"Mobile Devices",3,8999,0.03,PayPal,Processing,Store,"97 Main St.",Unknown
O004011,"2023-02-22 05:45:00",C00208,E0074,Projector,Electronics,8,4000,0.15,"Credit Card",Processing,Store,"416 Main St.","Urgent"
O004012,"2023-04-01 16:11:00",C00958,E0080,Router,Networking,5,1499,0.05,Cash,Shipped,Store,"Unit 8, Building 31","Gift order"
O004013,"2025-08-24 02:11:00",C00553,E0241,UPS,Electronics,7,4999,0.1,"Bank Transfer",Processing,Unknown,"478 Bonifacio St.","Urgent"
O004014,"2025-02-06 14:14:00",C00232,E0238,Laptop,"Mobile Devices",4,29999,0.2,"Bank Transfer",Shipped,Store,"Unit 12, Building 15","Call customer"
O004015,"2024-05-06 00:41:00",C00859,E0213,Laptop,"Mobile Devices",2,29999,0.05,Cash,Shipped,Store,"Unit 2, Building 12","Urgent"
O004016,"2025-09-19 13:28:00",C00310,E0046,Laptop,"Mobile Devices",1,29999,0.2,n/a,Unknown,Unknown,"94 Quezon St.",Unknown
O004017,"2022-12-21 02:26:00",C00706,E0092,Mouse,"Computer Accesossories",2,1499,0.2,"Bank Transfer",Shipped,Online,"452 Main St.","Gift order"
O004018,"2025-11-29 05:28:00",C00919,E0216,Tablet,"Mobile Devices",6,8999,0.2,PayPal,Delivered,Marketplace,"UNIT 7, BUILDING 6",Unknown
O004019,"2024-01-17 18:58:00",C00296,E0217,Mouse,"Computer Accesossories",9,1499,0.03,PayPal,Shipped,Unknown,"Unit 4, Building 32","Deliver after 5PM"
O004020,"2025-10-12 13:02:00",C00913,E0145,"External drive",Electronics,1,999,0.03,GCash,Processing,Online,"604 RIZAL ST.","Urgent"
O004021,"2023-03-27 11:24:00",C00212,E0160,Webcam,"Computer Accesossories",3,1499,0,Cash,Canceled,Store,"594 QUEZON ST.","Call customer"
O004022,"2025-07-27 15:31:00",C00669,E0013,Router,Networking,9,1499,0.2,PayPal,Unknown,Online,"311 Main St.","Gift order"
O004023,"2024-02-19 09:54:00",C00177,E0012,"External drive",Electronics,3,999,0.15,Cash,Pending,Store,"585 Mabini St.","Deliver after 5PM"
O004024,"2022-02-11 09:55:00",C00086,E0116,Projector,Electronics,7,4000,0.1,GCash,Delivered,Unknown,"Unit 15, Building 3","Urgent"
O004025,"2023-09-09 21:16:00",C00328,E0202,Desk,"Office Furniture",4,19999,0.05,"Credit Card",Shipped,Store,"Unit 16, Building 40","Call customer"
O004026,"2024-12-11 16:30:00",C00169,E0014,"External drive",Electronics,5,999,0.03,"Bank Transfer",Shipped,Store,"459 Quezon St.",Unknown
O004027,"2022-05-31 19:34:00",C00132,E0218,Monitor,"Computer Accesossories",10,9999,0,"Bank Transfer",Canceled,Store,"523 Bonifacio St.","Call customer"
O004028,"2024-07-05 23:25:00",C00947,E0002,Smartphone,"Mobile Devices",2,12999,0,Cash,Processing,Unknown,"772 Rizal St.","Gift order"
O004029,"2022-06-15 20:27:00",C00180,E0087,Keyboard,"Computer Accesossories",1,2499,0,GCash,Returned,Store,"UNIT 13, BUILDING 16",Unknown
O004030,"2024-06-21 17:58:00",C00311,E0074,Printer,"Computer Accesossories",5,3499,0.2,"Debit Card",Shipped,Store,"913 Mabini St.","Deliver after 5PM"
O004031,"2022-02-21 22:08:00",C00489,E0245,UPS,Electronics,8,4999,0.2,GCash,Canceled,Online,"76 Rizal St.","Urgent"
O004032,"2023-12-16 19:31:00",C00261,E0047,Headset,"Computer Accesossories",3,1499,0.15,Cash,Canceled,Marketplace,"Unit 8, Building 17","Deliver after 5PM"
O004033,"2024-03-05 09:35:00",C00048,E0174,Smartphone,"Mobile Devices",6,12999,0.03,"Credit Card",Pending,Online,"329 Mabini St.","Deliver after 5PM"
O004034,"2025-01-18 19:48:00",C00540,E0032,Monitor,"Computer Accesossories",2,9999,0.05,PayPal,Delivered,Online,"93 Main St.","Deliver after 5PM"
O004035,"2022-05-09 04:03:00",C00229,E0122,Router,Networking,10,1499,0.15,Cash,Processing,Online,"472 Quezon St.","Urgent"
O004036,"2025-03-31 13:13:00",C00800,E0111,"Office chair","Office Furniture",8,4999,0.15,"Credit Card",Shipped,Online,"644 Bonifacio St.","Deliver after 5PM"
O004037,"2023-10-20 03:48:00",C00302,E0124,Printer,"Computer Accesossories",6,3499,0,GCash,Shipped,Online,"Unit 9, Building 12","Gift order"
O004038,"2023-05-12 17:11:00",C00029,E0158,"External drive",Electronics,8,999,0.03,GCash,Pending,Marketplace,"Unit 18, Building 41","Gift order"
O004039,"2024-06-25 06:19:00",C00505,E0189,Smartphone,"Mobile Devices",3,12999,0.03,"Debit Card",Shipped,Marketplace,"Unit 9, Building 23","Urgent"
O004040,"2022-07-04 06:12:00",C00632,E0138,Router,Networking,3,1499,0.03,"Debit Card",Processing,Online,"Unit 18, Building 20",Unknown
O004041,"2025-02-07 04:05:00",C00496,E0164,Projector,Electronics,8,4000,0.2,Cash,Returned,Online,"Unit 19, Building 24",Unknown
O004042,"2023-08-12 12:55:00",C00081,E0142,Headset,"Computer Accesossories",2,1499,0,"Bank Transfer",Pending,Store,"5 bonifacio st.","Urgent"
O004043,"2025-05-30 03:21:00",C00598,E0187,Headset,"Computer Accesossories",1,1499,0.1,"Debit Card",Pending,Online,"Unit 15, Building 42","Urgent"
O004044,"2023-08-23 21:39:00",C00991,E0093,Printer,"Computer Accesossories",9,3499,0.1,"Credit Card",Pending,Store,"Unit 19, Building 48","Call customer"
O004045,"2023-09-18 09:27:00",C00354,E0112,"Office chair","Office Furniture",6,4999,0.03,Cash,Processing,Store,"734 Quezon St.","Gift order"
O004046,"2023-04-07 06:33:00",C00984,E0155,Monitor,"Computer Accesossories",3,9999,0.1,"Debit Card",Shipped,Unknown,"Unit 7, Building 44",Unknown
O004047,"2023-10-26 04:10:00",C00341,E0007,Smartphone,"Mobile Devices",3,12999,0.03,GCash,Processing,Store,"890 Rizal St.",Unknown
O004048,"2024-03-22 14:59:00",C00696,E0031,Monitor,"Computer Accesossories",1,9999,0,PayPal,Processing,Unknown,"146 Bonifacio St.","Deliver after 5PM"
O004049,"2023-01-17 23:05:00",C00613,E0153,Printer,"Computer Accesossories",6,3499,0.03,"Credit Card",Processing,Store,"Unit 1, Building 38","Call customer"
O004050,"2023-05-04 02:24:00",C00285,E0004,Printer,"Computer Accesossories",10,3499,0.05,Cash,Delivered,Store,"431 Quezon St.","Call customer"
O004051,"2022-12-30 17:03:00",C00161,E0080,Headset,"Computer Accesossories",6,1499,0.2,"Debit Card",Returned,Online,"Unit 20, Building 41","Gift order"
O004052,"2024-07-06 15:09:00",C00631,E0240,Webcam,"Computer Accesossories",3,1499,0.05,PayPal,Canceled,Online,"385 Quezon St.",Unknown
O004053,"2022-06-19 19:52:00",C00579,E0041,Router,Networking,4,1499,0.15,Cash,Delivered,Online,"Unit 18, Building 41","Deliver after 5PM"
O004054,"2025-12-11 13:42:00",C00797,E0160,Monitor,"Computer Accesossories",4,9999,0.15,"Credit Card",Delivered,Store,"238 Main St.",Unknown
O004055,"2022-07-06 10:37:00",C00308,E0195,Headset,"Computer Accesossories",8,1499,0.2,Cash,Delivered,Store,Warehouse,Unknown
O004056,"2025-12-29 12:41:00",C00122,E0045,UPS,Electronics,7,4999,0.2,GCash,Canceled,Unknown,"Unit 2, Building 34","Deliver after 5PM"
O004057,"2024-06-12 10:43:00",C00930,E0203,Monitor,"Computer Accesossories",9,9999,0.15,GCash,Processing,Store,"147 Mabini St.","Call customer"
O004058,"2022-06-25 01:37:00",C00328,E0083,Projector,Electronics,9,4000,0.1,"Credit Card",Returned,Store,"230 Rizal St.","Urgent"
O004059,"2022-12-20 18:40:00",C00481,E0167,Projector,Electronics,1,4000,0.2,"Bank Transfer",Canceled,Unknown,"748 Bonifacio St.","Call customer"
O004060,"2022-05-09 05:31:00",C00182,E0016,Tablet,"Mobile Devices",2,8999,0.15,"Debit Card",Pending,Store,"UNIT 4, BUILDING 10","Deliver after 5PM"
O004061,"2024-04-14 03:47:00",C00596,E0234,Smartphone,"Mobile Devices",1,12999,0,"Bank Transfer",Pending,Unknown,"Unit 12, Building 3","Call customer"
O004062,"2023-10-04 00:05:00",C00397,E0196,Smartphone,"Mobile Devices",6,12999,0.15,PayPal,Returned,Online,"Unit 15, Building 34","Call customer"
O004063,"2023-05-22 21:48:00",C00886,E0124,Desk,"Office Furniture",2,19999,0.1,Cash,Delivered,Marketplace,"Unit 7, Building 24","Gift order"
O004064,"2024-02-07 12:42:00",C00489,E0214,"Office chair","Office Furniture",6,4999,0.2,"Debit Card",Processing,Store,"310 Quezon St.","Deliver after 5PM"
O004065,"2022-07-06 20:20:00",C00098,E0065,Router,Networking,3,1499,0.03,GCash,Pending,Store,"64 Main St.","Call customer"
O004066,"2025-05-28 02:50:00",C00916,E0137,Monitor,"Computer Accesossories",7,9999,0,PayPal,Canceled,Online,"129 Mabini St.","Deliver after 5PM"
O004067,"2023-12-30 05:02:00",C00838,E0052,"Office chair","Office Furniture",2,4999,0,GCash,Processing,Unknown,"unit 19, building 2","Gift order"
O004068,"2025-07-05 09:04:00",C00956,E0208,Mouse,"Computer Accesossories",0,1499,0.2,"Bank Transfer",Pending,Unknown,"77 Main St.","Deliver after 5PM"
O004069,"2025-07-14 16:41:00",C00106,E0088,Keyboard,"Computer Accesossories",0,2499,0.1,Cash,Delivered,Marketplace,"Unit 1, Building 30","Deliver after 5PM"
O004070,"2025-09-07 04:00:00",C00923,E0164,Smartphone,"Mobile Devices",7,12999,0.1,GCash,Pending,Online,"Unit 19, Building 5","Gift order"
O004071,"2024-01-19 13:06:00",C00241,E0121,"External drive",Electronics,4,999,0.1,"Bank Transfer",Canceled,Unknown,"Unit 15, Building 30","Call customer"
O004072,"2024-07-18 01:14:00",C00534,E0128,Smartphone,"Mobile Devices",3,12999,0.2,"Bank Transfer",Delivered,Store,"unit 14, building 50","Call customer"
O004073,"2024-06-04 14:24:00",C00637,E0004,Router,Networking,4,1499,0.15,"Credit Card",Canceled,Marketplace,"190 Main St.","Gift order"
O004074,"2024-12-03 21:12:00",C00374,E0198,Smartphone,"Mobile Devices",7,12999,0.2,GCash,Shipped,Store,"674 Main St.",Unknown
O004075,"2022-07-01 08:12:00",C00383,E0043,Smartphone,"Mobile Devices",10,12999,0.05,"Bank Transfer",Delivered,Unknown,"Unit 18, Building 10","Call customer"
O004076,"2022-03-04 01:59:00",C00103,E0056,Projector,Electronics,6,4000,0.15,GCash,Shipped,Online,"910 Mabini St.","Call customer"
O004077,"2024-08-08 10:27:00",C00729,E0238,Laptop,"Mobile Devices",8,29999,0.05,"Bank Transfer",Delivered,Store,"507 Mabini St.","Urgent"
O004078,"2024-08-08 19:18:00",C00221,E0097,Keyboard,"Computer Accesossories",0,2499,0.15,"Credit Card",Shipped,Online,"Unit 15, Building 32","Deliver after 5PM"
O004079,"2023-05-25 07:43:00",C00602,E0215,UPS,Electronics,3,4999,0.1,"Bank Transfer",Delivered,Store,"Unit 12, Building 2","Deliver after 5PM"
O004080,"2022-10-02 00:52:00",C00465,E0212,Headset,"Computer Accesossories",1,1499,0.03,Cash,Returned,Unknown,"905 Rizal St.","Deliver after 5PM"
O004081,"2022-01-14 16:03:00",C00731,E0235,Smartphone,"Mobile Devices",2,12999,0.05,"Bank Transfer",Shipped,Store,"Unit 5, Building 10",Unknown
O004082,"2024-03-27 01:05:00",C00225,E0083,Printer,"Computer Accesossories",3,3499,0,PayPal,Delivered,Online,"Unit 19, Building 26","Deliver after 5PM"
O004083,"2023-09-18 05:31:00",C00045,E0112,Webcam,"Computer Accesossories",7,1499,0.05,"Debit Card",Pending,Store,"Unit 17, Building 36","Deliver after 5PM"
O004084,"2023-12-07 22:15:00",C00633,E0031,Monitor,"Computer Accesossories",5,9999,0.1,"Bank Transfer",Canceled,Marketplace,"Unit 6, Building 47","Gift order"
O004085,"2022-04-07 13:21:00",C00858,E0141,UPS,Electronics,9,4999,0,GCash,Pending,Unknown,"699 Mabini St.","Call customer"
O004086,"2023-06-12 04:06:00",C00427,E0214,Keyboard,"Computer Accesossories",5,2499,0.2,Cash,Delivered,Store,"348 Rizal St.",Unknown
O004087,"2024-10-07 03:54:00",C00447,E0020,Webcam,"Computer Accesossories",8,1499,0.2,"Debit Card",Canceled,Marketplace,"136 Rizal St.","Deliver after 5PM"
O004088,"2025-03-24 06:50:00",C00734,E0114,Mouse,"Computer Accesossories",6,1499,0.2,GCash,Pending,Store,"344 MABINI ST.","Urgent"
O004089,"2023-04-22 12:54:00",C00291,E0012,Smartphone,"Mobile Devices",1,12999,0.03,"Bank Transfer",Shipped,Online,"233 Main St.","Call customer"
O004090,"2022-06-24 20:33:00",C00766,E0111,Webcam,"Computer Accesossories",10,1499,0.1,Cash,Pending,Online,"470 Main St.","Deliver after 5PM"
O004091,"2022-11-16 21:05:00",C00288,E0166,Printer,"Computer Accesossories",2,3499,0.15,"Bank Transfer",Shipped,Online,"unit 13, building 30",Unknown
O004092,"2025-07-21 02:53:00",C00277,E0151,Projector,Electronics,8,4000,0.1,GCash,Canceled,Online,"888 Bonifacio St.","Urgent"
O004093,"2025-07-03 07:36:00",C00677,E0029,Printer,"Computer Accesossories",6,3499,0,"Credit Card",Canceled,Store,"Unit 19, Building 41","Urgent"
O004094,"2025-10-08 16:47:00",C00169,E0239,"Office chair","Office Furniture",3,4999,0.2,"Bank Transfer",Canceled,Marketplace,"Unit 11, Building 11","Deliver after 5PM"
O004095,"2025-03-16 11:21:00",C00181,E0016,Projector,Electronics,4,4000,0.03,"Debit Card",Shipped,Marketplace,"217 Bonifacio St.","Deliver after 5PM"
O004096,"2024-02-21 17:41:00",C00177,E0197,Smartphone,"Mobile Devices",6,12999,0.05,Cash,Pending,Store,"634 rizal st.","Deliver after 5PM"
O004097,"2024-10-12 01:42:00",C00123,E0103,Projector,Electronics,2,4000,0,"Debit Card",Returned,Store,"Unit 10, Building 50","Call customer"
O004098,"2022-09-11 16:49:00",C00763,E0022,Smartphone,"Mobile Devices",3,12999,0.15,n/a,Shipped,Online,"Unit 13, Building 2","Call customer"
O004099,"2023-01-01 07:19:00",C00201,E0202,Router,Networking,10,1499,0.03,"Bank Transfer",Delivered,Store,"126 Mabini St.",Unknown
O004100,"2025-01-25 19:27:00",C00420,E0121,Headset,"Computer Accesossories",7,1499,0.03,"Credit Card",Canceled,Store,"Unit 9, Building 3",Unknown
O004101,"2023-12-18 19:25:00",C00181,E0239,Projector,Electronics,3,4000,0.15,GCash,Canceled,Store,"Unit 16, Building 34",Unknown
O004102,"2024-01-20 00:38:00",C00947,E0009,Printer,"Computer Accesossories",4,3499,0.1,GCash,Processing,Unknown,"Unit 10, Building 15","Deliver after 5PM"
O004103,"2022-11-25 20:21:00",C00191,E0141,Webcam,"Computer Accesossories",4,1499,0.1,GCash,Canceled,Online,"Unit 11, Building 10",Unknown
O004104,"2022-06-21 09:24:00",C00363,E0099,Webcam,"Computer Accesossories",2,1499,0,"Credit Card",Returned,Unknown,"Unit 8, Building 39","Deliver after 5PM"
O004105,"2023-03-17 10:24:00",C00850,E0123,Monitor,"Computer Accesossories",9,9999,0,Cash,Shipped,Store,"Unit 18, Building 34","Call customer"
O004106,"2022-05-01 13:04:00",C00495,E0215,Smartphone,"Mobile Devices",10,12999,0.1,"Debit Card",Shipped,Unknown,"621 Rizal St.","Urgent"
O004107,"2024-01-31 12:46:00",C00113,E0204,"Office chair","Office Furniture",1,4999,0.05,n/a,Canceled,Online,"634 Main St.",Unknown
O004108,"2024-11-02 23:56:00",C00492,E0152,Keyboard,"Computer Accesossories",2,2499,0.2,GCash,Pending,Marketplace,"Unit 9, Building 12","Urgent"
O004109,"2023-08-20 18:58:00",C00641,E0174,Projector,Electronics,8,4000,0.15,"Debit Card",Returned,Online,"320 Main St.","Urgent"
O004110,"2023-04-24 13:12:00",C00251,E0133,Webcam,"Computer Accesossories",6,1499,0,"Credit Card",Canceled,Unknown,"592 Main St.",Unknown
O004111,"2023-08-23 18:19:00",C00638,E0173,Laptop,"Mobile Devices",3,29999,0,"Credit Card",Unknown,Online,"UNIT 15, BUILDING 22","Urgent"
O004112,"2022-12-25 14:55:00",C00917,E0050,Router,Networking,6,1499,0,"Credit Card",Processing,Store,"700 Bonifacio St.","Urgent"
O004113,"2023-12-09 01:54:00",C00335,E0025,Headset,"Computer Accesossories",2,1499,0.15,PayPal,Pending,Unknown,"710 Mabini St.","Deliver after 5PM"
O004114,"2025-05-27 10:26:00",C00656,E0148,Mouse,"Computer Accesossories",7,1499,0,"Bank Transfer",Returned,Store,"Unit 16, Building 40","Call customer"
O004115,"2022-06-08 02:14:00",C00001,E0217,UPS,Electronics,10,4999,0.05,Cash,Canceled,Store,"Unit 2, Building 19",Unknown
O004116,"2022-07-13 00:47:00",C00824,E0005,Router,Networking,10,1499,0.15,Cash,Shipped,Unknown,"16 Bonifacio St.",Unknown
O004117,"2024-02-12 03:03:00",C00041,E0025,Tablet,"Mobile Devices",1,8999,0.05,Cash,Delivered,Online,"812 Mabini St.","Deliver after 5PM"
O004118,"2025-04-23 11:51:00",C00161,E0207,Monitor,"Computer Accesossories",6,9999,0.1,"Debit Card",Delivered,Marketplace,"895 Mabini St.","Urgent"
O004119,"2022-12-28 18:12:00",C00579,E0115,Desk,"Office Furniture",4,19999,0,"Debit Card",Pending,Store,"970 Main St.","Call customer"
O004120,"2023-09-16 20:22:00",C00634,E0209,Headset,"Computer Accesossories",8,1499,0.05,PayPal,Shipped,Store,"Unit 2, Building 35",Unknown
O004121,"2022-03-05 03:10:00",C00849,E0222,Printer,"Computer Accesossories",0,3499,0.2,"Debit Card",Canceled,Online,"Unit 15, Building 33","Call customer"
O004122,"2025-03-15 06:17:00",C00639,E0183,Laptop,"Mobile Devices",1,29999,0.05,"Credit Card",Pending,Online,"267 Main St.","Urgent"
O004123,"2024-06-16 14:36:00",C00941,E0158,Unknown,Unknown,5,0,0,"Debit Card",Processing,Store,"Unit 2, Building 18","Deliver after 5PM"
O004124,"2023-05-20 03:25:00",C00511,E0087,Keyboard,"Computer Accesossories",10,2499,0,"Credit Card",Returned,Online,"Unit 6, Building 2","Urgent"
O004125,"2024-06-07 04:08:00",C00915,E0133,UPS,Electronics,10,4999,0,PayPal,Canceled,Store,"495 Rizal St.",Unknown
O004126,"2023-07-29 07:43:00",C00702,E0162,Desk,"Office Furniture",6,19999,0,"Bank Transfer",Returned,Store,"UNIT 16, BUILDING 12","Gift order"
O004127,"2025-08-23 19:57:00",C00854,E0136,Router,Networking,8,1499,0.03,"Credit Card",Delivered,Store,"Unit 13, Building 21","Gift order"
O004128,"2023-08-15 22:53:00",C00392,E0064,Router,Networking,5,1499,0.15,"Credit Card",Canceled,Store,"Unit 14, Building 15","Gift order"
O004129,"2024-05-12 09:15:00",C00354,E0145,Projector,Electronics,1,4000,0.05,"Credit Card",Returned,Unknown,"963 Main St.","Urgent"
O004130,"2022-01-10 11:00:00",C00342,E0025,Desk,"Office Furniture",7,19999,0.15,Cash,Delivered,Store,"48 Bonifacio St.","Call customer"
O004131,"2024-02-14 16:54:00",C00136,E0134,Mouse,"Computer Accesossories",3,1499,0,"Debit Card",Canceled,Marketplace,"147 Mabini St.","Call customer"
O004132,"2025-05-29 14:54:00",C00084,E0077,Keyboard,"Computer Accesossories",1,2499,0.1,"Credit Card",Canceled,Store,"934 main st.","Urgent"
O004133,"2023-03-08 13:21:00",C00959,E0179,Keyboard,"Computer Accesossories",9,2499,0.1,"Bank Transfer",Canceled,Online,"238 Quezon St.","Urgent"
O004134,"2023-08-09 18:13:00",C00889,E0140,"Office chair","Office Furniture",9,4999,0,Cash,Pending,Unknown,"389 Main St.","Call customer"
O004135,"2024-01-06 00:16:00",C00311,E0235,Keyboard,"Computer Accesossories",1,2499,0,Cash,Canceled,Unknown,"Unit 11, Building 15",Unknown
O004136,"2025-06-16 18:28:00",C00864,E0074,Keyboard,"Computer Accesossories",3,2499,0.05,"Credit Card",Shipped,Online,"670 Bonifacio St.",Unknown
O004137,"2025-07-05 18:18:00",C00478,E0215,UPS,Electronics,1,4999,0.05,"Credit Card",Pending,Unknown,"Unit 12, Building 38","Gift order"
O004138,"2023-05-31 13:39:00",C00137,E0131,Webcam,"Computer Accesossories",7,1499,0.03,Cash,Processing,Marketplace,"857 Mabini St.","Gift order"
O004139,"2022-09-14 09:55:00",C00146,E0222,Keyboard,"Computer Accesossories",2,2499,0.2,"Credit Card",Shipped,Store,"729 Bonifacio St.",Unknown
O004140,"2023-08-27 20:37:00",C00557,E0086,Headset,"Computer Accesossories",2,1499,0,"Bank Transfer",Returned,Marketplace,"173 Main St.",Unknown
O004141,"2022-03-20 01:26:00",C00805,E0042,Webcam,"Computer Accesossories",9,1499,0.05,GCash,Shipped,Online,"63 Quezon St.","Call customer"
O004142,"2024-06-24 20:00:00",C00588,E0221,Tablet,"Mobile Devices",2,8999,0,"Debit Card",Pending,Online,"Unit 11, Building 23","Deliver after 5PM"
O004143,"2023-02-21 07:44:00",C00987,E0119,"Office chair","Office Furniture",10,4999,0.15,"Credit Card",Canceled,Store,Warehouse,"Gift order"
O004144,"2024-06-18 08:53:00",C00565,E0206,UPS,Electronics,7,4999,0.2,GCash,Delivered,Marketplace,"Unit 11, Building 28","Deliver after 5PM"
O004145,"2025-01-31 11:09:00",C00482,E0078,Router,Networking,1,1499,0,"Bank Transfer",Returned,Marketplace,"905 Rizal St.","Gift order"
O004146,"2024-04-24 11:50:00",C00179,E0109,Monitor,"Computer Accesossories",9,9999,0,n/a,Returned,Store,"Unit 5, Building 10","Gift order"
O004147,"2025-07-12 00:37:00",C00718,E0123,"Office chair","Office Furniture",1,4999,0.03,Cash,Returned,Store,"317 Rizal St.","Gift order"
O004148,"2022-08-31 20:37:00",C00267,E0237,Projector,Electronics,10,4000,0,"Debit Card",Shipped,Online,"Unit 5, Building 27","Deliver after 5PM"
O004149,"2024-10-04 12:03:00",C00036,E0020,Headset,"Computer Accesossories",2,1499,0,"Bank Transfer",Returned,Online,"Unit 17, Building 23","Gift order"
O004150,"2022-07-25 07:16:00",C00612,E0164,Printer,"Computer Accesossories",3,3499,0,"Credit Card",Pending,Online,"Unit 3, Building 31","Gift order"
O004151,"2023-03-03 00:17:00",C00025,E0018,Monitor,"Computer Accesossories",4,9999,0,n/a,Returned,Unknown,"Unit 11, Building 22",Unknown
O004152,"2023-01-23 06:19:00",C00392,E0243,Printer,"Computer Accesossories",1,3499,0,"Debit Card",Processing,Unknown,"188 Bonifacio St.","Gift order"
O004153,"2024-08-28 11:13:00",C00769,E0101,Laptop,"Mobile Devices",10,29999,0.15,Cash,Canceled,Online,"112 Bonifacio St.","Deliver after 5PM"
O004154,"2025-11-01 03:17:00",C00011,E0116,Router,Networking,5,1499,0.05,PayPal,Pending,Marketplace,"878 Main St.",Unknown
O004155,"2024-11-04 03:51:00",C00221,E0025,Laptop,"Mobile Devices",1,29999,0.1,GCash,Shipped,Store,"Unit 6, Building 3",Unknown
O004156,"2023-02-02 20:08:00",C00258,E0035,Laptop,"Mobile Devices",3,29999,0.1,"Credit Card",Canceled,Online,"Unit 5, Building 31","Deliver after 5PM"
O004157,"2022-08-23 06:47:00",C00755,E0094,"Office chair","Office Furniture",5,4999,0.05,"Debit Card",Delivered,Online,"996 Mabini St.","Call customer"
O004158,"2024-02-08 22:37:00",C00294,E0172,Laptop,"Mobile Devices",2,29999,0,GCash,Delivered,Marketplace,"972 Main St.","Call customer"
O004159,"2022-10-05 11:14:00",C00943,E0162,Desk,"Office Furniture",2,19999,0.15,GCash,Returned,Online,"314 Mabini St.","Deliver after 5PM"
O004160,"2024-11-10 03:35:00",C00850,E0143,UPS,Electronics,7,4999,0.15,"Debit Card",Delivered,Store,"Unit 17, Building 4",Unknown
O004161,"2024-06-14 13:41:00",C00412,E0153,"External drive",Electronics,1,999,0,"Credit Card",Shipped,Store,"388 Rizal St.","Gift order"
O004162,"2025-12-20 21:40:00",C00025,E0232,Monitor,"Computer Accesossories",10,9999,0,"Bank Transfer",Pending,Store,"Unit 11, Building 46","Call customer"
O004163,"2025-10-03 17:14:00",C00769,E0182,Monitor,"Computer Accesossories",5,9999,0.05,"Debit Card",Pending,Store,"Unit 10, Building 10","Gift order"
O004164,"2023-06-02 21:52:00",C00672,E0019,Mouse,"Computer Accesossories",3,1499,0.2,GCash,Unknown,Online,"35 Main St.",Unknown
O004165,"2024-06-03 19:16:00",C00912,E0087,Unknown,Unknown,2,1499,0.05,Cash,Returned,Unknown,"Unit 10, Building 42","Deliver after 5PM"
O004166,"2022-12-20 20:57:00",C00917,E0233,Mouse,"Computer Accesossories",5,1499,0.15,"Bank Transfer",Delivered,Store,"Unit 14, Building 9","Urgent"
O004167,"2023-03-03 16:42:00",C00229,E0107,"External drive",Electronics,4,999,0.15,"Debit Card",Shipped,Unknown,"939 Rizal St.","Urgent"
O004168,"2023-11-13 23:34:00",C00573,E0180,Headset,"Computer Accesossories",1,1499,0.03,PayPal,Pending,Online,"463 Mabini St.","Gift order"
O004169,"2025-03-15 19:27:00",C00456,E0200,Mouse,"Computer Accesossories",8,1499,0,"Bank Transfer",Returned,Marketplace,"596 Main St.","Call customer"
O004170,"2023-05-16 05:41:00",C00867,E0202,Keyboard,"Computer Accesossories",10,2499,0,PayPal,Pending,Online,"169 Rizal St.","Gift order"
O004171,"2025-05-16 12:22:00",C00364,E0139,"External drive",Electronics,5,999,0.15,Cash,Processing,Store,"Unit 6, Building 36","Gift order"
O004172,"2024-08-23 17:59:00",C00329,E0250,"External drive",Electronics,4,999,0,"Bank Transfer",Processing,Online,"869 Main St.","Deliver after 5PM"
O004173,"2022-03-16 04:33:00",C00301,E0073,Tablet,"Mobile Devices",5,8999,0.05,Cash,Pending,Online,"Unit 13, Building 8","Urgent"
O004174,"2025-12-28 20:50:00",C00859,E0111,Laptop,"Mobile Devices",3,29999,0,PayPal,Pending,Online,"835 Main St.","Deliver after 5PM"
O004175,"2023-01-24 01:23:00",C00651,E0181,Keyboard,"Computer Accesossories",7,2499,0.2,"Bank Transfer",Shipped,Unknown,"Unit 2, Building 2","Gift order"
O004176,"2025-04-21 09:44:00",C00895,E0244,Headset,"Computer Accesossories",7,1499,0,GCash,Canceled,Online,"Unit 20, Building 31",Unknown
O004177,"2025-07-10 09:44:00",C00243,E0238,Printer,"Computer Accesossories",8,3499,0.03,GCash,Delivered,Store,"UNIT 4, BUILDING 6",Unknown
O004178,"2025-09-18 17:31:00",C00957,E0213,Projector,Electronics,9,4000,0.05,GCash,Pending,Marketplace,"unit 19, building 21","Gift order"
O004179,"2022-09-30 00:05:00",C00098,E0064,Monitor,"Computer Accesossories",6,9999,0.1,GCash,Unknown,Store,Warehouse,"Call customer"
O004180,"2025-10-24 20:00:00",C00212,E0217,Headset,"Computer Accesossories",10,1499,0.1,"Bank Transfer",Processing,Online,"146 Quezon St.","Gift order"
O004181,"2025-09-04 03:40:00",C00731,E0184,UPS,Electronics,1,4999,0.2,"Debit Card",Shipped,Marketplace,"Unit 19, Building 26","Urgent"
O004182,"2022-12-06 22:24:00",C00952,E0069,Projector,Electronics,9,4000,0,Cash,Returned,Unknown,"Unit 12, Building 42",Unknown
O004183,"2025-07-16 17:39:00",C00319,E0045,Webcam,"Computer Accesossories",4,1499,0.03,Cash,Pending,Unknown,"397 Main St.","Call customer"
O004184,"2024-10-28 19:50:00",C00221,E0151,Router,Networking,5,1499,0.2,"Bank Transfer",Pending,Online,"Unit 12, Building 5","Urgent"
O004185,"2022-01-13 21:57:00",C00170,E0196,Webcam,"Computer Accesossories",3,1499,0.15,PayPal,Pending,Store,"Unit 2, Building 24",Unknown
O004186,"2022-04-23 08:09:00",C00415,E0170,Smartphone,"Mobile Devices",2,12999,0.03,"Credit Card",Returned,Store,"Unit 16, Building 17","Deliver after 5PM"
O004187,"2023-07-17 21:56:00",C00979,E0094,Tablet,"Mobile Devices",8,8999,0,n/a,Pending,Online,"854 Mabini St.","Call customer"
O004188,"2025-04-29 02:43:00",C00732,E0142,Headset,"Computer Accesossories",7,1499,0.1,n/a,Pending,Online,"24 Mabini St.",Unknown
O004189,"2023-05-11 22:03:00",C00408,E0075,Projector,Electronics,3,4000,0.05,"Credit Card",Delivered,Marketplace,"Unit 10, Building 5",Unknown
O004190,"2022-11-14 08:15:00",C00377,E0103,Router,Networking,3,1499,0.1,"Bank Transfer",Returned,Online,"885 Quezon St.",Unknown
O004191,"2025-02-13 14:46:00",C00982,E0092,Tablet,"Mobile Devices",10,8999,0.05,"Debit Card",Delivered,Marketplace,"Unit 10, Building 37",Unknown
O004192,"2024-06-12 17:02:00",C00479,E0128,Monitor,"Computer Accesossories",1,9999,0.05,"Credit Card",Processing,Unknown,"Unit 10, Building 34","Gift order"
O004193,"2024-03-06 07:51:00",C00783,E0139,"Office chair","Office Furniture",9,4999,0.1,"Credit Card",Shipped,Marketplace,"Unit 2, Building 24","Gift order"
O004194,"2022-11-22 09:49:00",C00707,E0047,Laptop,"Mobile Devices",8,29999,0.1,PayPal,Pending,Online,"524 Mabini St.","Call customer"
O004195,"2022-12-26 11:01:00",C00716,E0055,Keyboard,"Computer Accesossories",5,2499,0.2,Cash,Returned,Online,"918 Quezon St.",Unknown
O004196,"2023-10-26 20:45:00",C00495,E0113,Keyboard,"Computer Accesossories",6,2499,0.15,"Credit Card",Canceled,Store,"990 Rizal St.","Urgent"
O004197,"2022-12-13 01:18:00",C00270,E0138,Smartphone,"Mobile Devices",6,12999,0.1,"Debit Card",Delivered,Online,"628 Quezon St.","Gift order"
O004198,"2024-10-26 07:05:00",C00851,E0035,Router,Networking,10,1499,0.1,"Credit Card",Processing,Store,"Unit 9, Building 15",Unknown
O004199,"2022-12-05 01:27:00",C00800,E0206,Webcam,"Computer Accesossories",6,1499,0,Cash,Returned,Marketplace,"291 Bonifacio St.","Gift order"
O004200,"2023-09-23 04:29:00",C00956,E0242,Laptop,"Mobile Devices",6,29999,0.03,"Bank Transfer",Pending,Store,"499 Mabini St.","Call customer"
O004201,"2024-06-03 02:32:00",C00984,E0156,Laptop,"Mobile Devices",2,29999,0.03,GCash,Processing,Store,"630 Rizal St.",Unknown
O004202,"2022-12-16 20:18:00",C00418,E0182,Headset,"Computer Accesossories",9,1499,0,PayPal,Processing,Online,"Unit 7, Building 19",Unknown
O004203,"2022-06-17 06:17:00",C00814,E0044,Desk,"Office Furniture",8,19999,0.03,GCash,Unknown,Store,"684 Quezon St.",Unknown
O004204,"2025-11-17 22:14:00",C00762,E0120,Headset,"Computer Accesossories",9,1499,0,"Debit Card",Processing,Marketplace,"3 Quezon St.","Deliver after 5PM"
O004205,"2023-05-04 17:10:00",C00908,E0176,Headset,"Computer Accesossories",6,1499,0,Cash,Canceled,Online,"912 Mabini St.","Urgent"
O004206,"2023-09-12 19:10:00",C00594,E0069,Keyboard,"Computer Accesossories",4,2499,0.15,PayPal,Delivered,Unknown,"351 Mabini St.",Unknown
O004207,"2022-05-11 20:38:00",C00926,E0064,Webcam,"Computer Accesossories",5,1499,0,"Debit Card",Canceled,Unknown,"Unit 4, Building 10","Urgent"
O004208,"2023-08-26 01:28:00",C00376,E0109,Printer,"Computer Accesossories",7,3499,0.05,Cash,Processing,Online,"784 Bonifacio St.","Gift order"
O004209,"2022-04-29 15:00:00",C00722,E0117,Printer,"Computer Accesossories",4,3499,0.2,"Debit Card",Shipped,Online,"661 Main St.","Deliver after 5PM"
O004210,"2024-02-26 02:13:00",C00537,E0205,Keyboard,"Computer Accesossories",4,2499,0.2,"Debit Card",Returned,Marketplace,"Unit 1, Building 10","Deliver after 5PM"
O004211,"2025-07-23 00:00:00",C00591,E0162,"External drive",Electronics,4,999,0,Cash,Pending,Store,"95 Quezon St.",Unknown
O004212,"2022-08-27 19:51:00",C00372,E0120,Smartphone,"Mobile Devices",6,12999,0.15,"Credit Card",Pending,Marketplace,"739 Bonifacio St.",Unknown
O004213,"2023-07-18 05:47:00",C00079,E0163,Printer,"Computer Accesossories",0,3499,0,Cash,Processing,Store,"Unit 12, Building 16","Deliver after 5PM"
O004214,"2022-12-21 05:04:00",C00182,E0118,UPS,Electronics,3,4999,0.2,Cash,Delivered,Unknown,"Unit 19, Building 33","Call customer"
O004215,"2024-11-21 08:47:00",C00111,E0123,Router,Networking,6,1499,0,GCash,Canceled,Marketplace,"Unit 13, Building 16",Unknown
O004216,"2024-02-22 05:50:00",C00082,E0142,Headset,"Computer Accesossories",6,1499,0.03,"Credit Card",Pending,Store,"457 MAIN ST.","Call customer"
O004217,"2024-01-01 07:11:00",C00963,E0220,Mouse,"Computer Accesossories",6,1499,0.15,GCash,Unknown,Online,"403 Rizal St.","Call customer"
O004218,"2024-06-28 14:20:00",C00422,E0150,Mouse,"Computer Accesossories",7,1499,0,"Bank Transfer",Shipped,Unknown,Warehouse,"Gift order"
O004219,"2023-05-16 02:41:00",C00793,E0196,UPS,Electronics,1,4999,0,"Credit Card",Processing,Store,"479 Main St.",Unknown
O004220,"2023-06-09 09:41:00",C00924,E0122,Laptop,"Mobile Devices",6,29999,0,Cash,Delivered,Unknown,"169 BONIFACIO ST.","Urgent"
O004221,"2024-01-17 12:03:00",C00462,E0144,Smartphone,"Mobile Devices",1,12999,0.1,"Credit Card",Shipped,Marketplace,"Unit 9, Building 33",Unknown
O004222,"2025-04-11 20:28:00",C00646,E0103,Headset,"Computer Accesossories",2,1499,0,"Debit Card",Shipped,Store,"913 mabini st.","Deliver after 5PM"
O004223,"2025-01-12 20:05:00",C00073,E0207,Monitor,"Computer Accesossories",9,9999,0.05,PayPal,Delivered,Store,"Unit 11, Building 6","Deliver after 5PM"
O004224,"2025-10-06 04:00:00",C00147,E0017,Laptop,"Mobile Devices",5,29999,0.2,PayPal,Processing,Unknown,"561 Main St.",Unknown
O004225,"2023-04-20 07:51:00",C00045,E0224,Webcam,"Computer Accesossories",3,1499,0.15,"Credit Card",Delivered,Store,"Unit 10, Building 11",Unknown
O004226,"2024-04-06 07:09:00",C00102,E0025,Smartphone,"Mobile Devices",1,12999,0.05,Cash,Delivered,Store,"Unit 18, Building 21",Unknown
O004227,"2025-12-12 02:40:00",C00601,E0019,Printer,"Computer Accesossories",1,3499,0.2,"Bank Transfer",Returned,Online,"Unit 20, Building 35",Unknown
O004228,"2023-06-10 00:30:00",C00102,E0212,Mouse,"Computer Accesossories",7,1499,0.2,"Bank Transfer",Canceled,Marketplace,"Unit 19, Building 5","Urgent"
O004229,"2025-07-01 17:37:00",C00940,E0094,Router,Networking,7,1499,0.2,"Credit Card",Delivered,Store,"Unit 5, Building 46","Deliver after 5PM"
O004230,"2023-08-03 13:39:00",C00618,E0246,Router,Networking,4,1499,0,Cash,Returned,Store,"285 Main St.","Deliver after 5PM"
O004231,"2023-12-17 13:42:00",C00801,E0162,Keyboard,"Computer Accesossories",10,2499,0.05,"Bank Transfer",Shipped,Online,"Unit 8, Building 25","Urgent"
O004232,"2024-12-26 08:17:00",C00935,E0143,"Office chair","Office Furniture",3,4999,0.03,Cash,Processing,Unknown,"Unit 6, Building 5",Unknown
O004233,"2022-03-20 07:00:00",C00783,E0045,Webcam,"Computer Accesossories",3,1499,0.2,"Bank Transfer",Canceled,Online,"509 Mabini St.","Gift order"
O004234,"2023-03-02 05:21:00",C00391,E0006,Tablet,"Mobile Devices",9,8999,0.1,Cash,Canceled,Marketplace,"Unit 2, Building 24","Gift order"
O004235,"2023-07-08 15:30:00",C00846,E0039,Keyboard,"Computer Accesossories",6,2499,0.03,"Debit Card",Unknown,Store,"852 Mabini St.","Call customer"
O004236,"2023-04-26 18:17:00",C00911,E0079,Router,Networking,9,1499,0.15,"Bank Transfer",Canceled,Online,"440 Rizal St.","Gift order"
O004237,"2023-06-21 19:13:00",C00164,E0214,UPS,Electronics,3,4999,0,"Debit Card",Returned,Marketplace,"Unit 9, Building 7",Unknown
O004238,"2024-04-02 16:37:00",C00270,E0164,Tablet,"Mobile Devices",7,8999,0,"Credit Card",Canceled,Store,"144 Quezon St.","Call customer"
O004239,"2024-10-05 17:18:00",C00746,E0100,"Office chair","Office Furniture",1,4999,0,PayPal,Canceled,Online,"Unit 3, Building 7","Gift order"
O004240,"2023-12-17 01:28:00",C00928,E0210,Projector,Electronics,8,4000,0.03,"Credit Card",Processing,Online,"127 Rizal St.",Unknown
O004241,"2023-10-18 23:13:00",C00983,E0127,Mouse,"Computer Accesossories",4,1499,0,"Credit Card",Shipped,Marketplace,"Unit 16, Building 22","Urgent"
O004242,"2024-10-05 00:25:00",C00448,E0188,Monitor,"Computer Accesossories",5,9999,0.15,PayPal,Unknown,Online,"Unit 6, Building 9","Gift order"
O004243,"2024-05-15 08:55:00",C00705,E0107,Smartphone,"Mobile Devices",4,12999,0.05,PayPal,Processing,Store,"966 Mabini St.","Call customer"
O004244,"2022-09-16 16:03:00",C00251,E0008,Keyboard,"Computer Accesossories",4,2499,0,Cash,Shipped,Unknown,"UNIT 9, BUILDING 48","Deliver after 5PM"
O004245,"2025-11-14 09:39:00",C00447,E0141,Projector,Electronics,4,4000,0,"Credit Card",Delivered,Unknown,"Unit 11, Building 30","Gift order"
O004246,"2025-07-10 00:04:00",C00935,E0207,Desk,"Office Furniture",3,19999,0,"Bank Transfer",Returned,Online,"Unit 12, Building 24",Unknown
O004247,"2023-04-16 17:36:00",C00931,E0240,Laptop,"Mobile Devices",10,29999,0,"Debit Card",Shipped,Unknown,"658 Bonifacio St.","Call customer"
O004248,"2025-07-23 23:31:00",C00253,E0078,Mouse,"Computer Accesossories",2,1499,0.05,"Credit Card",Pending,Online,"905 Quezon St.","Urgent"
O004249,"2025-09-02 09:25:00",C00025,E0085,Tablet,"Mobile Devices",2,8999,0.03,"Bank Transfer",Shipped,Unknown,"Unit 16, Building 38","Call customer"
O004250,"2023-10-23 11:35:00",C00962,E0176,"External drive",Electronics,2,999,0.15,n/a,Shipped,Online,"215 Rizal St.","Urgent"
O004251,"2024-10-29 20:58:00",C00842,E0178,Keyboard,"Computer Accesossories",7,2499,0.15,"Credit Card",Processing,Marketplace,"UNIT 20, BUILDING 19","Gift order"
O004252,"2022-04-15 08:41:00",C00614,E0093,Mouse,"Computer Accesossories",6,1499,0.03,PayPal,Shipped,Online,"789 Main St.","Gift order"
O004253,"2023-02-08 13:37:00",C00269,E0033,Monitor,"Computer Accesossories",8,9999,0.2,Cash,Delivered,Store,"Unit 7, Building 3","Urgent"
O004254,"2025-03-25 04:58:00",C00194,E0220,Webcam,"Computer Accesossories",8,1499,0.05,PayPal,Pending,Online,"378 Rizal St.",Unknown
O004255,"2022-08-04 19:36:00",C00295,E0207,Webcam,"Computer Accesossories",8,1499,0,"Credit Card",Canceled,Online,"942 Rizal St.","Urgent"
O004256,"2023-12-11 20:28:00",C00151,E0138,"External drive",Electronics,4,999,0,PayPal,Processing,Online,"130 Bonifacio St.",Unknown
O004257,"2022-10-26 06:09:00",C00502,E0193,Projector,Electronics,3,4000,0.15,PayPal,Processing,Unknown,"Unit 9, Building 50",Unknown
O004258,"2023-08-18 07:57:00",C00707,E0124,Keyboard,"Computer Accesossories",2,2499,0.03,"Credit Card",Pending,Online,"373 Bonifacio St.",Unknown
O004259,"2023-10-28 22:43:00",C00460,E0055,Mouse,"Computer Accesossories",7,1499,0,"Debit Card",Returned,Online,"81 Bonifacio St.","Urgent"
O004260,"2025-10-23 21:08:00",C00807,E0144,Projector,Electronics,9,4000,0,"Debit Card",Processing,Store,"Unit 8, Building 7",Unknown
O004261,"2024-09-15 10:51:00",C00798,E0212,Desk,"Office Furniture",1,19999,0.05,GCash,Unknown,Online,"Unit 10, Building 13",Unknown
O004262,"2023-12-23 16:42:00",C00954,E0030,Keyboard,"Computer Accesossories",9,2499,0.15,GCash,Returned,Store,"Unit 16, Building 24","Urgent"
O004263,"2025-09-12 14:41:00",C00288,E0188,Keyboard,"Computer Accesossories",2,2499,0.2,"Credit Card",Processing,Unknown,"Unit 19, Building 38",Unknown
O004264,"2024-04-27 11:49:00",C00253,E0154,Router,Networking,6,1499,0.1,GCash,Delivered,Online,"830 Rizal St.","Urgent"
O004265,"2025-12-14 20:22:00",C00774,E0095,UPS,Electronics,6,4999,0,"Credit Card",Shipped,Store,"Unit 15, Building 26","Deliver after 5PM"
O004266,"2023-08-12 02:05:00",C00529,E0025,Smartphone,"Mobile Devices",10,12999,0.03,PayPal,Canceled,Store,"154 Main St.",Unknown
O004267,"2023-09-09 19:34:00",C00125,E0039,Router,Networking,3,1499,0.15,GCash,Delivered,Store,"Unit 16, Building 15","Call customer"
O004268,"2024-04-20 04:22:00",C00154,E0208,Unknown,Unknown,7,14999,0.03,"Bank Transfer",Processing,Online,"Unit 9, Building 25","Deliver after 5PM"
O004269,"2024-02-13 16:51:00",C00262,E0145,Headset,"Computer Accesossories",6,1499,0.15,"Debit Card",Processing,Unknown,"141 Quezon St.",Unknown
O004270,"2025-11-29 06:26:00",C00300,E0200,"Office chair","Office Furniture",10,4999,0,"Bank Transfer",Canceled,Unknown,"unit 6, building 31","Call customer"
O004271,"2025-09-03 00:18:00",C00371,E0003,Tablet,"Mobile Devices",3,8999,0.05,Cash,Returned,Store,"882 Mabini St.",Unknown
O004272,"2024-04-19 04:07:00",C00435,E0204,Projector,Electronics,10,4000,0.2,"Debit Card",Pending,Store,"176 Quezon St.","Urgent"
O004273,"2025-11-16 07:57:00",C00994,E0211,Keyboard,"Computer Accesossories",4,2499,0,"Bank Transfer",Processing,Marketplace,"832 Main St.","Gift order"
O004274,"2022-05-14 17:12:00",C00287,E0077,Smartphone,"Mobile Devices",7,12999,0,PayPal,Unknown,Online,"648 Rizal St.","Urgent"
O004275,"2023-04-09 12:54:00",C00425,E0192,"External drive",Electronics,6,999,0.2,"Bank Transfer",Canceled,Marketplace,"Unit 5, Building 13",Unknown
O004276,"2022-12-12 06:35:00",C00610,E0239,Webcam,"Computer Accesossories",10,1499,0,"Bank Transfer",Delivered,Online,"Unit 3, Building 17",Unknown
O004277,"2022-04-02 08:47:00",C00961,E0034,Monitor,"Computer Accesossories",4,9999,0.05,"Credit Card",Shipped,Online,"665 Bonifacio St.","Deliver after 5PM"
O004278,"2024-03-15 09:44:00",C00222,E0140,Tablet,"Mobile Devices",0,8999,0.03,"Debit Card",Processing,Marketplace,"45 bonifacio st.","Call customer"
O004279,"2024-04-06 21:53:00",C00380,E0148,UPS,Electronics,5,4999,0.2,PayPal,Pending,Store,"987 QUEZON ST.",Unknown
O004280,"2023-11-04 11:35:00",C00875,E0042,Webcam,"Computer Accesossories",9,1499,0,"Debit Card",Delivered,Online,"757 Bonifacio St.","Call customer"
O004281,"2022-09-07 07:07:00",C00561,E0128,Router,Networking,6,1499,0.1,Cash,Delivered,Store,"601 Mabini St.",Unknown
O004282,"2023-09-13 21:50:00",C00035,E0189,Headset,"Computer Accesossories",4,1499,0.05,"Credit Card",Processing,Marketplace,"Unit 18, Building 23",Unknown
O004283,"2023-02-07 17:39:00",C00371,E0112,Projector,Electronics,5,4000,0.03,PayPal,Pending,Unknown,"969 Main St.","Deliver after 5PM"
O004284,"2022-06-08 01:30:00",C00715,E0221,Keyboard,"Computer Accesossories",7,2499,0.2,Cash,Delivered,Online,"907 Bonifacio St.",Unknown
O004285,"2023-11-13 02:37:00",C00873,E0238,Keyboard,"Computer Accesossories",3,2499,0.1,PayPal,Shipped,Marketplace,"Unit 4, Building 12",Unknown
O004286,"2025-07-11 02:42:00",C00955,E0107,Headset,"Computer Accesossories",9,1499,0.2,Cash,Delivered,Store,"842 Main St.","Call customer"
O004287,"2025-02-13 07:52:00",C00140,E0172,Laptop,"Mobile Devices",7,29999,0.03,"Debit Card",Delivered,Online,Warehouse,"Call customer"
O004288,"2024-05-04 14:11:00",C00621,E0128,Webcam,"Computer Accesossories",10,1499,0.2,"Credit Card",Pending,Store,"983 Main St.",Unknown
O004289,"2022-08-08 10:16:00",C00806,E0051,Smartphone,"Mobile Devices",8,12999,0,"Bank Transfer",Canceled,Marketplace,Warehouse,"Urgent"
O004290,"2022-12-27 23:38:00",C00190,E0213,Webcam,"Computer Accesossories",6,1499,0.05,"Debit Card",Canceled,Marketplace,"828 Main St.","Urgent"
O004291,"2023-03-10 21:38:00",C00929,E0241,Webcam,"Computer Accesossories",10,1499,0.05,"Bank Transfer",Pending,Marketplace,Warehouse,Unknown
O004292,"2023-12-02 02:46:00",C00143,E0142,"Office chair","Office Furniture",10,4999,0,PayPal,Processing,Online,"UNIT 12, BUILDING 3",Unknown
O004293,"2022-05-08 23:44:00",C00835,E0232,Keyboard,"Computer Accesossories",2,2499,0.2,PayPal,Shipped,Marketplace,"Unit 12, Building 15",Unknown
O004294,"2023-03-22 13:22:00",C00986,E0243,Laptop,"Mobile Devices",7,29999,0,GCash,Returned,Store,"Unit 17, Building 4","Gift order"
O004295,"2023-08-05 02:39:00",C00735,E0249,Printer,"Computer Accesossories",8,3499,0.1,n/a,Returned,Store,"Unit 15, Building 48","Call customer"
O004296,"2025-09-17 03:55:00",C00187,E0024,Laptop,"Mobile Devices",10,29999,0.15,PayPal,Returned,Unknown,"548 Rizal St.","Gift order"
O004297,"2025-07-07 15:51:00",C00040,E0039,Tablet,"Mobile Devices",5,8999,0.03,GCash,Processing,Store,"556 Rizal St.",Unknown
O004298,"2023-12-30 23:23:00",C00999,E0083,"Office chair","Office Furniture",4,4999,0.03,PayPal,Returned,Store,"321 Rizal St.","Urgent"
O004299,"2024-11-01 06:03:00",C00307,E0023,Printer,"Computer Accesossories",8,3499,0.2,"Debit Card",Processing,Unknown,"955 Rizal St.",Unknown
O004300,"2024-06-19 19:47:00",C00517,E0135,Desk,"Office Furniture",4,19999,0,"Bank Transfer",Canceled,Online,"139 Bonifacio St.","Urgent"
O004301,"2025-03-25 02:00:00",C00924,E0237,Desk,"Office Furniture",9,19999,0.03,n/a,Processing,Unknown,"Unit 18, Building 46","Deliver after 5PM"
O004302,"2023-10-10 15:06:00",C00731,E0223,Webcam,"Computer Accesossories",2,1499,0.05,Cash,Pending,Unknown,"Unit 11, Building 34",Unknown
O004303,"2023-05-17 06:23:00",C00401,E0154,Keyboard,"Computer Accesossories",3,2499,0.2,GCash,Delivered,Store,"198 Bonifacio St.","Urgent"
O004304,"2024-04-23 23:52:00",C00027,E0097,Tablet,"Mobile Devices",2,8999,0.03,PayPal,Pending,Store,Warehouse,"Urgent"
O004305,"2025-10-15 10:50:00",C00234,E0172,Router,Networking,8,1499,0,"Bank Transfer",Pending,Online,"Unit 16, Building 21","Deliver after 5PM"
O004306,"2024-01-27 19:10:00",C00022,E0042,Smartphone,"Mobile Devices",8,12999,0.15,"Debit Card",Returned,Store,"UNIT 20, BUILDING 6","Urgent"
O004307,"2024-09-29 14:34:00",C00042,E0055,Projector,Electronics,4,4000,0.05,PayPal,Canceled,Online,"Unit 17, Building 46","Deliver after 5PM"
O004308,"2025-04-05 20:01:00",C00197,E0214,"External drive",Electronics,8,999,0.1,Cash,Returned,Online,"709 Main St.","Urgent"
O004309,"2024-07-11 06:10:00",C00262,E0046,Laptop,"Mobile Devices",7,29999,0.2,"Credit Card",Unknown,Online,"Unit 19, Building 16","Call customer"
O004310,"2025-07-28 14:24:00",C00208,E0167,Tablet,"Mobile Devices",8,8999,0.1,Cash,Shipped,Store,"Unit 16, Building 16","Urgent"
O004311,"2025-01-05 18:02:00",C00161,E0147,Webcam,"Computer Accesossories",5,1499,0.03,"Credit Card",Canceled,Online,"Unit 1, Building 3",Unknown
O004312,"2025-12-07 08:12:00",C00163,E0167,Keyboard,"Computer Accesossories",3,2499,0,Cash,Pending,Store,"Unit 8, Building 42","Deliver after 5PM"
O004313,"2025-12-27 01:34:00",C00742,E0010,"Office chair","Office Furniture",4,4999,0,GCash,Processing,Online,"Unit 9, Building 47","Urgent"
O004314,"2025-07-10 13:49:00",C00732,E0145,Webcam,"Computer Accesossories",4,1499,0.03,"Bank Transfer",Pending,Unknown,"175 Main St.","Deliver after 5PM"
O004315,"2023-07-14 16:29:00",C00566,E0034,Headset,"Computer Accesossories",6,1499,0,PayPal,Returned,Online,"Unit 3, Building 43",Unknown
O004316,"2023-11-17 11:21:00",C00784,E0029,Printer,"Computer Accesossories",5,3499,0.05,Cash,Canceled,Online,"161 Bonifacio St.",Unknown
O004317,"2023-04-24 06:25:00",C00376,E0010,Laptop,"Mobile Devices",10,29999,0,"Debit Card",Pending,Store,"648 Mabini St.","Gift order"
O004318,"2022-06-24 04:06:00",C00031,E0184,"Office chair","Office Furniture",5,4999,0.2,"Debit Card",Pending,Online,"255 Bonifacio St.","Deliver after 5PM"
O004319,"2025-05-03 02:49:00",C00805,E0199,Printer,"Computer Accesossories",6,3499,0.05,"Debit Card",Returned,Online,"749 Mabini St.","Call customer"
O004320,"2023-08-23 05:50:00",C00024,E0049,Headset,"Computer Accesossories",4,1499,0.03,"Debit Card",Delivered,Online,"708 Mabini St.","Deliver after 5PM"
O004321,"2025-04-25 20:49:00",C00724,E0138,Keyboard,"Computer Accesossories",9,2499,0.03,"Credit Card",Pending,Store,"129 Bonifacio St.","Urgent"
O004322,"2025-06-15 18:25:00",C00047,E0079,"Office chair","Office Furniture",5,4999,0.05,GCash,Unknown,Store,"Unit 2, Building 16",Unknown
O004323,"2022-08-25 22:20:00",C00782,E0031,Monitor,"Computer Accesossories",7,9999,0.1,PayPal,Pending,Marketplace,"910 Rizal St.","Urgent"
O004324,"2022-03-02 14:12:00",C00513,E0070,Router,Networking,9,1499,0.2,n/a,Canceled,Store,"Unit 20, Building 26","Urgent"
O004325,"2025-10-30 22:20:00",C00295,E0224,Headset,"Computer Accesossories",6,1499,0.05,Cash,Returned,Unknown,"203 Mabini St.","Call customer"
O004326,"2023-04-28 03:05:00",C00010,E0201,"External drive",Electronics,1,999,0,Cash,Unknown,Store,"Unit 17, Building 21","Urgent"
O004327,"2024-12-26 14:41:00",C00603,E0209,Projector,Electronics,7,4000,0.2,GCash,Pending,Online,"323 Bonifacio St.","Urgent"
O004328,"2025-09-03 01:15:00",C00266,E0074,Desk,"Office Furniture",9,19999,0.1,"Bank Transfer",Processing,Store,"823 Main St.",Unknown
O004329,"2023-09-15 04:09:00",C00123,E0042,Smartphone,"Mobile Devices",9,12999,0.03,Cash,Returned,Unknown,"Unit 8, Building 45","Gift order"
O004330,"2024-01-10 12:06:00",C00732,E0203,"External drive",Electronics,4,999,0,PayPal,Canceled,Store,"881 Rizal St.","Deliver after 5PM"
O004331,"2022-09-10 08:02:00",C00525,E0132,Unknown,Unknown,2,14999,0,GCash,Returned,Store,"Unit 5, Building 29",Unknown
O004332,"2023-08-06 17:26:00",C00258,E0245,Printer,"Computer Accesossories",1,3499,0.1,"Bank Transfer",Pending,Online,"Unit 11, Building 47",Unknown
O004333,"2022-08-27 10:32:00",C00439,E0019,Projector,Electronics,9,4000,0,PayPal,Delivered,Store,Warehouse,"Gift order"
O004334,"2023-09-11 20:27:00",C00944,E0152,Tablet,"Mobile Devices",4,8999,0.05,GCash,Pending,Unknown,"Unit 12, Building 7",Unknown
O004335,"2023-03-12 11:45:00",C00228,E0049,Laptop,"Mobile Devices",1,29999,0.03,"Debit Card",Processing,Unknown,"Unit 20, Building 10",Unknown
O004336,"2024-01-14 22:29:00",C00439,E0174,Router,Networking,5,1499,0.05,Cash,Pending,Unknown,"471 Mabini St.",Unknown
O004337,"2025-07-28 17:54:00",C00145,E0037,Headset,"Computer Accesossories",6,1499,0.03,PayPal,Returned,Marketplace,"Unit 3, Building 18","Urgent"
O004338,"2024-03-31 15:04:00",C00775,E0218,Headset,"Computer Accesossories",2,1499,0,GCash,Processing,Unknown,"Unit 4, Building 33",Unknown
O004339,"2024-08-27 16:05:00",C00368,E0048,Printer,"Computer Accesossories",8,3499,0.03,"Debit Card",Shipped,Store,"125 Quezon St.","Urgent"
O004340,"2024-12-23 23:21:00",C00913,E0216,Tablet,"Mobile Devices",10,8999,0.1,"Bank Transfer",Returned,Online,"UNIT 13, BUILDING 39","Deliver after 5PM"
O004341,"2023-08-10 14:54:00",C00498,E0050,Monitor,"Computer Accesossories",1,9999,0,"Bank Transfer",Returned,Online,"938 Main St.",Unknown
O004342,"2024-04-01 14:33:00",C00145,E0011,Monitor,"Computer Accesossories",4,9999,0.15,GCash,Delivered,Online,"Unit 8, Building 22",Unknown
O004343,"2025-07-17 15:36:00",C00812,E0231,"External drive",Electronics,6,999,0.1,GCash,Pending,Unknown,"838 MABINI ST.","Urgent"
O004344,"2024-06-23 16:45:00",C00375,E0245,UPS,Electronics,4,4999,0.03,Cash,Processing,Unknown,"885 Main St.","Urgent"
O004345,"2024-05-24 18:49:00",C00480,E0234,Laptop,"Mobile Devices",0,29999,0.1,"Bank Transfer",Shipped,Marketplace,"189 Mabini St.",Unknown
O004346,"2022-08-09 19:29:00",C00592,E0189,UPS,Electronics,10,4999,0,GCash,Processing,Store,"489 rizal st.","Call customer"
O004347,"2022-11-01 10:21:00",C00908,E0059,Mouse,"Computer Accesossories",3,1499,0.03,"Credit Card",Canceled,Unknown,"Unit 5, Building 18",Unknown
O004348,"2023-01-13 14:43:00",C00900,E0249,Projector,Electronics,7,4000,0.1,"Bank Transfer",Pending,Store,"Unit 12, Building 17","Deliver after 5PM"
O004349,"2025-01-18 22:19:00",C00628,E0231,"External drive",Electronics,5,999,0,"Bank Transfer",Delivered,Store,"Unit 7, Building 1",Unknown
O004350,"2025-03-15 15:24:00",C00742,E0060,Router,Networking,6,1499,0.1,PayPal,Delivered,Unknown,"Unit 19, Building 15",Unknown
O004351,"2024-01-07 04:12:00",C00738,E0232,Router,Networking,6,1499,0.15,"Debit Card",Canceled,Unknown,"385 Bonifacio St.","Gift order"
O004352,"2025-01-04 15:30:00",C00366,E0118,"External drive",Electronics,10,999,0.03,n/a,Shipped,Marketplace,"898 Rizal St.","Call customer"
O004353,"2022-08-14 20:58:00",C00354,E0105,Desk,"Office Furniture",10,19999,0.2,Cash,Canceled,Store,"Unit 16, Building 24","Urgent"
O004354,"2025-02-14 22:00:00",C00107,E0165,Printer,"Computer Accesossories",7,3499,0.2,GCash,Pending,Unknown,"419 bonifacio st.",Unknown
O004355,"2023-11-20 13:58:00",C00414,E0197,Laptop,"Mobile Devices",8,29999,0.15,Cash,Processing,Online,"Unit 14, Building 34","Call customer"
O004356,"2023-12-01 23:22:00",C00459,E0058,Keyboard,"Computer Accesossories",2,2499,0.03,Cash,Processing,Marketplace,"Unit 7, Building 42","Call customer"
O004357,"2024-01-26 14:50:00",C00566,E0165,Router,Networking,5,1499,0,"Bank Transfer",Delivered,Online,"217 Rizal St.","Urgent"
O004358,"2022-02-09 21:56:00",C00035,E0177,UPS,Electronics,8,4999,0,"Debit Card",Processing,Store,"Unit 20, Building 48","Urgent"
O004359,"2022-12-28 08:18:00",C00708,E0005,"External drive",Electronics,6,999,0.15,GCash,Processing,Store,"151 Main St.","Urgent"
O004360,"2025-08-15 18:14:00",C00443,E0039,Smartphone,"Mobile Devices",8,12999,0.15,"Debit Card",Canceled,Store,"2 Main St.","Deliver after 5PM"
O004361,"2022-05-03 09:24:00",C00619,E0248,Unknown,Unknown,10,2999,0.1,"Debit Card",Shipped,Unknown,"Unit 8, Building 20","Call customer"
O004362,"2023-01-17 00:43:00",C00077,E0051,Monitor,"Computer Accesossories",5,9999,0.2,PayPal,Pending,Marketplace,"750 Mabini St.","Deliver after 5PM"
O004363,"2025-06-16 16:52:00",C00181,E0018,Unknown,Unknown,10,799,0.15,GCash,Returned,Online,"796 Bonifacio St.","Urgent"
O004364,"2024-03-10 19:33:00",C00622,E0077,Smartphone,"Mobile Devices",3,12999,0.05,Cash,Shipped,Store,"54 Mabini St.",Unknown
O004365,"2024-01-16 17:35:00",C00671,E0104,Projector,Electronics,2,4000,0.03,Cash,Shipped,Marketplace,"Unit 7, Building 15","Call customer"
O004366,"2025-07-06 14:50:00",C00267,E0002,Tablet,"Mobile Devices",10,8999,0.15,PayPal,Processing,Unknown,"81 Quezon St.","Gift order"
O004367,"2025-05-24 23:11:00",C00035,E0210,"Office chair","Office Furniture",1,4999,0.2,GCash,Processing,Store,"Unit 12, Building 35","Call customer"
O004368,"2025-11-14 03:38:00",C00351,E0249,"Office chair","Office Furniture",8,4999,0.15,"Bank Transfer",Processing,Marketplace,"Unit 5, Building 36","Gift order"
O004369,"2022-11-09 19:14:00",C00285,E0148,Laptop,"Mobile Devices",7,29999,0.05,GCash,Processing,Unknown,"Unit 18, Building 21",Unknown
O004370,"2023-08-16 05:02:00",C00829,E0244,Desk,"Office Furniture",4,19999,0,PayPal,Canceled,Unknown,"Unit 11, Building 1","Call customer"
O004371,"2024-01-03 00:40:00",C00981,E0125,Mouse,"Computer Accesossories",4,1499,0,GCash,Returned,Store,"706 Quezon St.",Unknown
O004372,"2022-08-29 22:55:00",C00230,E0028,Printer,"Computer Accesossories",4,3499,0.05,"Debit Card",Canceled,Store,"509 Rizal St.","Urgent"
O004373,"2023-01-09 20:54:00",C00087,E0071,Smartphone,"Mobile Devices",1,12999,0,"Bank Transfer",Processing,Marketplace,"Unit 15, Building 28","Gift order"
O004374,"2023-12-25 12:31:00",C00842,E0069,Mouse,"Computer Accesossories",10,1499,0,"Debit Card",Returned,Store,"481 Bonifacio St.",Unknown
O004375,"2025-02-25 21:03:00",C00260,E0073,Printer,"Computer Accesossories",10,3499,0.15,GCash,Processing,Online,"Unit 10, Building 48","Call customer"
O004376,"2025-07-20 21:02:00",C00372,E0029,Printer,"Computer Accesossories",7,3499,0.05,"Debit Card",Delivered,Unknown,"Unit 20, Building 29","Deliver after 5PM"
O004377,"2022-10-03 12:34:00",C00900,E0040,Webcam,"Computer Accesossories",6,1499,0.15,Cash,Shipped,Online,"Unit 12, Building 26",Unknown
O004378,"2022-07-15 12:54:00",C00858,E0138,Mouse,"Computer Accesossories",1,1499,0.05,Cash,Canceled,Store,"Unit 3, Building 32","Call customer"
O004379,"2023-07-18 10:01:00",C00843,E0091,Headset,"Computer Accesossories",3,1499,0,"Credit Card",Pending,Marketplace,"119 Rizal St.","Urgent"
O004380,"2025-11-02 08:58:00",C00088,E0019,Headset,"Computer Accesossories",5,1499,0,GCash,Returned,Unknown,"519 Quezon St.","Call customer"
O004381,"2025-03-06 19:23:00",C00288,E0154,Printer,"Computer Accesossories",6,3499,0,"Credit Card",Canceled,Online,"130 Mabini St.","Gift order"
O004382,"2022-06-18 12:48:00",C00662,E0052,Router,Networking,8,1499,0.2,"Bank Transfer",Delivered,Online,"385 Quezon St.",Unknown
O004383,"2023-10-23 10:55:00",C00441,E0064,Laptop,"Mobile Devices",4,29999,0,PayPal,Pending,Marketplace,"Unit 1, Building 45",Unknown
O004384,"2022-07-22 17:24:00",C00979,E0220,Tablet,"Mobile Devices",5,8999,0,PayPal,Returned,Marketplace,"477 Bonifacio St.","Urgent"
O004385,"2025-01-26 19:45:00",C00714,E0131,Webcam,"Computer Accesossories",5,1499,0,"Credit Card",Canceled,Store,"906 Quezon St.",Unknown
O004386,"2025-02-06 03:26:00",C00305,E0192,Mouse,"Computer Accesossories",2,1499,0,"Bank Transfer",Shipped,Online,"399 Quezon St.","Gift order"
O004387,"2023-09-07 01:53:00",C00805,E0190,Router,Networking,5,1499,0.1,"Debit Card",Shipped,Online,"Unit 12, Building 27",Unknown
O004388,"2022-04-04 08:55:00",C00831,E0135,UPS,Electronics,3,4999,0.2,"Credit Card",Pending,Store,"Unit 11, Building 23","Deliver after 5PM"
O004389,"2022-09-29 02:15:00",C00338,E0229,Router,Networking,4,1499,0.1,"Credit Card",Pending,Store,"Unit 16, Building 18","Deliver after 5PM"
O004390,"2024-03-01 02:41:00",C00998,E0133,Keyboard,"Computer Accesossories",3,2499,0.15,"Debit Card",Canceled,Store,"Unit 3, Building 50","Gift order"
O004391,"2024-08-25 14:40:00",C00639,E0216,"Office chair","Office Furniture",5,4999,0.15,"Debit Card",Returned,Marketplace,"922 MABINI ST.","Deliver after 5PM"
O004392,"2022-01-08 07:04:00",C00970,E0197,Webcam,"Computer Accesossories",7,1499,0.05,"Credit Card",Shipped,Marketplace,"Unit 10, Building 37","Call customer"
O004393,"2023-10-28 12:41:00",C00797,E0165,Printer,"Computer Accesossories",4,3499,0.15,"Debit Card",Pending,Store,"Unit 10, Building 23","Deliver after 5PM"
O004394,"2023-04-07 15:15:00",C00154,E0204,"Office chair","Office Furniture",7,4999,0.03,PayPal,Delivered,Marketplace,"414 Rizal St.","Urgent"
O004395,"2025-10-04 19:00:00",C00835,E0225,Mouse,"Computer Accesossories",1,1499,0.1,Cash,Returned,Online,"Unit 6, Building 37","Call customer"
O004396,"2023-12-19 16:47:00",C00669,E0199,Laptop,"Mobile Devices",4,29999,0,PayPal,Returned,Store,"91 Main St.","Deliver after 5PM"
O004397,"2024-01-30 07:41:00",C00364,E0242,Mouse,"Computer Accesossories",9,1499,0,"Debit Card",Processing,Online,"Unit 1, Building 33","Call customer"
O004398,"2022-01-29 14:39:00",C00640,E0231,Monitor,"Computer Accesossories",6,9999,0.1,PayPal,Canceled,Online,"Unit 4, Building 2","Urgent"
O004399,"2023-07-27 02:24:00",C00233,E0164,Mouse,"Computer Accesossories",8,1499,0.1,PayPal,Pending,Marketplace,"UNIT 6, BUILDING 25","Gift order"
O004400,"2024-03-08 20:13:00",C00698,E0197,Tablet,"Mobile Devices",0,8999,0,"Debit Card",Pending,Online,"970 Rizal St.","Urgent"
O004401,"2025-02-13 02:52:00",C00730,E0169,Headset,"Computer Accesossories",9,1499,0.05,Cash,Canceled,Marketplace,"138 Main St.","Gift order"
O004402,"2023-03-05 10:57:00",C00013,E0161,Tablet,"Mobile Devices",3,8999,0.2,"Credit Card",Delivered,Online,"378 Quezon St.",Unknown
O004403,"2025-11-27 20:21:00",C00022,E0024,Projector,Electronics,5,4000,0.1,"Credit Card",Returned,Online,"30 Mabini St.",Unknown
O004404,"2022-10-15 02:58:00",C00925,E0127,Projector,Electronics,5,4000,0.2,GCash,Returned,Online,Warehouse,"Urgent"
O004405,"2023-10-17 23:10:00",C00963,E0084,Laptop,"Mobile Devices",2,29999,0,PayPal,Shipped,Marketplace,"403 Mabini St.",Unknown
O004406,"2025-01-16 23:45:00",C00821,E0151,Projector,Electronics,8,4000,0.2,Cash,Canceled,Store,"Unit 5, Building 30","Urgent"
O004407,"2023-03-08 23:47:00",C00992,E0205,Printer,"Computer Accesossories",4,3499,0.03,GCash,Shipped,Store,"32 Mabini St.",Unknown
O004408,"2025-08-23 09:25:00",C00125,E0097,"External drive",Electronics,0,999,0.2,"Bank Transfer",Shipped,Marketplace,"Unit 4, Building 20","Urgent"
O004409,"2024-10-02 20:40:00",C00358,E0051,Tablet,"Mobile Devices",1,8999,0.1,PayPal,Processing,Store,"Unit 15, Building 41","Gift order"
O004410,"2023-12-14 11:24:00",C00459,E0002,Printer,"Computer Accesossories",2,3499,0,PayPal,Returned,Store,"Unit 5, Building 31",Unknown
O004411,"2022-01-13 08:10:00",C00304,E0151,Headset,"Computer Accesossories",9,1499,0.2,"Bank Transfer",Processing,Online,Warehouse,Unknown
O004412,"2023-04-23 10:52:00",C00268,E0194,Webcam,"Computer Accesossories",7,1499,0,Cash,Delivered,Marketplace,"Unit 2, Building 41","Deliver after 5PM"
O004413,"2024-12-19 07:55:00",C00689,E0025,Laptop,"Mobile Devices",4,29999,0,n/a,Shipped,Online,"Unit 10, Building 38","Call customer"
O004414,"2022-03-17 02:29:00",C00812,E0144,Smartphone,"Mobile Devices",6,12999,0.15,"Credit Card",Returned,Marketplace,"Unit 16, Building 42","Deliver after 5PM"
O004415,"2023-12-26 00:26:00",C00566,E0028,Projector,Electronics,1,4000,0.15,"Debit Card",Shipped,Online,"Unit 1, Building 3",Unknown
O004416,"2024-01-09 17:54:00",C00855,E0067,Smartphone,"Mobile Devices",2,12999,0.03,"Bank Transfer",Shipped,Store,"Unit 11, Building 43","Deliver after 5PM"
O004417,"2022-05-20 19:45:00",C00850,E0212,Printer,"Computer Accesossories",3,3499,0.2,GCash,Delivered,Online,"232 Quezon St.",Unknown
O004418,"2023-05-16 05:11:00",C00556,E0113,"External drive",Electronics,8,999,0,GCash,Pending,Online,"Unit 5, Building 43","Deliver after 5PM"
O004419,"2025-03-27 10:23:00",C00048,E0025,Desk,"Office Furniture",6,19999,0,PayPal,Delivered,Marketplace,"936 Rizal St.","Call customer"
O004420,"2025-06-30 09:52:00",C00995,E0136,Webcam,"Computer Accesossories",9,1499,0.15,"Bank Transfer",Returned,Marketplace,"761 Mabini St.","Call customer"
O004421,"2023-02-01 04:19:00",C00817,E0233,Unknown,Unknown,9,999,0.05,"Debit Card",Pending,Online,"Unit 7, Building 11","Urgent"
O004422,"2025-01-02 05:22:00",C00968,E0062,"Office chair","Office Furniture",6,4999,0.2,Cash,Returned,Online,"UNIT 18, BUILDING 15","Gift order"
O004423,"2023-02-13 12:09:00",C00518,E0230,"External drive",Electronics,6,999,0.15,"Debit Card",Canceled,Store,"584 Bonifacio St.",Unknown
O004424,"2023-12-18 12:05:00",C00318,E0112,Smartphone,"Mobile Devices",1,12999,0.03,Cash,Delivered,Store,"411 Bonifacio St.",Unknown
O004425,"2023-01-06 01:06:00",C00554,E0247,Projector,Electronics,1,4000,0.1,"Bank Transfer",Canceled,Online,"638 Bonifacio St.","Gift order"
O004426,"2024-08-02 18:06:00",C00701,E0132,Desk,"Office Furniture",5,19999,0,n/a,Returned,Online,"UNIT 14, BUILDING 6","Urgent"
O004427,"2023-09-23 21:31:00",C00706,E0150,Smartphone,"Mobile Devices",3,12999,0.05,PayPal,Canceled,Marketplace,"112 Quezon St.","Gift order"
O004428,"2025-07-31 12:26:00",C00879,E0102,Keyboard,"Computer Accesossories",9,2499,0.2,"Bank Transfer",Shipped,Store,"Unit 1, Building 23","Urgent"
O004429,"2023-03-22 06:24:00",C00418,E0188,Smartphone,"Mobile Devices",4,12999,0.03,Cash,Shipped,Store,"681 Bonifacio St.","Gift order"
O004430,"2025-03-07 10:24:00",C00199,E0034,Mouse,"Computer Accesossories",5,1499,0.05,"Debit Card",Shipped,Store,"270 Bonifacio St.",Unknown
O004431,"2024-03-30 03:18:00",C00868,E0010,Mouse,"Computer Accesossories",2,1499,0,"Debit Card",Processing,Online,"Unit 2, Building 3",Unknown
O004432,"2024-05-05 21:11:00",C00503,E0242,Smartphone,"Mobile Devices",4,12999,0.15,PayPal,Canceled,Unknown,"Unit 4, Building 21","Urgent"
O004433,"2025-09-13 19:29:00",C00042,E0227,Laptop,"Mobile Devices",9,29999,0,"Debit Card",Processing,Store,"366 mabini st.",Unknown
O004434,"2025-08-25 13:29:00",C00381,E0175,Desk,"Office Furniture",2,19999,0.05,Cash,Canceled,Online,"unit 2, building 48","Call customer"
O004435,"2023-12-13 17:38:00",C00205,E0110,Laptop,"Mobile Devices",8,29999,0.2,Cash,Delivered,Store,"Unit 2, Building 18","Gift order"
O004436,"2025-05-02 18:06:00",C00314,E0026,Desk,"Office Furniture",6,19999,0,"Debit Card",Canceled,Online,"961 Quezon St.","Urgent"
O004437,"2024-07-14 15:33:00",C00918,E0083,Webcam,"Computer Accesossories",2,1499,0.1,"Credit Card",Processing,Store,"Unit 20, Building 3",Unknown
O004438,"2025-01-03 01:33:00",C00672,E0058,Webcam,"Computer Accesossories",0,1499,0.05,"Bank Transfer",Canceled,Online,"Unit 14, Building 32","Deliver after 5PM"
O004439,"2023-03-18 09:44:00",C00690,E0243,Desk,"Office Furniture",9,19999,0.05,"Credit Card",Returned,Store,"779 Bonifacio St.",Unknown
O004440,"2024-08-16 12:05:00",C00536,E0066,Keyboard,"Computer Accesossories",5,2499,0.03,GCash,Processing,Online,"477 Bonifacio St.","Gift order"
O004441,"2025-12-19 11:28:00",C00985,E0011,Printer,"Computer Accesossories",3,3499,0.1,"Bank Transfer",Returned,Store,"Unit 17, Building 26","Deliver after 5PM"
O004442,"2024-06-11 22:13:00",C00218,E0132,Desk,"Office Furniture",9,19999,0,"Bank Transfer",Processing,Store,"614 Quezon St.","Call customer"
O004443,"2024-12-01 17:20:00",C00183,E0017,Mouse,"Computer Accesossories",9,1499,0,"Debit Card",Shipped,Online,"320 Main St.","Deliver after 5PM"
O004444,"2023-08-02 20:12:00",C00915,E0065,Tablet,"Mobile Devices",3,8999,0.1,"Debit Card",Processing,Online,"Unit 18, Building 10","Urgent"
O004445,"2025-01-01 01:22:00",C00624,E0033,Monitor,"Computer Accesossories",3,9999,0.2,PayPal,Returned,Online,"996 Main St.","Urgent"
O004446,"2022-08-04 16:45:00",C00474,E0020,Smartphone,"Mobile Devices",7,12999,0,Cash,Returned,Online,"833 Rizal St.","Call customer"
O004447,"2022-11-07 10:07:00",C00298,E0113,UPS,Electronics,3,4999,0.2,GCash,Processing,Unknown,"561 Quezon St.",Unknown
O004448,"2023-08-14 16:10:00",C00714,E0204,Laptop,"Mobile Devices",10,29999,0.2,"Credit Card",Processing,Online,"Unit 7, Building 26","Urgent"
O004449,"2025-10-21 06:39:00",C00388,E0030,Router,Networking,9,1499,0.2,"Credit Card",Pending,Unknown,"95 Rizal St.",Unknown
O004450,"2024-09-14 22:56:00",C00698,E0021,Mouse,"Computer Accesossories",9,1499,0,Cash,Canceled,Store,"276 Bonifacio St.","Call customer"
O004451,"2023-12-01 18:43:00",C00714,E0027,Desk,"Office Furniture",3,19999,0.2,"Bank Transfer",Returned,Online,"788 Main St.",Unknown
O004452,"2024-07-02 19:18:00",C00727,E0193,Smartphone,"Mobile Devices",1,12999,0,GCash,Delivered,Unknown,"393 Bonifacio St.",Unknown
O004453,"2024-10-22 00:16:00",C00267,E0180,Keyboard,"Computer Accesossories",8,2499,0,"Debit Card",Processing,Online,"995 Quezon St.","Call customer"
O004454,"2022-05-14 08:48:00",C00856,E0192,Webcam,"Computer Accesossories",4,1499,0,"Bank Transfer",Pending,Online,"818 Rizal St.","Urgent"
O004455,"2023-07-07 07:25:00",C00749,E0089,Desk,"Office Furniture",5,19999,0,"Debit Card",Canceled,Online,"Unit 12, Building 43",Unknown
O004456,"2023-06-05 03:29:00",C00858,E0073,Laptop,"Mobile Devices",10,29999,0.05,Cash,Processing,Unknown,"963 Main St.","Gift order"
O004457,"2023-12-14 05:18:00",C00443,E0003,"External drive",Electronics,8,999,0.1,n/a,Delivered,Online,"605 Main St.",Unknown
O004458,"2025-10-31 09:48:00",C00445,E0221,Keyboard,"Computer Accesossories",7,2499,0.15,"Debit Card",Canceled,Store,"100 Rizal St.","Deliver after 5PM"
O004459,"2025-05-03 01:03:00",C00303,E0187,UPS,Electronics,8,4999,0.03,Cash,Delivered,Store,"44 Rizal St.","Gift order"
O004460,"2022-07-26 16:28:00",C00278,E0100,Smartphone,"Mobile Devices",10,12999,0.1,Cash,Canceled,Online,"87 Mabini St.",Unknown
O004461,"2025-06-08 05:24:00",C00699,E0106,Unknown,Unknown,4,7999,0.05,GCash,Delivered,Online,"627 Main St.","Gift order"
O004462,"2023-05-28 10:05:00",C00012,E0227,Desk,"Office Furniture",1,19999,0.1,"Credit Card",Canceled,Store,"Unit 15, Building 45","Call customer"
O004463,"2022-10-03 10:21:00",C00392,E0179,Tablet,"Mobile Devices",1,8999,0.03,PayPal,Pending,Marketplace,"895 RIZAL ST.","Gift order"
O004464,"2022-09-07 01:57:00",C00056,E0238,Headset,"Computer Accesossories",1,1499,0.15,PayPal,Pending,Unknown,"730 Main St.",Unknown
O004465,"2024-08-21 14:25:00",C00760,E0092,Smartphone,"Mobile Devices",0,12999,0,PayPal,Delivered,Marketplace,"Unit 13, Building 26","Deliver after 5PM"
O004466,"2024-03-16 21:48:00",C00129,E0225,Mouse,"Computer Accesossories",0,1499,0.1,Cash,Pending,Online,"662 Rizal St.",Unknown
O004467,"2023-01-21 16:43:00",C00243,E0114,"External drive",Electronics,4,999,0,GCash,Pending,Store,"315 Rizal St.","Call customer"
O004468,"2024-11-26 13:00:00",C00818,E0009,UPS,Electronics,2,4999,0,GCash,Delivered,Unknown,"815 Bonifacio St.",Unknown
O004469,"2024-03-31 14:52:00",C00083,E0078,Webcam,"Computer Accesossories",6,1499,0.15,GCash,Shipped,Online,"162 Bonifacio St.","Urgent"
O004470,"2023-08-10 07:43:00",C00909,E0107,Router,Networking,5,1499,0.05,GCash,Delivered,Store,"565 Mabini St.",Unknown
O004471,"2024-06-05 00:01:00",C00653,E0230,Keyboard,"Computer Accesossories",8,2499,0.15,Cash,Canceled,Store,"270 BONIFACIO ST.",Unknown
O004472,"2025-11-28 18:31:00",C00260,E0047,Mouse,"Computer Accesossories",10,1499,0.03,PayPal,Returned,Online,Warehouse,Unknown
O004473,"2023-06-19 16:46:00",C00308,E0244,UPS,Electronics,1,4999,0.2,Cash,Canceled,Unknown,"Unit 5, Building 1","Call customer"
O004474,"2023-12-16 06:09:00",C00823,E0204,Smartphone,"Mobile Devices",5,12999,0.15,"Debit Card",Pending,Online,"Unit 1, Building 7","Gift order"
O004475,"2022-07-14 02:51:00",C00868,E0093,Printer,"Computer Accesossories",5,3499,0,n/a,Returned,Unknown,"Unit 8, Building 12","Urgent"
O004476,"2022-07-13 14:06:00",C00531,E0225,Projector,Electronics,6,4000,0,"Debit Card",Shipped,Online,"Unit 20, Building 38","Gift order"
O004477,"2023-06-21 18:54:00",C00067,E0218,Printer,"Computer Accesossories",2,3499,0.05,Cash,Delivered,Online,"181 Main St.","Deliver after 5PM"
O004478,"2022-04-12 19:06:00",C00605,E0127,Desk,"Office Furniture",4,19999,0.15,GCash,Shipped,Online,"478 Bonifacio St.","Gift order"
O004479,"2022-08-11 21:49:00",C00805,E0241,Monitor,"Computer Accesossories",7,9999,0,"Credit Card",Returned,Unknown,"801 Bonifacio St.","Call customer"
O004480,"2023-06-02 14:27:00",C00361,E0240,Keyboard,"Computer Accesossories",10,2499,0.05,"Bank Transfer",Delivered,Online,"Unit 5, Building 4",Unknown
O004481,"2024-05-14 09:59:00",C00119,E0006,Desk,"Office Furniture",1,19999,0,Cash,Delivered,Marketplace,"573 Rizal St.","Deliver after 5PM"
O004482,"2024-06-26 11:01:00",C00314,E0001,Monitor,"Computer Accesossories",4,9999,0,Cash,Processing,Store,"815 Rizal St.",Unknown
O004483,"2025-10-28 00:06:00",C00922,E0184,Webcam,"Computer Accesossories",5,1499,0.05,GCash,Shipped,Online,"Unit 12, Building 21","Deliver after 5PM"
O004484,"2024-07-05 09:08:00",C00431,E0230,Webcam,"Computer Accesossories",8,1499,0.2,"Bank Transfer",Canceled,Online,"Unit 20, Building 16",Unknown
O004485,"2023-07-26 11:25:00",C00604,E0152,UPS,Electronics,2,4999,0.15,GCash,Processing,Marketplace,"537 Rizal St.","Gift order"
O004486,"2025-06-11 10:39:00",C00246,E0013,Tablet,"Mobile Devices",4,8999,0.2,GCash,Shipped,Marketplace,"UNIT 11, BUILDING 44",Unknown
O004487,"2024-10-17 00:58:00",C00488,E0052,Printer,"Computer Accesossories",2,3499,0,PayPal,Delivered,Online,"515 Rizal St.",Unknown
O004488,"2024-01-02 17:46:00",C00470,E0225,Headset,"Computer Accesossories",1,1499,0.1,PayPal,Returned,Online,"Unit 12, Building 17","Deliver after 5PM"
O004489,"2023-06-20 17:22:00",C00193,E0083,UPS,Electronics,8,4999,0.1,"Bank Transfer",Shipped,Online,"416 Mabini St.","Deliver after 5PM"
O004490,"2024-11-02 20:55:00",C00970,E0092,Router,Networking,8,1499,0.05,"Debit Card",Processing,Store,"Unit 3, Building 45","Urgent"
O004491,"2023-11-26 23:12:00",C00652,E0119,Tablet,"Mobile Devices",4,8999,0.05,PayPal,Shipped,Online,"Unit 5, Building 28","Deliver after 5PM"
O004492,"2024-06-13 01:34:00",C00567,E0005,Projector,Electronics,3,4000,0.15,GCash,Processing,Online,"Unit 15, Building 24",Unknown
O004493,"2025-02-24 02:54:00",C00035,E0120,Headset,"Computer Accesossories",2,1499,0.03,"Bank Transfer",Pending,Store,"415 MABINI ST.","Gift order"
O004494,"2022-02-13 02:23:00",C00094,E0003,Laptop,"Mobile Devices",3,29999,0.1,PayPal,Processing,Unknown,"Unit 20, Building 31","Urgent"
O004495,"2024-09-28 18:06:00",C00240,E0195,Keyboard,"Computer Accesossories",3,2499,0.1,"Debit Card",Processing,Online,"unit 7, building 33","Deliver after 5PM"
O004496,"2025-11-13 03:46:00",C00369,E0092,Mouse,"Computer Accesossories",8,1499,0.05,"Debit Card",Shipped,Online,"Unit 20, Building 31","Urgent"
O004497,"2024-12-06 07:54:00",C00767,E0200,Smartphone,"Mobile Devices",1,12999,0.1,"Debit Card",Shipped,Marketplace,"623 Quezon St.","Gift order"
O004498,"2025-08-31 01:34:00",C00305,E0216,Mouse,"Computer Accesossories",2,1499,0.15,PayPal,Returned,Online,"UNIT 3, BUILDING 6","Call customer"
O004499,"2025-03-07 20:00:00",C00936,E0174,Laptop,"Mobile Devices",10,29999,0.2,GCash,Canceled,Store,"272 Main St.",Unknown
O004500,"2025-04-22 09:51:00",C00003,E0158,Printer,"Computer Accesossories",4,3499,0.15,"Credit Card",Processing,Unknown,"176 Quezon St.",Unknown
O004501,"2024-10-16 12:30:00",C00122,E0066,Webcam,"Computer Accesossories",3,1499,0.1,GCash,Shipped,Online,"Unit 3, Building 15",Unknown
O004502,"2024-11-29 17:32:00",C00846,E0187,Smartphone,"Mobile Devices",0,12999,0.1,"Bank Transfer",Shipped,Online,"436 Quezon St.","Call customer"
O004503,"2022-09-03 01:56:00",C00046,E0165,Smartphone,"Mobile Devices",2,12999,0,GCash,Shipped,Online,"Unit 10, Building 48","Urgent"
O004504,"2022-09-01 05:59:00",C00669,E0113,Mouse,"Computer Accesossories",2,1499,0.05,PayPal,Delivered,Marketplace,"751 Rizal St.","Call customer"
O004505,"2024-07-25 04:05:00",C00577,E0062,Smartphone,"Mobile Devices",2,12999,0.2,"Debit Card",Delivered,Marketplace,"Unit 11, Building 8","Deliver after 5PM"
O004506,"2024-10-29 10:01:00",C00327,E0028,"External drive",Electronics,4,999,0,GCash,Pending,Unknown,"14 Rizal St.","Urgent"
O004507,"2025-11-26 08:23:00",C00557,E0008,Tablet,"Mobile Devices",4,8999,0,"Debit Card",Pending,Marketplace,"Unit 13, Building 9",Unknown
O004508,"2023-09-14 00:34:00",C00927,E0017,Smartphone,"Mobile Devices",5,12999,0.15,GCash,Delivered,Online,"Unit 19, Building 40","Gift order"
O004509,"2024-06-19 22:32:00",C00430,E0194,Laptop,"Mobile Devices",10,29999,0.2,"Bank Transfer",Processing,Unknown,"89 Quezon St.",Unknown
O004510,"2023-06-23 08:31:00",C00445,E0157,Mouse,"Computer Accesossories",5,1499,0.03,"Debit Card",Shipped,Online,"Unit 10, Building 19",Unknown
O004511,"2023-10-16 21:49:00",C00146,E0005,Monitor,"Computer Accesossories",5,9999,0.03,"Bank Transfer",Pending,Store,"906 Quezon St.","Call customer"
O004512,"2023-07-15 23:45:00",C00514,E0042,"Office chair","Office Furniture",4,4999,0.03,"Credit Card",Shipped,Online,"858 Main St.","Gift order"
O004513,"2023-02-17 09:53:00",C00448,E0003,Tablet,"Mobile Devices",7,8999,0,GCash,Canceled,Online,"994 RIZAL ST.",Unknown
O004514,"2024-06-17 22:52:00",C00795,E0158,Laptop,"Mobile Devices",9,29999,0.15,Cash,Delivered,Unknown,"390 Bonifacio St.","Call customer"
O004515,"2025-11-18 01:50:00",C00518,E0057,Router,Networking,10,1499,0.2,"Bank Transfer",Delivered,Store,"Unit 5, Building 44","Call customer"
O004516,"2025-10-30 22:54:00",C00892,E0007,Keyboard,"Computer Accesossories",8,2499,0,"Debit Card",Processing,Marketplace,Warehouse,Unknown
O004517,"2023-10-09 02:28:00",C00875,E0133,"External drive",Electronics,0,999,0.2,"Bank Transfer",Delivered,Store,Warehouse,Unknown
O004518,"2022-12-22 22:46:00",C00454,E0128,"Office chair","Office Furniture",4,4999,0.1,"Bank Transfer",Returned,Store,"390 Quezon St.","Deliver after 5PM"
O004519,"2023-12-15 08:02:00",C00805,E0066,Monitor,"Computer Accesossories",9,9999,0,"Credit Card",Canceled,Online,"161 QUEZON ST.","Deliver after 5PM"
O004520,"2023-08-01 18:12:00",C00932,E0014,UPS,Electronics,3,4999,0.15,"Debit Card",Delivered,Store,"541 RIZAL ST.","Deliver after 5PM"
O004521,"2025-05-28 00:50:00",C00171,E0140,Laptop,"Mobile Devices",9,29999,0.05,Cash,Canceled,Unknown,"552 Quezon St.","Gift order"
O004522,"2025-03-02 05:31:00",C00172,E0062,Projector,Electronics,5,4000,0.1,"Credit Card",Returned,Marketplace,"Unit 20, Building 45","Urgent"
O004523,"2025-06-13 12:54:00",C00533,E0250,UPS,Electronics,7,4999,0.1,n/a,Shipped,Store,"510 Rizal St.","Deliver after 5PM"
O004524,"2023-09-12 06:43:00",C00860,E0147,Mouse,"Computer Accesossories",3,1499,0.15,n/a,Pending,Store,"Unit 6, Building 1","Call customer"
O004525,"2022-04-18 05:12:00",C00472,E0024,"Office chair","Office Furniture",5,4999,0.05,"Debit Card",Returned,Store,"592 Main St.","Urgent"
O004526,"2025-02-04 00:51:00",C00245,E0030,Router,Networking,7,1499,0,"Credit Card",Shipped,Online,"Unit 2, Building 2",Unknown
O004527,"2024-11-19 02:05:00",C00944,E0043,Keyboard,"Computer Accesossories",4,2499,0.15,PayPal,Shipped,Store,"692 Rizal St.","Urgent"
O004528,"2024-03-18 20:11:00",C00143,E0119,Router,Networking,10,1499,0,PayPal,Pending,Store,"Unit 18, Building 41","Urgent"
O004529,"2022-09-15 19:19:00",C00352,E0188,Smartphone,"Mobile Devices",6,12999,0,"Debit Card",Unknown,Unknown,"523 MAIN ST.","Urgent"
O004530,"2022-07-03 01:35:00",C00777,E0073,"Office chair","Office Furniture",0,4999,0.2,"Debit Card",Shipped,Store,"Unit 12, Building 23",Unknown
O004531,"2022-11-23 09:19:00",C00980,E0046,Monitor,"Computer Accesossories",6,9999,0.15,PayPal,Pending,Unknown,"859 Main St.","Deliver after 5PM"
O004532,"2024-02-21 07:26:00",C00679,E0246,Unknown,Unknown,2,2999,0,GCash,Canceled,Unknown,"901 Quezon St.","Gift order"
O004533,"2025-07-08 06:51:00",C00474,E0070,"External drive",Electronics,10,999,0.03,GCash,Returned,Online,"416 Mabini St.","Urgent"
O004534,"2025-08-29 02:07:00",C00283,E0186,Desk,"Office Furniture",4,19999,0.15,PayPal,Delivered,Online,"214 Quezon St.",Unknown
O004535,"2024-02-16 04:22:00",C00955,E0154,Headset,"Computer Accesossories",4,1499,0.15,"Credit Card",Delivered,Unknown,"823 Rizal St.",Unknown
O004536,"2024-01-05 22:20:00",C00255,E0067,"Office chair","Office Furniture",3,4999,0.2,"Bank Transfer",Processing,Online,"Unit 5, Building 45",Unknown
O004537,"2022-11-11 05:58:00",C00641,E0167,"Office chair","Office Furniture",8,4999,0.2,GCash,Canceled,Unknown,"620 Rizal St.",Unknown
O004538,"2024-09-12 19:36:00",C00796,E0034,Mouse,"Computer Accesossories",9,1499,0,n/a,Returned,Store,"Unit 14, Building 12","Urgent"
O004539,"2023-08-17 01:08:00",C00256,E0154,Headset,"Computer Accesossories",7,1499,0.1,"Credit Card",Processing,Unknown,"932 mabini st.","Call customer"
O004540,"2022-12-14 05:36:00",C00139,E0037,Printer,"Computer Accesossories",8,3499,0,"Debit Card",Pending,Marketplace,"UNIT 1, BUILDING 3","Urgent"
O004541,"2022-01-20 03:49:00",C00935,E0087,"External drive",Electronics,4,999,0.15,PayPal,Canceled,Unknown,"836 Rizal St.",Unknown
O004542,"2022-02-06 09:01:00",C00816,E0223,Monitor,"Computer Accesossories",10,9999,0.1,PayPal,Shipped,Store,"Unit 8, Building 41","Gift order"
O004543,"2025-06-30 20:13:00",C00881,E0198,Unknown,Unknown,6,799,0.03,GCash,Delivered,Store,"974 Mabini St.","Call customer"
O004544,"2023-03-20 03:33:00",C00399,E0039,Headset,"Computer Accesossories",8,1499,0.2,PayPal,Processing,Unknown,"259 Main St.","Call customer"
O004545,"2024-11-10 12:53:00",C00436,E0109,Mouse,"Computer Accesossories",10,1499,0,"Credit Card",Delivered,Online,"42 Mabini St.","Call customer"
O004546,"2023-04-04 08:07:00",C00720,E0238,Smartphone,"Mobile Devices",3,12999,0.2,"Bank Transfer",Returned,Marketplace,"763 Rizal St.","Gift order"
O004547,"2024-04-20 22:14:00",C00921,E0146,Projector,Electronics,7,4000,0,PayPal,Pending,Marketplace,"91 Quezon St.",Unknown
O004548,"2023-10-31 18:32:00",C00543,E0126,Laptop,"Mobile Devices",7,29999,0.05,n/a,Canceled,Unknown,"204 main st.","Gift order"
O004549,"2024-04-02 20:36:00",C00128,E0110,"External drive",Electronics,9,999,0,"Bank Transfer",Delivered,Store,"547 Quezon St.","Call customer"
O004550,"2022-02-18 08:30:00",C00523,E0187,Laptop,"Mobile Devices",9,29999,0,"Credit Card",Returned,Store,"Unit 2, Building 5","Urgent"
O004551,"2023-01-15 13:49:00",C00161,E0078,Router,Networking,7,1499,0.2,"Debit Card",Pending,Store,"162 RIZAL ST.","Gift order"
O004552,"2025-07-12 21:44:00",C00689,E0190,Desk,"Office Furniture",8,19999,0.1,GCash,Delivered,Online,"Unit 6, Building 40",Unknown
O004553,"2023-03-08 01:47:00",C00699,E0185,Keyboard,"Computer Accesossories",9,2499,0.05,"Debit Card",Pending,Online,"Unit 17, Building 34","Deliver after 5PM"
O004554,"2022-12-18 03:43:00",C00314,E0111,Printer,"Computer Accesossories",4,3499,0.15,PayPal,Unknown,Unknown,"627 Main St.","Gift order"
O004555,"2025-11-18 08:12:00",C00788,E0035,Printer,"Computer Accesossories",4,3499,0.1,"Debit Card",Delivered,Unknown,"Unit 9, Building 31","Urgent"
O004556,"2023-02-11 17:49:00",C00071,E0003,Mouse,"Computer Accesossories",9,1499,0.03,PayPal,Processing,Online,"Unit 16, Building 37",Unknown
O004557,"2023-02-08 22:30:00",C00162,E0248,Keyboard,"Computer Accesossories",10,2499,0.05,"Debit Card",Delivered,Online,"392 Mabini St.",Unknown
O004558,"2022-03-05 04:39:00",C00757,E0093,Unknown,Unknown,3,799,0.15,"Credit Card",Processing,Online,"411 Rizal St.","Deliver after 5PM"
O004559,"2024-05-29 23:45:00",C00486,E0193,Router,Networking,4,1499,0,PayPal,Pending,Store,"Unit 9, Building 11","Deliver after 5PM"
O004560,"2022-12-10 15:16:00",C00042,E0137,Monitor,"Computer Accesossories",2,9999,0.1,PayPal,Processing,Store,"Unit 4, Building 24",Unknown
O004561,"2022-09-23 10:51:00",C00856,E0120,UPS,Electronics,9,4999,0.03,"Bank Transfer",Canceled,Online,"540 Mabini St.",Unknown
O004562,"2022-08-05 21:49:00",C00858,E0214,Smartphone,"Mobile Devices",10,12999,0.03,"Bank Transfer",Shipped,Online,"384 Quezon St.",Unknown
O004563,"2022-08-07 12:58:00",C00473,E0080,UPS,Electronics,3,4999,0,"Bank Transfer",Delivered,Marketplace,"Unit 10, Building 25","Deliver after 5PM"
O004564,"2022-08-13 02:50:00",C00841,E0028,Laptop,"Mobile Devices",1,29999,0,PayPal,Delivered,Store,"Unit 16, Building 43","Call customer"
O004565,"2023-05-09 00:36:00",C00174,E0114,Laptop,"Mobile Devices",1,29999,0,"Debit Card",Unknown,Unknown,"Unit 17, Building 1",Unknown
O004566,"2022-07-21 17:06:00",C00873,E0248,Mouse,"Computer Accesossories",10,1499,0.1,Cash,Delivered,Store,"Unit 1, Building 40","Urgent"
O004567,"2023-06-27 22:18:00",C00424,E0171,Smartphone,"Mobile Devices",8,12999,0.15,"Credit Card",Pending,Marketplace,"867 Quezon St.","Deliver after 5PM"
O004568,"2023-05-17 02:45:00",C00534,E0062,Desk,"Office Furniture",7,19999,0.2,Cash,Processing,Store,"Unit 7, Building 29","Call customer"
O004569,"2024-11-09 14:25:00",C00854,E0024,Router,Networking,7,1499,0.2,GCash,Shipped,Online,"923 MAIN ST.","Deliver after 5PM"
O004570,"2025-08-21 06:14:00",C00251,E0113,Webcam,"Computer Accesossories",8,1499,0.15,PayPal,Pending,Marketplace,"634 Mabini St.","Deliver after 5PM"
O004571,"2025-10-04 14:44:00",C00938,E0231,Headset,"Computer Accesossories",6,1499,0.15,Cash,Processing,Marketplace,"381 Main St.","Gift order"
O004572,"2025-03-02 13:39:00",C00618,E0001,UPS,Electronics,6,4999,0.05,"Credit Card",Unknown,Store,"783 RIZAL ST.","Gift order"
O004573,"2023-04-08 13:22:00",C00681,E0077,Webcam,"Computer Accesossories",9,1499,0.15,"Bank Transfer",Processing,Online,"Unit 8, Building 18",Unknown
O004574,"2023-10-20 01:37:00",C00971,E0080,Headset,"Computer Accesossories",7,1499,0.1,"Credit Card",Pending,Unknown,"408 Bonifacio St.","Gift order"
O004575,"2023-08-29 03:11:00",C00587,E0191,Mouse,"Computer Accesossories",7,1499,0.03,"Bank Transfer",Shipped,Store,"283 RIZAL ST.","Call customer"
O004576,"2024-12-19 04:50:00",C00910,E0098,Mouse,"Computer Accesossories",5,1499,0,Cash,Returned,Unknown,"Unit 8, Building 22","Gift order"
O004577,"2025-03-02 21:26:00",C00991,E0078,Webcam,"Computer Accesossories",3,1499,0.15,Cash,Processing,Store,"311 Mabini St.",Unknown
O004578,"2023-03-16 09:17:00",C00494,E0109,Laptop,"Mobile Devices",9,29999,0,Cash,Pending,Online,"837 Quezon St.",Unknown
O004579,"2025-09-30 22:20:00",C00285,E0224,Desk,"Office Furniture",5,19999,0,"Debit Card",Returned,Store,"Unit 6, Building 37","Deliver after 5PM"
O004580,"2025-01-01 14:36:00",C00100,E0068,UPS,Electronics,10,4999,0.03,"Debit Card",Processing,Online,"40 Rizal St.","Urgent"
O004581,"2022-04-29 17:43:00",C00812,E0143,Projector,Electronics,10,4000,0.15,"Debit Card",Pending,Online,"Unit 2, Building 15","Deliver after 5PM"
O004582,"2023-06-08 09:33:00",C00347,E0149,Webcam,"Computer Accesossories",6,1499,0,GCash,Canceled,Unknown,"850 Mabini St.",Unknown
O004583,"2024-12-10 00:38:00",C00753,E0179,Mouse,"Computer Accesossories",7,1499,0.1,"Credit Card",Pending,Store,"Unit 2, Building 4",Unknown
O004584,"2023-09-05 19:36:00",C00196,E0241,UPS,Electronics,8,4999,0,"Bank Transfer",Pending,Online,"623 Main St.",Unknown
O004585,"2023-08-01 06:45:00",C00736,E0086,Headset,"Computer Accesossories",8,1499,0.15,GCash,Shipped,Marketplace,"528 Rizal St.","Gift order"
O004586,"2024-07-09 04:06:00",C00150,E0139,Webcam,"Computer Accesossories",1,1499,0.15,"Bank Transfer",Shipped,Online,"118 Quezon St.",Unknown
O004587,"2025-03-22 20:20:00",C00907,E0073,Smartphone,"Mobile Devices",8,12999,0.05,"Debit Card",Pending,Unknown,Warehouse,"Deliver after 5PM"
O004588,"2022-11-25 00:31:00",C00128,E0216,Headset,"Computer Accesossories",1,1499,0.03,GCash,Shipped,Marketplace,"168 Rizal St.",Unknown
O004589,"2023-01-21 06:40:00",C00125,E0236,Keyboard,"Computer Accesossories",6,2499,0.05,"Debit Card",Canceled,Store,"676 Quezon St.","Urgent"
O004590,"2025-04-13 00:25:00",C00487,E0191,UPS,Electronics,8,4999,0,Cash,Shipped,Online,"Unit 10, Building 42","Call customer"
O004591,"2022-05-04 20:20:00",C00922,E0043,Tablet,"Mobile Devices",5,8999,0.05,Cash,Processing,Online,"Unit 7, Building 46","Call customer"
O004592,"2025-04-30 15:42:00",C00011,E0248,Mouse,"Computer Accesossories",6,1499,0.2,"Debit Card",Delivered,Unknown,"482 Rizal St.",Unknown
O004593,"2024-10-25 04:48:00",C00306,E0240,Projector,Electronics,0,4000,0.2,PayPal,Shipped,Store,"745 Rizal St.","Gift order"
O004594,"2022-09-15 00:55:00",C00024,E0093,Monitor,"Computer Accesossories",1,9999,0.05,"Bank Transfer",Processing,Online,"Unit 6, Building 11","Gift order"
O004595,"2025-03-09 10:20:00",C00535,E0164,Headset,"Computer Accesossories",2,1499,0.1,Cash,Shipped,Store,"303 Rizal St.","Gift order"
O004596,"2023-10-22 00:21:00",C00622,E0113,Tablet,"Mobile Devices",2,8999,0.03,"Debit Card",Canceled,Store,"455 Quezon St.","Gift order"
O004597,"2022-08-29 08:56:00",C00784,E0051,Printer,"Computer Accesossories",7,3499,0,Cash,Processing,Marketplace,"884 Quezon St.","Gift order"
O004598,"2023-05-11 22:08:00",C00381,E0003,UPS,Electronics,6,4999,0.1,Cash,Processing,Store,"36 Rizal St.",Unknown
O004599,"2023-12-15 19:21:00",C00533,E0219,Headset,"Computer Accesossories",2,1499,0.05,n/a,Shipped,Marketplace,"27 Mabini St.",Unknown
O004600,"2024-01-20 04:33:00",C00869,E0002,Tablet,"Mobile Devices",2,8999,0.1,PayPal,Pending,Unknown,"Unit 15, Building 19","Gift order"
O004601,"2024-11-09 07:59:00",C00357,E0123,Unknown,Unknown,6,499,0,PayPal,Shipped,Store,"Unit 13, Building 29","Deliver after 5PM"
O004602,"2023-11-08 23:03:00",C00826,E0056,Desk,"Office Furniture",1,19999,0.1,Cash,Pending,Store,"391 Quezon St.",Unknown
O004603,"2025-09-05 12:50:00",C00871,E0113,Laptop,"Mobile Devices",3,29999,0.1,GCash,Canceled,Unknown,"Unit 5, Building 41","Urgent"
O004604,"2024-05-07 11:41:00",C00034,E0057,"External drive",Electronics,7,999,0,Cash,Pending,Store,Warehouse,"Deliver after 5PM"
O004605,"2024-01-06 19:45:00",C00188,E0215,UPS,Electronics,7,4999,0,PayPal,Unknown,Marketplace,Warehouse,"Gift order"
O004606,"2022-10-18 11:20:00",C00015,E0072,"Office chair","Office Furniture",9,4999,0,"Credit Card",Canceled,Online,"623 Mabini St.","Call customer"
O004607,"2023-08-16 00:48:00",C00767,E0064,Headset,"Computer Accesossories",3,1499,0,Cash,Unknown,Store,"Unit 9, Building 28",Unknown
O004608,"2023-02-27 18:39:00",C00053,E0206,Tablet,"Mobile Devices",6,8999,0,Cash,Canceled,Marketplace,"481 Mabini St.",Unknown
O004609,"2024-03-27 20:30:00",C00222,E0008,Desk,"Office Furniture",2,19999,0.15,"Debit Card",Delivered,Store,"166 Bonifacio St.","Call customer"
O004610,"2025-08-05 12:42:00",C00466,E0043,Smartphone,"Mobile Devices",3,12999,0.05,Cash,Canceled,Marketplace,"362 Mabini St.",Unknown
O004611,"2023-11-22 09:51:00",C00938,E0112,Projector,Electronics,8,4000,0,PayPal,Delivered,Online,"992 MABINI ST.","Deliver after 5PM"
O004612,"2024-03-16 13:03:00",C00974,E0212,Smartphone,"Mobile Devices",4,12999,0.1,"Bank Transfer",Pending,Unknown,"Unit 14, Building 41","Call customer"
O004613,"2024-02-02 21:36:00",C00276,E0126,UPS,Electronics,2,4999,0.03,Cash,Unknown,Online,"Unit 6, Building 48","Urgent"
O004614,"2023-01-03 14:43:00",C00068,E0159,Unknown,Unknown,9,7999,0.1,Cash,Shipped,Store,"Unit 15, Building 37",Unknown
O004615,"2023-08-26 07:30:00",C00246,E0184,Monitor,"Computer Accesossories",7,9999,0.1,"Bank Transfer",Delivered,Online,"330 Mabini St.",Unknown
O004616,"2022-01-07 06:29:00",C00123,E0029,Mouse,"Computer Accesossories",5,1499,0.1,"Debit Card",Returned,Online,"17 RIZAL ST.","Call customer"
O004617,"2025-10-09 05:38:00",C00975,E0182,Desk,"Office Furniture",8,19999,0.03,"Bank Transfer",Pending,Store,"Unit 19, Building 50","Gift order"
O004618,"2024-01-13 12:44:00",C00785,E0239,UPS,Electronics,4,4999,0.05,"Credit Card",Returned,Store,"Unit 15, Building 5","Call customer"
O004619,"2022-10-22 16:32:00",C00593,E0064,Router,Networking,1,1499,0.03,"Debit Card",Delivered,Online,"415 Bonifacio St.","Call customer"
O004620,"2025-11-24 22:06:00",C00338,E0134,Printer,"Computer Accesossories",1,3499,0.1,n/a,Shipped,Store,"Unit 18, Building 33",Unknown
O004621,"2025-08-11 23:37:00",C00059,E0013,Monitor,"Computer Accesossories",8,9999,0.05,PayPal,Shipped,Store,"569 Mabini St.","Gift order"
O004622,"2025-10-19 00:42:00",C00152,E0155,Monitor,"Computer Accesossories",2,9999,0.2,"Debit Card",Pending,Store,"337 Bonifacio St.","Gift order"
O004623,"2025-11-08 18:38:00",C00170,E0194,Projector,Electronics,0,4000,0.15,PayPal,Delivered,Store,Warehouse,Unknown
O004624,"2025-12-07 19:13:00",C00893,E0207,Keyboard,"Computer Accesossories",9,2499,0.05,Cash,Processing,Store,"969 Bonifacio St.","Call customer"
O004625,"2022-09-30 22:44:00",C00280,E0189,Headset,"Computer Accesossories",6,1499,0,GCash,Canceled,Store,"131 bonifacio st.",Unknown
O004626,"2023-04-08 18:21:00",C00023,E0037,Keyboard,"Computer Accesossories",6,2499,0.2,"Bank Transfer",Shipped,Online,"37 Bonifacio St.","Deliver after 5PM"
O004627,"2025-01-17 23:35:00",C00762,E0124,Tablet,"Mobile Devices",7,8999,0,"Debit Card",Pending,Online,"282 Mabini St.",Unknown
O004628,"2023-10-10 11:44:00",C00516,E0159,Unknown,Unknown,7,799,0.03,GCash,Shipped,Online,"Unit 12, Building 40",Unknown
O004629,"2024-06-23 18:14:00",C00300,E0189,"Office chair","Office Furniture",9,4999,0.2,"Debit Card",Processing,Marketplace,"Unit 20, Building 12","Call customer"
O004630,"2023-06-04 19:42:00",C00145,E0181,Desk,"Office Furniture",8,19999,0,"Credit Card",Processing,Store,"Unit 5, Building 43","Call customer"
O004631,"2023-11-21 20:56:00",C00372,E0090,Headset,"Computer Accesossories",3,1499,0.05,"Bank Transfer",Canceled,Online,"488 RIZAL ST.","Call customer"
O004632,"2022-05-28 04:36:00",C00297,E0106,Headset,"Computer Accesossories",5,1499,0.2,"Credit Card",Delivered,Store,"387 Bonifacio St.",Unknown
O004633,"2023-05-22 07:11:00",C00516,E0128,Tablet,"Mobile Devices",4,8999,0,"Debit Card",Delivered,Store,"570 Bonifacio St.","Gift order"
O004634,"2024-11-01 10:45:00",C00636,E0157,Projector,Electronics,7,4000,0,"Bank Transfer",Delivered,Store,"unit 6, building 1",Unknown
O004635,"2025-09-21 10:26:00",C00447,E0063,Monitor,"Computer Accesossories",10,9999,0.1,GCash,Processing,Unknown,"557 Rizal St.",Unknown
O004636,"2025-12-21 13:26:00",C00790,E0065,Printer,"Computer Accesossories",10,3499,0.05,"Credit Card",Shipped,Online,"453 Main St.",Unknown
O004637,"2022-05-19 15:24:00",C00702,E0128,Webcam,"Computer Accesossories",4,1499,0.15,"Bank Transfer",Canceled,Unknown,"631 Quezon St.","Urgent"
O004638,"2022-03-16 00:18:00",C00332,E0137,"External drive",Electronics,8,999,0.15,PayPal,Returned,Unknown,"Unit 4, Building 46","Urgent"
O004639,"2023-03-16 22:52:00",C00315,E0002,Keyboard,"Computer Accesossories",7,2499,0.05,GCash,Canceled,Store,"Unit 18, Building 29","Deliver after 5PM"
O004640,"2022-07-01 05:35:00",C00963,E0120,Headset,"Computer Accesossories",4,1499,0,"Debit Card",Delivered,Online,"759 Rizal St.","Urgent"
O004641,"2025-11-03 20:46:00",C00917,E0179,Printer,"Computer Accesossories",3,3499,0.1,PayPal,Canceled,Online,"Unit 6, Building 45",Unknown
O004642,"2022-04-25 19:11:00",C00188,E0217,UPS,Electronics,6,4999,0.1,"Bank Transfer",Returned,Marketplace,"Unit 16, Building 17",Unknown
O004643,"2024-09-01 15:10:00",C00018,E0099,"Office chair","Office Furniture",5,4999,0.15,PayPal,Shipped,Store,"Unit 10, Building 19","Call customer"
O004644,"2022-12-27 17:30:00",C00365,E0219,Monitor,"Computer Accesossories",7,9999,0.03,Cash,Returned,Online,"651 Rizal St.","Call customer"
O004645,"2022-01-10 22:09:00",C00353,E0039,"Office chair","Office Furniture",3,4999,0.2,PayPal,Returned,Store,"UNIT 16, BUILDING 50","Call customer"
O004646,"2022-05-03 06:30:00",C00667,E0226,Headset,"Computer Accesossories",2,1499,0.15,PayPal,Pending,Store,"97 Quezon St.",Unknown
O004647,"2024-12-20 19:15:00",C00464,E0070,Mouse,"Computer Accesossories",4,1499,0.03,"Credit Card",Pending,Online,"Unit 6, Building 3","Gift order"
O004648,"2024-08-16 05:07:00",C00496,E0248,Mouse,"Computer Accesossories",0,1499,0.05,PayPal,Processing,Unknown,"568 Rizal St.","Urgent"
O004649,"2023-04-05 03:13:00",C00453,E0139,Projector,Electronics,9,4000,0.03,"Bank Transfer",Delivered,Store,"78 Mabini St.","Deliver after 5PM"
O004650,"2022-01-18 11:47:00",C00645,E0072,UPS,Electronics,1,4999,0.1,"Debit Card",Canceled,Store,"435 Rizal St.","Deliver after 5PM"
O004651,"2025-07-31 21:03:00",C00529,E0078,Projector,Electronics,8,4000,0,"Bank Transfer",Shipped,Store,"Unit 17, Building 13",Unknown
O004652,"2024-01-17 19:29:00",C00976,E0038,Mouse,"Computer Accesossories",10,1499,0.15,GCash,Delivered,Marketplace,"878 quezon st.","Gift order"
O004653,"2023-10-19 22:53:00",C00849,E0238,UPS,Electronics,1,4999,0.03,"Bank Transfer",Returned,Store,"Unit 13, Building 5","Deliver after 5PM"
O004654,"2025-01-12 02:09:00",C00362,E0102,Keyboard,"Computer Accesossories",8,2499,0.05,GCash,Canceled,Store,"Unit 12, Building 41",Unknown
O004655,"2025-04-22 15:53:00",C00810,E0172,Router,Networking,3,1499,0.05,"Bank Transfer",Delivered,Online,"unit 18, building 6","Urgent"
O004656,"2025-12-14 18:31:00",C00989,E0238,Smartphone,"Mobile Devices",9,12999,0,"Bank Transfer",Delivered,Store,"Unit 4, Building 3","Urgent"
O004657,"2022-08-14 20:04:00",C00760,E0166,Projector,Electronics,7,4000,0.1,"Debit Card",Pending,Unknown,"126 Mabini St.","Urgent"
O004658,"2024-02-05 15:41:00",C00087,E0240,Desk,"Office Furniture",7,19999,0.2,Cash,Canceled,Store,"763 Bonifacio St.","Urgent"
O004659,"2023-11-11 03:28:00",C00338,E0013,Unknown,Unknown,4,4999,0,GCash,Canceled,Marketplace,"437 Main St.",Unknown
O004660,"2022-10-13 03:01:00",C00512,E0038,Router,Networking,1,1499,0.2,"Bank Transfer",Canceled,Marketplace,"389 Main St.","Deliver after 5PM"
O004661,"2023-06-20 18:23:00",C00724,E0091,Keyboard,"Computer Accesossories",10,2499,0.2,"Debit Card",Shipped,Online,"426 Mabini St.",Unknown
O004662,"2024-10-25 09:12:00",C00707,E0236,Keyboard,"Computer Accesossories",5,2499,0.2,"Credit Card",Canceled,Marketplace,"Unit 18, Building 42","Gift order"
O004663,"2024-06-24 08:14:00",C00834,E0140,Tablet,"Mobile Devices",1,8999,0.03,PayPal,Canceled,Unknown,"Unit 13, Building 24",Unknown
O004664,"2024-05-10 08:36:00",C00136,E0203,Router,Networking,8,1499,0.1,GCash,Canceled,Unknown,"Unit 20, Building 37",Unknown
O004665,"2024-12-15 12:29:00",C00530,E0098,Desk,"Office Furniture",3,19999,0.05,"Debit Card",Canceled,Store,"884 Rizal St.","Call customer"
O004666,"2024-06-29 04:52:00",C00183,E0019,Webcam,"Computer Accesossories",5,1499,0.15,"Credit Card",Pending,Unknown,"950 Mabini St.","Urgent"
O004667,"2024-12-24 03:58:00",C00071,E0170,Webcam,"Computer Accesossories",10,1499,0.1,"Bank Transfer",Returned,Online,"887 Bonifacio St.",Unknown
O004668,"2023-03-29 18:57:00",C00123,E0019,UPS,Electronics,5,4999,0,"Bank Transfer",Shipped,Marketplace,"718 Main St.",Unknown
O004669,"2025-08-09 12:20:00",C00528,E0200,Printer,"Computer Accesossories",3,3499,0.2,GCash,Processing,Store,"Unit 6, Building 18","Deliver after 5PM"
O004670,"2023-07-11 00:20:00",C00239,E0082,Smartphone,"Mobile Devices",7,12999,0.2,"Debit Card",Delivered,Online,"Unit 19, Building 21",Unknown
O004671,"2024-11-26 04:34:00",C00448,E0054,Desk,"Office Furniture",4,19999,0.05,PayPal,Delivered,Store,"506 Quezon St.","Call customer"
O004672,"2022-11-28 22:42:00",C00926,E0076,Router,Networking,6,1499,0.03,"Debit Card",Shipped,Store,"646 Quezon St.",Unknown
O004673,"2022-09-28 12:34:00",C00279,E0080,Unknown,Unknown,8,2999,0,"Credit Card",Canceled,Unknown,"Unit 9, Building 48","Deliver after 5PM"
O004674,"2024-01-24 06:12:00",C00651,E0177,Tablet,"Mobile Devices",2,8999,0.2,GCash,Canceled,Online,"832 Rizal St.",Unknown
O004675,"2025-02-05 12:44:00",C00635,E0032,Laptop,"Mobile Devices",7,29999,0.1,Cash,Processing,Online,"354 Main St.",Unknown
O004676,"2023-05-17 15:48:00",C00154,E0119,Webcam,"Computer Accesossories",5,1499,0,"Debit Card",Delivered,Store,"969 Main St.",Unknown
O004677,"2025-12-08 09:10:00",C00254,E0206,Keyboard,"Computer Accesossories",8,2499,0.03,GCash,Shipped,Store,"810 Mabini St.","Gift order"
O004678,"2022-12-30 03:40:00",C00899,E0241,"Office chair","Office Furniture",3,4999,0.15,GCash,Canceled,Store,"644 Rizal St.",Unknown
O004679,"2025-07-10 18:48:00",C00040,E0244,Laptop,"Mobile Devices",8,29999,0,Cash,Processing,Store,"859 Rizal St.",Unknown
O004680,"2023-11-01 23:32:00",C00774,E0190,Keyboard,"Computer Accesossories",8,2499,0.03,Cash,Pending,Marketplace,"Unit 12, Building 6",Unknown
O004681,"2023-01-19 12:38:00",C00440,E0147,Desk,"Office Furniture",10,19999,0.1,"Bank Transfer",Shipped,Marketplace,"42 Quezon St.","Deliver after 5PM"
O004682,"2023-08-02 16:07:00",C00343,E0043,Laptop,"Mobile Devices",2,29999,0.03,GCash,Pending,Unknown,"645 Bonifacio St.","Urgent"
O004683,"2025-08-11 15:39:00",C00710,E0018,Unknown,Unknown,5,7999,0.15,"Bank Transfer",Delivered,Store,"Unit 12, Building 29","Gift order"
O004684,"2022-10-05 03:47:00",C00025,E0188,Printer,"Computer Accesossories",5,3499,0.15,"Debit Card",Returned,Store,"unit 20, building 45",Unknown
O004685,"2024-06-18 16:51:00",C00307,E0150,Smartphone,"Mobile Devices",8,12999,0.2,"Debit Card",Pending,Marketplace,"Unit 8, Building 4","Deliver after 5PM"
O004686,"2022-05-07 01:18:00",C00674,E0040,Laptop,"Mobile Devices",5,29999,0,GCash,Shipped,Online,"888 Mabini St.","Gift order"
O004687,"2023-10-11 10:25:00",C00460,E0107,Keyboard,"Computer Accesossories",2,2499,0.1,n/a,Canceled,Marketplace,"801 Bonifacio St.",Unknown
O004688,"2022-04-06 09:27:00",C00697,E0125,Headset,"Computer Accesossories",2,1499,0,"Debit Card",Canceled,Online,"656 Rizal St.","Call customer"
O004689,"2025-08-24 21:25:00",C00022,E0134,UPS,Electronics,1,4999,0.03,PayPal,Shipped,Store,"443 Mabini St.","Call customer"
O004690,"2025-07-20 12:00:00",C00501,E0028,Smartphone,"Mobile Devices",10,12999,0.1,PayPal,Pending,Unknown,"Unit 15, Building 39","Gift order"
O004691,"2022-02-01 17:36:00",C00115,E0191,Mouse,"Computer Accesossories",4,1499,0.05,GCash,Shipped,Unknown,"28 Main St.","Call customer"
O004692,"2023-12-27 15:04:00",C00758,E0058,Headset,"Computer Accesossories",8,1499,0.03,"Bank Transfer",Processing,Store,"399 Quezon St.","Urgent"
O004693,"2024-07-05 15:15:00",C00189,E0039,Headset,"Computer Accesossories",6,1499,0.1,Cash,Returned,Marketplace,"563 Mabini St.","Urgent"
O004694,"2023-12-07 15:53:00",C00945,E0148,UPS,Electronics,1,4999,0.15,GCash,Delivered,Online,"93 Mabini St.","Gift order"
O004695,"2022-09-30 09:05:00",C00043,E0169,"External drive",Electronics,1,999,0,"Bank Transfer",Delivered,Unknown,"713 Mabini St.","Urgent"
O004696,"2025-06-11 08:55:00",C00481,E0090,Projector,Electronics,8,4000,0.03,"Credit Card",Pending,Unknown,"409 Rizal St.","Deliver after 5PM"
O004697,"2022-11-01 23:51:00",C00827,E0183,"External drive",Electronics,4,999,0.05,"Bank Transfer",Shipped,Unknown,"615 Mabini St.",Unknown
O004698,"2024-02-14 10:21:00",C00730,E0043,Webcam,"Computer Accesossories",8,1499,0.05,"Credit Card",Delivered,Store,"Unit 4, Building 33",Unknown
O004699,"2024-04-23 13:13:00",C00218,E0138,Laptop,"Mobile Devices",9,29999,0.1,PayPal,Canceled,Store,"Unit 9, Building 10",Unknown
O004700,"2022-07-31 07:07:00",C00171,E0239,"External drive",Electronics,6,999,0.1,"Bank Transfer",Pending,Store,"289 Quezon St.",Unknown
O004701,"2025-10-27 10:08:00",C00009,E0039,Laptop,"Mobile Devices",8,29999,0.2,Cash,Returned,Store,"Unit 8, Building 32",Unknown
O004702,"2025-10-22 01:35:00",C00919,E0217,Headset,"Computer Accesossories",2,1499,0,"Bank Transfer",Returned,Marketplace,"893 Mabini St.","Urgent"
O004703,"2025-03-24 05:19:00",C00775,E0065,"Office chair","Office Furniture",7,4999,0.05,"Bank Transfer",Shipped,Store,"539 Rizal St.",Unknown
O004704,"2022-09-23 22:59:00",C00119,E0029,Mouse,"Computer Accesossories",2,1499,0.03,"Credit Card",Pending,Store,"895 quezon st.","Call customer"
O004705,"2025-04-26 05:12:00",C00430,E0243,Projector,Electronics,10,4000,0.1,PayPal,Pending,Online,"116 Rizal St.","Gift order"
O004706,"2022-03-19 02:20:00",C00485,E0039,Unknown,Unknown,3,19999,0.03,GCash,Pending,Marketplace,"Unit 15, Building 5",Unknown
O004707,"2025-10-18 16:05:00",C00102,E0212,UPS,Electronics,5,4999,0.15,"Debit Card",Canceled,Store,"Unit 19, Building 4","Urgent"
O004708,"2025-12-15 05:40:00",C00434,E0183,"Office chair","Office Furniture",10,4999,0.2,Cash,Delivered,Unknown,"480 Quezon St.",Unknown
O004709,"2022-05-26 20:43:00",C00721,E0026,Tablet,"Mobile Devices",10,8999,0.2,"Bank Transfer",Delivered,Online,"655 Main St.","Deliver after 5PM"
O004710,"2023-10-10 18:28:00",C00636,E0238,"External drive",Electronics,4,999,0,Cash,Delivered,Online,"367 Mabini St.","Deliver after 5PM"
O004711,"2025-10-10 05:54:00",C00590,E0207,Tablet,"Mobile Devices",3,8999,0,PayPal,Returned,Marketplace,"474 Quezon St.","Gift order"
O004712,"2023-11-24 20:37:00",C00494,E0043,Projector,Electronics,9,4000,0.1,Cash,Shipped,Online,"Unit 9, Building 40",Unknown
O004713,"2024-11-24 10:17:00",C00726,E0134,Webcam,"Computer Accesossories",6,1499,0.2,PayPal,Shipped,Store,"Unit 11, Building 34","Call customer"
O004714,"2025-08-14 15:59:00",C00505,E0196,Tablet,"Mobile Devices",4,8999,0.15,Cash,Processing,Unknown,"Unit 9, Building 33","Deliver after 5PM"
O004715,"2025-06-16 08:19:00",C00797,E0041,"Office chair","Office Furniture",7,4999,0.05,"Debit Card",Canceled,Store,"Unit 20, Building 41",Unknown
O004716,"2022-04-08 13:15:00",C00554,E0038,"Office chair","Office Furniture",9,4999,0.03,PayPal,Canceled,Unknown,"Unit 17, Building 38","Gift order"
O004717,"2023-04-28 03:08:00",C00509,E0128,Printer,"Computer Accesossories",4,3499,0.03,"Credit Card",Pending,Online,"Unit 20, Building 31","Urgent"
O004718,"2023-03-01 15:11:00",C00567,E0133,Keyboard,"Computer Accesossories",6,2499,0,"Bank Transfer",Pending,Online,"Unit 8, Building 3",Unknown
O004719,"2022-03-22 21:08:00",C00147,E0005,Router,Networking,10,1499,0,Cash,Pending,Marketplace,"Unit 6, Building 36","Gift order"
O004720,"2024-04-16 15:09:00",C00420,E0115,Smartphone,"Mobile Devices",3,12999,0.15,PayPal,Pending,Marketplace,"Unit 10, Building 19","Urgent"
O004721,"2023-04-27 13:25:00",C00317,E0062,Desk,"Office Furniture",10,19999,0.05,"Debit Card",Pending,Store,"UNIT 12, BUILDING 13","Urgent"
O004722,"2024-05-18 13:34:00",C00025,E0126,Webcam,"Computer Accesossories",3,1499,0.1,"Debit Card",Pending,Store,"Unit 1, Building 23","Gift order"
O004723,"2025-10-24 03:07:00",C00216,E0010,Printer,"Computer Accesossories",7,3499,0,PayPal,Pending,Store,"Unit 20, Building 11",Unknown
O004724,"2025-01-18 22:07:00",C00774,E0062,Tablet,"Mobile Devices",6,8999,0.2,Cash,Returned,Store,"Unit 19, Building 46",Unknown
O004725,"2025-06-07 16:40:00",C00885,E0097,Router,Networking,8,1499,0.05,"Debit Card",Shipped,Store,"Unit 17, Building 18",Unknown
O004726,"2024-10-16 09:40:00",C00634,E0064,UPS,Electronics,4,4999,0.1,PayPal,Canceled,Online,"Unit 5, Building 13","Deliver after 5PM"
O004727,"2025-05-28 07:28:00",C00257,E0093,UPS,Electronics,6,4999,0,"Credit Card",Pending,Store,"675 Bonifacio St.",Unknown
O004728,"2025-11-14 13:10:00",C00977,E0073,Headset,"Computer Accesossories",3,1499,0.05,PayPal,Processing,Online,"Unit 17, Building 3",Unknown
O004729,"2023-06-15 12:38:00",C00059,E0225,Keyboard,"Computer Accesossories",4,2499,0.05,"Debit Card",Shipped,Unknown,"121 Mabini St.",Unknown
O004730,"2024-04-26 19:17:00",C00816,E0236,Smartphone,"Mobile Devices",1,12999,0.05,"Credit Card",Processing,Store,"Unit 13, Building 27","Deliver after 5PM"
O004731,"2023-12-28 04:32:00",C00711,E0225,Smartphone,"Mobile Devices",5,12999,0,"Bank Transfer",Canceled,Marketplace,"Unit 12, Building 38",Unknown
O004732,"2024-07-11 21:38:00",C00811,E0023,"Office chair","Office Furniture",5,4999,0.05,"Debit Card",Pending,Online,"Unit 17, Building 35",Unknown
O004733,"2025-09-12 07:35:00",C00697,E0063,Router,Networking,0,1499,0.15,GCash,Delivered,Online,"181 mabini st.","Urgent"
O004734,"2024-07-09 23:24:00",C00510,E0208,Webcam,"Computer Accesossories",5,1499,0.1,GCash,Pending,Marketplace,"Unit 16, Building 47",Unknown
O004735,"2022-08-16 23:06:00",C00937,E0057,UPS,Electronics,6,4999,0.03,GCash,Canceled,Marketplace,"Unit 19, Building 12","Urgent"
O004736,"2025-07-05 23:07:00",C00854,E0106,Headset,"Computer Accesossories",5,1499,0.15,Cash,Returned,Unknown,Warehouse,"Call customer"
O004737,"2022-08-04 20:51:00",C00712,E0065,Desk,"Office Furniture",5,19999,0.15,PayPal,Shipped,Online,"Unit 5, Building 22","Deliver after 5PM"
O004738,"2024-03-02 11:23:00",C00207,E0200,Keyboard,"Computer Accesossories",6,2499,0.05,GCash,Processing,Marketplace,"898 Rizal St.","Gift order"
O004739,"2024-08-03 04:44:00",C00214,E0222,Laptop,"Mobile Devices",7,29999,0.05,"Bank Transfer",Returned,Online,Warehouse,Unknown
O004740,"2022-01-27 05:34:00",C00450,E0086,Mouse,"Computer Accesossories",0,1499,0.15,"Bank Transfer",Delivered,Store,"Unit 2, Building 2","Call customer"
O004741,"2025-09-19 01:30:00",C00934,E0180,Desk,"Office Furniture",7,19999,0.1,GCash,Returned,Unknown,"UNIT 7, BUILDING 30","Deliver after 5PM"
O004742,"2025-01-06 23:38:00",C00046,E0239,Router,Networking,3,1499,0.1,"Debit Card",Shipped,Unknown,"190 Main St.",Unknown
O004743,"2024-06-15 08:32:00",C00947,E0100,"External drive",Electronics,2,999,0.15,"Debit Card",Processing,Online,"Unit 12, Building 26","Call customer"
O004744,"2023-10-15 04:20:00",C00086,E0060,Smartphone,"Mobile Devices",10,12999,0.1,Cash,Processing,Online,"Unit 5, Building 42","Gift order"
O004745,"2022-01-24 17:47:00",C00704,E0214,Headset,"Computer Accesossories",1,1499,0,"Credit Card",Canceled,Marketplace,"Unit 16, Building 34",Unknown
O004746,"2023-07-26 17:21:00",C00074,E0051,Projector,Electronics,7,4000,0.2,"Credit Card",Shipped,Store,"UNIT 8, BUILDING 3","Deliver after 5PM"
O004747,"2022-07-31 15:27:00",C00342,E0063,Laptop,"Mobile Devices",4,29999,0.15,GCash,Unknown,Store,"2 Main St.","Urgent"
O004748,"2024-01-05 19:47:00",C00810,E0173,"External drive",Electronics,8,999,0.2,"Bank Transfer",Shipped,Online,"23 Rizal St.","Call customer"
O004749,"2022-09-28 10:43:00",C00984,E0219,UPS,Electronics,3,4999,0.03,Cash,Returned,Online,"29 Main St.",Unknown
O004750,"2025-06-25 06:01:00",C00152,E0070,Headset,"Computer Accesossories",3,1499,0.03,PayPal,Delivered,Marketplace,"unit 16, building 21","Deliver after 5PM"
O004751,"2022-07-28 01:22:00",C00298,E0086,Projector,Electronics,3,4000,0.15,PayPal,Delivered,Marketplace,"498 Quezon St.","Urgent"
O004752,"2025-08-22 09:22:00",C00283,E0244,"External drive",Electronics,10,999,0,"Credit Card",Delivered,Unknown,"846 Quezon St.","Urgent"
O004753,"2022-06-28 13:22:00",C00366,E0170,Desk,"Office Furniture",7,19999,0.2,Cash,Delivered,Store,"58 Rizal St.",Unknown
O004754,"2022-08-15 14:42:00",C00133,E0202,UPS,Electronics,4,4999,0.2,n/a,Delivered,Online,"32 Quezon St.","Deliver after 5PM"
O004755,"2025-01-11 05:10:00",C00510,E0217,Keyboard,"Computer Accesossories",6,2499,0.15,n/a,Canceled,Online,"629 bonifacio st.","Deliver after 5PM"
O004756,"2023-01-09 01:10:00",C00154,E0105,Desk,"Office Furniture",6,19999,0.1,"Credit Card",Canceled,Unknown,"Unit 7, Building 46",Unknown
O004757,"2024-03-06 18:26:00",C00084,E0006,"External drive",Electronics,9,999,0.03,"Debit Card",Shipped,Online,"84 Bonifacio St.","Urgent"
O004758,"2022-04-07 21:47:00",C00619,E0143,"External drive",Electronics,10,999,0,"Bank Transfer",Delivered,Online,"811 Quezon St.","Call customer"
O004759,"2024-02-26 01:23:00",C00939,E0212,Keyboard,"Computer Accesossories",9,2499,0.15,Cash,Returned,Store,"Unit 11, Building 18",Unknown
O004760,"2023-10-19 23:22:00",C00543,E0217,Laptop,"Mobile Devices",10,29999,0.05,GCash,Canceled,Store,"Unit 11, Building 25","Urgent"
O004761,"2022-07-20 17:43:00",C00981,E0036,"Office chair","Office Furniture",7,4999,0.03,GCash,Canceled,Unknown,"Unit 6, Building 44","Deliver after 5PM"
O004762,"2023-01-30 07:18:00",C00666,E0052,Unknown,Unknown,8,2999,0.2,"Bank Transfer",Processing,Marketplace,"Unit 9, Building 15",Unknown
O004763,"2024-09-29 00:28:00",C00013,E0096,Mouse,"Computer Accesossories",3,1499,0.2,Cash,Processing,Online,"Unit 11, Building 43","Urgent"
O004764,"2025-12-17 23:51:00",C00989,E0177,Desk,"Office Furniture",2,19999,0.05,"Bank Transfer",Delivered,Store,"Unit 2, Building 15","Deliver after 5PM"
O004765,"2024-06-16 05:48:00",C00250,E0225,Router,Networking,8,1499,0.2,"Credit Card",Pending,Online,Warehouse,"Call customer"
O004766,"2023-12-19 13:13:00",C00918,E0101,Tablet,"Mobile Devices",4,8999,0,"Debit Card",Shipped,Unknown,"Unit 16, Building 37",Unknown
O004767,"2025-08-25 02:26:00",C00317,E0174,Tablet,"Mobile Devices",1,8999,0.03,Cash,Processing,Online,"317 Main St.",Unknown
O004768,"2022-04-28 04:51:00",C00218,E0054,Webcam,"Computer Accesossories",3,1499,0.05,Cash,Canceled,Store,"837 Rizal St.","Deliver after 5PM"
O004769,"2023-07-18 17:38:00",C00566,E0250,Unknown,Unknown,6,499,0.05,"Bank Transfer",Pending,Unknown,"976 Main St.","Gift order"
O004770,"2025-05-19 09:15:00",C00922,E0172,Projector,Electronics,7,4000,0,"Credit Card",Processing,Online,"592 Quezon St.",Unknown
O004771,"2023-01-21 19:18:00",C00644,E0091,Tablet,"Mobile Devices",8,8999,0,n/a,Pending,Marketplace,"Unit 13, Building 19","Urgent"
O004772,"2024-02-16 22:09:00",C00413,E0023,Printer,"Computer Accesossories",2,3499,0.05,GCash,Canceled,Store,"645 Bonifacio St.",Unknown
O004773,"2025-08-31 01:33:00",C00632,E0063,Desk,"Office Furniture",5,19999,0,"Credit Card",Shipped,Marketplace,"Unit 5, Building 34","Call customer"
O004774,"2022-04-20 20:40:00",C00157,E0065,Keyboard,"Computer Accesossories",5,2499,0.2,"Bank Transfer",Returned,Store,"681 Mabini St.",Unknown
O004775,"2024-10-19 00:35:00",C00176,E0185,Keyboard,"Computer Accesossories",5,2499,0.05,Cash,Pending,Store,"Unit 7, Building 7",Unknown
O004776,"2025-12-16 19:02:00",C00327,E0248,Smartphone,"Mobile Devices",3,12999,0,Cash,Processing,Online,Warehouse,Unknown
O004777,"2022-06-29 14:23:00",C00792,E0181,"Office chair","Office Furniture",2,4999,0,n/a,Processing,Store,"Unit 17, Building 9","Gift order"
O004778,"2023-01-02 16:38:00",C00840,E0109,Desk,"Office Furniture",7,19999,0.05,"Credit Card",Returned,Unknown,"245 Bonifacio St.","Call customer"
O004779,"2023-06-04 16:56:00",C00501,E0244,Keyboard,"Computer Accesossories",9,2499,0.05,GCash,Pending,Online,"567 Bonifacio St.","Gift order"
O004780,"2024-08-03 06:37:00",C00960,E0151,Laptop,"Mobile Devices",3,29999,0.05,PayPal,Pending,Store,"225 Mabini St.",Unknown
O004781,"2022-03-16 02:15:00",C00243,E0208,Mouse,"Computer Accesossories",2,1499,0.1,"Bank Transfer",Pending,Store,"600 Rizal St.","Call customer"
O004782,"2022-06-27 16:16:00",C00782,E0130,UPS,Electronics,5,4999,0,"Credit Card",Canceled,Online,"173 Mabini St.","Call customer"
O004783,"2024-11-09 04:41:00",C00094,E0044,UPS,Electronics,2,4999,0.03,"Credit Card",Shipped,Store,Warehouse,"Deliver after 5PM"
O004784,"2024-08-27 02:59:00",C00496,E0076,Headset,"Computer Accesossories",6,1499,0.2,"Debit Card",Returned,Marketplace,"Unit 8, Building 19",Unknown
O004785,"2023-05-23 03:17:00",C00143,E0147,Monitor,"Computer Accesossories",4,9999,0.1,"Credit Card",Canceled,Store,"Unit 20, Building 44",Unknown
O004786,"2022-05-10 08:00:00",C00412,E0206,Desk,"Office Furniture",1,19999,0,"Credit Card",Returned,Store,"Unit 18, Building 40","Gift order"
O004787,"2024-06-11 15:30:00",C00214,E0141,"Office chair","Office Furniture",3,4999,0,"Bank Transfer",Delivered,Online,"35 Bonifacio St.","Deliver after 5PM"
O004788,"2024-06-13 02:14:00",C00045,E0045,Desk,"Office Furniture",8,19999,0.15,PayPal,Returned,Unknown,"Unit 3, Building 3",Unknown
O004789,"2024-12-09 18:21:00",C00896,E0160,"External drive",Electronics,2,999,0.05,GCash,Processing,Marketplace,"Unit 20, Building 21",Unknown
O004790,"2022-05-24 23:51:00",C00595,E0197,Laptop,"Mobile Devices",8,29999,0.05,"Credit Card",Delivered,Marketplace,"837 Bonifacio St.","Urgent"
O004791,"2024-12-03 21:20:00",C00225,E0118,Laptop,"Mobile Devices",4,29999,0.2,PayPal,Canceled,Online,"Unit 10, Building 44","Call customer"
O004792,"2024-03-05 22:51:00",C00620,E0041,Keyboard,"Computer Accesossories",8,2499,0.05,n/a,Returned,Unknown,"Unit 7, Building 47","Urgent"
O004793,"2022-09-12 06:29:00",C00374,E0205,Desk,"Office Furniture",3,19999,0.15,PayPal,Delivered,Store,"287 Main St.","Call customer"
O004794,"2023-08-25 20:54:00",C00119,E0100,"External drive",Electronics,10,999,0.15,PayPal,Shipped,Store,"435 rizal st.",Unknown
O004795,"2022-08-26 20:12:00",C00887,E0019,Router,Networking,0,1499,0,PayPal,Shipped,Online,"960 Rizal St.",Unknown
O004796,"2022-09-06 03:31:00",C00923,E0101,Smartphone,"Mobile Devices",1,12999,0.03,Cash,Pending,Unknown,"Unit 4, Building 17","Deliver after 5PM"
O004797,"2022-04-18 08:39:00",C00289,E0022,Desk,"Office Furniture",4,19999,0.05,"Credit Card",Delivered,Unknown,"624 Mabini St.","Deliver after 5PM"
O004798,"2025-05-25 13:54:00",C00356,E0035,Mouse,"Computer Accesossories",8,1499,0.1,GCash,Shipped,Online,"Unit 12, Building 24","Urgent"
O004799,"2022-05-18 09:05:00",C00555,E0182,Headset,"Computer Accesossories",3,1499,0.15,"Bank Transfer",Canceled,Unknown,"456 Quezon St.","Gift order"
O004800,"2022-07-09 09:17:00",C00116,E0228,Mouse,"Computer Accesossories",4,1499,0.03,"Bank Transfer",Returned,Store,"unit 20, building 21","Call customer"
O004801,"2024-08-27 23:02:00",C00980,E0234,Unknown,Unknown,1,2999,0.03,Cash,Pending,Online,"820 Mabini St.",Unknown
O004802,"2023-03-19 18:09:00",C00584,E0198,Mouse,"Computer Accesossories",3,1499,0.2,PayPal,Delivered,Online,"745 Rizal St.","Urgent"
O004803,"2022-10-09 09:43:00",C00924,E0249,Mouse,"Computer Accesossories",7,1499,0.1,"Credit Card",Canceled,Store,"901 Rizal St.",Unknown
O004804,"2024-07-29 04:58:00",C00386,E0167,Monitor,"Computer Accesossories",1,9999,0.1,"Debit Card",Returned,Store,"578 Main St.","Urgent"
O004805,"2025-06-22 16:07:00",C00931,E0124,"External drive",Electronics,2,999,0,PayPal,Canceled,Marketplace,"694 Bonifacio St.","Urgent"
O004806,"2024-08-19 03:19:00",C00366,E0214,Keyboard,"Computer Accesossories",2,2499,0.1,PayPal,Returned,Unknown,"172 Rizal St.",Unknown
O004807,"2023-01-17 04:11:00",C00488,E0141,Printer,"Computer Accesossories",5,3499,0.15,Cash,Shipped,Marketplace,"Unit 12, Building 24",Unknown
O004808,"2024-06-27 10:37:00",C00009,E0157,Monitor,"Computer Accesossories",8,9999,0,"Debit Card",Processing,Online,"261 Mabini St.",Unknown
O004809,"2025-12-28 09:33:00",C00333,E0114,Monitor,"Computer Accesossories",8,9999,0.2,"Bank Transfer",Canceled,Store,"UNIT 19, BUILDING 11","Gift order"
O004810,"2024-08-05 01:06:00",C00343,E0186,Laptop,"Mobile Devices",10,29999,0,PayPal,Canceled,Marketplace,"Unit 13, Building 44","Call customer"
O004811,"2024-05-29 22:21:00",C00726,E0194,Tablet,"Mobile Devices",7,8999,0.2,"Bank Transfer",Pending,Store,"980 Bonifacio St.","Deliver after 5PM"
O004812,"2022-04-08 08:48:00",C00050,E0146,Smartphone,"Mobile Devices",0,12999,0.03,GCash,Returned,Store,"134 Mabini St.","Call customer"
O004813,"2022-02-24 16:57:00",C00953,E0193,Tablet,"Mobile Devices",4,8999,0.05,PayPal,Processing,Online,"49 Quezon St.","Call customer"
O004814,"2023-06-10 17:02:00",C00368,E0168,"Office chair","Office Furniture",9,4999,0.15,Cash,Returned,Online,"Unit 2, Building 4",Unknown
O004815,"2025-05-13 09:18:00",C00662,E0149,Laptop,"Mobile Devices",6,29999,0,Cash,Canceled,Store,"Unit 4, Building 39",Unknown
O004816,"2023-06-28 15:26:00",C00179,E0014,"Office chair","Office Furniture",3,4999,0.03,"Debit Card",Processing,Online,"227 Rizal St.","Call customer"
O004817,"2023-09-25 22:12:00",C00185,E0098,Webcam,"Computer Accesossories",5,1499,0.05,"Bank Transfer",Canceled,Online,"707 Rizal St.","Deliver after 5PM"
O004818,"2023-05-27 20:30:00",C00908,E0021,Laptop,"Mobile Devices",7,29999,0,"Debit Card",Delivered,Online,"Unit 20, Building 18","Deliver after 5PM"
O004819,"2022-01-10 00:52:00",C00533,E0060,"External drive",Electronics,4,999,0.2,Cash,Shipped,Online,"Unit 9, Building 46","Urgent"
O004820,"2022-02-26 06:21:00",C00404,E0203,UPS,Electronics,5,4999,0,Cash,Returned,Store,"Unit 2, Building 41","Gift order"
O004821,"2024-04-20 05:37:00",C00748,E0086,Desk,"Office Furniture",6,19999,0.15,Cash,Pending,Unknown,"187 Mabini St.",Unknown
O004822,"2024-10-15 04:20:00",C00511,E0081,Keyboard,"Computer Accesossories",8,2499,0,PayPal,Delivered,Online,"Unit 1, Building 40",Unknown
O004823,"2023-12-22 18:49:00",C00605,E0152,Smartphone,"Mobile Devices",5,12999,0,PayPal,Delivered,Online,"Unit 4, Building 28","Deliver after 5PM"
O004824,"2022-01-07 16:21:00",C00451,E0199,Mouse,"Computer Accesossories",5,1499,0,GCash,Pending,Online,Warehouse,"Gift order"
O004825,"2025-09-27 14:10:00",C00637,E0238,Desk,"Office Furniture",10,19999,0.1,"Credit Card",Canceled,Online,"292 Main St.","Urgent"
O004826,"2024-02-18 08:10:00",C00634,E0197,Webcam,"Computer Accesossories",7,1499,0.2,Cash,Shipped,Store,"948 Mabini St.","Call customer"
O004827,"2025-11-22 16:19:00",C00973,E0168,Laptop,"Mobile Devices",9,29999,0.05,"Bank Transfer",Shipped,Marketplace,"586 Bonifacio St.",Unknown
O004828,"2022-10-04 09:40:00",C00159,E0108,Router,Networking,7,1499,0.2,GCash,Shipped,Online,"204 Mabini St.",Unknown
O004829,"2024-10-10 15:38:00",C00797,E0033,UPS,Electronics,0,4999,0.03,"Bank Transfer",Shipped,Marketplace,"Unit 20, Building 44","Gift order"
O004830,"2022-04-07 00:04:00",C00042,E0123,Unknown,Unknown,9,799,0,PayPal,Returned,Marketplace,"UNIT 6, BUILDING 37","Gift order"
O004831,"2025-11-23 17:20:00",C00100,E0065,Monitor,"Computer Accesossories",9,9999,0.03,PayPal,Canceled,Online,"Unit 14, Building 50","Urgent"
O004832,"2022-07-12 15:09:00",C00968,E0061,Tablet,"Mobile Devices",0,8999,0,"Debit Card",Returned,Online,"Unit 17, Building 10",Unknown
O004833,"2022-10-03 07:51:00",C00681,E0014,UPS,Electronics,0,4999,0.2,"Debit Card",Returned,Online,"Unit 10, Building 33","Deliver after 5PM"
O004834,"2023-04-14 00:20:00",C00530,E0004,"External drive",Electronics,9,999,0,PayPal,Canceled,Store,"Unit 5, Building 50","Gift order"
O004835,"2023-08-19 07:41:00",C00379,E0010,Desk,"Office Furniture",7,19999,0.03,"Bank Transfer",Shipped,Unknown,"901 Mabini St.","Gift order"
O004836,"2022-09-11 15:01:00",C00656,E0010,UPS,Electronics,4,4999,0.1,"Credit Card",Pending,Marketplace,"679 Quezon St.","Urgent"
O004837,"2022-10-01 01:51:00",C00638,E0072,Webcam,"Computer Accesossories",8,1499,0.03,"Bank Transfer",Returned,Online,"Unit 12, Building 12","Call customer"
O004838,"2023-03-07 19:55:00",C00948,E0025,Laptop,"Mobile Devices",8,29999,0.15,GCash,Pending,Online,"631 Mabini St.","Gift order"
O004839,"2023-01-07 07:23:00",C00840,E0042,"Office chair","Office Furniture",1,4999,0.05,"Debit Card",Canceled,Unknown,"Unit 19, Building 35","Call customer"
O004840,"2023-02-11 17:57:00",C00025,E0207,"Office chair","Office Furniture",6,4999,0.1,GCash,Pending,Unknown,"189 Main St.","Urgent"
O004841,"2024-05-03 03:04:00",C00588,E0084,Tablet,"Mobile Devices",7,8999,0.2,"Debit Card",Returned,Store,"Unit 5, Building 35","Gift order"
O004842,"2022-02-26 09:13:00",C00842,E0148,Laptop,"Mobile Devices",8,29999,0.15,PayPal,Delivered,Online,"810 Main St.","Call customer"
O004843,"2025-12-20 21:18:00",C00437,E0029,Printer,"Computer Accesossories",8,3499,0.1,"Credit Card",Processing,Online,"287 Rizal St.","Call customer"
O004844,"2025-09-11 17:50:00",C00265,E0072,Tablet,"Mobile Devices",2,8999,0.05,"Debit Card",Delivered,Marketplace,"925 Main St.",Unknown
O004845,"2022-04-28 20:40:00",C00955,E0170,Desk,"Office Furniture",9,19999,0.05,"Debit Card",Pending,Store,"Unit 15, Building 19","Call customer"
O004846,"2025-07-16 01:17:00",C00202,E0217,"Office chair","Office Furniture",6,4999,0,"Debit Card",Returned,Marketplace,"385 Rizal St.",Unknown
O004847,"2024-03-09 12:27:00",C00504,E0209,"External drive",Electronics,10,999,0.15,PayPal,Shipped,Store,"137 Mabini St.","Urgent"
O004848,"2023-01-16 10:37:00",C00933,E0175,Webcam,"Computer Accesossories",6,1499,0.2,GCash,Shipped,Unknown,"794 Quezon St.","Urgent"
O004849,"2022-06-02 04:40:00",C00221,E0188,Laptop,"Mobile Devices",10,29999,0.03,Cash,Canceled,Store,"Unit 15, Building 18",Unknown
O004850,"2022-01-22 19:26:00",C00253,E0041,"External drive",Electronics,2,999,0.2,"Debit Card",Delivered,Store,"644 Bonifacio St.",Unknown
O004851,"2023-12-17 07:29:00",C00387,E0051,Tablet,"Mobile Devices",2,8999,0.15,"Credit Card",Returned,Store,"Unit 15, Building 25","Call customer"
O004852,"2025-03-08 12:49:00",C00539,E0028,"Office chair","Office Furniture",8,4999,0.2,PayPal,Processing,Unknown,"566 MABINI ST.",Unknown
O004853,"2023-04-04 09:07:00",C00402,E0241,Mouse,"Computer Accesossories",7,1499,0.2,"Credit Card",Returned,Unknown,"426 main st.","Deliver after 5PM"
O004854,"2023-03-18 04:45:00",C00435,E0185,Mouse,"Computer Accesossories",9,1499,0.03,"Credit Card",Shipped,Store,"Unit 9, Building 15","Gift order"
O004855,"2025-04-02 02:33:00",C00751,E0086,Router,Networking,2,1499,0,GCash,Delivered,Store,"Unit 6, Building 49","Gift order"
O004856,"2025-01-29 10:33:00",C00087,E0238,UPS,Electronics,7,4999,0.2,"Credit Card",Canceled,Marketplace,"unit 9, building 31",Unknown
O004857,"2025-09-19 20:42:00",C00519,E0063,Mouse,"Computer Accesossories",5,1499,0.1,PayPal,Pending,Store,"Unit 10, Building 5","Deliver after 5PM"
O004858,"2025-10-24 05:58:00",C00701,E0154,Mouse,"Computer Accesossories",9,1499,0,Cash,Pending,Store,"Unit 7, Building 47","Call customer"
O004859,"2022-10-17 04:06:00",C00020,E0172,Desk,"Office Furniture",1,19999,0.03,Cash,Returned,Online,"Unit 16, Building 29","Gift order"
O004860,"2023-10-11 06:14:00",C00459,E0145,"External drive",Electronics,8,999,0.2,GCash,Delivered,Unknown,"Unit 1, Building 43","Call customer"
O004861,"2024-08-22 12:16:00",C00324,E0092,Router,Networking,0,1499,0.03,"Credit Card",Shipped,Marketplace,"446 Main St.",Unknown
O004862,"2025-05-17 08:19:00",C00528,E0010,Mouse,"Computer Accesossories",9,1499,0.15,GCash,Shipped,Online,"845 Rizal St.","Urgent"
O004863,"2024-03-05 22:13:00",C00941,E0038,Projector,Electronics,1,4000,0,Cash,Returned,Online,"602 Main St.",Unknown
O004864,"2022-11-13 12:09:00",C00477,E0064,Webcam,"Computer Accesossories",1,1499,0,PayPal,Pending,Marketplace,"Unit 10, Building 4","Deliver after 5PM"
O004865,"2023-08-07 01:18:00",C00447,E0006,Mouse,"Computer Accesossories",8,1499,0.2,Cash,Pending,Online,"157 Rizal St.",Unknown
O004866,"2024-02-23 00:12:00",C00526,E0145,Webcam,"Computer Accesossories",9,1499,0.2,"Credit Card",Delivered,Online,"Unit 9, Building 14",Unknown
O004867,"2023-04-05 14:08:00",C00542,E0174,Smartphone,"Mobile Devices",2,12999,0.2,GCash,Shipped,Online,"Unit 1, Building 35","Urgent"
O004868,"2023-06-09 21:33:00",C00762,E0093,"External drive",Electronics,1,999,0.1,"Credit Card",Unknown,Store,"147 Rizal St.","Urgent"
O004869,"2022-08-30 00:03:00",C00763,E0187,Printer,"Computer Accesossories",6,3499,0.1,"Credit Card",Shipped,Store,"166 Rizal St.",Unknown
O004870,"2023-01-07 17:54:00",C00481,E0161,Keyboard,"Computer Accesossories",9,2499,0.05,PayPal,Processing,Online,"639 Rizal St.","Urgent"
O004871,"2022-09-10 02:00:00",C00452,E0001,Webcam,"Computer Accesossories",2,1499,0.2,Cash,Delivered,Store,"382 Bonifacio St.",Unknown
O004872,"2024-11-06 11:52:00",C00762,E0185,Headset,"Computer Accesossories",7,1499,0,"Debit Card",Processing,Online,"UNIT 1, BUILDING 10","Deliver after 5PM"
O004873,"2022-08-03 06:00:00",C00754,E0066,Headset,"Computer Accesossories",9,1499,0.03,"Bank Transfer",Canceled,Online,"Unit 13, Building 43","Urgent"
O004874,"2022-05-15 04:17:00",C00744,E0072,UPS,Electronics,5,4999,0.03,"Debit Card",Delivered,Store,"Unit 6, Building 14","Call customer"
O004875,"2022-05-03 09:28:00",C00726,E0099,Mouse,"Computer Accesossories",8,1499,0.03,"Bank Transfer",Unknown,Unknown,"589 Main St.","Call customer"
O004876,"2022-06-07 02:37:00",C00278,E0129,Mouse,"Computer Accesossories",7,1499,0.03,Cash,Processing,Online,"288 Main St.",Unknown
O004877,"2024-12-26 01:18:00",C00996,E0160,Smartphone,"Mobile Devices",5,12999,0.03,"Credit Card",Delivered,Unknown,"878 Mabini St.","Deliver after 5PM"
O004878,"2024-03-20 10:11:00",C00051,E0143,"External drive",Electronics,3,999,0.2,GCash,Processing,Marketplace,"105 Rizal St.","Deliver after 5PM"
O004879,"2025-06-06 15:11:00",C00264,E0233,Keyboard,"Computer Accesossories",4,2499,0,"Debit Card",Canceled,Online,"535 Rizal St.","Urgent"
O004880,"2023-11-13 18:08:00",C00239,E0173,Mouse,"Computer Accesossories",8,1499,0.05,n/a,Returned,Unknown,"Unit 2, Building 50","Call customer"
O004881,"2022-11-06 16:44:00",C00524,E0013,Smartphone,"Mobile Devices",5,12999,0.1,GCash,Canceled,Online,"Unit 20, Building 23","Urgent"
O004882,"2024-07-03 05:44:00",C00280,E0184,Smartphone,"Mobile Devices",4,12999,0.05,PayPal,Returned,Online,"281 Main St.","Gift order"
O004883,"2025-10-27 21:19:00",C00328,E0151,Mouse,"Computer Accesossories",2,1499,0.03,"Debit Card",Pending,Marketplace,"Unit 20, Building 17",Unknown
O004884,"2023-03-20 05:55:00",C00487,E0229,Monitor,"Computer Accesossories",2,9999,0.05,GCash,Processing,Unknown,"Unit 17, Building 43","Urgent"
O004885,"2022-02-08 15:02:00",C00988,E0233,Monitor,"Computer Accesossories",2,9999,0.03,"Debit Card",Canceled,Online,"Unit 14, Building 22",Unknown
O004886,"2023-04-07 19:47:00",C00811,E0179,Keyboard,"Computer Accesossories",5,2499,0.15,PayPal,Pending,Store,"Unit 4, Building 2",Unknown
O004887,"2025-02-05 12:03:00",C00807,E0235,UPS,Electronics,9,4999,0.2,"Credit Card",Canceled,Online,"795 Bonifacio St.","Deliver after 5PM"
O004888,"2024-12-31 09:36:00",C00761,E0009,"External drive",Electronics,4,999,0.2,"Bank Transfer",Pending,Marketplace,"Unit 18, Building 17","Call customer"
O004889,"2025-02-20 11:19:00",C00641,E0197,Laptop,"Mobile Devices",7,29999,0.15,PayPal,Returned,Store,"Unit 3, Building 1","Deliver after 5PM"
O004890,"2022-12-02 02:10:00",C00565,E0173,Webcam,"Computer Accesossories",6,1499,0.03,Cash,Pending,Store,"696 Mabini St.",Unknown
O004891,"2023-05-10 20:03:00",C00511,E0166,Projector,Electronics,6,4000,0.15,PayPal,Canceled,Marketplace,"Unit 5, Building 2","Deliver after 5PM"
O004892,"2024-10-16 00:25:00",C00814,E0092,Printer,"Computer Accesossories",2,3499,0,PayPal,Shipped,Online,"33 Rizal St.","Deliver after 5PM"
O004893,"2025-11-27 00:44:00",C00616,E0171,Monitor,"Computer Accesossories",7,9999,0.15,"Bank Transfer",Processing,Online,"485 RIZAL ST.",Unknown
O004894,"2025-09-19 03:45:00",C00456,E0118,Webcam,"Computer Accesossories",2,1499,0.1,"Credit Card",Shipped,Unknown,"Unit 8, Building 48","Gift order"
O004895,"2024-04-24 15:49:00",C00443,E0036,Desk,"Office Furniture",7,19999,0.1,"Debit Card",Unknown,Online,"861 Mabini St.",Unknown
O004896,"2023-02-18 06:42:00",C00804,E0218,Smartphone,"Mobile Devices",2,12999,0.05,PayPal,Pending,Online,"529 Main St.","Urgent"
O004897,"2024-10-02 09:31:00",C00841,E0248,"Office chair","Office Furniture",6,4999,0.15,"Debit Card",Processing,Online,"Unit 5, Building 30","Urgent"
O004898,"2025-07-08 04:56:00",C00806,E0150,Smartphone,"Mobile Devices",3,12999,0.2,GCash,Shipped,Online,Warehouse,"Urgent"
O004899,"2023-11-11 04:44:00",C00953,E0241,Router,Networking,8,1499,0.1,"Bank Transfer",Pending,Store,"960 Main St.",Unknown
O004900,"2025-04-14 04:59:00",C00995,E0051,Webcam,"Computer Accesossories",6,1499,0,Cash,Delivered,Online,"26 Quezon St.","Gift order"
O004901,"2023-11-23 14:28:00",C00135,E0155,Tablet,"Mobile Devices",4,8999,0,GCash,Returned,Unknown,Warehouse,"Urgent"
O004902,"2025-11-05 06:20:00",C00023,E0022,Tablet,"Mobile Devices",5,8999,0.03,Cash,Returned,Store,"428 Mabini St.","Gift order"
O004903,"2023-03-28 19:53:00",C00396,E0186,Projector,Electronics,3,4000,0,"Credit Card",Pending,Unknown,"Unit 12, Building 31",Unknown
O004904,"2025-12-26 03:46:00",C00726,E0174,Printer,"Computer Accesossories",4,3499,0.1,PayPal,Delivered,Unknown,"299 Main St.","Urgent"
O004905,"2024-11-26 11:55:00",C00826,E0009,Mouse,"Computer Accesossories",2,1499,0.03,PayPal,Delivered,Store,"519 Main St.","Gift order"
O004906,"2025-02-17 00:26:00",C00576,E0020,Keyboard,"Computer Accesossories",5,2499,0.15,"Debit Card",Pending,Unknown,"285 Rizal St.",Unknown
O004907,"2025-12-30 12:30:00",C00513,E0167,Desk,"Office Furniture",4,19999,0,GCash,Processing,Marketplace,"985 Main St.",Unknown
O004908,"2022-02-03 13:56:00",C00142,E0140,Tablet,"Mobile Devices",3,8999,0.15,GCash,Shipped,Store,"Unit 8, Building 36","Urgent"
O004909,"2022-01-20 15:46:00",C00942,E0237,UPS,Electronics,2,4999,0.15,"Bank Transfer",Pending,Store,"790 Rizal St.","Urgent"
O004910,"2025-12-18 07:13:00",C00673,E0214,UPS,Electronics,9,4999,0,"Bank Transfer",Shipped,Marketplace,"823 Main St.",Unknown
O004911,"2025-03-30 12:21:00",C00543,E0056,Laptop,"Mobile Devices",7,29999,0.03,"Debit Card",Unknown,Online,"Unit 2, Building 12",Unknown
O004912,"2025-06-04 12:59:00",C00013,E0046,Headset,"Computer Accesossories",5,1499,0.05,GCash,Pending,Marketplace,"637 Rizal St.","Gift order"
O004913,"2022-05-16 00:42:00",C00899,E0052,Mouse,"Computer Accesossories",6,1499,0.03,Cash,Returned,Unknown,"184 Main St.","Urgent"
O004914,"2022-02-22 15:41:00",C00073,E0124,"Office chair","Office Furniture",5,4999,0.15,GCash,Processing,Store,"Unit 12, Building 15","Urgent"
O004915,"2022-05-22 22:17:00",C00018,E0145,Keyboard,"Computer Accesossories",8,2499,0.03,PayPal,Shipped,Unknown,"UNIT 12, BUILDING 25","Urgent"
O004916,"2024-04-07 02:11:00",C00850,E0033,Mouse,"Computer Accesossories",8,1499,0.05,Cash,Returned,Unknown,"Unit 18, Building 43","Urgent"
O004917,"2024-12-22 20:22:00",C00392,E0181,Printer,"Computer Accesossories",1,3499,0.2,"Bank Transfer",Delivered,Store,"479 Rizal St.",Unknown
O004918,"2023-01-29 15:01:00",C00184,E0097,Router,Networking,5,1499,0.2,"Debit Card",Returned,Store,"85 Rizal St.","Call customer"
O004919,"2025-02-18 11:27:00",C00983,E0008,Smartphone,"Mobile Devices",6,12999,0,n/a,Pending,Marketplace,"Unit 14, Building 30","Call customer"
O004920,"2023-06-01 07:41:00",C00875,E0191,"Office chair","Office Furniture",10,4999,0,PayPal,Returned,Online,"197 Quezon St.",Unknown
O004921,"2024-01-02 22:47:00",C00590,E0052,Monitor,"Computer Accesossories",6,9999,0.05,"Debit Card",Delivered,Store,"316 Mabini St.","Deliver after 5PM"
O004922,"2024-07-28 03:09:00",C00807,E0045,Printer,"Computer Accesossories",8,3499,0.05,"Credit Card",Processing,Unknown,"Unit 17, Building 30",Unknown
O004923,"2022-11-06 04:32:00",C00717,E0183,UPS,Electronics,4,4999,0.03,Cash,Returned,Unknown,"Unit 8, Building 1","Urgent"
O004924,"2022-03-10 05:06:00",C00520,E0065,Keyboard,"Computer Accesossories",1,2499,0,"Credit Card",Returned,Unknown,"743 Quezon St.","Urgent"
O004925,"2022-10-14 22:41:00",C00897,E0201,UPS,Electronics,4,4999,0,"Bank Transfer",Returned,Online,"622 Bonifacio St.","Call customer"
O004926,"2023-04-16 22:10:00",C00788,E0060,UPS,Electronics,10,4999,0,"Bank Transfer",Shipped,Store,"296 Bonifacio St.","Call customer"
O004927,"2022-12-17 21:02:00",C00793,E0243,Mouse,"Computer Accesossories",9,1499,0.05,"Credit Card",Pending,Online,"900 Mabini St.","Gift order"
O004928,"2024-12-30 06:43:00",C00331,E0109,Webcam,"Computer Accesossories",4,1499,0.2,Cash,Delivered,Store,"unit 8, building 25","Urgent"
O004929,"2022-09-08 09:18:00",C00435,E0250,Monitor,"Computer Accesossories",8,9999,0.2,GCash,Returned,Online,"974 Rizal St.",Unknown
O004930,"2024-12-24 21:14:00",C00927,E0220,Webcam,"Computer Accesossories",7,1499,0.15,GCash,Unknown,Online,"Unit 1, Building 38","Deliver after 5PM"
O004931,"2023-12-03 05:06:00",C00163,E0201,Tablet,"Mobile Devices",2,8999,0,GCash,Processing,Marketplace,"185 Rizal St.","Gift order"
O004932,"2023-06-23 14:09:00",C00839,E0199,Printer,"Computer Accesossories",3,3499,0.15,"Bank Transfer",Shipped,Unknown,"Unit 11, Building 22","Call customer"
O004933,"2025-09-25 12:19:00",C00866,E0003,"Office chair","Office Furniture",5,4999,0.2,"Bank Transfer",Delivered,Online,"UNIT 18, BUILDING 11","Deliver after 5PM"
O004934,"2022-06-22 01:15:00",C00367,E0004,Mouse,"Computer Accesossories",10,1499,0.05,"Debit Card",Processing,Store,"Unit 4, Building 18","Deliver after 5PM"
O004935,"2023-10-20 22:36:00",C00957,E0109,Headset,"Computer Accesossories",10,1499,0.15,PayPal,Returned,Store,"208 Quezon St.","Deliver after 5PM"
O004936,"2024-11-14 18:05:00",C00820,E0175,Mouse,"Computer Accesossories",0,1499,0.15,"Debit Card",Canceled,Store,"Unit 10, Building 4","Deliver after 5PM"
O004937,"2025-01-13 18:57:00",C00571,E0086,Unknown,Unknown,7,1499,0.05,GCash,Returned,Online,Warehouse,Unknown
O004938,"2025-06-09 04:26:00",C00904,E0077,Smartphone,"Mobile Devices",6,12999,0,GCash,Pending,Marketplace,"450 Quezon St.",Unknown
O004939,"2024-11-20 15:34:00",C00821,E0194,Router,Networking,10,1499,0,PayPal,Pending,Marketplace,"994 Main St.","Deliver after 5PM"
O004940,"2024-02-23 04:51:00",C00674,E0027,Headset,"Computer Accesossories",3,1499,0.1,"Bank Transfer",Returned,Online,"Unit 14, Building 9","Deliver after 5PM"
O004941,"2022-06-12 21:44:00",C00268,E0219,Headset,"Computer Accesossories",0,1499,0.03,"Bank Transfer",Pending,Online,"32 Quezon St.","Call customer"
O004942,"2025-05-17 08:49:00",C00188,E0095,Webcam,"Computer Accesossories",1,1499,0,Cash,Canceled,Marketplace,"Unit 13, Building 35",Unknown
O004943,"2024-12-23 23:22:00",C00678,E0029,Router,Networking,7,1499,0.15,"Credit Card",Shipped,Online,"611 Rizal St.","Gift order"
O004944,"2022-09-20 13:55:00",C00783,E0220,Printer,"Computer Accesossories",10,3499,0,GCash,Canceled,Online,"788 Quezon St.",Unknown
O004945,"2023-11-14 12:03:00",C00164,E0219,Tablet,"Mobile Devices",4,8999,0.1,"Bank Transfer",Pending,Store,"890 Bonifacio St.","Urgent"
O004946,"2025-09-21 22:12:00",C00194,E0171,"External drive",Electronics,4,999,0.15,n/a,Processing,Store,"113 Quezon St.",Unknown
O004947,"2023-08-10 23:06:00",C00405,E0213,"External drive",Electronics,1,999,0.05,PayPal,Canceled,Marketplace,"Unit 6, Building 14",Unknown
O004948,"2023-01-09 20:50:00",C00463,E0108,Router,Networking,1,1499,0.05,"Bank Transfer",Returned,Marketplace,"403 Rizal St.","Gift order"
O004949,"2022-12-18 20:49:00",C00799,E0130,Keyboard,"Computer Accesossories",7,2499,0.2,"Bank Transfer",Processing,Store,"598 Main St.",Unknown
O004950,"2025-04-27 12:30:00",C00615,E0199,Smartphone,"Mobile Devices",8,12999,0.03,"Debit Card",Returned,Store,"Unit 12, Building 8","Urgent"
O004951,"2022-03-09 00:20:00",C00182,E0170,Keyboard,"Computer Accesossories",6,2499,0,"Credit Card",Canceled,Online,"UNIT 4, BUILDING 14","Urgent"
O004952,"2023-12-02 20:55:00",C00243,E0238,Printer,"Computer Accesossories",4,3499,0.03,Cash,Canceled,Online,"555 Bonifacio St.",Unknown
O004953,"2024-03-30 04:23:00",C00095,E0194,Headset,"Computer Accesossories",1,1499,0.15,"Bank Transfer",Processing,Online,"706 Main St.","Deliver after 5PM"
O004954,"2025-04-22 07:36:00",C00231,E0144,Projector,Electronics,1,4000,0,PayPal,Delivered,Store,"Unit 16, Building 32","Deliver after 5PM"
O004955,"2023-06-01 17:30:00",C00730,E0052,Projector,Electronics,9,4000,0.05,"Credit Card",Canceled,Online,"161 Rizal St.","Deliver after 5PM"
O004956,"2022-12-03 02:08:00",C00764,E0166,Printer,"Computer Accesossories",3,3499,0.03,GCash,Shipped,Store,"231 Rizal St.","Deliver after 5PM"
O004957,"2024-11-19 04:25:00",C00522,E0242,Monitor,"Computer Accesossories",9,9999,0.03,"Bank Transfer",Shipped,Online,"Unit 10, Building 46","Call customer"
O004958,"2023-01-02 11:18:00",C00953,E0081,Unknown,Unknown,5,7999,0.2,GCash,Unknown,Store,"40 Quezon St.","Deliver after 5PM"
O004959,"2023-03-01 01:18:00",C00067,E0119,Tablet,"Mobile Devices",1,8999,0.1,"Bank Transfer",Canceled,Online,"Unit 5, Building 31","Call customer"
O004960,"2025-01-03 14:33:00",C00180,E0217,Desk,"Office Furniture",5,19999,0,PayPal,Returned,Marketplace,"unit 6, building 47","Urgent"
O004961,"2025-01-14 02:02:00",C00986,E0073,Router,Networking,7,1499,0,PayPal,Shipped,Online,"353 Bonifacio St.","Call customer"
O004962,"2025-04-18 18:28:00",C00321,E0241,Desk,"Office Furniture",10,19999,0.05,"Debit Card",Shipped,Online,"Unit 16, Building 35","Deliver after 5PM"
O004963,"2023-08-20 23:24:00",C00562,E0166,Tablet,"Mobile Devices",9,8999,0,PayPal,Delivered,Marketplace,"412 Rizal St.",Unknown
O004964,"2025-04-08 19:54:00",C00258,E0052,Router,Networking,7,1499,0.03,PayPal,Shipped,Store,"157 Mabini St.","Call customer"
O004965,"2025-02-23 01:54:00",C00401,E0196,Headset,"Computer Accesossories",2,1499,0.03,"Debit Card",Pending,Store,"179 Mabini St.",Unknown
O004966,"2023-11-14 08:26:00",C00827,E0221,Desk,"Office Furniture",7,19999,0.05,"Credit Card",Shipped,Online,"Unit 17, Building 11","Gift order"
O004967,"2025-12-11 15:31:00",C00123,E0183,Desk,"Office Furniture",1,19999,0.05,"Credit Card",Processing,Online,"Unit 10, Building 22","Gift order"
O004968,"2022-04-09 15:15:00",C00697,E0229,Laptop,"Mobile Devices",4,29999,0.05,GCash,Processing,Store,"Unit 16, Building 29","Urgent"
O004969,"2022-02-01 19:32:00",C00654,E0073,"Office chair","Office Furniture",8,4999,0,GCash,Processing,Online,"UNIT 14, BUILDING 11",Unknown
O004970,"2023-07-16 21:06:00",C00900,E0239,Unknown,Unknown,10,1999,0.2,"Credit Card",Canceled,Marketplace,"Unit 5, Building 11",Unknown
O004971,"2025-10-26 15:10:00",C00976,E0021,Smartphone,"Mobile Devices",6,12999,0.2,Cash,Unknown,Online,"874 mabini st.","Gift order"
O004972,"2022-02-04 22:15:00",C00166,E0010,Keyboard,"Computer Accesossories",8,2499,0,GCash,Pending,Store,"795 Mabini St.","Deliver after 5PM"
O004973,"2025-02-01 23:40:00",C00221,E0046,"Office chair","Office Furniture",2,4999,0.15,Cash,Canceled,Store,"650 Main St.","Deliver after 5PM"
O004974,"2022-01-01 12:51:00",C00008,E0205,"Office chair","Office Furniture",3,4999,0,"Credit Card",Pending,Marketplace,"413 Quezon St.","Deliver after 5PM"
O004975,"2025-04-27 06:26:00",C00841,E0203,Smartphone,"Mobile Devices",8,12999,0.03,PayPal,Returned,Online,"116 Quezon St.","Deliver after 5PM"
O004976,"2022-11-05 12:14:00",C00127,E0159,UPS,Electronics,9,4999,0.03,PayPal,Delivered,Store,"Unit 1, Building 4","Call customer"
O004977,"2023-02-18 21:07:00",C00142,E0060,Printer,"Computer Accesossories",9,3499,0.15,PayPal,Returned,Marketplace,"265 Mabini St.","Deliver after 5PM"
O004978,"2022-01-13 00:02:00",C00292,E0181,Tablet,"Mobile Devices",4,8999,0.05,"Debit Card",Delivered,Store,"Unit 19, Building 10","Gift order"
O004979,"2025-01-07 03:06:00",C00629,E0058,"Office chair","Office Furniture",3,4999,0,GCash,Processing,Unknown,"178 Quezon St.","Call customer"
O004980,"2024-09-12 18:00:00",C00272,E0012,Monitor,"Computer Accesossories",10,9999,0.03,"Bank Transfer",Delivered,Unknown,"296 Bonifacio St.",Unknown
O004981,"2023-02-12 23:31:00",C00221,E0089,Webcam,"Computer Accesossories",3,1499,0.1,"Bank Transfer",Processing,Online,"210 Main St.",Unknown
O004982,"2022-05-20 03:29:00",C00114,E0124,Smartphone,"Mobile Devices",6,12999,0.03,GCash,Pending,Online,"Unit 2, Building 2","Call customer"
O004983,"2022-12-12 14:05:00",C00083,E0240,Laptop,"Mobile Devices",10,29999,0.15,GCash,Shipped,Unknown,"829 Quezon St.","Urgent"
O004984,"2024-01-22 02:23:00",C00414,E0229,Desk,"Office Furniture",5,19999,0.03,GCash,Canceled,Store,"Unit 10, Building 34",Unknown
O004985,"2022-08-13 10:08:00",C00189,E0046,Desk,"Office Furniture",4,19999,0,PayPal,Canceled,Online,"946 Rizal St.",Unknown
O004986,"2024-04-06 13:58:00",C00761,E0001,Desk,"Office Furniture",1,19999,0.05,PayPal,Canceled,Store,"354 Quezon St.","Deliver after 5PM"
O004987,"2023-09-20 21:31:00",C00197,E0001,Router,Networking,9,1499,0.1,"Bank Transfer",Returned,Online,"791 Bonifacio St.","Gift order"
O004988,"2022-05-04 17:59:00",C00126,E0199,Mouse,"Computer Accesossories",10,1499,0.15,"Bank Transfer",Shipped,Unknown,"408 Rizal St.",Unknown
O004989,"2025-05-07 02:23:00",C00581,E0031,Keyboard,"Computer Accesossories",6,2499,0.15,"Debit Card",Returned,Unknown,"Unit 1, Building 35","Call customer"
O004990,"2022-01-27 13:11:00",C00867,E0006,Projector,Electronics,8,4000,0.15,"Credit Card",Pending,Store,"72 Rizal St.","Deliver after 5PM"
O004991,"2025-09-01 09:31:00",C00557,E0230,Projector,Electronics,4,4000,0.15,GCash,Pending,Unknown,"542 Quezon St.","Urgent"
O004992,"2025-10-28 14:17:00",C00496,E0090,"Office chair","Office Furniture",5,4999,0,"Credit Card",Processing,Store,"46 Main St.","Deliver after 5PM"
O004993,"2022-05-05 10:59:00",C00035,E0230,Monitor,"Computer Accesossories",9,9999,0.15,GCash,Canceled,Unknown,"Unit 6, Building 8",Unknown
O004994,"2022-04-13 11:05:00",C00913,E0184,Laptop,"Mobile Devices",5,29999,0.03,Cash,Processing,Online,"546 Bonifacio St.",Unknown
O004995,"2025-10-16 04:32:00",C00257,E0071,Keyboard,"Computer Accesossories",1,2499,0,GCash,Shipped,Online,"718 Main St.","Urgent"
O004996,"2023-06-22 03:21:00",C00989,E0152,Laptop,"Mobile Devices",1,29999,0,"Credit Card",Unknown,Store,"Unit 16, Building 1","Gift order"
O004997,"2024-05-04 18:34:00",C00369,E0125,Printer,"Computer Accesossories",3,3499,0.1,"Bank Transfer",Returned,Online,"508 Mabini St.","Gift order"
O004998,"2025-11-10 14:35:00",C00611,E0179,Monitor,"Computer Accesossories",6,9999,0,Cash,Processing,Store,"Unit 10, Building 19","Gift order"
O004999,"2022-12-03 17:01:00",C00256,E0153,Laptop,"Mobile Devices",2,29999,0.05,"Credit Card",Canceled,Unknown,"514 Rizal St.","Deliver after 5PM"
O005000,"2025-06-02 02:14:00",C00415,E0073,Router,Networking,10,1499,0.05,PayPal,Shipped,Unknown,"53 Mabini St.","Deliver after 5pm"
